<?xml version="1.0" encoding="UTF-8"?>
<gpx creator="Garmin Connect" version="1.1"
  xsi:schemaLocation="http://www.topografix.com/GPX/1/1 http://www.topografix.com/GPX/11.xsd"
  xmlns:ns3="http://www.garmin.com/xmlschemas/TrackPointExtension/v1"
  xmlns="http://www.topografix.com/GPX/1/1"
  xmlns:xsi="http://www.w3.org/2001/XMLSchema-instance" xmlns:ns2="http://www.garmin.com/xmlschemas/GpxExtensions/v3">
  <metadata>
    <link href="connect.garmin.com">
      <text>Garmin Connect</text>
    </link>
    <time>2026-03-19T15:58:43.000Z</time>
  </metadata>
  <trk>
    <name>Isla Mujeres Kiteboarding</name>
    <desc>&#x1f60d;</desc>
    <type>kiteboarding_v2</type>
    <trkseg>
      <trkpt lat="21.32261275313794612884521484375" lon="-86.81298784911632537841796875">
        <ele>0</ele>
        <time>2026-03-19T15:58:55.000Z</time>
        <extensions>
          <ns3:TrackPointExtension>
            <ns3:hr>90</ns3:hr>
          </ns3:TrackPointExtension>
        </extensions>
      </trkpt>
      <trkpt lat="21.32253362797200679779052734375" lon="-86.8130349554121494293212890625">
        <ele>0</ele>
        <time>2026-03-19T15:58:57.000Z</time>
        <extensions>
          <ns3:TrackPointExtension>
            <ns3:hr>91</ns3:hr>
          </ns3:TrackPointExtension>
        </extensions>
      </trkpt>
      <trkpt lat="21.32253379561007022857666015625" lon="-86.81316797621548175811767578125">
        <ele>0</ele>
        <time>2026-03-19T15:58:59.000Z</time>
        <extensions>
          <ns3:TrackPointExtension>
            <ns3:hr>91</ns3:hr>
          </ns3:TrackPointExtension>
        </extensions>
      </trkpt>
      <trkpt lat="21.3225523196160793304443359375" lon="-86.813564188778400421142578125">
        <ele>0</ele>
        <time>2026-03-19T15:59:04.000Z</time>
        <extensions>
          <ns3:TrackPointExtension>
            <ns3:hr>89</ns3:hr>
          </ns3:TrackPointExtension>
        </extensions>
      </trkpt>
      <trkpt lat="21.32259196601808071136474609375" lon="-86.814119406044483184814453125">
        <ele>0</ele>
        <time>2026-03-19T15:59:11.000Z</time>
        <extensions>
          <ns3:TrackPointExtension>
            <ns3:hr>89</ns3:hr>
          </ns3:TrackPointExtension>
        </extensions>
      </trkpt>
      <trkpt lat="21.32257922552525997161865234375" lon="-86.81428603827953338623046875">
        <ele>0</ele>
        <time>2026-03-19T15:59:13.000Z</time>
        <extensions>
          <ns3:TrackPointExtension>
            <ns3:hr>89</ns3:hr>
          </ns3:TrackPointExtension>
        </extensions>
      </trkpt>
      <trkpt lat="21.322552151978015899658203125" lon="-86.81454210542142391204833984375">
        <ele>0</ele>
        <time>2026-03-19T15:59:16.000Z</time>
        <extensions>
          <ns3:TrackPointExtension>
            <ns3:hr>90</ns3:hr>
          </ns3:TrackPointExtension>
        </extensions>
      </trkpt>
      <trkpt lat="21.322504542768001556396484375" lon="-86.81470043957233428955078125">
        <ele>0</ele>
        <time>2026-03-19T15:59:18.000Z</time>
        <extensions>
          <ns3:TrackPointExtension>
            <ns3:hr>89</ns3:hr>
          </ns3:TrackPointExtension>
        </extensions>
      </trkpt>
      <trkpt lat="21.3223535008728504180908203125" lon="-86.81498944759368896484375">
        <ele>0</ele>
        <time>2026-03-19T15:59:22.000Z</time>
        <extensions>
          <ns3:TrackPointExtension>
            <ns3:hr>85</ns3:hr>
          </ns3:TrackPointExtension>
        </extensions>
      </trkpt>
      <trkpt lat="21.32232625968754291534423828125" lon="-86.81507050059735774993896484375">
        <ele>0</ele>
        <time>2026-03-19T15:59:23.000Z</time>
        <extensions>
          <ns3:TrackPointExtension>
            <ns3:hr>85</ns3:hr>
          </ns3:TrackPointExtension>
        </extensions>
      </trkpt>
      <trkpt lat="21.32228669710457324981689453125" lon="-86.81524115614593029022216796875">
        <ele>0</ele>
        <time>2026-03-19T15:59:25.000Z</time>
        <extensions>
          <ns3:TrackPointExtension>
            <ns3:hr>88</ns3:hr>
          </ns3:TrackPointExtension>
        </extensions>
      </trkpt>
      <trkpt lat="21.3222646526992321014404296875" lon="-86.81532631628215312957763671875">
        <ele>0</ele>
        <time>2026-03-19T15:59:26.000Z</time>
        <extensions>
          <ns3:TrackPointExtension>
            <ns3:hr>90</ns3:hr>
          </ns3:TrackPointExtension>
        </extensions>
      </trkpt>
      <trkpt lat="21.3222431950271129608154296875" lon="-86.81540980003774166107177734375">
        <ele>0</ele>
        <time>2026-03-19T15:59:27.000Z</time>
        <extensions>
          <ns3:TrackPointExtension>
            <ns3:hr>87</ns3:hr>
          </ns3:TrackPointExtension>
        </extensions>
      </trkpt>
      <trkpt lat="21.3221449591219425201416015625" lon="-86.81580995209515094757080078125">
        <ele>0</ele>
        <time>2026-03-19T15:59:32.000Z</time>
        <extensions>
          <ns3:TrackPointExtension>
            <ns3:hr>87</ns3:hr>
          </ns3:TrackPointExtension>
        </extensions>
      </trkpt>
      <trkpt lat="21.322088800370693206787109375" lon="-86.81612460874021053314208984375">
        <ele>0</ele>
        <time>2026-03-19T15:59:36.000Z</time>
        <extensions>
          <ns3:TrackPointExtension>
            <ns3:hr>84</ns3:hr>
          </ns3:TrackPointExtension>
        </extensions>
      </trkpt>
      <trkpt lat="21.3220718689262866973876953125" lon="-86.8162867985665798187255859375">
        <ele>0</ele>
        <time>2026-03-19T15:59:38.000Z</time>
        <extensions>
          <ns3:TrackPointExtension>
            <ns3:hr>87</ns3:hr>
          </ns3:TrackPointExtension>
        </extensions>
      </trkpt>
      <trkpt lat="21.32203691639006137847900390625" lon="-86.81662358343601226806640625">
        <ele>0</ele>
        <time>2026-03-19T15:59:42.000Z</time>
        <extensions>
          <ns3:TrackPointExtension>
            <ns3:hr>87</ns3:hr>
          </ns3:TrackPointExtension>
        </extensions>
      </trkpt>
      <trkpt lat="21.32199718616902828216552734375" lon="-86.816757023334503173828125">
        <ele>0</ele>
        <time>2026-03-19T15:59:44.000Z</time>
        <extensions>
          <ns3:TrackPointExtension>
            <ns3:hr>89</ns3:hr>
          </ns3:TrackPointExtension>
        </extensions>
      </trkpt>
      <trkpt lat="21.321945972740650177001953125" lon="-86.81685232557356357574462890625">
        <ele>0</ele>
        <time>2026-03-19T15:59:46.000Z</time>
        <extensions>
          <ns3:TrackPointExtension>
            <ns3:hr>88</ns3:hr>
          </ns3:TrackPointExtension>
        </extensions>
      </trkpt>
      <trkpt lat="21.321886964142322540283203125" lon="-86.81696397252380847930908203125">
        <ele>0</ele>
        <time>2026-03-19T15:59:48.000Z</time>
        <extensions>
          <ns3:TrackPointExtension>
            <ns3:hr>88</ns3:hr>
          </ns3:TrackPointExtension>
        </extensions>
      </trkpt>
      <trkpt lat="21.32179878652095794677734375" lon="-86.81728265248239040374755859375">
        <ele>0</ele>
        <time>2026-03-19T15:59:52.000Z</time>
        <extensions>
          <ns3:TrackPointExtension>
            <ns3:hr>86</ns3:hr>
          </ns3:TrackPointExtension>
        </extensions>
      </trkpt>
      <trkpt lat="21.3216789253056049346923828125" lon="-86.81760485284030437469482421875">
        <ele>0</ele>
        <time>2026-03-19T15:59:56.000Z</time>
        <extensions>
          <ns3:TrackPointExtension>
            <ns3:hr>89</ns3:hr>
          </ns3:TrackPointExtension>
        </extensions>
      </trkpt>
      <trkpt lat="21.3215786777436733245849609375" lon="-86.81779436767101287841796875">
        <ele>0</ele>
        <time>2026-03-19T15:59:59.000Z</time>
        <extensions>
          <ns3:TrackPointExtension>
            <ns3:hr>88</ns3:hr>
          </ns3:TrackPointExtension>
        </extensions>
      </trkpt>
      <trkpt lat="21.321513466536998748779296875" lon="-86.8179430626332759857177734375">
        <ele>0</ele>
        <time>2026-03-19T16:00:01.000Z</time>
        <extensions>
          <ns3:TrackPointExtension>
            <ns3:hr>89</ns3:hr>
          </ns3:TrackPointExtension>
        </extensions>
      </trkpt>
      <trkpt lat="21.32138329558074474334716796875" lon="-86.81830423884093761444091796875">
        <ele>0</ele>
        <time>2026-03-19T16:00:05.000Z</time>
        <extensions>
          <ns3:TrackPointExtension>
            <ns3:hr>90</ns3:hr>
          </ns3:TrackPointExtension>
        </extensions>
      </trkpt>
      <trkpt lat="21.321275420486927032470703125" lon="-86.81851630099117755889892578125">
        <ele>0</ele>
        <time>2026-03-19T16:00:08.000Z</time>
        <extensions>
          <ns3:TrackPointExtension>
            <ns3:hr>91</ns3:hr>
          </ns3:TrackPointExtension>
        </extensions>
      </trkpt>
      <trkpt lat="21.32117911241948604583740234375" lon="-86.8186746351420879364013671875">
        <ele>0</ele>
        <time>2026-03-19T16:00:11.000Z</time>
        <extensions>
          <ns3:TrackPointExtension>
            <ns3:hr>92</ns3:hr>
          </ns3:TrackPointExtension>
        </extensions>
      </trkpt>
      <trkpt lat="21.32117693312466144561767578125" lon="-86.818659044802188873291015625">
        <ele>0</ele>
        <time>2026-03-19T16:00:12.000Z</time>
        <extensions>
          <ns3:TrackPointExtension>
            <ns3:hr>92</ns3:hr>
          </ns3:TrackPointExtension>
        </extensions>
      </trkpt>
      <trkpt lat="21.3211699761450290679931640625" lon="-86.818642280995845794677734375">
        <ele>0</ele>
        <time>2026-03-19T16:00:13.000Z</time>
        <extensions>
          <ns3:TrackPointExtension>
            <ns3:hr>93</ns3:hr>
          </ns3:TrackPointExtension>
        </extensions>
      </trkpt>
      <trkpt lat="21.3211438246071338653564453125" lon="-86.8185344897210597991943359375">
        <ele>0</ele>
        <time>2026-03-19T16:00:16.000Z</time>
        <extensions>
          <ns3:TrackPointExtension>
            <ns3:hr>93</ns3:hr>
          </ns3:TrackPointExtension>
        </extensions>
      </trkpt>
      <trkpt lat="21.3211220316588878631591796875" lon="-86.8182840384542942047119140625">
        <ele>0</ele>
        <time>2026-03-19T16:00:21.000Z</time>
        <extensions>
          <ns3:TrackPointExtension>
            <ns3:hr>93</ns3:hr>
          </ns3:TrackPointExtension>
        </extensions>
      </trkpt>
      <trkpt lat="21.32111482322216033935546875" lon="-86.81811396963894367218017578125">
        <ele>0</ele>
        <time>2026-03-19T16:00:23.000Z</time>
        <extensions>
          <ns3:TrackPointExtension>
            <ns3:hr>93</ns3:hr>
          </ns3:TrackPointExtension>
        </extensions>
      </trkpt>
      <trkpt lat="21.32113225758075714111328125" lon="-86.8179417215287685394287109375">
        <ele>0</ele>
        <time>2026-03-19T16:00:25.000Z</time>
        <extensions>
          <ns3:TrackPointExtension>
            <ns3:hr>94</ns3:hr>
          </ns3:TrackPointExtension>
        </extensions>
      </trkpt>
      <trkpt lat="21.3212075270712375640869140625" lon="-86.81744710542261600494384765625">
        <ele>0</ele>
        <time>2026-03-19T16:00:31.000Z</time>
        <extensions>
          <ns3:TrackPointExtension>
            <ns3:hr>95</ns3:hr>
          </ns3:TrackPointExtension>
        </extensions>
      </trkpt>
      <trkpt lat="21.32122068665921688079833984375" lon="-86.8173714168369770050048828125">
        <ele>0</ele>
        <time>2026-03-19T16:00:32.000Z</time>
        <extensions>
          <ns3:TrackPointExtension>
            <ns3:hr>94</ns3:hr>
          </ns3:TrackPointExtension>
        </extensions>
      </trkpt>
      <trkpt lat="21.32127483375370502471923828125" lon="-86.81698207743465900421142578125">
        <ele>0</ele>
        <time>2026-03-19T16:00:37.000Z</time>
        <extensions>
          <ns3:TrackPointExtension>
            <ns3:hr>97</ns3:hr>
          </ns3:TrackPointExtension>
        </extensions>
      </trkpt>
      <trkpt lat="21.32130718789994716644287109375" lon="-86.8168282695114612579345703125">
        <ele>0</ele>
        <time>2026-03-19T16:00:39.000Z</time>
        <extensions>
          <ns3:TrackPointExtension>
            <ns3:hr>100</ns3:hr>
          </ns3:TrackPointExtension>
        </extensions>
      </trkpt>
      <trkpt lat="21.3213483430445194244384765625" lon="-86.8165144510567188262939453125">
        <ele>0</ele>
        <time>2026-03-19T16:00:43.000Z</time>
        <extensions>
          <ns3:TrackPointExtension>
            <ns3:hr>103</ns3:hr>
          </ns3:TrackPointExtension>
        </extensions>
      </trkpt>
      <trkpt lat="21.3213751651346683502197265625" lon="-86.81635829620063304901123046875">
        <ele>0</ele>
        <time>2026-03-19T16:00:45.000Z</time>
        <extensions>
          <ns3:TrackPointExtension>
            <ns3:hr>103</ns3:hr>
          </ns3:TrackPointExtension>
        </extensions>
      </trkpt>
      <trkpt lat="21.32150818593800067901611328125" lon="-86.81587382219731807708740234375">
        <ele>0</ele>
        <time>2026-03-19T16:00:52.000Z</time>
        <extensions>
          <ns3:TrackPointExtension>
            <ns3:hr>104</ns3:hr>
          </ns3:TrackPointExtension>
        </extensions>
      </trkpt>
      <trkpt lat="21.3215099461376667022705078125" lon="-86.81581020355224609375">
        <ele>0</ele>
        <time>2026-03-19T16:00:53.000Z</time>
        <extensions>
          <ns3:TrackPointExtension>
            <ns3:hr>101</ns3:hr>
          </ns3:TrackPointExtension>
        </extensions>
      </trkpt>
      <trkpt lat="21.32152520120143890380859375" lon="-86.81559269316494464874267578125">
        <ele>0</ele>
        <time>2026-03-19T16:00:56.000Z</time>
        <extensions>
          <ns3:TrackPointExtension>
            <ns3:hr>103</ns3:hr>
          </ns3:TrackPointExtension>
        </extensions>
      </trkpt>
      <trkpt lat="21.32155830971896648406982421875" lon="-86.8153698183596134185791015625">
        <ele>0</ele>
        <time>2026-03-19T16:00:59.000Z</time>
        <extensions>
          <ns3:TrackPointExtension>
            <ns3:hr>100</ns3:hr>
          </ns3:TrackPointExtension>
        </extensions>
      </trkpt>
      <trkpt lat="21.3215776719152927398681640625" lon="-86.81521668098866939544677734375">
        <ele>0</ele>
        <time>2026-03-19T16:01:01.000Z</time>
        <extensions>
          <ns3:TrackPointExtension>
            <ns3:hr>97</ns3:hr>
          </ns3:TrackPointExtension>
        </extensions>
      </trkpt>
      <trkpt lat="21.3216242752969264984130859375" lon="-86.814991123974323272705078125">
        <ele>0</ele>
        <time>2026-03-19T16:01:04.000Z</time>
        <extensions>
          <ns3:TrackPointExtension>
            <ns3:hr>96</ns3:hr>
          </ns3:TrackPointExtension>
        </extensions>
      </trkpt>
      <trkpt lat="21.3217503391206264495849609375" lon="-86.81449231691658496856689453125">
        <ele>0</ele>
        <time>2026-03-19T16:01:11.000Z</time>
        <extensions>
          <ns3:TrackPointExtension>
            <ns3:hr>95</ns3:hr>
          </ns3:TrackPointExtension>
        </extensions>
      </trkpt>
      <trkpt lat="21.3218190707266330718994140625" lon="-86.81426650844514369964599609375">
        <ele>0</ele>
        <time>2026-03-19T16:01:15.000Z</time>
        <extensions>
          <ns3:TrackPointExtension>
            <ns3:hr>95</ns3:hr>
          </ns3:TrackPointExtension>
        </extensions>
      </trkpt>
      <trkpt lat="21.32182904519140720367431640625" lon="-86.81420817039906978607177734375">
        <ele>0</ele>
        <time>2026-03-19T16:01:16.000Z</time>
        <extensions>
          <ns3:TrackPointExtension>
            <ns3:hr>94</ns3:hr>
          </ns3:TrackPointExtension>
        </extensions>
      </trkpt>
      <trkpt lat="21.3218458928167819976806640625" lon="-86.81408562697470188140869140625">
        <ele>0</ele>
        <time>2026-03-19T16:01:18.000Z</time>
        <extensions>
          <ns3:TrackPointExtension>
            <ns3:hr>93</ns3:hr>
          </ns3:TrackPointExtension>
        </extensions>
      </trkpt>
      <trkpt lat="21.32186274044215679168701171875" lon="-86.81395989842712879180908203125">
        <ele>0</ele>
        <time>2026-03-19T16:01:20.000Z</time>
        <extensions>
          <ns3:TrackPointExtension>
            <ns3:hr>94</ns3:hr>
          </ns3:TrackPointExtension>
        </extensions>
      </trkpt>
      <trkpt lat="21.321890652179718017578125" lon="-86.81346260011196136474609375">
        <ele>0</ele>
        <time>2026-03-19T16:01:28.000Z</time>
        <extensions>
          <ns3:TrackPointExtension>
            <ns3:hr>93</ns3:hr>
          </ns3:TrackPointExtension>
        </extensions>
      </trkpt>
      <trkpt lat="21.32189777679741382598876953125" lon="-86.813393868505954742431640625">
        <ele>0</ele>
        <time>2026-03-19T16:01:29.000Z</time>
        <extensions>
          <ns3:TrackPointExtension>
            <ns3:hr>94</ns3:hr>
          </ns3:TrackPointExtension>
        </extensions>
      </trkpt>
      <trkpt lat="21.32190464995801448822021484375" lon="-86.81332304142415523529052734375">
        <ele>0</ele>
        <time>2026-03-19T16:01:30.000Z</time>
        <extensions>
          <ns3:TrackPointExtension>
            <ns3:hr>91</ns3:hr>
          </ns3:TrackPointExtension>
        </extensions>
      </trkpt>
      <trkpt lat="21.32195108570158481597900390625" lon="-86.813042163848876953125">
        <ele>0</ele>
        <time>2026-03-19T16:01:34.000Z</time>
        <extensions>
          <ns3:TrackPointExtension>
            <ns3:hr>88</ns3:hr>
          </ns3:TrackPointExtension>
        </extensions>
      </trkpt>
      <trkpt lat="21.32197371684014797210693359375" lon="-86.8129038624465465545654296875">
        <ele>0</ele>
        <time>2026-03-19T16:01:36.000Z</time>
        <extensions>
          <ns3:TrackPointExtension>
            <ns3:hr>89</ns3:hr>
          </ns3:TrackPointExtension>
        </extensions>
      </trkpt>
      <trkpt lat="21.3220034725964069366455078125" lon="-86.812656261026859283447265625">
        <ele>0</ele>
        <time>2026-03-19T16:01:40.000Z</time>
        <extensions>
          <ns3:TrackPointExtension>
            <ns3:hr>92</ns3:hr>
          </ns3:TrackPointExtension>
        </extensions>
      </trkpt>
      <trkpt lat="21.32200397551059722900390625" lon="-86.8125897087156772613525390625">
        <ele>0</ele>
        <time>2026-03-19T16:01:41.000Z</time>
        <extensions>
          <ns3:TrackPointExtension>
            <ns3:hr>90</ns3:hr>
          </ns3:TrackPointExtension>
        </extensions>
      </trkpt>
      <trkpt lat="21.322038173675537109375" lon="-86.81212090887129306793212890625">
        <ele>0</ele>
        <time>2026-03-19T16:01:48.000Z</time>
        <extensions>
          <ns3:TrackPointExtension>
            <ns3:hr>91</ns3:hr>
          </ns3:TrackPointExtension>
        </extensions>
      </trkpt>
      <trkpt lat="21.32208905182778835296630859375" lon="-86.8117957748472690582275390625">
        <ele>0</ele>
        <time>2026-03-19T16:01:53.000Z</time>
        <extensions>
          <ns3:TrackPointExtension>
            <ns3:hr>90</ns3:hr>
          </ns3:TrackPointExtension>
        </extensions>
      </trkpt>
      <trkpt lat="21.322128362953662872314453125" lon="-86.81161615066230297088623046875">
        <ele>0</ele>
        <time>2026-03-19T16:01:56.000Z</time>
        <extensions>
          <ns3:TrackPointExtension>
            <ns3:hr>91</ns3:hr>
          </ns3:TrackPointExtension>
        </extensions>
      </trkpt>
      <trkpt lat="21.3221979327499866485595703125" lon="-86.81131842546164989471435546875">
        <ele>0</ele>
        <time>2026-03-19T16:02:02.000Z</time>
        <extensions>
          <ns3:TrackPointExtension>
            <ns3:hr>90</ns3:hr>
          </ns3:TrackPointExtension>
        </extensions>
      </trkpt>
      <trkpt lat="21.32220371626317501068115234375" lon="-86.81126796640455722808837890625">
        <ele>0</ele>
        <time>2026-03-19T16:02:03.000Z</time>
        <extensions>
          <ns3:TrackPointExtension>
            <ns3:hr>92</ns3:hr>
          </ns3:TrackPointExtension>
        </extensions>
      </trkpt>
      <trkpt lat="21.3222150318324565887451171875" lon="-86.81102422066032886505126953125">
        <ele>0</ele>
        <time>2026-03-19T16:02:07.000Z</time>
        <extensions>
          <ns3:TrackPointExtension>
            <ns3:hr>89</ns3:hr>
          </ns3:TrackPointExtension>
        </extensions>
      </trkpt>
      <trkpt lat="21.32225803099572658538818359375" lon="-86.8106591887772083282470703125">
        <ele>0</ele>
        <time>2026-03-19T16:02:13.000Z</time>
        <extensions>
          <ns3:TrackPointExtension>
            <ns3:hr>92</ns3:hr>
          </ns3:TrackPointExtension>
        </extensions>
      </trkpt>
      <trkpt lat="21.32225870154798030853271484375" lon="-86.8105423450469970703125">
        <ele>0</ele>
        <time>2026-03-19T16:02:15.000Z</time>
        <extensions>
          <ns3:TrackPointExtension>
            <ns3:hr>90</ns3:hr>
          </ns3:TrackPointExtension>
        </extensions>
      </trkpt>
      <trkpt lat="21.322263814508914947509765625" lon="-86.81041703559458255767822265625">
        <ele>0</ele>
        <time>2026-03-19T16:02:17.000Z</time>
        <extensions>
          <ns3:TrackPointExtension>
            <ns3:hr>93</ns3:hr>
          </ns3:TrackPointExtension>
        </extensions>
      </trkpt>
      <trkpt lat="21.3222837634384632110595703125" lon="-86.81022676639258861541748046875">
        <ele>0</ele>
        <time>2026-03-19T16:02:20.000Z</time>
        <extensions>
          <ns3:TrackPointExtension>
            <ns3:hr>90</ns3:hr>
          </ns3:TrackPointExtension>
        </extensions>
      </trkpt>
      <trkpt lat="21.32232173345983028411865234375" lon="-86.80997975170612335205078125">
        <ele>0</ele>
        <time>2026-03-19T16:02:24.000Z</time>
        <extensions>
          <ns3:TrackPointExtension>
            <ns3:hr>89</ns3:hr>
          </ns3:TrackPointExtension>
        </extensions>
      </trkpt>
      <trkpt lat="21.3223400898277759552001953125" lon="-86.8098639138042926788330078125">
        <ele>0</ele>
        <time>2026-03-19T16:02:26.000Z</time>
        <extensions>
          <ns3:TrackPointExtension>
            <ns3:hr>86</ns3:hr>
          </ns3:TrackPointExtension>
        </extensions>
      </trkpt>
      <trkpt lat="21.32237973622977733612060546875" lon="-86.8096513487398624420166015625">
        <ele>0</ele>
        <time>2026-03-19T16:02:30.000Z</time>
        <extensions>
          <ns3:TrackPointExtension>
            <ns3:hr>84</ns3:hr>
          </ns3:TrackPointExtension>
        </extensions>
      </trkpt>
      <trkpt lat="21.32239289581775665283203125" lon="-86.8096074275672435760498046875">
        <ele>0</ele>
        <time>2026-03-19T16:02:31.000Z</time>
        <extensions>
          <ns3:TrackPointExtension>
            <ns3:hr>84</ns3:hr>
          </ns3:TrackPointExtension>
        </extensions>
      </trkpt>
      <trkpt lat="21.32240102626383304595947265625" lon="-86.809565015137195587158203125">
        <ele>0</ele>
        <time>2026-03-19T16:02:32.000Z</time>
        <extensions>
          <ns3:TrackPointExtension>
            <ns3:hr>83</ns3:hr>
          </ns3:TrackPointExtension>
        </extensions>
      </trkpt>
      <trkpt lat="21.32242952473461627960205078125" lon="-86.80943300016224384307861328125">
        <ele>4.19999980926513671875</ele>
        <time>2026-03-19T16:02:35.000Z</time>
        <extensions>
          <ns3:TrackPointExtension>
            <ns3:hr>83</ns3:hr>
          </ns3:TrackPointExtension>
        </extensions>
      </trkpt>
      <trkpt lat="21.32244385778903961181640625" lon="-86.809384636580944061279296875">
        <ele>6.19999980926513671875</ele>
        <time>2026-03-19T16:02:36.000Z</time>
        <extensions>
          <ns3:TrackPointExtension>
            <ns3:hr>84</ns3:hr>
          </ns3:TrackPointExtension>
        </extensions>
      </trkpt>
      <trkpt lat="21.32250026799738407135009765625" lon="-86.809151954948902130126953125">
        <ele>8.6000003814697265625</ele>
        <time>2026-03-19T16:02:41.000Z</time>
        <extensions>
          <ns3:TrackPointExtension>
            <ns3:hr>83</ns3:hr>
          </ns3:TrackPointExtension>
        </extensions>
      </trkpt>
      <trkpt lat="21.32251803763210773468017578125" lon="-86.80897316895425319671630859375">
        <ele>3.7999999523162841796875</ele>
        <time>2026-03-19T16:02:46.000Z</time>
        <extensions>
          <ns3:TrackPointExtension>
            <ns3:hr>83</ns3:hr>
          </ns3:TrackPointExtension>
        </extensions>
      </trkpt>
      <trkpt lat="21.32250462658703327178955078125" lon="-86.80904089473187923431396484375">
        <ele>5.599999904632568359375</ele>
        <time>2026-03-19T16:02:48.000Z</time>
        <extensions>
          <ns3:TrackPointExtension>
            <ns3:hr>83</ns3:hr>
          </ns3:TrackPointExtension>
        </extensions>
      </trkpt>
      <trkpt lat="21.32250881753861904144287109375" lon="-86.80908833630383014678955078125">
        <ele>6.80000019073486328125</ele>
        <time>2026-03-19T16:02:49.000Z</time>
        <extensions>
          <ns3:TrackPointExtension>
            <ns3:hr>83</ns3:hr>
          </ns3:TrackPointExtension>
        </extensions>
      </trkpt>
      <trkpt lat="21.32252440787851810455322265625" lon="-86.80918271653354167938232421875">
        <ele>8.80000019073486328125</ele>
        <time>2026-03-19T16:02:51.000Z</time>
        <extensions>
          <ns3:TrackPointExtension>
            <ns3:hr>83</ns3:hr>
          </ns3:TrackPointExtension>
        </extensions>
      </trkpt>
      <trkpt lat="21.32252843119204044342041015625" lon="-86.8092349357903003692626953125">
        <ele>8.6000003814697265625</ele>
        <time>2026-03-19T16:02:52.000Z</time>
        <extensions>
          <ns3:TrackPointExtension>
            <ns3:hr>83</ns3:hr>
          </ns3:TrackPointExtension>
        </extensions>
      </trkpt>
      <trkpt lat="21.32256246171891689300537109375" lon="-86.8095574714243412017822265625">
        <ele>0</ele>
        <time>2026-03-19T16:02:57.000Z</time>
        <extensions>
          <ns3:TrackPointExtension>
            <ns3:hr>83</ns3:hr>
          </ns3:TrackPointExtension>
        </extensions>
      </trkpt>
      <trkpt lat="21.32262784056365489959716796875" lon="-86.8100017122924327850341796875">
        <ele>0</ele>
        <time>2026-03-19T16:03:03.000Z</time>
        <extensions>
          <ns3:TrackPointExtension>
            <ns3:hr>83</ns3:hr>
          </ns3:TrackPointExtension>
        </extensions>
      </trkpt>
      <trkpt lat="21.322696320712566375732421875" lon="-86.81055114604532718658447265625">
        <ele>0</ele>
        <time>2026-03-19T16:03:10.000Z</time>
        <extensions>
          <ns3:TrackPointExtension>
            <ns3:hr>84</ns3:hr>
          </ns3:TrackPointExtension>
        </extensions>
      </trkpt>
      <trkpt lat="21.3227571733295917510986328125" lon="-86.811097897589206695556640625">
        <ele>0</ele>
        <time>2026-03-19T16:03:16.000Z</time>
        <extensions>
          <ns3:TrackPointExtension>
            <ns3:hr>86</ns3:hr>
          </ns3:TrackPointExtension>
        </extensions>
      </trkpt>
      <trkpt lat="21.32277586497366428375244140625" lon="-86.81119051761925220489501953125">
        <ele>0</ele>
        <time>2026-03-19T16:03:17.000Z</time>
        <extensions>
          <ns3:TrackPointExtension>
            <ns3:hr>87</ns3:hr>
          </ns3:TrackPointExtension>
        </extensions>
      </trkpt>
      <trkpt lat="21.322831772267818450927734375" lon="-86.81143040768802165985107421875">
        <ele>0</ele>
        <time>2026-03-19T16:03:20.000Z</time>
        <extensions>
          <ns3:TrackPointExtension>
            <ns3:hr>87</ns3:hr>
          </ns3:TrackPointExtension>
        </extensions>
      </trkpt>
      <trkpt lat="21.32288365624845027923583984375" lon="-86.811650097370147705078125">
        <ele>0</ele>
        <time>2026-03-19T16:03:23.000Z</time>
        <extensions>
          <ns3:TrackPointExtension>
            <ns3:hr>84</ns3:hr>
          </ns3:TrackPointExtension>
        </extensions>
      </trkpt>
      <trkpt lat="21.3229482807219028472900390625" lon="-86.81184749118983745574951171875">
        <ele>0</ele>
        <time>2026-03-19T16:03:26.000Z</time>
        <extensions>
          <ns3:TrackPointExtension>
            <ns3:hr>87</ns3:hr>
          </ns3:TrackPointExtension>
        </extensions>
      </trkpt>
      <trkpt lat="21.32301256991922855377197265625" lon="-86.81219031102955341339111328125">
        <ele>0</ele>
        <time>2026-03-19T16:03:31.000Z</time>
        <extensions>
          <ns3:TrackPointExtension>
            <ns3:hr>85</ns3:hr>
          </ns3:TrackPointExtension>
        </extensions>
      </trkpt>
      <trkpt lat="21.3230371288955211639404296875" lon="-86.8123530037701129913330078125">
        <ele>0</ele>
        <time>2026-03-19T16:03:33.000Z</time>
        <extensions>
          <ns3:TrackPointExtension>
            <ns3:hr>88</ns3:hr>
          </ns3:TrackPointExtension>
        </extensions>
      </trkpt>
      <trkpt lat="21.32305280305445194244384765625" lon="-86.81251100264489650726318359375">
        <ele>0</ele>
        <time>2026-03-19T16:03:35.000Z</time>
        <extensions>
          <ns3:TrackPointExtension>
            <ns3:hr>87</ns3:hr>
          </ns3:TrackPointExtension>
        </extensions>
      </trkpt>
      <trkpt lat="21.3230733387172222137451171875" lon="-86.8128301016986370086669921875">
        <ele>0</ele>
        <time>2026-03-19T16:03:39.000Z</time>
        <extensions>
          <ns3:TrackPointExtension>
            <ns3:hr>88</ns3:hr>
          </ns3:TrackPointExtension>
        </extensions>
      </trkpt>
      <trkpt lat="21.3230721652507781982421875" lon="-86.81291132234036922454833984375">
        <ele>0</ele>
        <time>2026-03-19T16:03:40.000Z</time>
        <extensions>
          <ns3:TrackPointExtension>
            <ns3:hr>88</ns3:hr>
          </ns3:TrackPointExtension>
        </extensions>
      </trkpt>
      <trkpt lat="21.32301894016563892364501953125" lon="-86.81347056291997432708740234375">
        <ele>0</ele>
        <time>2026-03-19T16:03:47.000Z</time>
        <extensions>
          <ns3:TrackPointExtension>
            <ns3:hr>87</ns3:hr>
          </ns3:TrackPointExtension>
        </extensions>
      </trkpt>
      <trkpt lat="21.32299681194126605987548828125" lon="-86.8139811046421527862548828125">
        <ele>0</ele>
        <time>2026-03-19T16:03:53.000Z</time>
        <extensions>
          <ns3:TrackPointExtension>
            <ns3:hr>88</ns3:hr>
          </ns3:TrackPointExtension>
        </extensions>
      </trkpt>
      <trkpt lat="21.3230072893202304840087890625" lon="-86.814055033028125762939453125">
        <ele>0</ele>
        <time>2026-03-19T16:03:54.000Z</time>
        <extensions>
          <ns3:TrackPointExtension>
            <ns3:hr>87</ns3:hr>
          </ns3:TrackPointExtension>
        </extensions>
      </trkpt>
      <trkpt lat="21.32302061654627323150634765625" lon="-86.81411840021610260009765625">
        <ele>0</ele>
        <time>2026-03-19T16:03:55.000Z</time>
        <extensions>
          <ns3:TrackPointExtension>
            <ns3:hr>88</ns3:hr>
          </ns3:TrackPointExtension>
        </extensions>
      </trkpt>
      <trkpt lat="21.3230471871793270111083984375" lon="-86.81421655230224132537841796875">
        <ele>0</ele>
        <time>2026-03-19T16:03:57.000Z</time>
        <extensions>
          <ns3:TrackPointExtension>
            <ns3:hr>87</ns3:hr>
          </ns3:TrackPointExtension>
        </extensions>
      </trkpt>
      <trkpt lat="21.32305112667381763458251953125" lon="-86.81427505798637866973876953125">
        <ele>0</ele>
        <time>2026-03-19T16:03:59.000Z</time>
        <extensions>
          <ns3:TrackPointExtension>
            <ns3:hr>87</ns3:hr>
          </ns3:TrackPointExtension>
        </extensions>
      </trkpt>
      <trkpt lat="21.32303268648684024810791015625" lon="-86.814272962510585784912109375">
        <ele>0</ele>
        <time>2026-03-19T16:04:00.000Z</time>
        <extensions>
          <ns3:TrackPointExtension>
            <ns3:hr>88</ns3:hr>
          </ns3:TrackPointExtension>
        </extensions>
      </trkpt>
      <trkpt lat="21.32301307283341884613037109375" lon="-86.8141514249145984649658203125">
        <ele>0</ele>
        <time>2026-03-19T16:04:03.000Z</time>
        <extensions>
          <ns3:TrackPointExtension>
            <ns3:hr>89</ns3:hr>
          </ns3:TrackPointExtension>
        </extensions>
      </trkpt>
      <trkpt lat="21.3230253942310810089111328125" lon="-86.81386468000710010528564453125">
        <ele>0</ele>
        <time>2026-03-19T16:04:07.000Z</time>
        <extensions>
          <ns3:TrackPointExtension>
            <ns3:hr>88</ns3:hr>
          </ns3:TrackPointExtension>
        </extensions>
      </trkpt>
      <trkpt lat="21.3230847381055355072021484375" lon="-86.81338749825954437255859375">
        <ele>0</ele>
        <time>2026-03-19T16:04:13.000Z</time>
        <extensions>
          <ns3:TrackPointExtension>
            <ns3:hr>91</ns3:hr>
          </ns3:TrackPointExtension>
        </extensions>
      </trkpt>
      <trkpt lat="21.3231182657182216644287109375" lon="-86.81316579692065715789794921875">
        <ele>0</ele>
        <time>2026-03-19T16:04:16.000Z</time>
        <extensions>
          <ns3:TrackPointExtension>
            <ns3:hr>88</ns3:hr>
          </ns3:TrackPointExtension>
        </extensions>
      </trkpt>
      <trkpt lat="21.32317819632589817047119140625" lon="-86.81280453689396381378173828125">
        <ele>0</ele>
        <time>2026-03-19T16:04:21.000Z</time>
        <extensions>
          <ns3:TrackPointExtension>
            <ns3:hr>87</ns3:hr>
          </ns3:TrackPointExtension>
        </extensions>
      </trkpt>
      <trkpt lat="21.32320803590118885040283203125" lon="-86.8126574344933032989501953125">
        <ele>0</ele>
        <time>2026-03-19T16:04:23.000Z</time>
        <extensions>
          <ns3:TrackPointExtension>
            <ns3:hr>83</ns3:hr>
          </ns3:TrackPointExtension>
        </extensions>
      </trkpt>
      <trkpt lat="21.32323720492422580718994140625" lon="-86.81251938454806804656982421875">
        <ele>0</ele>
        <time>2026-03-19T16:04:25.000Z</time>
        <extensions>
          <ns3:TrackPointExtension>
            <ns3:hr>80</ns3:hr>
          </ns3:TrackPointExtension>
        </extensions>
      </trkpt>
      <trkpt lat="21.32325162179768085479736328125" lon="-86.81238896213471889495849609375">
        <ele>0</ele>
        <time>2026-03-19T16:04:27.000Z</time>
        <extensions>
          <ns3:TrackPointExtension>
            <ns3:hr>80</ns3:hr>
          </ns3:TrackPointExtension>
        </extensions>
      </trkpt>
      <trkpt lat="21.323305182158946990966796875" lon="-86.811881102621555328369140625">
        <ele>0</ele>
        <time>2026-03-19T16:04:34.000Z</time>
        <extensions>
          <ns3:TrackPointExtension>
            <ns3:hr>78</ns3:hr>
          </ns3:TrackPointExtension>
        </extensions>
      </trkpt>
      <trkpt lat="21.3233231194317340850830078125" lon="-86.8116630055010318756103515625">
        <ele>0</ele>
        <time>2026-03-19T16:04:37.000Z</time>
        <extensions>
          <ns3:TrackPointExtension>
            <ns3:hr>77</ns3:hr>
          </ns3:TrackPointExtension>
        </extensions>
      </trkpt>
      <trkpt lat="21.3233328424394130706787109375" lon="-86.81158932857215404510498046875">
        <ele>0</ele>
        <time>2026-03-19T16:04:38.000Z</time>
        <extensions>
          <ns3:TrackPointExtension>
            <ns3:hr>80</ns3:hr>
          </ns3:TrackPointExtension>
        </extensions>
      </trkpt>
      <trkpt lat="21.3233445771038532257080078125" lon="-86.81151607073843479156494140625">
        <ele>0</ele>
        <time>2026-03-19T16:04:39.000Z</time>
        <extensions>
          <ns3:TrackPointExtension>
            <ns3:hr>77</ns3:hr>
          </ns3:TrackPointExtension>
        </extensions>
      </trkpt>
      <trkpt lat="21.3233784399926662445068359375" lon="-86.8113746680319309234619140625">
        <ele>0</ele>
        <time>2026-03-19T16:04:41.000Z</time>
        <extensions>
          <ns3:TrackPointExtension>
            <ns3:hr>80</ns3:hr>
          </ns3:TrackPointExtension>
        </extensions>
      </trkpt>
      <trkpt lat="21.3234243728220462799072265625" lon="-86.811247766017913818359375">
        <ele>0</ele>
        <time>2026-03-19T16:04:43.000Z</time>
        <extensions>
          <ns3:TrackPointExtension>
            <ns3:hr>80</ns3:hr>
          </ns3:TrackPointExtension>
        </extensions>
      </trkpt>
      <trkpt lat="21.32352168671786785125732421875" lon="-86.8109880946576595306396484375">
        <ele>0</ele>
        <time>2026-03-19T16:04:48.000Z</time>
        <extensions>
          <ns3:TrackPointExtension>
            <ns3:hr>79</ns3:hr>
          </ns3:TrackPointExtension>
        </extensions>
      </trkpt>
      <trkpt lat="21.323458068072795867919921875" lon="-86.81096621789038181304931640625">
        <ele>0</ele>
        <time>2026-03-19T16:04:50.000Z</time>
        <extensions>
          <ns3:TrackPointExtension>
            <ns3:hr>79</ns3:hr>
          </ns3:TrackPointExtension>
        </extensions>
      </trkpt>
      <trkpt lat="21.32341423071920871734619140625" lon="-86.81105808354914188385009765625">
        <ele>0</ele>
        <time>2026-03-19T16:04:52.000Z</time>
        <extensions>
          <ns3:TrackPointExtension>
            <ns3:hr>77</ns3:hr>
          </ns3:TrackPointExtension>
        </extensions>
      </trkpt>
      <trkpt lat="21.32341322489082813262939453125" lon="-86.8111191876232624053955078125">
        <ele>0</ele>
        <time>2026-03-19T16:04:53.000Z</time>
        <extensions>
          <ns3:TrackPointExtension>
            <ns3:hr>80</ns3:hr>
          </ns3:TrackPointExtension>
        </extensions>
      </trkpt>
      <trkpt lat="21.32341473363339900970458984375" lon="-86.81136301718652248382568359375">
        <ele>0</ele>
        <time>2026-03-19T16:04:56.000Z</time>
        <extensions>
          <ns3:TrackPointExtension>
            <ns3:hr>79</ns3:hr>
          </ns3:TrackPointExtension>
        </extensions>
      </trkpt>
      <trkpt lat="21.32345102727413177490234375" lon="-86.81172075681388378143310546875">
        <ele>0</ele>
        <time>2026-03-19T16:05:00.000Z</time>
        <extensions>
          <ns3:TrackPointExtension>
            <ns3:hr>79</ns3:hr>
          </ns3:TrackPointExtension>
        </extensions>
      </trkpt>
      <trkpt lat="21.32351816631853580474853515625" lon="-86.81206927634775638580322265625">
        <ele>0</ele>
        <time>2026-03-19T16:05:05.000Z</time>
        <extensions>
          <ns3:TrackPointExtension>
            <ns3:hr>78</ns3:hr>
          </ns3:TrackPointExtension>
        </extensions>
      </trkpt>
      <trkpt lat="21.323521770536899566650390625" lon="-86.8121337331831455230712890625">
        <ele>0</ele>
        <time>2026-03-19T16:05:06.000Z</time>
        <extensions>
          <ns3:TrackPointExtension>
            <ns3:hr>81</ns3:hr>
          </ns3:TrackPointExtension>
        </extensions>
      </trkpt>
      <trkpt lat="21.323518417775630950927734375" lon="-86.812202297151088714599609375">
        <ele>0</ele>
        <time>2026-03-19T16:05:07.000Z</time>
        <extensions>
          <ns3:TrackPointExtension>
            <ns3:hr>80</ns3:hr>
          </ns3:TrackPointExtension>
        </extensions>
      </trkpt>
      <trkpt lat="21.3234880752861499786376953125" lon="-86.812422238290309906005859375">
        <ele>0</ele>
        <time>2026-03-19T16:05:10.000Z</time>
        <extensions>
          <ns3:TrackPointExtension>
            <ns3:hr>79</ns3:hr>
          </ns3:TrackPointExtension>
        </extensions>
      </trkpt>
      <trkpt lat="21.32345915772020816802978515625" lon="-86.81248166598379611968994140625">
        <ele>0</ele>
        <time>2026-03-19T16:05:11.000Z</time>
        <extensions>
          <ns3:TrackPointExtension>
            <ns3:hr>80</ns3:hr>
          </ns3:TrackPointExtension>
        </extensions>
      </trkpt>
      <trkpt lat="21.3233851455152034759521484375" lon="-86.81257545948028564453125">
        <ele>0</ele>
        <time>2026-03-19T16:05:13.000Z</time>
        <extensions>
          <ns3:TrackPointExtension>
            <ns3:hr>81</ns3:hr>
          </ns3:TrackPointExtension>
        </extensions>
      </trkpt>
      <trkpt lat="21.32334499619901180267333984375" lon="-86.8126212246716022491455078125">
        <ele>0</ele>
        <time>2026-03-19T16:05:14.000Z</time>
        <extensions>
          <ns3:TrackPointExtension>
            <ns3:hr>84</ns3:hr>
          </ns3:TrackPointExtension>
        </extensions>
      </trkpt>
      <trkpt lat="21.323305182158946990966796875" lon="-86.8126814067363739013671875">
        <ele>0</ele>
        <time>2026-03-19T16:05:15.000Z</time>
        <extensions>
          <ns3:TrackPointExtension>
            <ns3:hr>80</ns3:hr>
          </ns3:TrackPointExtension>
        </extensions>
      </trkpt>
      <trkpt lat="21.32324642501771450042724609375" lon="-86.81282549165189266204833984375">
        <ele>0</ele>
        <time>2026-03-19T16:05:17.000Z</time>
        <extensions>
          <ns3:TrackPointExtension>
            <ns3:hr>82</ns3:hr>
          </ns3:TrackPointExtension>
        </extensions>
      </trkpt>
      <trkpt lat="21.32320937700569629669189453125" lon="-86.81312439031898975372314453125">
        <ele>0</ele>
        <time>2026-03-19T16:05:21.000Z</time>
        <extensions>
          <ns3:TrackPointExtension>
            <ns3:hr>81</ns3:hr>
          </ns3:TrackPointExtension>
        </extensions>
      </trkpt>
      <trkpt lat="21.3231883384287357330322265625" lon="-86.81356326676905155181884765625">
        <ele>0</ele>
        <time>2026-03-19T16:05:26.000Z</time>
        <extensions>
          <ns3:TrackPointExtension>
            <ns3:hr>82</ns3:hr>
          </ns3:TrackPointExtension>
        </extensions>
      </trkpt>
      <trkpt lat="21.32318993099033832550048828125" lon="-86.81408378295600414276123046875">
        <ele>0</ele>
        <time>2026-03-19T16:05:32.000Z</time>
        <extensions>
          <ns3:TrackPointExtension>
            <ns3:hr>83</ns3:hr>
          </ns3:TrackPointExtension>
        </extensions>
      </trkpt>
      <trkpt lat="21.32317853160202503204345703125" lon="-86.814166009426116943359375">
        <ele>0</ele>
        <time>2026-03-19T16:05:33.000Z</time>
        <extensions>
          <ns3:TrackPointExtension>
            <ns3:hr>84</ns3:hr>
          </ns3:TrackPointExtension>
        </extensions>
      </trkpt>
      <trkpt lat="21.3230827264487743377685546875" lon="-86.8143757246434688568115234375">
        <ele>0</ele>
        <time>2026-03-19T16:05:36.000Z</time>
        <extensions>
          <ns3:TrackPointExtension>
            <ns3:hr>84</ns3:hr>
          </ns3:TrackPointExtension>
        </extensions>
      </trkpt>
      <trkpt lat="21.3229415751993656158447265625" lon="-86.8147562630474567413330078125">
        <ele>0</ele>
        <time>2026-03-19T16:05:42.000Z</time>
        <extensions>
          <ns3:TrackPointExtension>
            <ns3:hr>87</ns3:hr>
          </ns3:TrackPointExtension>
        </extensions>
      </trkpt>
      <trkpt lat="21.32292263209819793701171875" lon="-86.814811415970325469970703125">
        <ele>0</ele>
        <time>2026-03-19T16:05:43.000Z</time>
        <extensions>
          <ns3:TrackPointExtension>
            <ns3:hr>84</ns3:hr>
          </ns3:TrackPointExtension>
        </extensions>
      </trkpt>
      <trkpt lat="21.3228768669068813323974609375" lon="-86.8149929679930210113525390625">
        <ele>0</ele>
        <time>2026-03-19T16:05:46.000Z</time>
        <extensions>
          <ns3:TrackPointExtension>
            <ns3:hr>83</ns3:hr>
          </ns3:TrackPointExtension>
        </extensions>
      </trkpt>
      <trkpt lat="21.32286773063242435455322265625" lon="-86.8150633759796619415283203125">
        <ele>0</ele>
        <time>2026-03-19T16:05:47.000Z</time>
        <extensions>
          <ns3:TrackPointExtension>
            <ns3:hr>84</ns3:hr>
          </ns3:TrackPointExtension>
        </extensions>
      </trkpt>
      <trkpt lat="21.32279229350388050079345703125" lon="-86.8153540603816509246826171875">
        <ele>0</ele>
        <time>2026-03-19T16:05:51.000Z</time>
        <extensions>
          <ns3:TrackPointExtension>
            <ns3:hr>84</ns3:hr>
          </ns3:TrackPointExtension>
        </extensions>
      </trkpt>
      <trkpt lat="21.322751976549625396728515625" lon="-86.81541214697062969207763671875">
        <ele>0</ele>
        <time>2026-03-19T16:05:52.000Z</time>
        <extensions>
          <ns3:TrackPointExtension>
            <ns3:hr>85</ns3:hr>
          </ns3:TrackPointExtension>
        </extensions>
      </trkpt>
      <trkpt lat="21.32261979393661022186279296875" lon="-86.8155823834240436553955078125">
        <ele>0</ele>
        <time>2026-03-19T16:05:56.000Z</time>
        <extensions>
          <ns3:TrackPointExtension>
            <ns3:hr>82</ns3:hr>
          </ns3:TrackPointExtension>
        </extensions>
      </trkpt>
      <trkpt lat="21.322599761188030242919921875" lon="-86.81564055383205413818359375">
        <ele>0</ele>
        <time>2026-03-19T16:05:57.000Z</time>
        <extensions>
          <ns3:TrackPointExtension>
            <ns3:hr>85</ns3:hr>
          </ns3:TrackPointExtension>
        </extensions>
      </trkpt>
      <trkpt lat="21.3225526548922061920166015625" lon="-86.81584616191685199737548828125">
        <ele>0</ele>
        <time>2026-03-19T16:06:00.000Z</time>
        <extensions>
          <ns3:TrackPointExtension>
            <ns3:hr>82</ns3:hr>
          </ns3:TrackPointExtension>
        </extensions>
      </trkpt>
      <trkpt lat="21.32253505289554595947265625" lon="-86.81598328985273838043212890625">
        <ele>0</ele>
        <time>2026-03-19T16:06:02.000Z</time>
        <extensions>
          <ns3:TrackPointExtension>
            <ns3:hr>84</ns3:hr>
          </ns3:TrackPointExtension>
        </extensions>
      </trkpt>
      <trkpt lat="21.32249590940773487091064453125" lon="-86.81616182439029216766357421875">
        <ele>0</ele>
        <time>2026-03-19T16:06:05.000Z</time>
        <extensions>
          <ns3:TrackPointExtension>
            <ns3:hr>84</ns3:hr>
          </ns3:TrackPointExtension>
        </extensions>
      </trkpt>
      <trkpt lat="21.32248886860907077789306640625" lon="-86.81622393429279327392578125">
        <ele>0</ele>
        <time>2026-03-19T16:06:06.000Z</time>
        <extensions>
          <ns3:TrackPointExtension>
            <ns3:hr>84</ns3:hr>
          </ns3:TrackPointExtension>
        </extensions>
      </trkpt>
      <trkpt lat="21.32249054498970508575439453125" lon="-86.8163461424410343170166015625">
        <ele>0</ele>
        <time>2026-03-19T16:06:08.000Z</time>
        <extensions>
          <ns3:TrackPointExtension>
            <ns3:hr>85</ns3:hr>
          </ns3:TrackPointExtension>
        </extensions>
      </trkpt>
      <trkpt lat="21.3224973343312740325927734375" lon="-86.81640900671482086181640625">
        <ele>0</ele>
        <time>2026-03-19T16:06:09.000Z</time>
        <extensions>
          <ns3:TrackPointExtension>
            <ns3:hr>85</ns3:hr>
          </ns3:TrackPointExtension>
        </extensions>
      </trkpt>
      <trkpt lat="21.32254821248352527618408203125" lon="-86.8166680075228214263916015625">
        <ele>0</ele>
        <time>2026-03-19T16:06:13.000Z</time>
        <extensions>
          <ns3:TrackPointExtension>
            <ns3:hr>82</ns3:hr>
          </ns3:TrackPointExtension>
        </extensions>
      </trkpt>
      <trkpt lat="21.32255592383444309234619140625" lon="-86.81672793813049793243408203125">
        <ele>0</ele>
        <time>2026-03-19T16:06:14.000Z</time>
        <extensions>
          <ns3:TrackPointExtension>
            <ns3:hr>83</ns3:hr>
          </ns3:TrackPointExtension>
        </extensions>
      </trkpt>
      <trkpt lat="21.322559528052806854248046875" lon="-86.8167756311595439910888671875">
        <ele>0</ele>
        <time>2026-03-19T16:06:15.000Z</time>
        <extensions>
          <ns3:TrackPointExtension>
            <ns3:hr>84</ns3:hr>
          </ns3:TrackPointExtension>
        </extensions>
      </trkpt>
      <trkpt lat="21.322550140321254730224609375" lon="-86.81681804358959197998046875">
        <ele>0</ele>
        <time>2026-03-19T16:06:16.000Z</time>
        <extensions>
          <ns3:TrackPointExtension>
            <ns3:hr>84</ns3:hr>
          </ns3:TrackPointExtension>
        </extensions>
      </trkpt>
      <trkpt lat="21.32249942980706691741943359375" lon="-86.81684712879359722137451171875">
        <ele>0</ele>
        <time>2026-03-19T16:06:18.000Z</time>
        <extensions>
          <ns3:TrackPointExtension>
            <ns3:hr>83</ns3:hr>
          </ns3:TrackPointExtension>
        </extensions>
      </trkpt>
      <trkpt lat="21.322475373744964599609375" lon="-86.81677051819860935211181640625">
        <ele>0</ele>
        <time>2026-03-19T16:06:20.000Z</time>
        <extensions>
          <ns3:TrackPointExtension>
            <ns3:hr>83</ns3:hr>
          </ns3:TrackPointExtension>
        </extensions>
      </trkpt>
      <trkpt lat="21.3224768824875354766845703125" lon="-86.8167166225612163543701171875">
        <ele>0</ele>
        <time>2026-03-19T16:06:21.000Z</time>
        <extensions>
          <ns3:TrackPointExtension>
            <ns3:hr>83</ns3:hr>
          </ns3:TrackPointExtension>
        </extensions>
      </trkpt>
      <trkpt lat="21.3225016929209232330322265625" lon="-86.81650699116289615631103515625">
        <ele>0</ele>
        <time>2026-03-19T16:06:24.000Z</time>
        <extensions>
          <ns3:TrackPointExtension>
            <ns3:hr>83</ns3:hr>
          </ns3:TrackPointExtension>
        </extensions>
      </trkpt>
      <trkpt lat="21.322578974068164825439453125" lon="-86.81612737476825714111328125">
        <ele>0</ele>
        <time>2026-03-19T16:06:29.000Z</time>
        <extensions>
          <ns3:TrackPointExtension>
            <ns3:hr>79</ns3:hr>
          </ns3:TrackPointExtension>
        </extensions>
      </trkpt>
      <trkpt lat="21.3225965760648250579833984375" lon="-86.81605788879096508026123046875">
        <ele>0</ele>
        <time>2026-03-19T16:06:30.000Z</time>
        <extensions>
          <ns3:TrackPointExtension>
            <ns3:hr>83</ns3:hr>
          </ns3:TrackPointExtension>
        </extensions>
      </trkpt>
      <trkpt lat="21.32261342369019985198974609375" lon="-86.81599016301333904266357421875">
        <ele>0</ele>
        <time>2026-03-19T16:06:31.000Z</time>
        <extensions>
          <ns3:TrackPointExtension>
            <ns3:hr>82</ns3:hr>
          </ns3:TrackPointExtension>
        </extensions>
      </trkpt>
      <trkpt lat="21.3226347975432872772216796875" lon="-86.81584775447845458984375">
        <ele>0</ele>
        <time>2026-03-19T16:06:33.000Z</time>
        <extensions>
          <ns3:TrackPointExtension>
            <ns3:hr>83</ns3:hr>
          </ns3:TrackPointExtension>
        </extensions>
      </trkpt>
      <trkpt lat="21.32271199487149715423583984375" lon="-86.81543377228081226348876953125">
        <ele>0</ele>
        <time>2026-03-19T16:06:38.000Z</time>
        <extensions>
          <ns3:TrackPointExtension>
            <ns3:hr>83</ns3:hr>
          </ns3:TrackPointExtension>
        </extensions>
      </trkpt>
      <trkpt lat="21.322820372879505157470703125" lon="-86.81493219919502735137939453125">
        <ele>0</ele>
        <time>2026-03-19T16:06:44.000Z</time>
        <extensions>
          <ns3:TrackPointExtension>
            <ns3:hr>84</ns3:hr>
          </ns3:TrackPointExtension>
        </extensions>
      </trkpt>
      <trkpt lat="21.32285465486347675323486328125" lon="-86.81476674042642116546630859375">
        <ele>0</ele>
        <time>2026-03-19T16:06:46.000Z</time>
        <extensions>
          <ns3:TrackPointExtension>
            <ns3:hr>84</ns3:hr>
          </ns3:TrackPointExtension>
        </extensions>
      </trkpt>
      <trkpt lat="21.32296864874660968780517578125" lon="-86.8142325617372989654541015625">
        <ele>0</ele>
        <time>2026-03-19T16:06:53.000Z</time>
        <extensions>
          <ns3:TrackPointExtension>
            <ns3:hr>86</ns3:hr>
          </ns3:TrackPointExtension>
        </extensions>
      </trkpt>
      <trkpt lat="21.32298507727682590484619140625" lon="-86.81416575796902179718017578125">
        <ele>0</ele>
        <time>2026-03-19T16:06:54.000Z</time>
        <extensions>
          <ns3:TrackPointExtension>
            <ns3:hr>85</ns3:hr>
          </ns3:TrackPointExtension>
        </extensions>
      </trkpt>
      <trkpt lat="21.32308230735361576080322265625" lon="-86.81368966586887836456298828125">
        <ele>0</ele>
        <time>2026-03-19T16:07:01.000Z</time>
        <extensions>
          <ns3:TrackPointExtension>
            <ns3:hr>85</ns3:hr>
          </ns3:TrackPointExtension>
        </extensions>
      </trkpt>
      <trkpt lat="21.3230837322771549224853515625" lon="-86.8132404796779155731201171875">
        <ele>0</ele>
        <time>2026-03-19T16:07:07.000Z</time>
        <extensions>
          <ns3:TrackPointExtension>
            <ns3:hr>84</ns3:hr>
          </ns3:TrackPointExtension>
        </extensions>
      </trkpt>
      <trkpt lat="21.3231011666357517242431640625" lon="-86.81294015608727931976318359375">
        <ele>0</ele>
        <time>2026-03-19T16:07:11.000Z</time>
        <extensions>
          <ns3:TrackPointExtension>
            <ns3:hr>87</ns3:hr>
          </ns3:TrackPointExtension>
        </extensions>
      </trkpt>
      <trkpt lat="21.32310125045478343963623046875" lon="-86.81266187690198421478271484375">
        <ele>0</ele>
        <time>2026-03-19T16:07:15.000Z</time>
        <extensions>
          <ns3:TrackPointExtension>
            <ns3:hr>88</ns3:hr>
          </ns3:TrackPointExtension>
        </extensions>
      </trkpt>
      <trkpt lat="21.32312756963074207305908203125" lon="-86.81230396963655948638916015625">
        <ele>0</ele>
        <time>2026-03-19T16:07:20.000Z</time>
        <extensions>
          <ns3:TrackPointExtension>
            <ns3:hr>89</ns3:hr>
          </ns3:TrackPointExtension>
        </extensions>
      </trkpt>
      <trkpt lat="21.3231477700173854827880859375" lon="-86.81223473511636257171630859375">
        <ele>0</ele>
        <time>2026-03-19T16:07:21.000Z</time>
        <extensions>
          <ns3:TrackPointExtension>
            <ns3:hr>89</ns3:hr>
          </ns3:TrackPointExtension>
        </extensions>
      </trkpt>
      <trkpt lat="21.32318280637264251708984375" lon="-86.8121047317981719970703125">
        <ele>0</ele>
        <time>2026-03-19T16:07:23.000Z</time>
        <extensions>
          <ns3:TrackPointExtension>
            <ns3:hr>89</ns3:hr>
          </ns3:TrackPointExtension>
        </extensions>
      </trkpt>
      <trkpt lat="21.32322496734559535980224609375" lon="-86.8118554539978504180908203125">
        <ele>0</ele>
        <time>2026-03-19T16:07:27.000Z</time>
        <extensions>
          <ns3:TrackPointExtension>
            <ns3:hr>87</ns3:hr>
          </ns3:TrackPointExtension>
        </extensions>
      </trkpt>
      <trkpt lat="21.3232332654297351837158203125" lon="-86.8117471598088741302490234375">
        <ele>0</ele>
        <time>2026-03-19T16:07:29.000Z</time>
        <extensions>
          <ns3:TrackPointExtension>
            <ns3:hr>86</ns3:hr>
          </ns3:TrackPointExtension>
        </extensions>
      </trkpt>
      <trkpt lat="21.32318154908716678619384765625" lon="-86.81169636547565460205078125">
        <ele>0</ele>
        <time>2026-03-19T16:07:31.000Z</time>
        <extensions>
          <ns3:TrackPointExtension>
            <ns3:hr>84</ns3:hr>
          </ns3:TrackPointExtension>
        </extensions>
      </trkpt>
      <trkpt lat="21.32312103174626827239990234375" lon="-86.8117659352719783782958984375">
        <ele>0</ele>
        <time>2026-03-19T16:07:33.000Z</time>
        <extensions>
          <ns3:TrackPointExtension>
            <ns3:hr>83</ns3:hr>
          </ns3:TrackPointExtension>
        </extensions>
      </trkpt>
      <trkpt lat="21.32310510613024234771728515625" lon="-86.811826117336750030517578125">
        <ele>0</ele>
        <time>2026-03-19T16:07:34.000Z</time>
        <extensions>
          <ns3:TrackPointExtension>
            <ns3:hr>83</ns3:hr>
          </ns3:TrackPointExtension>
        </extensions>
      </trkpt>
      <trkpt lat="21.32309337146580219268798828125" lon="-86.81197757832705974578857421875">
        <ele>0</ele>
        <time>2026-03-19T16:07:36.000Z</time>
        <extensions>
          <ns3:TrackPointExtension>
            <ns3:hr>82</ns3:hr>
          </ns3:TrackPointExtension>
        </extensions>
      </trkpt>
      <trkpt lat="21.3231008313596248626708984375" lon="-86.81235476396977901458740234375">
        <ele>0</ele>
        <time>2026-03-19T16:07:40.000Z</time>
        <extensions>
          <ns3:TrackPointExtension>
            <ns3:hr>81</ns3:hr>
          </ns3:TrackPointExtension>
        </extensions>
      </trkpt>
      <trkpt lat="21.3230817206203937530517578125" lon="-86.8124381639063358306884765625">
        <ele>0</ele>
        <time>2026-03-19T16:07:41.000Z</time>
        <extensions>
          <ns3:TrackPointExtension>
            <ns3:hr>84</ns3:hr>
          </ns3:TrackPointExtension>
        </extensions>
      </trkpt>
      <trkpt lat="21.3230502046644687652587890625" lon="-86.81251502595841884613037109375">
        <ele>0</ele>
        <time>2026-03-19T16:07:42.000Z</time>
        <extensions>
          <ns3:TrackPointExtension>
            <ns3:hr>80</ns3:hr>
          </ns3:TrackPointExtension>
        </extensions>
      </trkpt>
      <trkpt lat="21.32301156409084796905517578125" lon="-86.8125809915363788604736328125">
        <ele>0</ele>
        <time>2026-03-19T16:07:43.000Z</time>
        <extensions>
          <ns3:TrackPointExtension>
            <ns3:hr>81</ns3:hr>
          </ns3:TrackPointExtension>
        </extensions>
      </trkpt>
      <trkpt lat="21.322907544672489166259765625" lon="-86.81278995238244533538818359375">
        <ele>0</ele>
        <time>2026-03-19T16:07:46.000Z</time>
        <extensions>
          <ns3:TrackPointExtension>
            <ns3:hr>82</ns3:hr>
          </ns3:TrackPointExtension>
        </extensions>
      </trkpt>
      <trkpt lat="21.32289052940905094146728515625" lon="-86.8128696642816066741943359375">
        <ele>0</ele>
        <time>2026-03-19T16:07:47.000Z</time>
        <extensions>
          <ns3:TrackPointExtension>
            <ns3:hr>83</ns3:hr>
          </ns3:TrackPointExtension>
        </extensions>
      </trkpt>
      <trkpt lat="21.3228817284107208251953125" lon="-86.8129565007984638214111328125">
        <ele>0</ele>
        <time>2026-03-19T16:07:48.000Z</time>
        <extensions>
          <ns3:TrackPointExtension>
            <ns3:hr>84</ns3:hr>
          </ns3:TrackPointExtension>
        </extensions>
      </trkpt>
      <trkpt lat="21.32287795655429363250732421875" lon="-86.81319974362850189208984375">
        <ele>0</ele>
        <time>2026-03-19T16:07:51.000Z</time>
        <extensions>
          <ns3:TrackPointExtension>
            <ns3:hr>83</ns3:hr>
          </ns3:TrackPointExtension>
        </extensions>
      </trkpt>
      <trkpt lat="21.32288985885679721832275390625" lon="-86.8133546411991119384765625">
        <ele>0</ele>
        <time>2026-03-19T16:07:53.000Z</time>
        <extensions>
          <ns3:TrackPointExtension>
            <ns3:hr>84</ns3:hr>
          </ns3:TrackPointExtension>
        </extensions>
      </trkpt>
      <trkpt lat="21.3229031860828399658203125" lon="-86.81350291706621646881103515625">
        <ele>0</ele>
        <time>2026-03-19T16:07:55.000Z</time>
        <extensions>
          <ns3:TrackPointExtension>
            <ns3:hr>83</ns3:hr>
          </ns3:TrackPointExtension>
        </extensions>
      </trkpt>
      <trkpt lat="21.32291953079402446746826171875" lon="-86.81382209993898868560791015625">
        <ele>0</ele>
        <time>2026-03-19T16:07:59.000Z</time>
        <extensions>
          <ns3:TrackPointExtension>
            <ns3:hr>87</ns3:hr>
          </ns3:TrackPointExtension>
        </extensions>
      </trkpt>
      <trkpt lat="21.32293227128684520721435546875" lon="-86.81398353539407253265380859375">
        <ele>0</ele>
        <time>2026-03-19T16:08:01.000Z</time>
        <extensions>
          <ns3:TrackPointExtension>
            <ns3:hr>86</ns3:hr>
          </ns3:TrackPointExtension>
        </extensions>
      </trkpt>
      <trkpt lat="21.3229637034237384796142578125" lon="-86.8144853599369525909423828125">
        <ele>0</ele>
        <time>2026-03-19T16:08:07.000Z</time>
        <extensions>
          <ns3:TrackPointExtension>
            <ns3:hr>88</ns3:hr>
          </ns3:TrackPointExtension>
        </extensions>
      </trkpt>
      <trkpt lat="21.3229777850210666656494140625" lon="-86.8145641498267650604248046875">
        <ele>0</ele>
        <time>2026-03-19T16:08:08.000Z</time>
        <extensions>
          <ns3:TrackPointExtension>
            <ns3:hr>87</ns3:hr>
          </ns3:TrackPointExtension>
        </extensions>
      </trkpt>
      <trkpt lat="21.323051042854785919189453125" lon="-86.8148893676698207855224609375">
        <ele>0</ele>
        <time>2026-03-19T16:08:13.000Z</time>
        <extensions>
          <ns3:TrackPointExtension>
            <ns3:hr>89</ns3:hr>
          </ns3:TrackPointExtension>
        </extensions>
      </trkpt>
      <trkpt lat="21.3231105543673038482666015625" lon="-86.8151612766087055206298828125">
        <ele>0</ele>
        <time>2026-03-19T16:08:18.000Z</time>
        <extensions>
          <ns3:TrackPointExtension>
            <ns3:hr>88</ns3:hr>
          </ns3:TrackPointExtension>
        </extensions>
      </trkpt>
      <trkpt lat="21.32311348803341388702392578125" lon="-86.81521852500736713409423828125">
        <ele>0</ele>
        <time>2026-03-19T16:08:19.000Z</time>
        <extensions>
          <ns3:TrackPointExtension>
            <ns3:hr>88</ns3:hr>
          </ns3:TrackPointExtension>
        </extensions>
      </trkpt>
      <trkpt lat="21.32310208864510059356689453125" lon="-86.81548071093857288360595703125">
        <ele>0</ele>
        <time>2026-03-19T16:08:23.000Z</time>
        <extensions>
          <ns3:TrackPointExtension>
            <ns3:hr>87</ns3:hr>
          </ns3:TrackPointExtension>
        </extensions>
      </trkpt>
      <trkpt lat="21.3230917789041996002197265625" lon="-86.815543659031391143798828125">
        <ele>0</ele>
        <time>2026-03-19T16:08:24.000Z</time>
        <extensions>
          <ns3:TrackPointExtension>
            <ns3:hr>87</ns3:hr>
          </ns3:TrackPointExtension>
        </extensions>
      </trkpt>
      <trkpt lat="21.3230451755225658416748046875" lon="-86.8159089423716068267822265625">
        <ele>0</ele>
        <time>2026-03-19T16:08:30.000Z</time>
        <extensions>
          <ns3:TrackPointExtension>
            <ns3:hr>86</ns3:hr>
          </ns3:TrackPointExtension>
        </extensions>
      </trkpt>
      <trkpt lat="21.323047690093517303466796875" lon="-86.81599058210849761962890625">
        <ele>0</ele>
        <time>2026-03-19T16:08:32.000Z</time>
        <extensions>
          <ns3:TrackPointExtension>
            <ns3:hr>86</ns3:hr>
          </ns3:TrackPointExtension>
        </extensions>
      </trkpt>
      <trkpt lat="21.3230418227612972259521484375" lon="-86.8160061724483966827392578125">
        <ele>0</ele>
        <time>2026-03-19T16:08:33.000Z</time>
        <extensions>
          <ns3:TrackPointExtension>
            <ns3:hr>87</ns3:hr>
          </ns3:TrackPointExtension>
        </extensions>
      </trkpt>
      <trkpt lat="21.32300703786313533782958984375" lon="-86.8159676156938076019287109375">
        <ele>0</ele>
        <time>2026-03-19T16:08:35.000Z</time>
        <extensions>
          <ns3:TrackPointExtension>
            <ns3:hr>85</ns3:hr>
          </ns3:TrackPointExtension>
        </extensions>
      </trkpt>
      <trkpt lat="21.3230049423873424530029296875" lon="-86.815917156636714935302734375">
        <ele>0</ele>
        <time>2026-03-19T16:08:36.000Z</time>
        <extensions>
          <ns3:TrackPointExtension>
            <ns3:hr>85</ns3:hr>
          </ns3:TrackPointExtension>
        </extensions>
      </trkpt>
      <trkpt lat="21.3230086304247379302978515625" lon="-86.8158542923629283905029296875">
        <ele>0</ele>
        <time>2026-03-19T16:08:37.000Z</time>
        <extensions>
          <ns3:TrackPointExtension>
            <ns3:hr>85</ns3:hr>
          </ns3:TrackPointExtension>
        </extensions>
      </trkpt>
      <trkpt lat="21.32302078418433666229248046875" lon="-86.8157828785479068756103515625">
        <ele>0</ele>
        <time>2026-03-19T16:08:38.000Z</time>
        <extensions>
          <ns3:TrackPointExtension>
            <ns3:hr>82</ns3:hr>
          </ns3:TrackPointExtension>
        </extensions>
      </trkpt>
      <trkpt lat="21.323115415871143341064453125" lon="-86.8153748475015163421630859375">
        <ele>0</ele>
        <time>2026-03-19T16:08:44.000Z</time>
        <extensions>
          <ns3:TrackPointExtension>
            <ns3:hr>83</ns3:hr>
          </ns3:TrackPointExtension>
        </extensions>
      </trkpt>
      <trkpt lat="21.3231481052935123443603515625" lon="-86.81496622972190380096435546875">
        <ele>0</ele>
        <time>2026-03-19T16:08:50.000Z</time>
        <extensions>
          <ns3:TrackPointExtension>
            <ns3:hr>83</ns3:hr>
          </ns3:TrackPointExtension>
        </extensions>
      </trkpt>
      <trkpt lat="21.32305808365345001220703125" lon="-86.81478434242308139801025390625">
        <ele>0</ele>
        <time>2026-03-19T16:08:53.000Z</time>
        <extensions>
          <ns3:TrackPointExtension>
            <ns3:hr>83</ns3:hr>
          </ns3:TrackPointExtension>
        </extensions>
      </trkpt>
      <trkpt lat="21.32302547805011272430419921875" lon="-86.81471996940672397613525390625">
        <ele>0</ele>
        <time>2026-03-19T16:08:54.000Z</time>
        <extensions>
          <ns3:TrackPointExtension>
            <ns3:hr>83</ns3:hr>
          </ns3:TrackPointExtension>
        </extensions>
      </trkpt>
      <trkpt lat="21.32298859767615795135498046875" lon="-86.81458376348018646240234375">
        <ele>0</ele>
        <time>2026-03-19T16:08:56.000Z</time>
        <extensions>
          <ns3:TrackPointExtension>
            <ns3:hr>84</ns3:hr>
          </ns3:TrackPointExtension>
        </extensions>
      </trkpt>
      <trkpt lat="21.322979629039764404296875" lon="-86.81452081538736820220947265625">
        <ele>0</ele>
        <time>2026-03-19T16:08:57.000Z</time>
        <extensions>
          <ns3:TrackPointExtension>
            <ns3:hr>83</ns3:hr>
          </ns3:TrackPointExtension>
        </extensions>
      </trkpt>
      <trkpt lat="21.32296194322407245635986328125" lon="-86.81420020759105682373046875">
        <ele>0</ele>
        <time>2026-03-19T16:09:02.000Z</time>
        <extensions>
          <ns3:TrackPointExtension>
            <ns3:hr>84</ns3:hr>
          </ns3:TrackPointExtension>
        </extensions>
      </trkpt>
      <trkpt lat="21.3230421580374240875244140625" lon="-86.81379519402980804443359375">
        <ele>0</ele>
        <time>2026-03-19T16:09:08.000Z</time>
        <extensions>
          <ns3:TrackPointExtension>
            <ns3:hr>83</ns3:hr>
          </ns3:TrackPointExtension>
        </extensions>
      </trkpt>
      <trkpt lat="21.3231638632714748382568359375" lon="-86.8132652901113033294677734375">
        <ele>0</ele>
        <time>2026-03-19T16:09:16.000Z</time>
        <extensions>
          <ns3:TrackPointExtension>
            <ns3:hr>83</ns3:hr>
          </ns3:TrackPointExtension>
        </extensions>
      </trkpt>
      <trkpt lat="21.32319512777030467987060546875" lon="-86.81306806392967700958251953125">
        <ele>0</ele>
        <time>2026-03-19T16:09:19.000Z</time>
        <extensions>
          <ns3:TrackPointExtension>
            <ns3:hr>83</ns3:hr>
          </ns3:TrackPointExtension>
        </extensions>
      </trkpt>
      <trkpt lat="21.3233149051666259765625" lon="-86.81257772259414196014404296875">
        <ele>0</ele>
        <time>2026-03-19T16:09:27.000Z</time>
        <extensions>
          <ns3:TrackPointExtension>
            <ns3:hr>85</ns3:hr>
          </ns3:TrackPointExtension>
        </extensions>
      </trkpt>
      <trkpt lat="21.32333032786846160888671875" lon="-86.8125209771096706390380859375">
        <ele>0</ele>
        <time>2026-03-19T16:09:28.000Z</time>
        <extensions>
          <ns3:TrackPointExtension>
            <ns3:hr>86</ns3:hr>
          </ns3:TrackPointExtension>
        </extensions>
      </trkpt>
      <trkpt lat="21.3233452476561069488525390625" lon="-86.8124636448919773101806640625">
        <ele>0</ele>
        <time>2026-03-19T16:09:29.000Z</time>
        <extensions>
          <ns3:TrackPointExtension>
            <ns3:hr>83</ns3:hr>
          </ns3:TrackPointExtension>
        </extensions>
      </trkpt>
      <trkpt lat="21.32339897565543651580810546875" lon="-86.812233142554759979248046875">
        <ele>0</ele>
        <time>2026-03-19T16:09:33.000Z</time>
        <extensions>
          <ns3:TrackPointExtension>
            <ns3:hr>86</ns3:hr>
          </ns3:TrackPointExtension>
        </extensions>
      </trkpt>
      <trkpt lat="21.32342780940234661102294921875" lon="-86.81212660856544971466064453125">
        <ele>0</ele>
        <time>2026-03-19T16:09:35.000Z</time>
        <extensions>
          <ns3:TrackPointExtension>
            <ns3:hr>84</ns3:hr>
          </ns3:TrackPointExtension>
        </extensions>
      </trkpt>
      <trkpt lat="21.32343501783907413482666015625" lon="-86.8120760656893253326416015625">
        <ele>0</ele>
        <time>2026-03-19T16:09:36.000Z</time>
        <extensions>
          <ns3:TrackPointExtension>
            <ns3:hr>85</ns3:hr>
          </ns3:TrackPointExtension>
        </extensions>
      </trkpt>
      <trkpt lat="21.323451697826385498046875" lon="-86.81192158721387386322021484375">
        <ele>0</ele>
        <time>2026-03-19T16:09:39.000Z</time>
        <extensions>
          <ns3:TrackPointExtension>
            <ns3:hr>85</ns3:hr>
          </ns3:TrackPointExtension>
        </extensions>
      </trkpt>
      <trkpt lat="21.3235407136380672454833984375" lon="-86.81155420839786529541015625">
        <ele>0</ele>
        <time>2026-03-19T16:09:45.000Z</time>
        <extensions>
          <ns3:TrackPointExtension>
            <ns3:hr>85</ns3:hr>
          </ns3:TrackPointExtension>
        </extensions>
      </trkpt>
      <trkpt lat="21.3236506842076778411865234375" lon="-86.81128389202058315277099609375">
        <ele>0</ele>
        <time>2026-03-19T16:09:50.000Z</time>
        <extensions>
          <ns3:TrackPointExtension>
            <ns3:hr>84</ns3:hr>
          </ns3:TrackPointExtension>
        </extensions>
      </trkpt>
      <trkpt lat="21.32366451434791088104248046875" lon="-86.811222620308399200439453125">
        <ele>0</ele>
        <time>2026-03-19T16:09:51.000Z</time>
        <extensions>
          <ns3:TrackPointExtension>
            <ns3:hr>86</ns3:hr>
          </ns3:TrackPointExtension>
        </extensions>
      </trkpt>
      <trkpt lat="21.32378764450550079345703125" lon="-86.81080847047269344329833984375">
        <ele>0</ele>
        <time>2026-03-19T16:09:58.000Z</time>
        <extensions>
          <ns3:TrackPointExtension>
            <ns3:hr>85</ns3:hr>
          </ns3:TrackPointExtension>
        </extensions>
      </trkpt>
      <trkpt lat="21.323867775499820709228515625" lon="-86.81038334034383296966552734375">
        <ele>0</ele>
        <time>2026-03-19T16:10:04.000Z</time>
        <extensions>
          <ns3:TrackPointExtension>
            <ns3:hr>87</ns3:hr>
          </ns3:TrackPointExtension>
        </extensions>
      </trkpt>
      <trkpt lat="21.32395402528345584869384765625" lon="-86.8099785782396793365478515625">
        <ele>0</ele>
        <time>2026-03-19T16:10:10.000Z</time>
        <extensions>
          <ns3:TrackPointExtension>
            <ns3:hr>89</ns3:hr>
          </ns3:TrackPointExtension>
        </extensions>
      </trkpt>
      <trkpt lat="21.32396341301500797271728515625" lon="-86.80977866984903812408447265625">
        <ele>0</ele>
        <time>2026-03-19T16:10:13.000Z</time>
        <extensions>
          <ns3:TrackPointExtension>
            <ns3:hr>89</ns3:hr>
          </ns3:TrackPointExtension>
        </extensions>
      </trkpt>
      <trkpt lat="21.32393759675323963165283203125" lon="-86.80973298847675323486328125">
        <ele>0</ele>
        <time>2026-03-19T16:10:14.000Z</time>
        <extensions>
          <ns3:TrackPointExtension>
            <ns3:hr>89</ns3:hr>
          </ns3:TrackPointExtension>
        </extensions>
      </trkpt>
      <trkpt lat="21.323849670588970184326171875" lon="-86.8098588846623897552490234375">
        <ele>0</ele>
        <time>2026-03-19T16:10:24.000Z</time>
        <extensions>
          <ns3:TrackPointExtension>
            <ns3:hr>87</ns3:hr>
          </ns3:TrackPointExtension>
        </extensions>
      </trkpt>
      <trkpt lat="21.32389334030449390411376953125" lon="-86.8098075874149799346923828125">
        <ele>0</ele>
        <time>2026-03-19T16:10:30.000Z</time>
        <extensions>
          <ns3:TrackPointExtension>
            <ns3:hr>84</ns3:hr>
          </ns3:TrackPointExtension>
        </extensions>
      </trkpt>
      <trkpt lat="21.32389786653220653533935546875" lon="-86.809800378978252410888671875">
        <ele>0</ele>
        <time>2026-03-19T16:10:31.000Z</time>
        <extensions>
          <ns3:TrackPointExtension>
            <ns3:hr>84</ns3:hr>
          </ns3:TrackPointExtension>
        </extensions>
      </trkpt>
      <trkpt lat="21.32387883961200714111328125" lon="-86.809770874679088592529296875">
        <ele>0</ele>
        <time>2026-03-19T16:10:39.000Z</time>
        <extensions>
          <ns3:TrackPointExtension>
            <ns3:hr>83</ns3:hr>
          </ns3:TrackPointExtension>
        </extensions>
      </trkpt>
      <trkpt lat="21.32385076023638248443603515625" lon="-86.80969602428376674652099609375">
        <ele>0</ele>
        <time>2026-03-19T16:10:41.000Z</time>
        <extensions>
          <ns3:TrackPointExtension>
            <ns3:hr>83</ns3:hr>
          </ns3:TrackPointExtension>
        </extensions>
      </trkpt>
      <trkpt lat="21.32385092787444591522216796875" lon="-86.80964447557926177978515625">
        <ele>0</ele>
        <time>2026-03-19T16:10:42.000Z</time>
        <extensions>
          <ns3:TrackPointExtension>
            <ns3:hr>84</ns3:hr>
          </ns3:TrackPointExtension>
        </extensions>
      </trkpt>
      <trkpt lat="21.3238766603171825408935546875" lon="-86.8095350079238414764404296875">
        <ele>0</ele>
        <time>2026-03-19T16:10:44.000Z</time>
        <extensions>
          <ns3:TrackPointExtension>
            <ns3:hr>85</ns3:hr>
          </ns3:TrackPointExtension>
        </extensions>
      </trkpt>
      <trkpt lat="21.3239370100200176239013671875" lon="-86.80936862714588642120361328125">
        <ele>0</ele>
        <time>2026-03-19T16:10:47.000Z</time>
        <extensions>
          <ns3:TrackPointExtension>
            <ns3:hr>86</ns3:hr>
          </ns3:TrackPointExtension>
        </extensions>
      </trkpt>
      <trkpt lat="21.32397213019430637359619140625" lon="-86.8092563934624195098876953125">
        <ele>0</ele>
        <time>2026-03-19T16:10:49.000Z</time>
        <extensions>
          <ns3:TrackPointExtension>
            <ns3:hr>86</ns3:hr>
          </ns3:TrackPointExtension>
        </extensions>
      </trkpt>
      <trkpt lat="21.323944218456745147705078125" lon="-86.80914315395057201385498046875">
        <ele>0</ele>
        <time>2026-03-19T16:10:51.000Z</time>
        <extensions>
          <ns3:TrackPointExtension>
            <ns3:hr>88</ns3:hr>
          </ns3:TrackPointExtension>
        </extensions>
      </trkpt>
      <trkpt lat="21.3239034824073314666748046875" lon="-86.80901004932820796966552734375">
        <ele>0</ele>
        <time>2026-03-19T16:10:54.000Z</time>
        <extensions>
          <ns3:TrackPointExtension>
            <ns3:hr>89</ns3:hr>
          </ns3:TrackPointExtension>
        </extensions>
      </trkpt>
      <trkpt lat="21.32390641607344150543212890625" lon="-86.8089214526116847991943359375">
        <ele>0</ele>
        <time>2026-03-19T16:10:56.000Z</time>
        <extensions>
          <ns3:TrackPointExtension>
            <ns3:hr>89</ns3:hr>
          </ns3:TrackPointExtension>
        </extensions>
      </trkpt>
      <trkpt lat="21.32389585487544536590576171875" lon="-86.80878943763673305511474609375">
        <ele>0</ele>
        <time>2026-03-19T16:11:00.000Z</time>
        <extensions>
          <ns3:TrackPointExtension>
            <ns3:hr>89</ns3:hr>
          </ns3:TrackPointExtension>
        </extensions>
      </trkpt>
      <trkpt lat="21.323901303112506866455078125" lon="-86.80855876766145229339599609375">
        <ele>0</ele>
        <time>2026-03-19T16:11:04.000Z</time>
        <extensions>
          <ns3:TrackPointExtension>
            <ns3:hr>89</ns3:hr>
          </ns3:TrackPointExtension>
        </extensions>
      </trkpt>
      <trkpt lat="21.32391530089080333709716796875" lon="-86.80849690921604633331298828125">
        <ele>0</ele>
        <time>2026-03-19T16:11:05.000Z</time>
        <extensions>
          <ns3:TrackPointExtension>
            <ns3:hr>90</ns3:hr>
          </ns3:TrackPointExtension>
        </extensions>
      </trkpt>
      <trkpt lat="21.3239691965281963348388671875" lon="-86.80831451900303363800048828125">
        <ele>0</ele>
        <time>2026-03-19T16:11:08.000Z</time>
        <extensions>
          <ns3:TrackPointExtension>
            <ns3:hr>90</ns3:hr>
          </ns3:TrackPointExtension>
        </extensions>
      </trkpt>
      <trkpt lat="21.32396961562335491180419921875" lon="-86.80825064890086650848388671875">
        <ele>0</ele>
        <time>2026-03-19T16:11:09.000Z</time>
        <extensions>
          <ns3:TrackPointExtension>
            <ns3:hr>90</ns3:hr>
          </ns3:TrackPointExtension>
        </extensions>
      </trkpt>
      <trkpt lat="21.323960982263088226318359375" lon="-86.80812056176364421844482421875">
        <ele>0</ele>
        <time>2026-03-19T16:11:11.000Z</time>
        <extensions>
          <ns3:TrackPointExtension>
            <ns3:hr>90</ns3:hr>
          </ns3:TrackPointExtension>
        </extensions>
      </trkpt>
      <trkpt lat="21.32396944798529148101806640625" lon="-86.80799785070121288299560546875">
        <ele>0</ele>
        <time>2026-03-19T16:11:13.000Z</time>
        <extensions>
          <ns3:TrackPointExtension>
            <ns3:hr>91</ns3:hr>
          </ns3:TrackPointExtension>
        </extensions>
      </trkpt>
      <trkpt lat="21.32398285903036594390869140625" lon="-86.80793993175029754638671875">
        <ele>0</ele>
        <time>2026-03-19T16:11:14.000Z</time>
        <extensions>
          <ns3:TrackPointExtension>
            <ns3:hr>92</ns3:hr>
          </ns3:TrackPointExtension>
        </extensions>
      </trkpt>
      <trkpt lat="21.324047483503818511962890625" lon="-86.80762653239071369171142578125">
        <ele>0</ele>
        <time>2026-03-19T16:11:20.000Z</time>
        <extensions>
          <ns3:TrackPointExtension>
            <ns3:hr>90</ns3:hr>
          </ns3:TrackPointExtension>
        </extensions>
      </trkpt>
      <trkpt lat="21.3240241818130016326904296875" lon="-86.80759736336767673492431640625">
        <ele>0</ele>
        <time>2026-03-19T16:11:21.000Z</time>
        <extensions>
          <ns3:TrackPointExtension>
            <ns3:hr>90</ns3:hr>
          </ns3:TrackPointExtension>
        </extensions>
      </trkpt>
      <trkpt lat="21.323993504047393798828125" lon="-86.80759803391993045806884765625">
        <ele>0</ele>
        <time>2026-03-19T16:11:22.000Z</time>
        <extensions>
          <ns3:TrackPointExtension>
            <ns3:hr>90</ns3:hr>
          </ns3:TrackPointExtension>
        </extensions>
      </trkpt>
      <trkpt lat="21.3239691965281963348388671875" lon="-86.80762477219104766845703125">
        <ele>0</ele>
        <time>2026-03-19T16:11:23.000Z</time>
        <extensions>
          <ns3:TrackPointExtension>
            <ns3:hr>90</ns3:hr>
          </ns3:TrackPointExtension>
        </extensions>
      </trkpt>
      <trkpt lat="21.32394648157060146331787109375" lon="-86.80772191844880580902099609375">
        <ele>0</ele>
        <time>2026-03-19T16:11:25.000Z</time>
        <extensions>
          <ns3:TrackPointExtension>
            <ns3:hr>90</ns3:hr>
          </ns3:TrackPointExtension>
        </extensions>
      </trkpt>
      <trkpt lat="21.3239383511245250701904296875" lon="-86.80777455680072307586669921875">
        <ele>0</ele>
        <time>2026-03-19T16:11:26.000Z</time>
        <extensions>
          <ns3:TrackPointExtension>
            <ns3:hr>92</ns3:hr>
          </ns3:TrackPointExtension>
        </extensions>
      </trkpt>
      <trkpt lat="21.3239396922290325164794921875" lon="-86.80798863060772418975830078125">
        <ele>0</ele>
        <time>2026-03-19T16:11:29.000Z</time>
        <extensions>
          <ns3:TrackPointExtension>
            <ns3:hr>92</ns3:hr>
          </ns3:TrackPointExtension>
        </extensions>
      </trkpt>
      <trkpt lat="21.3239500857889652252197265625" lon="-86.80806507356464862823486328125">
        <ele>0</ele>
        <time>2026-03-19T16:11:30.000Z</time>
        <extensions>
          <ns3:TrackPointExtension>
            <ns3:hr>91</ns3:hr>
          </ns3:TrackPointExtension>
        </extensions>
      </trkpt>
      <trkpt lat="21.32397229783236980438232421875" lon="-86.8082743696868419647216796875">
        <ele>0</ele>
        <time>2026-03-19T16:11:33.000Z</time>
        <extensions>
          <ns3:TrackPointExtension>
            <ns3:hr>90</ns3:hr>
          </ns3:TrackPointExtension>
        </extensions>
      </trkpt>
      <trkpt lat="21.3239708729088306427001953125" lon="-86.80834134109318256378173828125">
        <ele>0</ele>
        <time>2026-03-19T16:11:34.000Z</time>
        <extensions>
          <ns3:TrackPointExtension>
            <ns3:hr>90</ns3:hr>
          </ns3:TrackPointExtension>
        </extensions>
      </trkpt>
      <trkpt lat="21.323914714157581329345703125" lon="-86.80882313288748264312744140625">
        <ele>0</ele>
        <time>2026-03-19T16:11:41.000Z</time>
        <extensions>
          <ns3:TrackPointExtension>
            <ns3:hr>90</ns3:hr>
          </ns3:TrackPointExtension>
        </extensions>
      </trkpt>
      <trkpt lat="21.3238602317869663238525390625" lon="-86.80893947370350360870361328125">
        <ele>0</ele>
        <time>2026-03-19T16:11:43.000Z</time>
        <extensions>
          <ns3:TrackPointExtension>
            <ns3:hr>88</ns3:hr>
          </ns3:TrackPointExtension>
        </extensions>
      </trkpt>
      <trkpt lat="21.32376073859632015228271484375" lon="-86.80900753475725650787353515625">
        <ele>0</ele>
        <time>2026-03-19T16:11:45.000Z</time>
        <extensions>
          <ns3:TrackPointExtension>
            <ns3:hr>88</ns3:hr>
          </ns3:TrackPointExtension>
        </extensions>
      </trkpt>
      <trkpt lat="21.32362612523138523101806640625" lon="-86.80900904349982738494873046875">
        <ele>0</ele>
        <time>2026-03-19T16:11:52.000Z</time>
        <extensions>
          <ns3:TrackPointExtension>
            <ns3:hr>92</ns3:hr>
          </ns3:TrackPointExtension>
        </extensions>
      </trkpt>
      <trkpt lat="21.32370323874056339263916015625" lon="-86.80897803045809268951416015625">
        <ele>0</ele>
        <time>2026-03-19T16:12:02.000Z</time>
        <extensions>
          <ns3:TrackPointExtension>
            <ns3:hr>94</ns3:hr>
          </ns3:TrackPointExtension>
        </extensions>
      </trkpt>
      <trkpt lat="21.3237619958817958831787109375" lon="-86.80894332937896251678466796875">
        <ele>0</ele>
        <time>2026-03-19T16:12:11.000Z</time>
        <extensions>
          <ns3:TrackPointExtension>
            <ns3:hr>92</ns3:hr>
          </ns3:TrackPointExtension>
        </extensions>
      </trkpt>
      <trkpt lat="21.32378655485808849334716796875" lon="-86.80890678428113460540771484375">
        <ele>0</ele>
        <time>2026-03-19T16:12:17.000Z</time>
        <extensions>
          <ns3:TrackPointExtension>
            <ns3:hr>92</ns3:hr>
          </ns3:TrackPointExtension>
        </extensions>
      </trkpt>
      <trkpt lat="21.3237801007926464080810546875" lon="-86.80888214148581027984619140625">
        <ele>0</ele>
        <time>2026-03-19T16:12:19.000Z</time>
        <extensions>
          <ns3:TrackPointExtension>
            <ns3:hr>93</ns3:hr>
          </ns3:TrackPointExtension>
        </extensions>
      </trkpt>
      <trkpt lat="21.32376157678663730621337890625" lon="-86.80888549424707889556884765625">
        <ele>0</ele>
        <time>2026-03-19T16:12:22.000Z</time>
        <extensions>
          <ns3:TrackPointExtension>
            <ns3:hr>93</ns3:hr>
          </ns3:TrackPointExtension>
        </extensions>
      </trkpt>
      <trkpt lat="21.32375168614089488983154296875" lon="-86.80890527553856372833251953125">
        <ele>0</ele>
        <time>2026-03-19T16:12:24.000Z</time>
        <extensions>
          <ns3:TrackPointExtension>
            <ns3:hr>96</ns3:hr>
          </ns3:TrackPointExtension>
        </extensions>
      </trkpt>
      <trkpt lat="21.32374146021902561187744140625" lon="-86.80892455391585826873779296875">
        <ele>0</ele>
        <time>2026-03-19T16:12:25.000Z</time>
        <extensions>
          <ns3:TrackPointExtension>
            <ns3:hr>93</ns3:hr>
          </ns3:TrackPointExtension>
        </extensions>
      </trkpt>
      <trkpt lat="21.32364138029515743255615234375" lon="-86.80904902517795562744140625">
        <ele>0</ele>
        <time>2026-03-19T16:12:37.000Z</time>
        <extensions>
          <ns3:TrackPointExtension>
            <ns3:hr>90</ns3:hr>
          </ns3:TrackPointExtension>
        </extensions>
      </trkpt>
      <trkpt lat="21.3236449845135211944580078125" lon="-86.80904810316860675811767578125">
        <ele>0</ele>
        <time>2026-03-19T16:12:41.000Z</time>
        <extensions>
          <ns3:TrackPointExtension>
            <ns3:hr>87</ns3:hr>
          </ns3:TrackPointExtension>
        </extensions>
      </trkpt>
      <trkpt lat="21.32363878190517425537109375" lon="-86.80904592387378215789794921875">
        <ele>0</ele>
        <time>2026-03-19T16:12:42.000Z</time>
        <extensions>
          <ns3:TrackPointExtension>
            <ns3:hr>89</ns3:hr>
          </ns3:TrackPointExtension>
        </extensions>
      </trkpt>
      <trkpt lat="21.32361221127212047576904296875" lon="-86.80906721390783786773681640625">
        <ele>0</ele>
        <time>2026-03-19T16:12:49.000Z</time>
        <extensions>
          <ns3:TrackPointExtension>
            <ns3:hr>90</ns3:hr>
          </ns3:TrackPointExtension>
        </extensions>
      </trkpt>
      <trkpt lat="21.3235668651759624481201171875" lon="-86.80916125886142253875732421875">
        <ele>0</ele>
        <time>2026-03-19T16:12:57.000Z</time>
        <extensions>
          <ns3:TrackPointExtension>
            <ns3:hr>90</ns3:hr>
          </ns3:TrackPointExtension>
        </extensions>
      </trkpt>
      <trkpt lat="21.32354448549449443817138671875" lon="-86.8092527054250240325927734375">
        <ele>0</ele>
        <time>2026-03-19T16:12:59.000Z</time>
        <extensions>
          <ns3:TrackPointExtension>
            <ns3:hr>90</ns3:hr>
          </ns3:TrackPointExtension>
        </extensions>
      </trkpt>
      <trkpt lat="21.32354557514190673828125" lon="-86.80931632407009601593017578125">
        <ele>0</ele>
        <time>2026-03-19T16:13:00.000Z</time>
        <extensions>
          <ns3:TrackPointExtension>
            <ns3:hr>91</ns3:hr>
          </ns3:TrackPointExtension>
        </extensions>
      </trkpt>
      <trkpt lat="21.32360793650150299072265625" lon="-86.8096278794109821319580078125">
        <ele>0</ele>
        <time>2026-03-19T16:13:05.000Z</time>
        <extensions>
          <ns3:TrackPointExtension>
            <ns3:hr>89</ns3:hr>
          </ns3:TrackPointExtension>
        </extensions>
      </trkpt>
      <trkpt lat="21.32365395314991474151611328125" lon="-86.8098840303719043731689453125">
        <ele>0</ele>
        <time>2026-03-19T16:13:10.000Z</time>
        <extensions>
          <ns3:TrackPointExtension>
            <ns3:hr>87</ns3:hr>
          </ns3:TrackPointExtension>
        </extensions>
      </trkpt>
      <trkpt lat="21.32367021404206752777099609375" lon="-86.8102404288947582244873046875">
        <ele>0</ele>
        <time>2026-03-19T16:13:16.000Z</time>
        <extensions>
          <ns3:TrackPointExtension>
            <ns3:hr>88</ns3:hr>
          </ns3:TrackPointExtension>
        </extensions>
      </trkpt>
      <trkpt lat="21.3236758299171924591064453125" lon="-86.81062071584165096282958984375">
        <ele>0</ele>
        <time>2026-03-19T16:13:21.000Z</time>
        <extensions>
          <ns3:TrackPointExtension>
            <ns3:hr>89</ns3:hr>
          </ns3:TrackPointExtension>
        </extensions>
      </trkpt>
      <trkpt lat="21.32369502447545528411865234375" lon="-86.8111661262810230255126953125">
        <ele>0</ele>
        <time>2026-03-19T16:13:29.000Z</time>
        <extensions>
          <ns3:TrackPointExtension>
            <ns3:hr>89</ns3:hr>
          </ns3:TrackPointExtension>
        </extensions>
      </trkpt>
      <trkpt lat="21.3237266242504119873046875" lon="-86.81158765219151973724365234375">
        <ele>0</ele>
        <time>2026-03-19T16:13:35.000Z</time>
        <extensions>
          <ns3:TrackPointExtension>
            <ns3:hr>86</ns3:hr>
          </ns3:TrackPointExtension>
        </extensions>
      </trkpt>
      <trkpt lat="21.32373425178229808807373046875" lon="-86.8116542883217334747314453125">
        <ele>0</ele>
        <time>2026-03-19T16:13:36.000Z</time>
        <extensions>
          <ns3:TrackPointExtension>
            <ns3:hr>90</ns3:hr>
          </ns3:TrackPointExtension>
        </extensions>
      </trkpt>
      <trkpt lat="21.32374598644673824310302734375" lon="-86.81171623058617115020751953125">
        <ele>0</ele>
        <time>2026-03-19T16:13:37.000Z</time>
        <extensions>
          <ns3:TrackPointExtension>
            <ns3:hr>88</ns3:hr>
          </ns3:TrackPointExtension>
        </extensions>
      </trkpt>
      <trkpt lat="21.323761157691478729248046875" lon="-86.8118403665721416473388671875">
        <ele>0</ele>
        <time>2026-03-19T16:13:39.000Z</time>
        <extensions>
          <ns3:TrackPointExtension>
            <ns3:hr>88</ns3:hr>
          </ns3:TrackPointExtension>
        </extensions>
      </trkpt>
      <trkpt lat="21.3237603195011615753173828125" lon="-86.812057457864284515380859375">
        <ele>0</ele>
        <time>2026-03-19T16:13:42.000Z</time>
        <extensions>
          <ns3:TrackPointExtension>
            <ns3:hr>88</ns3:hr>
          </ns3:TrackPointExtension>
        </extensions>
      </trkpt>
      <trkpt lat="21.32377230562269687652587890625" lon="-86.81221411563456058502197265625">
        <ele>0</ele>
        <time>2026-03-19T16:13:44.000Z</time>
        <extensions>
          <ns3:TrackPointExtension>
            <ns3:hr>91</ns3:hr>
          </ns3:TrackPointExtension>
        </extensions>
      </trkpt>
      <trkpt lat="21.32380105555057525634765625" lon="-86.8126292712986469268798828125">
        <ele>0</ele>
        <time>2026-03-19T16:13:50.000Z</time>
        <extensions>
          <ns3:TrackPointExtension>
            <ns3:hr>90</ns3:hr>
          </ns3:TrackPointExtension>
        </extensions>
      </trkpt>
      <trkpt lat="21.3238096050918102264404296875" lon="-86.81308197788894176483154296875">
        <ele>0</ele>
        <time>2026-03-19T16:13:57.000Z</time>
        <extensions>
          <ns3:TrackPointExtension>
            <ns3:hr>88</ns3:hr>
          </ns3:TrackPointExtension>
        </extensions>
      </trkpt>
      <trkpt lat="21.3238196633756160736083984375" lon="-86.81334726512432098388671875">
        <ele>0</ele>
        <time>2026-03-19T16:14:01.000Z</time>
        <extensions>
          <ns3:TrackPointExtension>
            <ns3:hr>88</ns3:hr>
          </ns3:TrackPointExtension>
        </extensions>
      </trkpt>
      <trkpt lat="21.323846988379955291748046875" lon="-86.81352454237639904022216796875">
        <ele>0</ele>
        <time>2026-03-19T16:14:04.000Z</time>
        <extensions>
          <ns3:TrackPointExtension>
            <ns3:hr>87</ns3:hr>
          </ns3:TrackPointExtension>
        </extensions>
      </trkpt>
      <trkpt lat="21.32385444827377796173095703125" lon="-86.81370290927588939666748046875">
        <ele>0</ele>
        <time>2026-03-19T16:14:07.000Z</time>
        <extensions>
          <ns3:TrackPointExtension>
            <ns3:hr>90</ns3:hr>
          </ns3:TrackPointExtension>
        </extensions>
      </trkpt>
      <trkpt lat="21.32385830394923686981201171875" lon="-86.81383953429758548736572265625">
        <ele>0</ele>
        <time>2026-03-19T16:14:09.000Z</time>
        <extensions>
          <ns3:TrackPointExtension>
            <ns3:hr>87</ns3:hr>
          </ns3:TrackPointExtension>
        </extensions>
      </trkpt>
      <trkpt lat="21.32386140525341033935546875" lon="-86.8142251856625080108642578125">
        <ele>0</ele>
        <time>2026-03-19T16:14:14.000Z</time>
        <extensions>
          <ns3:TrackPointExtension>
            <ns3:hr>87</ns3:hr>
          </ns3:TrackPointExtension>
        </extensions>
      </trkpt>
      <trkpt lat="21.32384221069514751434326171875" lon="-86.81471074931323528289794921875">
        <ele>0</ele>
        <time>2026-03-19T16:14:20.000Z</time>
        <extensions>
          <ns3:TrackPointExtension>
            <ns3:hr>87</ns3:hr>
          </ns3:TrackPointExtension>
        </extensions>
      </trkpt>
      <trkpt lat="21.32384019903838634490966796875" lon="-86.814794652163982391357421875">
        <ele>0</ele>
        <time>2026-03-19T16:14:21.000Z</time>
        <extensions>
          <ns3:TrackPointExtension>
            <ns3:hr>87</ns3:hr>
          </ns3:TrackPointExtension>
        </extensions>
      </trkpt>
      <trkpt lat="21.3238132931292057037353515625" lon="-86.8152390606701374053955078125">
        <ele>0</ele>
        <time>2026-03-19T16:14:27.000Z</time>
        <extensions>
          <ns3:TrackPointExtension>
            <ns3:hr>88</ns3:hr>
          </ns3:TrackPointExtension>
        </extensions>
      </trkpt>
      <trkpt lat="21.3237948529422283172607421875" lon="-86.8157050944864749908447265625">
        <ele>0</ele>
        <time>2026-03-19T16:14:33.000Z</time>
        <extensions>
          <ns3:TrackPointExtension>
            <ns3:hr>87</ns3:hr>
          </ns3:TrackPointExtension>
        </extensions>
      </trkpt>
      <trkpt lat="21.3238126225769519805908203125" lon="-86.8160261213779449462890625">
        <ele>0</ele>
        <time>2026-03-19T16:14:38.000Z</time>
        <extensions>
          <ns3:TrackPointExtension>
            <ns3:hr>87</ns3:hr>
          </ns3:TrackPointExtension>
        </extensions>
      </trkpt>
      <trkpt lat="21.3239011354744434356689453125" lon="-86.81640422903001308441162109375">
        <ele>0</ele>
        <time>2026-03-19T16:14:44.000Z</time>
        <extensions>
          <ns3:TrackPointExtension>
            <ns3:hr>86</ns3:hr>
          </ns3:TrackPointExtension>
        </extensions>
      </trkpt>
      <trkpt lat="21.3239336572587490081787109375" lon="-86.81670145131647586822509765625">
        <ele>0</ele>
        <time>2026-03-19T16:14:49.000Z</time>
        <extensions>
          <ns3:TrackPointExtension>
            <ns3:hr>86</ns3:hr>
          </ns3:TrackPointExtension>
        </extensions>
      </trkpt>
      <trkpt lat="21.3239178992807865142822265625" lon="-86.81675476022064685821533203125">
        <ele>0</ele>
        <time>2026-03-19T16:14:50.000Z</time>
        <extensions>
          <ns3:TrackPointExtension>
            <ns3:hr>89</ns3:hr>
          </ns3:TrackPointExtension>
        </extensions>
      </trkpt>
      <trkpt lat="21.32388847880065441131591796875" lon="-86.8167964182794094085693359375">
        <ele>0</ele>
        <time>2026-03-19T16:14:51.000Z</time>
        <extensions>
          <ns3:TrackPointExtension>
            <ns3:hr>87</ns3:hr>
          </ns3:TrackPointExtension>
        </extensions>
      </trkpt>
      <trkpt lat="21.32386517710983753204345703125" lon="-86.81682449765503406524658203125">
        <ele>0</ele>
        <time>2026-03-19T16:14:52.000Z</time>
        <extensions>
          <ns3:TrackPointExtension>
            <ns3:hr>87</ns3:hr>
          </ns3:TrackPointExtension>
        </extensions>
      </trkpt>
      <trkpt lat="21.32384103722870349884033203125" lon="-86.81682181544601917266845703125">
        <ele>0</ele>
        <time>2026-03-19T16:14:54.000Z</time>
        <extensions>
          <ns3:TrackPointExtension>
            <ns3:hr>87</ns3:hr>
          </ns3:TrackPointExtension>
        </extensions>
      </trkpt>
      <trkpt lat="21.32384573109447956085205078125" lon="-86.81664898060262203216552734375">
        <ele>0</ele>
        <time>2026-03-19T16:14:58.000Z</time>
        <extensions>
          <ns3:TrackPointExtension>
            <ns3:hr>88</ns3:hr>
          </ns3:TrackPointExtension>
        </extensions>
      </trkpt>
      <trkpt lat="21.3238714635372161865234375" lon="-86.81651520542800426483154296875">
        <ele>0</ele>
        <time>2026-03-19T16:15:00.000Z</time>
        <extensions>
          <ns3:TrackPointExtension>
            <ns3:hr>88</ns3:hr>
          </ns3:TrackPointExtension>
        </extensions>
      </trkpt>
      <trkpt lat="21.3239145465195178985595703125" lon="-86.81635997258126735687255859375">
        <ele>0</ele>
        <time>2026-03-19T16:15:02.000Z</time>
        <extensions>
          <ns3:TrackPointExtension>
            <ns3:hr>89</ns3:hr>
          </ns3:TrackPointExtension>
        </extensions>
      </trkpt>
      <trkpt lat="21.32399057038128376007080078125" lon="-86.8159759975969791412353515625">
        <ele>0</ele>
        <time>2026-03-19T16:15:07.000Z</time>
        <extensions>
          <ns3:TrackPointExtension>
            <ns3:hr>90</ns3:hr>
          </ns3:TrackPointExtension>
        </extensions>
      </trkpt>
      <trkpt lat="21.324003227055072784423828125" lon="-86.8158992193639278411865234375">
        <ele>0</ele>
        <time>2026-03-19T16:15:08.000Z</time>
        <extensions>
          <ns3:TrackPointExtension>
            <ns3:hr>87</ns3:hr>
          </ns3:TrackPointExtension>
        </extensions>
      </trkpt>
      <trkpt lat="21.324087716639041900634765625" lon="-86.81546076200902462005615234375">
        <ele>0</ele>
        <time>2026-03-19T16:15:14.000Z</time>
        <extensions>
          <ns3:TrackPointExtension>
            <ns3:hr>87</ns3:hr>
          </ns3:TrackPointExtension>
        </extensions>
      </trkpt>
      <trkpt lat="21.32414865307509899139404296875" lon="-86.81519773788750171661376953125">
        <ele>0</ele>
        <time>2026-03-19T16:15:18.000Z</time>
        <extensions>
          <ns3:TrackPointExtension>
            <ns3:hr>90</ns3:hr>
          </ns3:TrackPointExtension>
        </extensions>
      </trkpt>
      <trkpt lat="21.32418067194521427154541015625" lon="-86.8150700815021991729736328125">
        <ele>0</ele>
        <time>2026-03-19T16:15:20.000Z</time>
        <extensions>
          <ns3:TrackPointExtension>
            <ns3:hr>87</ns3:hr>
          </ns3:TrackPointExtension>
        </extensions>
      </trkpt>
      <trkpt lat="21.324197016656398773193359375" lon="-86.815010569989681243896484375">
        <ele>0</ele>
        <time>2026-03-19T16:15:21.000Z</time>
        <extensions>
          <ns3:TrackPointExtension>
            <ns3:hr>89</ns3:hr>
          </ns3:TrackPointExtension>
        </extensions>
      </trkpt>
      <trkpt lat="21.32431964389979839324951171875" lon="-86.8145668320357799530029296875">
        <ele>0</ele>
        <time>2026-03-19T16:15:28.000Z</time>
        <extensions>
          <ns3:TrackPointExtension>
            <ns3:hr>86</ns3:hr>
          </ns3:TrackPointExtension>
        </extensions>
      </trkpt>
      <trkpt lat="21.3243504054844379425048828125" lon="-86.814428530633449554443359375">
        <ele>0</ele>
        <time>2026-03-19T16:15:30.000Z</time>
        <extensions>
          <ns3:TrackPointExtension>
            <ns3:hr>85</ns3:hr>
          </ns3:TrackPointExtension>
        </extensions>
      </trkpt>
      <trkpt lat="21.32443673908710479736328125" lon="-86.81408914737403392791748046875">
        <ele>0</ele>
        <time>2026-03-19T16:15:35.000Z</time>
        <extensions>
          <ns3:TrackPointExtension>
            <ns3:hr>82</ns3:hr>
          </ns3:TrackPointExtension>
        </extensions>
      </trkpt>
      <trkpt lat="21.32445157505571842193603515625" lon="-86.81402427144348621368408203125">
        <ele>0</ele>
        <time>2026-03-19T16:15:36.000Z</time>
        <extensions>
          <ns3:TrackPointExtension>
            <ns3:hr>83</ns3:hr>
          </ns3:TrackPointExtension>
        </extensions>
      </trkpt>
      <trkpt lat="21.324506141245365142822265625" lon="-86.81376426480710506439208984375">
        <ele>0</ele>
        <time>2026-03-19T16:15:40.000Z</time>
        <extensions>
          <ns3:TrackPointExtension>
            <ns3:hr>86</ns3:hr>
          </ns3:TrackPointExtension>
        </extensions>
      </trkpt>
      <trkpt lat="21.32455743849277496337890625" lon="-86.81356326676905155181884765625">
        <ele>0</ele>
        <time>2026-03-19T16:15:43.000Z</time>
        <extensions>
          <ns3:TrackPointExtension>
            <ns3:hr>85</ns3:hr>
          </ns3:TrackPointExtension>
        </extensions>
      </trkpt>
      <trkpt lat="21.3245931454002857208251953125" lon="-86.81344307027757167816162109375">
        <ele>0</ele>
        <time>2026-03-19T16:15:45.000Z</time>
        <extensions>
          <ns3:TrackPointExtension>
            <ns3:hr>89</ns3:hr>
          </ns3:TrackPointExtension>
        </extensions>
      </trkpt>
      <trkpt lat="21.32462340407073497772216796875" lon="-86.813327483832836151123046875">
        <ele>0</ele>
        <time>2026-03-19T16:15:47.000Z</time>
        <extensions>
          <ns3:TrackPointExtension>
            <ns3:hr>91</ns3:hr>
          </ns3:TrackPointExtension>
        </extensions>
      </trkpt>
      <trkpt lat="21.32463212125003337860107421875" lon="-86.8132622726261615753173828125">
        <ele>0</ele>
        <time>2026-03-19T16:15:48.000Z</time>
        <extensions>
          <ns3:TrackPointExtension>
            <ns3:hr>86</ns3:hr>
          </ns3:TrackPointExtension>
        </extensions>
      </trkpt>
      <trkpt lat="21.32469163276255130767822265625" lon="-86.8127798102796077728271484375">
        <ele>0</ele>
        <time>2026-03-19T16:15:55.000Z</time>
        <extensions>
          <ns3:TrackPointExtension>
            <ns3:hr>86</ns3:hr>
          </ns3:TrackPointExtension>
        </extensions>
      </trkpt>
      <trkpt lat="21.32471426390111446380615234375" lon="-86.8124126829206943511962890625">
        <ele>0</ele>
        <time>2026-03-19T16:16:00.000Z</time>
        <extensions>
          <ns3:TrackPointExtension>
            <ns3:hr>88</ns3:hr>
          </ns3:TrackPointExtension>
        </extensions>
      </trkpt>
      <trkpt lat="21.3247456960380077362060546875" lon="-86.81227429769933223724365234375">
        <ele>0</ele>
        <time>2026-03-19T16:16:02.000Z</time>
        <extensions>
          <ns3:TrackPointExtension>
            <ns3:hr>85</ns3:hr>
          </ns3:TrackPointExtension>
        </extensions>
      </trkpt>
      <trkpt lat="21.32477067410945892333984375" lon="-86.81198009289801120758056640625">
        <ele>0</ele>
        <time>2026-03-19T16:16:06.000Z</time>
        <extensions>
          <ns3:TrackPointExtension>
            <ns3:hr>85</ns3:hr>
          </ns3:TrackPointExtension>
        </extensions>
      </trkpt>
      <trkpt lat="21.32483194582164287567138671875" lon="-86.81161187589168548583984375">
        <ele>0</ele>
        <time>2026-03-19T16:16:12.000Z</time>
        <extensions>
          <ns3:TrackPointExtension>
            <ns3:hr>87</ns3:hr>
          </ns3:TrackPointExtension>
        </extensions>
      </trkpt>
      <trkpt lat="21.324918530881404876708984375" lon="-86.8112630210816860198974609375">
        <ele>0</ele>
        <time>2026-03-19T16:16:18.000Z</time>
        <extensions>
          <ns3:TrackPointExtension>
            <ns3:hr>88</ns3:hr>
          </ns3:TrackPointExtension>
        </extensions>
      </trkpt>
      <trkpt lat="21.32505306042730808258056640625" lon="-86.810814253985881805419921875">
        <ele>0</ele>
        <time>2026-03-19T16:16:26.000Z</time>
        <extensions>
          <ns3:TrackPointExtension>
            <ns3:hr>90</ns3:hr>
          </ns3:TrackPointExtension>
        </extensions>
      </trkpt>
      <trkpt lat="21.3250373862683773040771484375" lon="-86.81078039109706878662109375">
        <ele>0</ele>
        <time>2026-03-19T16:16:28.000Z</time>
        <extensions>
          <ns3:TrackPointExtension>
            <ns3:hr>88</ns3:hr>
          </ns3:TrackPointExtension>
        </extensions>
      </trkpt>
      <trkpt lat="21.32498902268707752227783203125" lon="-86.8108821474015712738037109375">
        <ele>0</ele>
        <time>2026-03-19T16:16:31.000Z</time>
        <extensions>
          <ns3:TrackPointExtension>
            <ns3:hr>91</ns3:hr>
          </ns3:TrackPointExtension>
        </extensions>
      </trkpt>
      <trkpt lat="21.32494946010410785675048828125" lon="-86.81115296669304370880126953125">
        <ele>0</ele>
        <time>2026-03-19T16:16:35.000Z</time>
        <extensions>
          <ns3:TrackPointExtension>
            <ns3:hr>91</ns3:hr>
          </ns3:TrackPointExtension>
        </extensions>
      </trkpt>
      <trkpt lat="21.3249264098703861236572265625" lon="-86.81122739799320697784423828125">
        <ele>0</ele>
        <time>2026-03-19T16:16:36.000Z</time>
        <extensions>
          <ns3:TrackPointExtension>
            <ns3:hr>92</ns3:hr>
          </ns3:TrackPointExtension>
        </extensions>
      </trkpt>
      <trkpt lat="21.3248466141521930694580078125" lon="-86.811348684132099151611328125">
        <ele>0</ele>
        <time>2026-03-19T16:16:38.000Z</time>
        <extensions>
          <ns3:TrackPointExtension>
            <ns3:hr>91</ns3:hr>
          </ns3:TrackPointExtension>
        </extensions>
      </trkpt>
      <trkpt lat="21.32476422004401683807373046875" lon="-86.81149830110371112823486328125">
        <ele>0</ele>
        <time>2026-03-19T16:16:41.000Z</time>
        <extensions>
          <ns3:TrackPointExtension>
            <ns3:hr>92</ns3:hr>
          </ns3:TrackPointExtension>
        </extensions>
      </trkpt>
      <trkpt lat="21.3246761262416839599609375" lon="-86.81183776818215847015380859375">
        <ele>0</ele>
        <time>2026-03-19T16:16:47.000Z</time>
        <extensions>
          <ns3:TrackPointExtension>
            <ns3:hr>92</ns3:hr>
          </ns3:TrackPointExtension>
        </extensions>
      </trkpt>
      <trkpt lat="21.32465257309377193450927734375" lon="-86.8119375966489315032958984375">
        <ele>0</ele>
        <time>2026-03-19T16:16:49.000Z</time>
        <extensions>
          <ns3:TrackPointExtension>
            <ns3:hr>90</ns3:hr>
          </ns3:TrackPointExtension>
        </extensions>
      </trkpt>
      <trkpt lat="21.32464637048542499542236328125" lon="-86.81199601851403713226318359375">
        <ele>0</ele>
        <time>2026-03-19T16:16:50.000Z</time>
        <extensions>
          <ns3:TrackPointExtension>
            <ns3:hr>93</ns3:hr>
          </ns3:TrackPointExtension>
        </extensions>
      </trkpt>
      <trkpt lat="21.3246263377368450164794921875" lon="-86.81211973540484905242919921875">
        <ele>0</ele>
        <time>2026-03-19T16:16:52.000Z</time>
        <extensions>
          <ns3:TrackPointExtension>
            <ns3:hr>92</ns3:hr>
          </ns3:TrackPointExtension>
        </extensions>
      </trkpt>
      <trkpt lat="21.324589289724826812744140625" lon="-86.8122245930135250091552734375">
        <ele>0</ele>
        <time>2026-03-19T16:16:54.000Z</time>
        <extensions>
          <ns3:TrackPointExtension>
            <ns3:hr>91</ns3:hr>
          </ns3:TrackPointExtension>
        </extensions>
      </trkpt>
      <trkpt lat="21.3245398364961147308349609375" lon="-86.8122698552906513214111328125">
        <ele>0</ele>
        <time>2026-03-19T16:16:56.000Z</time>
        <extensions>
          <ns3:TrackPointExtension>
            <ns3:hr>89</ns3:hr>
          </ns3:TrackPointExtension>
        </extensions>
      </trkpt>
      <trkpt lat="21.32452332414686679840087890625" lon="-86.81228645145893096923828125">
        <ele>0</ele>
        <time>2026-03-19T16:16:59.000Z</time>
        <extensions>
          <ns3:TrackPointExtension>
            <ns3:hr>90</ns3:hr>
          </ns3:TrackPointExtension>
        </extensions>
      </trkpt>
      <trkpt lat="21.32451812736690044403076171875" lon="-86.81231386028230190277099609375">
        <ele>0</ele>
        <time>2026-03-19T16:17:06.000Z</time>
        <extensions>
          <ns3:TrackPointExtension>
            <ns3:hr>90</ns3:hr>
          </ns3:TrackPointExtension>
        </extensions>
      </trkpt>
      <trkpt lat="21.32450136356055736541748046875" lon="-86.81231461465358734130859375">
        <ele>0</ele>
        <time>2026-03-19T16:17:13.000Z</time>
        <extensions>
          <ns3:TrackPointExtension>
            <ns3:hr>89</ns3:hr>
          </ns3:TrackPointExtension>
        </extensions>
      </trkpt>
      <trkpt lat="21.3244818337261676788330078125" lon="-86.81241008453071117401123046875">
        <ele>0</ele>
        <time>2026-03-19T16:17:17.000Z</time>
        <extensions>
          <ns3:TrackPointExtension>
            <ns3:hr>89</ns3:hr>
          </ns3:TrackPointExtension>
        </extensions>
      </trkpt>
      <trkpt lat="21.32450421340763568878173828125" lon="-86.81261233985424041748046875">
        <ele>0</ele>
        <time>2026-03-19T16:17:21.000Z</time>
        <extensions>
          <ns3:TrackPointExtension>
            <ns3:hr>88</ns3:hr>
          </ns3:TrackPointExtension>
        </extensions>
      </trkpt>
      <trkpt lat="21.32451326586306095123291015625" lon="-86.81266405619680881500244140625">
        <ele>0</ele>
        <time>2026-03-19T16:17:22.000Z</time>
        <extensions>
          <ns3:TrackPointExtension>
            <ns3:hr>88</ns3:hr>
          </ns3:TrackPointExtension>
        </extensions>
      </trkpt>
      <trkpt lat="21.32451427169144153594970703125" lon="-86.81271518580615520477294921875">
        <ele>0</ele>
        <time>2026-03-19T16:17:23.000Z</time>
        <extensions>
          <ns3:TrackPointExtension>
            <ns3:hr>87</ns3:hr>
          </ns3:TrackPointExtension>
        </extensions>
      </trkpt>
      <trkpt lat="21.3244856894016265869140625" lon="-86.8128047883510589599609375">
        <ele>0</ele>
        <time>2026-03-19T16:17:25.000Z</time>
        <extensions>
          <ns3:TrackPointExtension>
            <ns3:hr>89</ns3:hr>
          </ns3:TrackPointExtension>
        </extensions>
      </trkpt>
      <trkpt lat="21.32443833164870738983154296875" lon="-86.81293194182217121124267578125">
        <ele>0</ele>
        <time>2026-03-19T16:17:29.000Z</time>
        <extensions>
          <ns3:TrackPointExtension>
            <ns3:hr>91</ns3:hr>
          </ns3:TrackPointExtension>
        </extensions>
      </trkpt>
      <trkpt lat="21.32441385649144649505615234375" lon="-86.81313562206923961639404296875">
        <ele>0</ele>
        <time>2026-03-19T16:17:33.000Z</time>
        <extensions>
          <ns3:TrackPointExtension>
            <ns3:hr>91</ns3:hr>
          </ns3:TrackPointExtension>
        </extensions>
      </trkpt>
      <trkpt lat="21.3243695162236690521240234375" lon="-86.81349034421145915985107421875">
        <ele>0</ele>
        <time>2026-03-19T16:17:38.000Z</time>
        <extensions>
          <ns3:TrackPointExtension>
            <ns3:hr>91</ns3:hr>
          </ns3:TrackPointExtension>
        </extensions>
      </trkpt>
      <trkpt lat="21.32435090839862823486328125" lon="-86.81355723179876804351806640625">
        <ele>0</ele>
        <time>2026-03-19T16:17:39.000Z</time>
        <extensions>
          <ns3:TrackPointExtension>
            <ns3:hr>93</ns3:hr>
          </ns3:TrackPointExtension>
        </extensions>
      </trkpt>
      <trkpt lat="21.324300952255725860595703125" lon="-86.813656054437160491943359375">
        <ele>0</ele>
        <time>2026-03-19T16:17:41.000Z</time>
        <extensions>
          <ns3:TrackPointExtension>
            <ns3:hr>94</ns3:hr>
          </ns3:TrackPointExtension>
        </extensions>
      </trkpt>
      <trkpt lat="21.3242699392139911651611328125" lon="-86.8136917613446712493896484375">
        <ele>0</ele>
        <time>2026-03-19T16:17:42.000Z</time>
        <extensions>
          <ns3:TrackPointExtension>
            <ns3:hr>92</ns3:hr>
          </ns3:TrackPointExtension>
        </extensions>
      </trkpt>
      <trkpt lat="21.32424185983836650848388671875" lon="-86.81373174302279949188232421875">
        <ele>0</ele>
        <time>2026-03-19T16:17:43.000Z</time>
        <extensions>
          <ns3:TrackPointExtension>
            <ns3:hr>91</ns3:hr>
          </ns3:TrackPointExtension>
        </extensions>
      </trkpt>
      <trkpt lat="21.324180252850055694580078125" lon="-86.81388697586953639984130859375">
        <ele>0</ele>
        <time>2026-03-19T16:17:46.000Z</time>
        <extensions>
          <ns3:TrackPointExtension>
            <ns3:hr>90</ns3:hr>
          </ns3:TrackPointExtension>
        </extensions>
      </trkpt>
      <trkpt lat="21.32416541688144207000732421875" lon="-86.81394715793430805206298828125">
        <ele>0</ele>
        <time>2026-03-19T16:17:47.000Z</time>
        <extensions>
          <ns3:TrackPointExtension>
            <ns3:hr>92</ns3:hr>
          </ns3:TrackPointExtension>
        </extensions>
      </trkpt>
      <trkpt lat="21.32414714433252811431884765625" lon="-86.81416659615933895111083984375">
        <ele>0</ele>
        <time>2026-03-19T16:17:50.000Z</time>
        <extensions>
          <ns3:TrackPointExtension>
            <ns3:hr>89</ns3:hr>
          </ns3:TrackPointExtension>
        </extensions>
      </trkpt>
      <trkpt lat="21.32413105107843875885009765625" lon="-86.8143921531736850738525390625">
        <ele>0</ele>
        <time>2026-03-19T16:17:53.000Z</time>
        <extensions>
          <ns3:TrackPointExtension>
            <ns3:hr>87</ns3:hr>
          </ns3:TrackPointExtension>
        </extensions>
      </trkpt>
      <trkpt lat="21.32408134639263153076171875" lon="-86.81451897136867046356201171875">
        <ele>0</ele>
        <time>2026-03-19T16:17:55.000Z</time>
        <extensions>
          <ns3:TrackPointExtension>
            <ns3:hr>87</ns3:hr>
          </ns3:TrackPointExtension>
        </extensions>
      </trkpt>
      <trkpt lat="21.324033401906490325927734375" lon="-86.81466582231223583221435546875">
        <ele>0</ele>
        <time>2026-03-19T16:17:57.000Z</time>
        <extensions>
          <ns3:TrackPointExtension>
            <ns3:hr>87</ns3:hr>
          </ns3:TrackPointExtension>
        </extensions>
      </trkpt>
      <trkpt lat="21.32402393035590648651123046875" lon="-86.8148432672023773193359375">
        <ele>0</ele>
        <time>2026-03-19T16:17:59.000Z</time>
        <extensions>
          <ns3:TrackPointExtension>
            <ns3:hr>88</ns3:hr>
          </ns3:TrackPointExtension>
        </extensions>
      </trkpt>
      <trkpt lat="21.3240664266049861907958984375" lon="-86.815388761460781097412109375">
        <ele>0</ele>
        <time>2026-03-19T16:18:05.000Z</time>
        <extensions>
          <ns3:TrackPointExtension>
            <ns3:hr>86</ns3:hr>
          </ns3:TrackPointExtension>
        </extensions>
      </trkpt>
      <trkpt lat="21.32405159063637256622314453125" lon="-86.81553167290985584259033203125">
        <ele>0</ele>
        <time>2026-03-19T16:18:07.000Z</time>
        <extensions>
          <ns3:TrackPointExtension>
            <ns3:hr>86</ns3:hr>
          </ns3:TrackPointExtension>
        </extensions>
      </trkpt>
      <trkpt lat="21.324031390249729156494140625" lon="-86.8156035058200359344482421875">
        <ele>0</ele>
        <time>2026-03-19T16:18:08.000Z</time>
        <extensions>
          <ns3:TrackPointExtension>
            <ns3:hr>86</ns3:hr>
          </ns3:TrackPointExtension>
        </extensions>
      </trkpt>
      <trkpt lat="21.32395369000732898712158203125" lon="-86.8157272227108478546142578125">
        <ele>0</ele>
        <time>2026-03-19T16:18:13.000Z</time>
        <extensions>
          <ns3:TrackPointExtension>
            <ns3:hr>85</ns3:hr>
          </ns3:TrackPointExtension>
        </extensions>
      </trkpt>
      <trkpt lat="21.3239331543445587158203125" lon="-86.81574842892587184906005859375">
        <ele>0</ele>
        <time>2026-03-19T16:18:14.000Z</time>
        <extensions>
          <ns3:TrackPointExtension>
            <ns3:hr>86</ns3:hr>
          </ns3:TrackPointExtension>
        </extensions>
      </trkpt>
      <trkpt lat="21.32391865365207195281982421875" lon="-86.81579469703137874603271484375">
        <ele>0</ele>
        <time>2026-03-19T16:18:15.000Z</time>
        <extensions>
          <ns3:TrackPointExtension>
            <ns3:hr>85</ns3:hr>
          </ns3:TrackPointExtension>
        </extensions>
      </trkpt>
      <trkpt lat="21.3239071704447269439697265625" lon="-86.8159203417599201202392578125">
        <ele>0</ele>
        <time>2026-03-19T16:18:17.000Z</time>
        <extensions>
          <ns3:TrackPointExtension>
            <ns3:hr>85</ns3:hr>
          </ns3:TrackPointExtension>
        </extensions>
      </trkpt>
      <trkpt lat="21.323897950351238250732421875" lon="-86.816072054207324981689453125">
        <ele>0</ele>
        <time>2026-03-19T16:18:19.000Z</time>
        <extensions>
          <ns3:TrackPointExtension>
            <ns3:hr>81</ns3:hr>
          </ns3:TrackPointExtension>
        </extensions>
      </trkpt>
      <trkpt lat="21.323891915380954742431640625" lon="-86.81631152518093585968017578125">
        <ele>0</ele>
        <time>2026-03-19T16:18:22.000Z</time>
        <extensions>
          <ns3:TrackPointExtension>
            <ns3:hr>82</ns3:hr>
          </ns3:TrackPointExtension>
        </extensions>
      </trkpt>
      <trkpt lat="21.3238729722797870635986328125" lon="-86.81637288071215152740478515625">
        <ele>0</ele>
        <time>2026-03-19T16:18:23.000Z</time>
        <extensions>
          <ns3:TrackPointExtension>
            <ns3:hr>83</ns3:hr>
          </ns3:TrackPointExtension>
        </extensions>
      </trkpt>
      <trkpt lat="21.323785968124866485595703125" lon="-86.8164725415408611297607421875">
        <ele>0</ele>
        <time>2026-03-19T16:18:25.000Z</time>
        <extensions>
          <ns3:TrackPointExtension>
            <ns3:hr>82</ns3:hr>
          </ns3:TrackPointExtension>
        </extensions>
      </trkpt>
      <trkpt lat="21.3237103633582592010498046875" lon="-86.81657052598893642425537109375">
        <ele>0</ele>
        <time>2026-03-19T16:18:27.000Z</time>
        <extensions>
          <ns3:TrackPointExtension>
            <ns3:hr>83</ns3:hr>
          </ns3:TrackPointExtension>
        </extensions>
      </trkpt>
      <trkpt lat="21.3236731477081775665283203125" lon="-86.8166877888143062591552734375">
        <ele>0</ele>
        <time>2026-03-19T16:18:29.000Z</time>
        <extensions>
          <ns3:TrackPointExtension>
            <ns3:hr>83</ns3:hr>
          </ns3:TrackPointExtension>
        </extensions>
      </trkpt>
      <trkpt lat="21.32363216020166873931884765625" lon="-86.8169043771922588348388671875">
        <ele>0</ele>
        <time>2026-03-19T16:18:32.000Z</time>
        <extensions>
          <ns3:TrackPointExtension>
            <ns3:hr>79</ns3:hr>
          </ns3:TrackPointExtension>
        </extensions>
      </trkpt>
      <trkpt lat="21.323594190180301666259765625" lon="-86.817076206207275390625">
        <ele>0</ele>
        <time>2026-03-19T16:18:34.000Z</time>
        <extensions>
          <ns3:TrackPointExtension>
            <ns3:hr>79</ns3:hr>
          </ns3:TrackPointExtension>
        </extensions>
      </trkpt>
      <trkpt lat="21.32351883687078952789306640625" lon="-86.81731685064733028411865234375">
        <ele>0</ele>
        <time>2026-03-19T16:18:37.000Z</time>
        <extensions>
          <ns3:TrackPointExtension>
            <ns3:hr>82</ns3:hr>
          </ns3:TrackPointExtension>
        </extensions>
      </trkpt>
      <trkpt lat="21.32346670143306255340576171875" lon="-86.81737535633146762847900390625">
        <ele>0</ele>
        <time>2026-03-19T16:18:38.000Z</time>
        <extensions>
          <ns3:TrackPointExtension>
            <ns3:hr>83</ns3:hr>
          </ns3:TrackPointExtension>
        </extensions>
      </trkpt>
      <trkpt lat="21.32337919436395168304443359375" lon="-86.81749437935650348663330078125">
        <ele>0</ele>
        <time>2026-03-19T16:18:40.000Z</time>
        <extensions>
          <ns3:TrackPointExtension>
            <ns3:hr>83</ns3:hr>
          </ns3:TrackPointExtension>
        </extensions>
      </trkpt>
      <trkpt lat="21.323365531861782073974609375" lon="-86.817505024373531341552734375">
        <ele>0</ele>
        <time>2026-03-19T16:18:41.000Z</time>
        <extensions>
          <ns3:TrackPointExtension>
            <ns3:hr>83</ns3:hr>
          </ns3:TrackPointExtension>
        </extensions>
      </trkpt>
      <trkpt lat="21.32335337810218334197998046875" lon="-86.8175172619521617889404296875">
        <ele>0</ele>
        <time>2026-03-19T16:18:42.000Z</time>
        <extensions>
          <ns3:TrackPointExtension>
            <ns3:hr>84</ns3:hr>
          </ns3:TrackPointExtension>
        </extensions>
      </trkpt>
      <trkpt lat="21.32333242334425449371337890625" lon="-86.81751717813313007354736328125">
        <ele>0</ele>
        <time>2026-03-19T16:18:43.000Z</time>
        <extensions>
          <ns3:TrackPointExtension>
            <ns3:hr>82</ns3:hr>
          </ns3:TrackPointExtension>
        </extensions>
      </trkpt>
      <trkpt lat="21.3232966326177120208740234375" lon="-86.81737435050308704376220703125">
        <ele>0</ele>
        <time>2026-03-19T16:18:46.000Z</time>
        <extensions>
          <ns3:TrackPointExtension>
            <ns3:hr>84</ns3:hr>
          </ns3:TrackPointExtension>
        </extensions>
      </trkpt>
      <trkpt lat="21.323350779712200164794921875" lon="-86.817125491797924041748046875">
        <ele>0</ele>
        <time>2026-03-19T16:18:49.000Z</time>
        <extensions>
          <ns3:TrackPointExtension>
            <ns3:hr>87</ns3:hr>
          </ns3:TrackPointExtension>
        </extensions>
      </trkpt>
      <trkpt lat="21.3233908452093601226806640625" lon="-86.816940419375896453857421875">
        <ele>0</ele>
        <time>2026-03-19T16:18:51.000Z</time>
        <extensions>
          <ns3:TrackPointExtension>
            <ns3:hr>84</ns3:hr>
          </ns3:TrackPointExtension>
        </extensions>
      </trkpt>
      <trkpt lat="21.32346175611019134521484375" lon="-86.816684938967227935791015625">
        <ele>0</ele>
        <time>2026-03-19T16:18:54.000Z</time>
        <extensions>
          <ns3:TrackPointExtension>
            <ns3:hr>81</ns3:hr>
          </ns3:TrackPointExtension>
        </extensions>
      </trkpt>
      <trkpt lat="21.32348514162003993988037109375" lon="-86.81660472415387630462646484375">
        <ele>0</ele>
        <time>2026-03-19T16:18:55.000Z</time>
        <extensions>
          <ns3:TrackPointExtension>
            <ns3:hr>84</ns3:hr>
          </ns3:TrackPointExtension>
        </extensions>
      </trkpt>
      <trkpt lat="21.3235433958470821380615234375" lon="-86.8164608068764209747314453125">
        <ele>0</ele>
        <time>2026-03-19T16:18:57.000Z</time>
        <extensions>
          <ns3:TrackPointExtension>
            <ns3:hr>81</ns3:hr>
          </ns3:TrackPointExtension>
        </extensions>
      </trkpt>
      <trkpt lat="21.32359075360000133514404296875" lon="-86.8163357488811016082763671875">
        <ele>0</ele>
        <time>2026-03-19T16:18:59.000Z</time>
        <extensions>
          <ns3:TrackPointExtension>
            <ns3:hr>82</ns3:hr>
          </ns3:TrackPointExtension>
        </extensions>
      </trkpt>
      <trkpt lat="21.32364154793322086334228515625" lon="-86.81613676249980926513671875">
        <ele>0</ele>
        <time>2026-03-19T16:19:02.000Z</time>
        <extensions>
          <ns3:TrackPointExtension>
            <ns3:hr>85</ns3:hr>
          </ns3:TrackPointExtension>
        </extensions>
      </trkpt>
      <trkpt lat="21.32369938306510448455810546875" lon="-86.81595345027744770050048828125">
        <ele>0</ele>
        <time>2026-03-19T16:19:05.000Z</time>
        <extensions>
          <ns3:TrackPointExtension>
            <ns3:hr>87</ns3:hr>
          </ns3:TrackPointExtension>
        </extensions>
      </trkpt>
      <trkpt lat="21.32373668253421783447265625" lon="-86.8155245482921600341796875">
        <ele>0</ele>
        <time>2026-03-19T16:19:11.000Z</time>
        <extensions>
          <ns3:TrackPointExtension>
            <ns3:hr>86</ns3:hr>
          </ns3:TrackPointExtension>
        </extensions>
      </trkpt>
      <trkpt lat="21.32367608137428760528564453125" lon="-86.81541466154158115386962890625">
        <ele>0</ele>
        <time>2026-03-19T16:19:13.000Z</time>
        <extensions>
          <ns3:TrackPointExtension>
            <ns3:hr>86</ns3:hr>
          </ns3:TrackPointExtension>
        </extensions>
      </trkpt>
      <trkpt lat="21.3236580602824687957763671875" lon="-86.8153899349272251129150390625">
        <ele>0</ele>
        <time>2026-03-19T16:19:14.000Z</time>
        <extensions>
          <ns3:TrackPointExtension>
            <ns3:hr>87</ns3:hr>
          </ns3:TrackPointExtension>
        </extensions>
      </trkpt>
      <trkpt lat="21.323653198778629302978515625" lon="-86.8153775297105312347412109375">
        <ele>0</ele>
        <time>2026-03-19T16:19:15.000Z</time>
        <extensions>
          <ns3:TrackPointExtension>
            <ns3:hr>87</ns3:hr>
          </ns3:TrackPointExtension>
        </extensions>
      </trkpt>
      <trkpt lat="21.32365127094089984893798828125" lon="-86.81536789052188396453857421875">
        <ele>0</ele>
        <time>2026-03-19T16:19:16.000Z</time>
        <extensions>
          <ns3:TrackPointExtension>
            <ns3:hr>88</ns3:hr>
          </ns3:TrackPointExtension>
        </extensions>
      </trkpt>
      <trkpt lat="21.3236369378864765167236328125" lon="-86.8151971511542797088623046875">
        <ele>0</ele>
        <time>2026-03-19T16:19:20.000Z</time>
        <extensions>
          <ns3:TrackPointExtension>
            <ns3:hr>88</ns3:hr>
          </ns3:TrackPointExtension>
        </extensions>
      </trkpt>
      <trkpt lat="21.3236657716333866119384765625" lon="-86.8148618750274181365966796875">
        <ele>0</ele>
        <time>2026-03-19T16:19:25.000Z</time>
        <extensions>
          <ns3:TrackPointExtension>
            <ns3:hr>87</ns3:hr>
          </ns3:TrackPointExtension>
        </extensions>
      </trkpt>
      <trkpt lat="21.32376073859632015228271484375" lon="-86.81446365080773830413818359375">
        <ele>0</ele>
        <time>2026-03-19T16:19:31.000Z</time>
        <extensions>
          <ns3:TrackPointExtension>
            <ns3:hr>86</ns3:hr>
          </ns3:TrackPointExtension>
        </extensions>
      </trkpt>
      <trkpt lat="21.32380365394055843353271484375" lon="-86.81425829418003559112548828125">
        <ele>0</ele>
        <time>2026-03-19T16:19:34.000Z</time>
        <extensions>
          <ns3:TrackPointExtension>
            <ns3:hr>88</ns3:hr>
          </ns3:TrackPointExtension>
        </extensions>
      </trkpt>
      <trkpt lat="21.32380281575024127960205078125" lon="-86.81411144323647022247314453125">
        <ele>0</ele>
        <time>2026-03-19T16:19:36.000Z</time>
        <extensions>
          <ns3:TrackPointExtension>
            <ns3:hr>88</ns3:hr>
          </ns3:TrackPointExtension>
        </extensions>
      </trkpt>
      <trkpt lat="21.3237988762557506561279296875" lon="-86.81403265334665775299072265625">
        <ele>0</ele>
        <time>2026-03-19T16:19:37.000Z</time>
        <extensions>
          <ns3:TrackPointExtension>
            <ns3:hr>88</ns3:hr>
          </ns3:TrackPointExtension>
        </extensions>
      </trkpt>
      <trkpt lat="21.32380398921668529510498046875" lon="-86.81386870332062244415283203125">
        <ele>0</ele>
        <time>2026-03-19T16:19:39.000Z</time>
        <extensions>
          <ns3:TrackPointExtension>
            <ns3:hr>88</ns3:hr>
          </ns3:TrackPointExtension>
        </extensions>
      </trkpt>
      <trkpt lat="21.32382226176559925079345703125" lon="-86.813716404139995574951171875">
        <ele>0</ele>
        <time>2026-03-19T16:19:41.000Z</time>
        <extensions>
          <ns3:TrackPointExtension>
            <ns3:hr>88</ns3:hr>
          </ns3:TrackPointExtension>
        </extensions>
      </trkpt>
      <trkpt lat="21.32382142357528209686279296875" lon="-86.8135724030435085296630859375">
        <ele>0</ele>
        <time>2026-03-19T16:19:43.000Z</time>
        <extensions>
          <ns3:TrackPointExtension>
            <ns3:hr>90</ns3:hr>
          </ns3:TrackPointExtension>
        </extensions>
      </trkpt>
      <trkpt lat="21.3237971998751163482666015625" lon="-86.8134322576224803924560546875">
        <ele>0</ele>
        <time>2026-03-19T16:19:45.000Z</time>
        <extensions>
          <ns3:TrackPointExtension>
            <ns3:hr>89</ns3:hr>
          </ns3:TrackPointExtension>
        </extensions>
      </trkpt>
      <trkpt lat="21.323787979781627655029296875" lon="-86.81330661289393901824951171875">
        <ele>0</ele>
        <time>2026-03-19T16:19:47.000Z</time>
        <extensions>
          <ns3:TrackPointExtension>
            <ns3:hr>90</ns3:hr>
          </ns3:TrackPointExtension>
        </extensions>
      </trkpt>
      <trkpt lat="21.3237955234944820404052734375" lon="-86.81311164982616901397705078125">
        <ele>0</ele>
        <time>2026-03-19T16:19:50.000Z</time>
        <extensions>
          <ns3:TrackPointExtension>
            <ns3:hr>92</ns3:hr>
          </ns3:TrackPointExtension>
        </extensions>
      </trkpt>
      <trkpt lat="21.323905326426029205322265625" lon="-86.8126165308058261871337890625">
        <ele>0</ele>
        <time>2026-03-19T16:19:57.000Z</time>
        <extensions>
          <ns3:TrackPointExtension>
            <ns3:hr>94</ns3:hr>
          </ns3:TrackPointExtension>
        </extensions>
      </trkpt>
      <trkpt lat="21.3239272870123386383056640625" lon="-86.812548972666263580322265625">
        <ele>0</ele>
        <time>2026-03-19T16:19:58.000Z</time>
        <extensions>
          <ns3:TrackPointExtension>
            <ns3:hr>91</ns3:hr>
          </ns3:TrackPointExtension>
        </extensions>
      </trkpt>
      <trkpt lat="21.32401353679597377777099609375" lon="-86.8122105114161968231201171875">
        <ele>0</ele>
        <time>2026-03-19T16:20:03.000Z</time>
        <extensions>
          <ns3:TrackPointExtension>
            <ns3:hr>90</ns3:hr>
          </ns3:TrackPointExtension>
        </extensions>
      </trkpt>
      <trkpt lat="21.32400364615023136138916015625" lon="-86.81214136071503162384033203125">
        <ele>0</ele>
        <time>2026-03-19T16:20:04.000Z</time>
        <extensions>
          <ns3:TrackPointExtension>
            <ns3:hr>90</ns3:hr>
          </ns3:TrackPointExtension>
        </extensions>
      </trkpt>
      <trkpt lat="21.32397808134555816650390625" lon="-86.81207916699349880218505859375">
        <ele>0</ele>
        <time>2026-03-19T16:20:05.000Z</time>
        <extensions>
          <ns3:TrackPointExtension>
            <ns3:hr>90</ns3:hr>
          </ns3:TrackPointExtension>
        </extensions>
      </trkpt>
      <trkpt lat="21.32393508218228816986083984375" lon="-86.8119982816278934478759765625">
        <ele>0</ele>
        <time>2026-03-19T16:20:07.000Z</time>
        <extensions>
          <ns3:TrackPointExtension>
            <ns3:hr>91</ns3:hr>
          </ns3:TrackPointExtension>
        </extensions>
      </trkpt>
      <trkpt lat="21.32390163838863372802734375" lon="-86.81189845316112041473388671875">
        <ele>0</ele>
        <time>2026-03-19T16:20:10.000Z</time>
        <extensions>
          <ns3:TrackPointExtension>
            <ns3:hr>91</ns3:hr>
          </ns3:TrackPointExtension>
        </extensions>
      </trkpt>
      <trkpt lat="21.32390306331217288970947265625" lon="-86.81183793582022190093994140625">
        <ele>0</ele>
        <time>2026-03-19T16:20:11.000Z</time>
        <extensions>
          <ns3:TrackPointExtension>
            <ns3:hr>91</ns3:hr>
          </ns3:TrackPointExtension>
        </extensions>
      </trkpt>
      <trkpt lat="21.3239205814898014068603515625" lon="-86.81170935742557048797607421875">
        <ele>0</ele>
        <time>2026-03-19T16:20:13.000Z</time>
        <extensions>
          <ns3:TrackPointExtension>
            <ns3:hr>91</ns3:hr>
          </ns3:TrackPointExtension>
        </extensions>
      </trkpt>
      <trkpt lat="21.32400029338896274566650390625" lon="-86.8113562278449535369873046875">
        <ele>0</ele>
        <time>2026-03-19T16:20:18.000Z</time>
        <extensions>
          <ns3:TrackPointExtension>
            <ns3:hr>91</ns3:hr>
          </ns3:TrackPointExtension>
        </extensions>
      </trkpt>
      <trkpt lat="21.324043460190296173095703125" lon="-86.81092925369739532470703125">
        <ele>0</ele>
        <time>2026-03-19T16:20:24.000Z</time>
        <extensions>
          <ns3:TrackPointExtension>
            <ns3:hr>90</ns3:hr>
          </ns3:TrackPointExtension>
        </extensions>
      </trkpt>
      <trkpt lat="21.32413323037326335906982421875" lon="-86.810670755803585052490234375">
        <ele>0</ele>
        <time>2026-03-19T16:20:28.000Z</time>
        <extensions>
          <ns3:TrackPointExtension>
            <ns3:hr>93</ns3:hr>
          </ns3:TrackPointExtension>
        </extensions>
      </trkpt>
      <trkpt lat="21.32418821565806865692138671875" lon="-86.8105570971965789794921875">
        <ele>0</ele>
        <time>2026-03-19T16:20:30.000Z</time>
        <extensions>
          <ns3:TrackPointExtension>
            <ns3:hr>93</ns3:hr>
          </ns3:TrackPointExtension>
        </extensions>
      </trkpt>
      <trkpt lat="21.3242404349148273468017578125" lon="-86.81044721044600009918212890625">
        <ele>0</ele>
        <time>2026-03-19T16:20:32.000Z</time>
        <extensions>
          <ns3:TrackPointExtension>
            <ns3:hr>92</ns3:hr>
          </ns3:TrackPointExtension>
        </extensions>
      </trkpt>
      <trkpt lat="21.32425007410347461700439453125" lon="-86.81033556349575519561767578125">
        <ele>0</ele>
        <time>2026-03-19T16:20:34.000Z</time>
        <extensions>
          <ns3:TrackPointExtension>
            <ns3:hr>92</ns3:hr>
          </ns3:TrackPointExtension>
        </extensions>
      </trkpt>
      <trkpt lat="21.324232555925846099853515625" lon="-86.810289211571216583251953125">
        <ele>0</ele>
        <time>2026-03-19T16:20:35.000Z</time>
        <extensions>
          <ns3:TrackPointExtension>
            <ns3:hr>95</ns3:hr>
          </ns3:TrackPointExtension>
        </extensions>
      </trkpt>
      <trkpt lat="21.32421906106173992156982421875" lon="-86.81025928817689418792724609375">
        <ele>0</ele>
        <time>2026-03-19T16:20:36.000Z</time>
        <extensions>
          <ns3:TrackPointExtension>
            <ns3:hr>92</ns3:hr>
          </ns3:TrackPointExtension>
        </extensions>
      </trkpt>
      <trkpt lat="21.32421009242534637451171875" lon="-86.810233555734157562255859375">
        <ele>0</ele>
        <time>2026-03-19T16:20:37.000Z</time>
        <extensions>
          <ns3:TrackPointExtension>
            <ns3:hr>95</ns3:hr>
          </ns3:TrackPointExtension>
        </extensions>
      </trkpt>
      <trkpt lat="21.32419441826641559600830078125" lon="-86.8102236650884151458740234375">
        <ele>0</ele>
        <time>2026-03-19T16:20:39.000Z</time>
        <extensions>
          <ns3:TrackPointExtension>
            <ns3:hr>97</ns3:hr>
          </ns3:TrackPointExtension>
        </extensions>
      </trkpt>
      <trkpt lat="21.32418863475322723388671875" lon="-86.81023581884801387786865234375">
        <ele>0</ele>
        <time>2026-03-19T16:20:40.000Z</time>
        <extensions>
          <ns3:TrackPointExtension>
            <ns3:hr>97</ns3:hr>
          </ns3:TrackPointExtension>
        </extensions>
      </trkpt>
      <trkpt lat="21.32411847822368144989013671875" lon="-86.81040748022496700286865234375">
        <ele>0</ele>
        <time>2026-03-19T16:20:45.000Z</time>
        <extensions>
          <ns3:TrackPointExtension>
            <ns3:hr>98</ns3:hr>
          </ns3:TrackPointExtension>
        </extensions>
      </trkpt>
      <trkpt lat="21.32408712990581989288330078125" lon="-86.8105378188192844390869140625">
        <ele>0</ele>
        <time>2026-03-19T16:20:47.000Z</time>
        <extensions>
          <ns3:TrackPointExtension>
            <ns3:hr>97</ns3:hr>
          </ns3:TrackPointExtension>
        </extensions>
      </trkpt>
      <trkpt lat="21.324079334735870361328125" lon="-86.8106669001281261444091796875">
        <ele>0</ele>
        <time>2026-03-19T16:20:49.000Z</time>
        <extensions>
          <ns3:TrackPointExtension>
            <ns3:hr>98</ns3:hr>
          </ns3:TrackPointExtension>
        </extensions>
      </trkpt>
      <trkpt lat="21.3240744732320308685302734375" lon="-86.8110551498830318450927734375">
        <ele>0</ele>
        <time>2026-03-19T16:20:55.000Z</time>
        <extensions>
          <ns3:TrackPointExtension>
            <ns3:hr>97</ns3:hr>
          </ns3:TrackPointExtension>
        </extensions>
      </trkpt>
      <trkpt lat="21.32410054095089435577392578125" lon="-86.8112435750663280487060546875">
        <ele>0</ele>
        <time>2026-03-19T16:20:58.000Z</time>
        <extensions>
          <ns3:TrackPointExtension>
            <ns3:hr>97</ns3:hr>
          </ns3:TrackPointExtension>
        </extensions>
      </trkpt>
      <trkpt lat="21.32408042438328266143798828125" lon="-86.81135195307433605194091796875">
        <ele>0</ele>
        <time>2026-03-19T16:21:00.000Z</time>
        <extensions>
          <ns3:TrackPointExtension>
            <ns3:hr>97</ns3:hr>
          </ns3:TrackPointExtension>
        </extensions>
      </trkpt>
      <trkpt lat="21.324030719697475433349609375" lon="-86.8116174079477787017822265625">
        <ele>0</ele>
        <time>2026-03-19T16:21:04.000Z</time>
        <extensions>
          <ns3:TrackPointExtension>
            <ns3:hr>98</ns3:hr>
          </ns3:TrackPointExtension>
        </extensions>
      </trkpt>
      <trkpt lat="21.3239876367151737213134765625" lon="-86.81170533411204814910888671875">
        <ele>0</ele>
        <time>2026-03-19T16:21:06.000Z</time>
        <extensions>
          <ns3:TrackPointExtension>
            <ns3:hr>96</ns3:hr>
          </ns3:TrackPointExtension>
        </extensions>
      </trkpt>
      <trkpt lat="21.3239755667746067047119140625" lon="-86.8117089383304119110107421875">
        <ele>0</ele>
        <time>2026-03-19T16:21:07.000Z</time>
        <extensions>
          <ns3:TrackPointExtension>
            <ns3:hr>95</ns3:hr>
          </ns3:TrackPointExtension>
        </extensions>
      </trkpt>
      <trkpt lat="21.32396399974822998046875" lon="-86.811677254736423492431640625">
        <ele>0</ele>
        <time>2026-03-19T16:21:10.000Z</time>
        <extensions>
          <ns3:TrackPointExtension>
            <ns3:hr>94</ns3:hr>
          </ns3:TrackPointExtension>
        </extensions>
      </trkpt>
      <trkpt lat="21.32394463755190372467041015625" lon="-86.8115951120853424072265625">
        <ele>0</ele>
        <time>2026-03-19T16:21:13.000Z</time>
        <extensions>
          <ns3:TrackPointExtension>
            <ns3:hr>91</ns3:hr>
          </ns3:TrackPointExtension>
        </extensions>
      </trkpt>
      <trkpt lat="21.3239440508186817169189453125" lon="-86.81154792197048664093017578125">
        <ele>0</ele>
        <time>2026-03-19T16:21:14.000Z</time>
        <extensions>
          <ns3:TrackPointExtension>
            <ns3:hr>90</ns3:hr>
          </ns3:TrackPointExtension>
        </extensions>
      </trkpt>
      <trkpt lat="21.3239899836480617523193359375" lon="-86.81132110767066478729248046875">
        <ele>0</ele>
        <time>2026-03-19T16:21:18.000Z</time>
        <extensions>
          <ns3:TrackPointExtension>
            <ns3:hr>89</ns3:hr>
          </ns3:TrackPointExtension>
        </extensions>
      </trkpt>
      <trkpt lat="21.323998533189296722412109375" lon="-86.8112660385668277740478515625">
        <ele>0</ele>
        <time>2026-03-19T16:21:19.000Z</time>
        <extensions>
          <ns3:TrackPointExtension>
            <ns3:hr>89</ns3:hr>
          </ns3:TrackPointExtension>
        </extensions>
      </trkpt>
      <trkpt lat="21.3240216672420501708984375" lon="-86.811154223978519439697265625">
        <ele>0</ele>
        <time>2026-03-19T16:21:21.000Z</time>
        <extensions>
          <ns3:TrackPointExtension>
            <ns3:hr>88</ns3:hr>
          </ns3:TrackPointExtension>
        </extensions>
      </trkpt>
      <trkpt lat="21.32405293174088001251220703125" lon="-86.8110357038676738739013671875">
        <ele>0</ele>
        <time>2026-03-19T16:21:23.000Z</time>
        <extensions>
          <ns3:TrackPointExtension>
            <ns3:hr>89</ns3:hr>
          </ns3:TrackPointExtension>
        </extensions>
      </trkpt>
      <trkpt lat="21.3242149539291858673095703125" lon="-86.81057444773614406585693359375">
        <ele>0</ele>
        <time>2026-03-19T16:21:31.000Z</time>
        <extensions>
          <ns3:TrackPointExtension>
            <ns3:hr>88</ns3:hr>
          </ns3:TrackPointExtension>
        </extensions>
      </trkpt>
      <trkpt lat="21.3242484815418720245361328125" lon="-86.81045986711978912353515625">
        <ele>0</ele>
        <time>2026-03-19T16:21:33.000Z</time>
        <extensions>
          <ns3:TrackPointExtension>
            <ns3:hr>89</ns3:hr>
          </ns3:TrackPointExtension>
        </extensions>
      </trkpt>
      <trkpt lat="21.324277482926845550537109375" lon="-86.8103396706283092498779296875">
        <ele>0</ele>
        <time>2026-03-19T16:21:35.000Z</time>
        <extensions>
          <ns3:TrackPointExtension>
            <ns3:hr>88</ns3:hr>
          </ns3:TrackPointExtension>
        </extensions>
      </trkpt>
      <trkpt lat="21.3242927379906177520751953125" lon="-86.8102820031344890594482421875">
        <ele>0</ele>
        <time>2026-03-19T16:21:36.000Z</time>
        <extensions>
          <ns3:TrackPointExtension>
            <ns3:hr>88</ns3:hr>
          </ns3:TrackPointExtension>
        </extensions>
      </trkpt>
      <trkpt lat="21.3243034668266773223876953125" lon="-86.81022726930677890777587890625">
        <ele>0</ele>
        <time>2026-03-19T16:21:37.000Z</time>
        <extensions>
          <ns3:TrackPointExtension>
            <ns3:hr>88</ns3:hr>
          </ns3:TrackPointExtension>
        </extensions>
      </trkpt>
      <trkpt lat="21.3242742978036403656005859375" lon="-86.81012970395386219024658203125">
        <ele>0</ele>
        <time>2026-03-19T16:21:39.000Z</time>
        <extensions>
          <ns3:TrackPointExtension>
            <ns3:hr>87</ns3:hr>
          </ns3:TrackPointExtension>
        </extensions>
      </trkpt>
      <trkpt lat="21.32423884235322475433349609375" lon="-86.8100935779511928558349609375">
        <ele>0</ele>
        <time>2026-03-19T16:21:40.000Z</time>
        <extensions>
          <ns3:TrackPointExtension>
            <ns3:hr>90</ns3:hr>
          </ns3:TrackPointExtension>
        </extensions>
      </trkpt>
      <trkpt lat="21.32409802637994289398193359375" lon="-86.8102353997528553009033203125">
        <ele>0</ele>
        <time>2026-03-19T16:22:07.000Z</time>
        <extensions>
          <ns3:TrackPointExtension>
            <ns3:hr>89</ns3:hr>
          </ns3:TrackPointExtension>
        </extensions>
      </trkpt>
      <trkpt lat="21.3240841962397098541259765625" lon="-86.81021737866103649139404296875">
        <ele>0</ele>
        <time>2026-03-19T16:22:08.000Z</time>
        <extensions>
          <ns3:TrackPointExtension>
            <ns3:hr>87</ns3:hr>
          </ns3:TrackPointExtension>
        </extensions>
      </trkpt>
      <trkpt lat="21.32405125536024570465087890625" lon="-86.81018854491412639617919921875">
        <ele>0</ele>
        <time>2026-03-19T16:22:22.000Z</time>
        <extensions>
          <ns3:TrackPointExtension>
            <ns3:hr>87</ns3:hr>
          </ns3:TrackPointExtension>
        </extensions>
      </trkpt>
      <trkpt lat="21.3241103477776050567626953125" lon="-86.8100919015705585479736328125">
        <ele>0</ele>
        <time>2026-03-19T16:22:27.000Z</time>
        <extensions>
          <ns3:TrackPointExtension>
            <ns3:hr>85</ns3:hr>
          </ns3:TrackPointExtension>
        </extensions>
      </trkpt>
      <trkpt lat="21.32403113879263401031494140625" lon="-86.81014914996922016143798828125">
        <ele>0</ele>
        <time>2026-03-19T16:23:00.000Z</time>
        <extensions>
          <ns3:TrackPointExtension>
            <ns3:hr>90</ns3:hr>
          </ns3:TrackPointExtension>
        </extensions>
      </trkpt>
      <trkpt lat="21.3239594735205173492431640625" lon="-86.81023732759058475494384765625">
        <ele>0</ele>
        <time>2026-03-19T16:23:04.000Z</time>
        <extensions>
          <ns3:TrackPointExtension>
            <ns3:hr>88</ns3:hr>
          </ns3:TrackPointExtension>
        </extensions>
      </trkpt>
      <trkpt lat="21.32391102612018585205078125" lon="-86.81030170060694217681884765625">
        <ele>0</ele>
        <time>2026-03-19T16:23:06.000Z</time>
        <extensions>
          <ns3:TrackPointExtension>
            <ns3:hr>88</ns3:hr>
          </ns3:TrackPointExtension>
        </extensions>
      </trkpt>
      <trkpt lat="21.32388847880065441131591796875" lon="-86.8104632198810577392578125">
        <ele>0</ele>
        <time>2026-03-19T16:23:09.000Z</time>
        <extensions>
          <ns3:TrackPointExtension>
            <ns3:hr>88</ns3:hr>
          </ns3:TrackPointExtension>
        </extensions>
      </trkpt>
      <trkpt lat="21.323836259543895721435546875" lon="-86.81081081740558147430419921875">
        <ele>0</ele>
        <time>2026-03-19T16:23:14.000Z</time>
        <extensions>
          <ns3:TrackPointExtension>
            <ns3:hr>88</ns3:hr>
          </ns3:TrackPointExtension>
        </extensions>
      </trkpt>
      <trkpt lat="21.32380264811217784881591796875" lon="-86.81105540134012699127197265625">
        <ele>0</ele>
        <time>2026-03-19T16:23:18.000Z</time>
        <extensions>
          <ns3:TrackPointExtension>
            <ns3:hr>87</ns3:hr>
          </ns3:TrackPointExtension>
        </extensions>
      </trkpt>
      <trkpt lat="21.3237847946584224700927734375" lon="-86.81108591146767139434814453125">
        <ele>0</ele>
        <time>2026-03-19T16:23:19.000Z</time>
        <extensions>
          <ns3:TrackPointExtension>
            <ns3:hr>87</ns3:hr>
          </ns3:TrackPointExtension>
        </extensions>
      </trkpt>
      <trkpt lat="21.32377197034657001495361328125" lon="-86.81109429337084293365478515625">
        <ele>0</ele>
        <time>2026-03-19T16:23:20.000Z</time>
        <extensions>
          <ns3:TrackPointExtension>
            <ns3:hr>87</ns3:hr>
          </ns3:TrackPointExtension>
        </extensions>
      </trkpt>
      <trkpt lat="21.3237640075385570526123046875" lon="-86.81108389981091022491455078125">
        <ele>0</ele>
        <time>2026-03-19T16:23:21.000Z</time>
        <extensions>
          <ns3:TrackPointExtension>
            <ns3:hr>87</ns3:hr>
          </ns3:TrackPointExtension>
        </extensions>
      </trkpt>
      <trkpt lat="21.32377599366009235382080078125" lon="-86.8109401501715183258056640625">
        <ele>0</ele>
        <time>2026-03-19T16:23:25.000Z</time>
        <extensions>
          <ns3:TrackPointExtension>
            <ns3:hr>89</ns3:hr>
          </ns3:TrackPointExtension>
        </extensions>
      </trkpt>
      <trkpt lat="21.3238018937408924102783203125" lon="-86.81083881296217441558837890625">
        <ele>0</ele>
        <time>2026-03-19T16:23:27.000Z</time>
        <extensions>
          <ns3:TrackPointExtension>
            <ns3:hr>88</ns3:hr>
          </ns3:TrackPointExtension>
        </extensions>
      </trkpt>
      <trkpt lat="21.3238203339278697967529296875" lon="-86.810701601207256317138671875">
        <ele>0</ele>
        <time>2026-03-19T16:23:29.000Z</time>
        <extensions>
          <ns3:TrackPointExtension>
            <ns3:hr>88</ns3:hr>
          </ns3:TrackPointExtension>
        </extensions>
      </trkpt>
      <trkpt lat="21.32383684627711772918701171875" lon="-86.8106286786496639251708984375">
        <ele>0</ele>
        <time>2026-03-19T16:23:30.000Z</time>
        <extensions>
          <ns3:TrackPointExtension>
            <ns3:hr>89</ns3:hr>
          </ns3:TrackPointExtension>
        </extensions>
      </trkpt>
      <trkpt lat="21.32389451377093791961669921875" lon="-86.8103728629648685455322265625">
        <ele>0</ele>
        <time>2026-03-19T16:23:34.000Z</time>
        <extensions>
          <ns3:TrackPointExtension>
            <ns3:hr>88</ns3:hr>
          </ns3:TrackPointExtension>
        </extensions>
      </trkpt>
      <trkpt lat="21.32393793202936649322509765625" lon="-86.81024453602731227874755859375">
        <ele>0</ele>
        <time>2026-03-19T16:23:36.000Z</time>
        <extensions>
          <ns3:TrackPointExtension>
            <ns3:hr>91</ns3:hr>
          </ns3:TrackPointExtension>
        </extensions>
      </trkpt>
      <trkpt lat="21.32403247989714145660400390625" lon="-86.8100312165915966033935546875">
        <ele>0</ele>
        <time>2026-03-19T16:23:40.000Z</time>
        <extensions>
          <ns3:TrackPointExtension>
            <ns3:hr>89</ns3:hr>
          </ns3:TrackPointExtension>
        </extensions>
      </trkpt>
      <trkpt lat="21.32399057038128376007080078125" lon="-86.80994890630245208740234375">
        <ele>0</ele>
        <time>2026-03-19T16:23:42.000Z</time>
        <extensions>
          <ns3:TrackPointExtension>
            <ns3:hr>89</ns3:hr>
          </ns3:TrackPointExtension>
        </extensions>
      </trkpt>
      <trkpt lat="21.3238977827131748199462890625" lon="-86.80996089242398738861083984375">
        <ele>0</ele>
        <time>2026-03-19T16:23:44.000Z</time>
        <extensions>
          <ns3:TrackPointExtension>
            <ns3:hr>90</ns3:hr>
          </ns3:TrackPointExtension>
        </extensions>
      </trkpt>
      <trkpt lat="21.32383919321000576019287109375" lon="-86.81006533093750476837158203125">
        <ele>0</ele>
        <time>2026-03-19T16:23:46.000Z</time>
        <extensions>
          <ns3:TrackPointExtension>
            <ns3:hr>90</ns3:hr>
          </ns3:TrackPointExtension>
        </extensions>
      </trkpt>
      <trkpt lat="21.32382209412753582000732421875" lon="-86.81013054214417934417724609375">
        <ele>0</ele>
        <time>2026-03-19T16:23:47.000Z</time>
        <extensions>
          <ns3:TrackPointExtension>
            <ns3:hr>91</ns3:hr>
          </ns3:TrackPointExtension>
        </extensions>
      </trkpt>
      <trkpt lat="21.3237663544714450836181640625" lon="-86.8103507347404956817626953125">
        <ele>0</ele>
        <time>2026-03-19T16:23:50.000Z</time>
        <extensions>
          <ns3:TrackPointExtension>
            <ns3:hr>91</ns3:hr>
          </ns3:TrackPointExtension>
        </extensions>
      </trkpt>
      <trkpt lat="21.32371866144239902496337890625" lon="-86.81051552295684814453125">
        <ele>0</ele>
        <time>2026-03-19T16:23:52.000Z</time>
        <extensions>
          <ns3:TrackPointExtension>
            <ns3:hr>93</ns3:hr>
          </ns3:TrackPointExtension>
        </extensions>
      </trkpt>
      <trkpt lat="21.32360651157796382904052734375" lon="-86.81100930087268352508544921875">
        <ele>0</ele>
        <time>2026-03-19T16:23:58.000Z</time>
        <extensions>
          <ns3:TrackPointExtension>
            <ns3:hr>90</ns3:hr>
          </ns3:TrackPointExtension>
        </extensions>
      </trkpt>
      <trkpt lat="21.32348782382905483245849609375" lon="-86.8114849738776683807373046875">
        <ele>0</ele>
        <time>2026-03-19T16:24:04.000Z</time>
        <extensions>
          <ns3:TrackPointExtension>
            <ns3:hr>92</ns3:hr>
          </ns3:TrackPointExtension>
        </extensions>
      </trkpt>
      <trkpt lat="21.3234535418450832366943359375" lon="-86.81155823171138763427734375">
        <ele>0</ele>
        <time>2026-03-19T16:24:05.000Z</time>
        <extensions>
          <ns3:TrackPointExtension>
            <ns3:hr>91</ns3:hr>
          </ns3:TrackPointExtension>
        </extensions>
      </trkpt>
      <trkpt lat="21.3233506120741367340087890625" lon="-86.8117225170135498046875">
        <ele>0</ele>
        <time>2026-03-19T16:24:08.000Z</time>
        <extensions>
          <ns3:TrackPointExtension>
            <ns3:hr>89</ns3:hr>
          </ns3:TrackPointExtension>
        </extensions>
      </trkpt>
      <trkpt lat="21.32333225570619106292724609375" lon="-86.81176702491939067840576171875">
        <ele>0</ele>
        <time>2026-03-19T16:24:09.000Z</time>
        <extensions>
          <ns3:TrackPointExtension>
            <ns3:hr>90</ns3:hr>
          </ns3:TrackPointExtension>
        </extensions>
      </trkpt>
      <trkpt lat="21.3233201019465923309326171875" lon="-86.811816394329071044921875">
        <ele>0</ele>
        <time>2026-03-19T16:24:10.000Z</time>
        <extensions>
          <ns3:TrackPointExtension>
            <ns3:hr>90</ns3:hr>
          </ns3:TrackPointExtension>
        </extensions>
      </trkpt>
      <trkpt lat="21.32330710999667644500732421875" lon="-86.8119329027831554412841796875">
        <ele>0</ele>
        <time>2026-03-19T16:24:12.000Z</time>
        <extensions>
          <ns3:TrackPointExtension>
            <ns3:hr>91</ns3:hr>
          </ns3:TrackPointExtension>
        </extensions>
      </trkpt>
      <trkpt lat="21.32330954074859619140625" lon="-86.8119925819337368011474609375">
        <ele>0</ele>
        <time>2026-03-19T16:24:13.000Z</time>
        <extensions>
          <ns3:TrackPointExtension>
            <ns3:hr>89</ns3:hr>
          </ns3:TrackPointExtension>
        </extensions>
      </trkpt>
      <trkpt lat="21.3233207724988460540771484375" lon="-86.8122400157153606414794921875">
        <ele>0</ele>
        <time>2026-03-19T16:24:17.000Z</time>
        <extensions>
          <ns3:TrackPointExtension>
            <ns3:hr>92</ns3:hr>
          </ns3:TrackPointExtension>
        </extensions>
      </trkpt>
      <trkpt lat="21.3233076967298984527587890625" lon="-86.81243170984089374542236328125">
        <ele>0</ele>
        <time>2026-03-19T16:24:20.000Z</time>
        <extensions>
          <ns3:TrackPointExtension>
            <ns3:hr>92</ns3:hr>
          </ns3:TrackPointExtension>
        </extensions>
      </trkpt>
      <trkpt lat="21.323293782770633697509765625" lon="-86.8124981783330440521240234375">
        <ele>0</ele>
        <time>2026-03-19T16:24:21.000Z</time>
        <extensions>
          <ns3:TrackPointExtension>
            <ns3:hr>91</ns3:hr>
          </ns3:TrackPointExtension>
        </extensions>
      </trkpt>
      <trkpt lat="21.32321541197597980499267578125" lon="-86.8126721866428852081298828125">
        <ele>0</ele>
        <time>2026-03-19T16:24:24.000Z</time>
        <extensions>
          <ns3:TrackPointExtension>
            <ns3:hr>92</ns3:hr>
          </ns3:TrackPointExtension>
        </extensions>
      </trkpt>
      <trkpt lat="21.32314148359000682830810546875" lon="-86.81285566650331020355224609375">
        <ele>0</ele>
        <time>2026-03-19T16:24:27.000Z</time>
        <extensions>
          <ns3:TrackPointExtension>
            <ns3:hr>93</ns3:hr>
          </ns3:TrackPointExtension>
        </extensions>
      </trkpt>
      <trkpt lat="21.3231031782925128936767578125" lon="-86.812980473041534423828125">
        <ele>0</ele>
        <time>2026-03-19T16:24:29.000Z</time>
        <extensions>
          <ns3:TrackPointExtension>
            <ns3:hr>91</ns3:hr>
          </ns3:TrackPointExtension>
        </extensions>
      </trkpt>
      <trkpt lat="21.32305498234927654266357421875" lon="-86.8133118934929370880126953125">
        <ele>0</ele>
        <time>2026-03-19T16:24:34.000Z</time>
        <extensions>
          <ns3:TrackPointExtension>
            <ns3:hr>90</ns3:hr>
          </ns3:TrackPointExtension>
        </extensions>
      </trkpt>
      <trkpt lat="21.32304274477064609527587890625" lon="-86.81337618269026279449462890625">
        <ele>0</ele>
        <time>2026-03-19T16:24:35.000Z</time>
        <extensions>
          <ns3:TrackPointExtension>
            <ns3:hr>90</ns3:hr>
          </ns3:TrackPointExtension>
        </extensions>
      </trkpt>
      <trkpt lat="21.32299815304577350616455078125" lon="-86.81365295313298702239990234375">
        <ele>0</ele>
        <time>2026-03-19T16:24:39.000Z</time>
        <extensions>
          <ns3:TrackPointExtension>
            <ns3:hr>87</ns3:hr>
          </ns3:TrackPointExtension>
        </extensions>
      </trkpt>
      <trkpt lat="21.322984993457794189453125" lon="-86.81372134946286678314208984375">
        <ele>0</ele>
        <time>2026-03-19T16:24:40.000Z</time>
        <extensions>
          <ns3:TrackPointExtension>
            <ns3:hr>88</ns3:hr>
          </ns3:TrackPointExtension>
        </extensions>
      </trkpt>
      <trkpt lat="21.32292606867849826812744140625" lon="-86.81383567862212657928466796875">
        <ele>0</ele>
        <time>2026-03-19T16:24:42.000Z</time>
        <extensions>
          <ns3:TrackPointExtension>
            <ns3:hr>88</ns3:hr>
          </ns3:TrackPointExtension>
        </extensions>
      </trkpt>
      <trkpt lat="21.32286538369953632354736328125" lon="-86.8139945156872272491455078125">
        <ele>0</ele>
        <time>2026-03-19T16:24:45.000Z</time>
        <extensions>
          <ns3:TrackPointExtension>
            <ns3:hr>88</ns3:hr>
          </ns3:TrackPointExtension>
        </extensions>
      </trkpt>
      <trkpt lat="21.3228564150631427764892578125" lon="-86.81405109353363513946533203125">
        <ele>0</ele>
        <time>2026-03-19T16:24:46.000Z</time>
        <extensions>
          <ns3:TrackPointExtension>
            <ns3:hr>88</ns3:hr>
          </ns3:TrackPointExtension>
        </extensions>
      </trkpt>
      <trkpt lat="21.32280251942574977874755859375" lon="-86.8144434504210948944091796875">
        <ele>0</ele>
        <time>2026-03-19T16:24:52.000Z</time>
        <extensions>
          <ns3:TrackPointExtension>
            <ns3:hr>87</ns3:hr>
          </ns3:TrackPointExtension>
        </extensions>
      </trkpt>
      <trkpt lat="21.3227729313075542449951171875" lon="-86.81458518840372562408447265625">
        <ele>0</ele>
        <time>2026-03-19T16:24:54.000Z</time>
        <extensions>
          <ns3:TrackPointExtension>
            <ns3:hr>87</ns3:hr>
          </ns3:TrackPointExtension>
        </extensions>
      </trkpt>
      <trkpt lat="21.322684250771999359130859375" lon="-86.81475383229553699493408203125">
        <ele>0</ele>
        <time>2026-03-19T16:24:57.000Z</time>
        <extensions>
          <ns3:TrackPointExtension>
            <ns3:hr>88</ns3:hr>
          </ns3:TrackPointExtension>
        </extensions>
      </trkpt>
      <trkpt lat="21.32266111671924591064453125" lon="-86.81481602601706981658935546875">
        <ele>0</ele>
        <time>2026-03-19T16:24:58.000Z</time>
        <extensions>
          <ns3:TrackPointExtension>
            <ns3:hr>87</ns3:hr>
          </ns3:TrackPointExtension>
        </extensions>
      </trkpt>
      <trkpt lat="21.3226277567446231842041015625" lon="-86.815045773983001708984375">
        <ele>0</ele>
        <time>2026-03-19T16:25:01.000Z</time>
        <extensions>
          <ns3:TrackPointExtension>
            <ns3:hr>87</ns3:hr>
          </ns3:TrackPointExtension>
        </extensions>
      </trkpt>
      <trkpt lat="21.32260118611156940460205078125" lon="-86.8154824711382389068603515625">
        <ele>0</ele>
        <time>2026-03-19T16:25:07.000Z</time>
        <extensions>
          <ns3:TrackPointExtension>
            <ns3:hr>86</ns3:hr>
          </ns3:TrackPointExtension>
        </extensions>
      </trkpt>
      <trkpt lat="21.3225161097943782806396484375" lon="-86.81570358574390411376953125">
        <ele>0</ele>
        <time>2026-03-19T16:25:11.000Z</time>
        <extensions>
          <ns3:TrackPointExtension>
            <ns3:hr>86</ns3:hr>
          </ns3:TrackPointExtension>
        </extensions>
      </trkpt>
      <trkpt lat="21.3224995136260986328125" lon="-86.8157751671969890594482421875">
        <ele>0</ele>
        <time>2026-03-19T16:25:12.000Z</time>
        <extensions>
          <ns3:TrackPointExtension>
            <ns3:hr>86</ns3:hr>
          </ns3:TrackPointExtension>
        </extensions>
      </trkpt>
      <trkpt lat="21.3224725238978862762451171875" lon="-86.81599871255457401275634765625">
        <ele>0</ele>
        <time>2026-03-19T16:25:15.000Z</time>
        <extensions>
          <ns3:TrackPointExtension>
            <ns3:hr>86</ns3:hr>
          </ns3:TrackPointExtension>
        </extensions>
      </trkpt>
      <trkpt lat="21.32244846783578395843505859375" lon="-86.81612863205373287200927734375">
        <ele>0</ele>
        <time>2026-03-19T16:25:17.000Z</time>
        <extensions>
          <ns3:TrackPointExtension>
            <ns3:hr>88</ns3:hr>
          </ns3:TrackPointExtension>
        </extensions>
      </trkpt>
      <trkpt lat="21.3223773054778575897216796875" lon="-86.81623742915689945220947265625">
        <ele>0</ele>
        <time>2026-03-19T16:25:19.000Z</time>
        <extensions>
          <ns3:TrackPointExtension>
            <ns3:hr>87</ns3:hr>
          </ns3:TrackPointExtension>
        </extensions>
      </trkpt>
      <trkpt lat="21.32234419696033000946044921875" lon="-86.81629459373652935028076171875">
        <ele>0</ele>
        <time>2026-03-19T16:25:20.000Z</time>
        <extensions>
          <ns3:TrackPointExtension>
            <ns3:hr>87</ns3:hr>
          </ns3:TrackPointExtension>
        </extensions>
      </trkpt>
      <trkpt lat="21.32230530492961406707763671875" lon="-86.8164289556443691253662109375">
        <ele>0</ele>
        <time>2026-03-19T16:25:22.000Z</time>
        <extensions>
          <ns3:TrackPointExtension>
            <ns3:hr>88</ns3:hr>
          </ns3:TrackPointExtension>
        </extensions>
      </trkpt>
      <trkpt lat="21.32229859940707683563232421875" lon="-86.816502548754215240478515625">
        <ele>0</ele>
        <time>2026-03-19T16:25:23.000Z</time>
        <extensions>
          <ns3:TrackPointExtension>
            <ns3:hr>89</ns3:hr>
          </ns3:TrackPointExtension>
        </extensions>
      </trkpt>
      <trkpt lat="21.32229499518871307373046875" lon="-86.81670664809644222259521484375">
        <ele>0</ele>
        <time>2026-03-19T16:25:26.000Z</time>
        <extensions>
          <ns3:TrackPointExtension>
            <ns3:hr>89</ns3:hr>
          </ns3:TrackPointExtension>
        </extensions>
      </trkpt>
      <trkpt lat="21.32226842455565929412841796875" lon="-86.8167618848383426666259765625">
        <ele>0</ele>
        <time>2026-03-19T16:25:27.000Z</time>
        <extensions>
          <ns3:TrackPointExtension>
            <ns3:hr>88</ns3:hr>
          </ns3:TrackPointExtension>
        </extensions>
      </trkpt>
      <trkpt lat="21.32222115062177181243896484375" lon="-86.81685551069676876068115234375">
        <ele>0</ele>
        <time>2026-03-19T16:25:29.000Z</time>
        <extensions>
          <ns3:TrackPointExtension>
            <ns3:hr>86</ns3:hr>
          </ns3:TrackPointExtension>
        </extensions>
      </trkpt>
      <trkpt lat="21.3221815042197704315185546875" lon="-86.81693715043365955352783203125">
        <ele>0</ele>
        <time>2026-03-19T16:25:31.000Z</time>
        <extensions>
          <ns3:TrackPointExtension>
            <ns3:hr>90</ns3:hr>
          </ns3:TrackPointExtension>
        </extensions>
      </trkpt>
      <trkpt lat="21.3221670873463153839111328125" lon="-86.81699397973716259002685546875">
        <ele>0</ele>
        <time>2026-03-19T16:25:32.000Z</time>
        <extensions>
          <ns3:TrackPointExtension>
            <ns3:hr>89</ns3:hr>
          </ns3:TrackPointExtension>
        </extensions>
      </trkpt>
      <trkpt lat="21.3221540115773677825927734375" lon="-86.817128174006938934326171875">
        <ele>0</ele>
        <time>2026-03-19T16:25:34.000Z</time>
        <extensions>
          <ns3:TrackPointExtension>
            <ns3:hr>90</ns3:hr>
          </ns3:TrackPointExtension>
        </extensions>
      </trkpt>
      <trkpt lat="21.32215711288154125213623046875" lon="-86.8174056150019168853759765625">
        <ele>0</ele>
        <time>2026-03-19T16:25:38.000Z</time>
        <extensions>
          <ns3:TrackPointExtension>
            <ns3:hr>91</ns3:hr>
          </ns3:TrackPointExtension>
        </extensions>
      </trkpt>
      <trkpt lat="21.32213397882878780364990234375" lon="-86.817464791238307952880859375">
        <ele>0</ele>
        <time>2026-03-19T16:25:39.000Z</time>
        <extensions>
          <ns3:TrackPointExtension>
            <ns3:hr>90</ns3:hr>
          </ns3:TrackPointExtension>
        </extensions>
      </trkpt>
      <trkpt lat="21.32206390611827373504638671875" lon="-86.81760971434414386749267578125">
        <ele>0</ele>
        <time>2026-03-19T16:25:42.000Z</time>
        <extensions>
          <ns3:TrackPointExtension>
            <ns3:hr>93</ns3:hr>
          </ns3:TrackPointExtension>
        </extensions>
      </trkpt>
      <trkpt lat="21.32205435074865818023681640625" lon="-86.81762614287436008453369140625">
        <ele>0</ele>
        <time>2026-03-19T16:25:43.000Z</time>
        <extensions>
          <ns3:TrackPointExtension>
            <ns3:hr>90</ns3:hr>
          </ns3:TrackPointExtension>
        </extensions>
      </trkpt>
      <trkpt lat="21.32204730994999408721923828125" lon="-86.8176372908055782318115234375">
        <ele>0</ele>
        <time>2026-03-19T16:25:44.000Z</time>
        <extensions>
          <ns3:TrackPointExtension>
            <ns3:hr>93</ns3:hr>
          </ns3:TrackPointExtension>
        </extensions>
      </trkpt>
      <trkpt lat="21.32203004322946071624755859375" lon="-86.817651204764842987060546875">
        <ele>0</ele>
        <time>2026-03-19T16:25:47.000Z</time>
        <extensions>
          <ns3:TrackPointExtension>
            <ns3:hr>91</ns3:hr>
          </ns3:TrackPointExtension>
        </extensions>
      </trkpt>
      <trkpt lat="21.3220292888581752777099609375" lon="-86.8176233768463134765625">
        <ele>0</ele>
        <time>2026-03-19T16:25:50.000Z</time>
        <extensions>
          <ns3:TrackPointExtension>
            <ns3:hr>88</ns3:hr>
          </ns3:TrackPointExtension>
        </extensions>
      </trkpt>
      <trkpt lat="21.3220319710671901702880859375" lon="-86.81760636158287525177001953125">
        <ele>0</ele>
        <time>2026-03-19T16:25:51.000Z</time>
        <extensions>
          <ns3:TrackPointExtension>
            <ns3:hr>91</ns3:hr>
          </ns3:TrackPointExtension>
        </extensions>
      </trkpt>
      <trkpt lat="21.3220313005149364471435546875" lon="-86.817581467330455780029296875">
        <ele>0</ele>
        <time>2026-03-19T16:25:53.000Z</time>
        <extensions>
          <ns3:TrackPointExtension>
            <ns3:hr>87</ns3:hr>
          </ns3:TrackPointExtension>
        </extensions>
      </trkpt>
      <trkpt lat="21.32203037850558757781982421875" lon="-86.8175792880356311798095703125">
        <ele>0</ele>
        <time>2026-03-19T16:25:54.000Z</time>
        <extensions>
          <ns3:TrackPointExtension>
            <ns3:hr>91</ns3:hr>
          </ns3:TrackPointExtension>
        </extensions>
      </trkpt>
      <trkpt lat="21.3220276124775409698486328125" lon="-86.81757844984531402587890625">
        <ele>0</ele>
        <time>2026-03-19T16:25:57.000Z</time>
        <extensions>
          <ns3:TrackPointExtension>
            <ns3:hr>89</ns3:hr>
          </ns3:TrackPointExtension>
        </extensions>
      </trkpt>
      <trkpt lat="21.3220276124775409698486328125" lon="-86.81757844984531402587890625">
        <ele>0</ele>
        <time>2026-03-19T16:26:02.000Z</time>
        <extensions>
          <ns3:TrackPointExtension>
            <ns3:hr>92</ns3:hr>
          </ns3:TrackPointExtension>
        </extensions>
      </trkpt>
      <trkpt lat="21.3220276124775409698486328125" lon="-86.81757844984531402587890625">
        <ele>0</ele>
        <time>2026-03-19T16:26:04.000Z</time>
        <extensions>
          <ns3:TrackPointExtension>
            <ns3:hr>89</ns3:hr>
          </ns3:TrackPointExtension>
        </extensions>
      </trkpt>
      <trkpt lat="21.3220046460628509521484375" lon="-86.81751072406768798828125">
        <ele>0</ele>
        <time>2026-03-19T16:26:07.000Z</time>
        <extensions>
          <ns3:TrackPointExtension>
            <ns3:hr>88</ns3:hr>
          </ns3:TrackPointExtension>
        </extensions>
      </trkpt>
      <trkpt lat="21.32198511622846126556396484375" lon="-86.81736580096185207366943359375">
        <ele>0</ele>
        <time>2026-03-19T16:26:09.000Z</time>
        <extensions>
          <ns3:TrackPointExtension>
            <ns3:hr>89</ns3:hr>
          </ns3:TrackPointExtension>
        </extensions>
      </trkpt>
      <trkpt lat="21.32198411040008068084716796875" lon="-86.817287094891071319580078125">
        <ele>0</ele>
        <time>2026-03-19T16:26:10.000Z</time>
        <extensions>
          <ns3:TrackPointExtension>
            <ns3:hr>87</ns3:hr>
          </ns3:TrackPointExtension>
        </extensions>
      </trkpt>
      <trkpt lat="21.321992911398410797119140625" lon="-86.81721308268606662750244140625">
        <ele>0</ele>
        <time>2026-03-19T16:26:11.000Z</time>
        <extensions>
          <ns3:TrackPointExtension>
            <ns3:hr>88</ns3:hr>
          </ns3:TrackPointExtension>
        </extensions>
      </trkpt>
      <trkpt lat="21.32202099077403545379638671875" lon="-86.81699146516621112823486328125">
        <ele>0</ele>
        <time>2026-03-19T16:26:14.000Z</time>
        <extensions>
          <ns3:TrackPointExtension>
            <ns3:hr>87</ns3:hr>
          </ns3:TrackPointExtension>
        </extensions>
      </trkpt>
      <trkpt lat="21.32202275097370147705078125" lon="-86.81692256592214107513427734375">
        <ele>0</ele>
        <time>2026-03-19T16:26:15.000Z</time>
        <extensions>
          <ns3:TrackPointExtension>
            <ns3:hr>87</ns3:hr>
          </ns3:TrackPointExtension>
        </extensions>
      </trkpt>
      <trkpt lat="21.3220604695379734039306640625" lon="-86.81658963672816753387451171875">
        <ele>0</ele>
        <time>2026-03-19T16:26:20.000Z</time>
        <extensions>
          <ns3:TrackPointExtension>
            <ns3:hr>86</ns3:hr>
          </ns3:TrackPointExtension>
        </extensions>
      </trkpt>
      <trkpt lat="21.3221372477710247039794921875" lon="-86.8160878121852874755859375">
        <ele>0</ele>
        <time>2026-03-19T16:26:28.000Z</time>
        <extensions>
          <ns3:TrackPointExtension>
            <ns3:hr>87</ns3:hr>
          </ns3:TrackPointExtension>
        </extensions>
      </trkpt>
      <trkpt lat="21.32214772514998912811279296875" lon="-86.816027127206325531005859375">
        <ele>0</ele>
        <time>2026-03-19T16:26:29.000Z</time>
        <extensions>
          <ns3:TrackPointExtension>
            <ns3:hr>87</ns3:hr>
          </ns3:TrackPointExtension>
        </extensions>
      </trkpt>
      <trkpt lat="21.3222354836761951446533203125" lon="-86.815548352897167205810546875">
        <ele>0</ele>
        <time>2026-03-19T16:26:37.000Z</time>
        <extensions>
          <ns3:TrackPointExtension>
            <ns3:hr>84</ns3:hr>
          </ns3:TrackPointExtension>
        </extensions>
      </trkpt>
      <trkpt lat="21.3222488947212696075439453125" lon="-86.815486662089824676513671875">
        <ele>0</ele>
        <time>2026-03-19T16:26:38.000Z</time>
        <extensions>
          <ns3:TrackPointExtension>
            <ns3:hr>82</ns3:hr>
          </ns3:TrackPointExtension>
        </extensions>
      </trkpt>
      <trkpt lat="21.32229507900774478912353515625" lon="-86.81507217697799205780029296875">
        <ele>0</ele>
        <time>2026-03-19T16:26:44.000Z</time>
        <extensions>
          <ns3:TrackPointExtension>
            <ns3:hr>84</ns3:hr>
          </ns3:TrackPointExtension>
        </extensions>
      </trkpt>
      <trkpt lat="21.3223105855286121368408203125" lon="-86.8150036968290805816650390625">
        <ele>0</ele>
        <time>2026-03-19T16:26:45.000Z</time>
        <extensions>
          <ns3:TrackPointExtension>
            <ns3:hr>87</ns3:hr>
          </ns3:TrackPointExtension>
        </extensions>
      </trkpt>
      <trkpt lat="21.32235157303512096405029296875" lon="-86.8148712627589702606201171875">
        <ele>0</ele>
        <time>2026-03-19T16:26:47.000Z</time>
        <extensions>
          <ns3:TrackPointExtension>
            <ns3:hr>83</ns3:hr>
          </ns3:TrackPointExtension>
        </extensions>
      </trkpt>
      <trkpt lat="21.32241762243211269378662109375" lon="-86.8147002719342708587646484375">
        <ele>0</ele>
        <time>2026-03-19T16:26:50.000Z</time>
        <extensions>
          <ns3:TrackPointExtension>
            <ns3:hr>84</ns3:hr>
          </ns3:TrackPointExtension>
        </extensions>
      </trkpt>
      <trkpt lat="21.3224889524281024932861328125" lon="-86.81438704021275043487548828125">
        <ele>0</ele>
        <time>2026-03-19T16:26:55.000Z</time>
        <extensions>
          <ns3:TrackPointExtension>
            <ns3:hr>89</ns3:hr>
          </ns3:TrackPointExtension>
        </extensions>
      </trkpt>
      <trkpt lat="21.32250487804412841796875" lon="-86.81431780569255352020263671875">
        <ele>0</ele>
        <time>2026-03-19T16:26:56.000Z</time>
        <extensions>
          <ns3:TrackPointExtension>
            <ns3:hr>90</ns3:hr>
          </ns3:TrackPointExtension>
        </extensions>
      </trkpt>
      <trkpt lat="21.32253278978168964385986328125" lon="-86.8141822703182697296142578125">
        <ele>0</ele>
        <time>2026-03-19T16:26:58.000Z</time>
        <extensions>
          <ns3:TrackPointExtension>
            <ns3:hr>93</ns3:hr>
          </ns3:TrackPointExtension>
        </extensions>
      </trkpt>
      <trkpt lat="21.3225593604147434234619140625" lon="-86.8140471540391445159912109375">
        <ele>0</ele>
        <time>2026-03-19T16:27:00.000Z</time>
        <extensions>
          <ns3:TrackPointExtension>
            <ns3:hr>89</ns3:hr>
          </ns3:TrackPointExtension>
        </extensions>
      </trkpt>
      <trkpt lat="21.32262415252625942230224609375" lon="-86.8137113749980926513671875">
        <ele>0</ele>
        <time>2026-03-19T16:27:05.000Z</time>
        <extensions>
          <ns3:TrackPointExtension>
            <ns3:hr>89</ns3:hr>
          </ns3:TrackPointExtension>
        </extensions>
      </trkpt>
      <trkpt lat="21.32269774563610553741455078125" lon="-86.8134902603924274444580078125">
        <ele>0</ele>
        <time>2026-03-19T16:27:09.000Z</time>
        <extensions>
          <ns3:TrackPointExtension>
            <ns3:hr>92</ns3:hr>
          </ns3:TrackPointExtension>
        </extensions>
      </trkpt>
      <trkpt lat="21.3227129168808460235595703125" lon="-86.81343317963182926177978515625">
        <ele>0</ele>
        <time>2026-03-19T16:27:10.000Z</time>
        <extensions>
          <ns3:TrackPointExtension>
            <ns3:hr>90</ns3:hr>
          </ns3:TrackPointExtension>
        </extensions>
      </trkpt>
      <trkpt lat="21.3227736018598079681396484375" lon="-86.8132019229233264923095703125">
        <ele>0</ele>
        <time>2026-03-19T16:27:14.000Z</time>
        <extensions>
          <ns3:TrackPointExtension>
            <ns3:hr>93</ns3:hr>
          </ns3:TrackPointExtension>
        </extensions>
      </trkpt>
      <trkpt lat="21.32281660102307796478271484375" lon="-86.8130245618522167205810546875">
        <ele>0</ele>
        <time>2026-03-19T16:27:17.000Z</time>
        <extensions>
          <ns3:TrackPointExtension>
            <ns3:hr>94</ns3:hr>
          </ns3:TrackPointExtension>
        </extensions>
      </trkpt>
      <trkpt lat="21.32292405702173709869384765625" lon="-86.81251150555908679962158203125">
        <ele>0</ele>
        <time>2026-03-19T16:27:25.000Z</time>
        <extensions>
          <ns3:TrackPointExtension>
            <ns3:hr>95</ns3:hr>
          </ns3:TrackPointExtension>
        </extensions>
      </trkpt>
      <trkpt lat="21.32303436286747455596923828125" lon="-86.81210397742688655853271484375">
        <ele>0</ele>
        <time>2026-03-19T16:27:32.000Z</time>
        <extensions>
          <ns3:TrackPointExtension>
            <ns3:hr>96</ns3:hr>
          </ns3:TrackPointExtension>
        </extensions>
      </trkpt>
      <trkpt lat="21.323070824146270751953125" lon="-86.81187196634709835052490234375">
        <ele>0</ele>
        <time>2026-03-19T16:27:36.000Z</time>
        <extensions>
          <ns3:TrackPointExtension>
            <ns3:hr>94</ns3:hr>
          </ns3:TrackPointExtension>
        </extensions>
      </trkpt>
      <trkpt lat="21.3230569101870059967041015625" lon="-86.81181748397648334503173828125">
        <ele>0</ele>
        <time>2026-03-19T16:27:37.000Z</time>
        <extensions>
          <ns3:TrackPointExtension>
            <ns3:hr>95</ns3:hr>
          </ns3:TrackPointExtension>
        </extensions>
      </trkpt>
      <trkpt lat="21.3230478577315807342529296875" lon="-86.8117746524512767791748046875">
        <ele>0</ele>
        <time>2026-03-19T16:27:38.000Z</time>
        <extensions>
          <ns3:TrackPointExtension>
            <ns3:hr>95</ns3:hr>
          </ns3:TrackPointExtension>
        </extensions>
      </trkpt>
      <trkpt lat="21.32303101010620594024658203125" lon="-86.81169292889535427093505859375">
        <ele>0</ele>
        <time>2026-03-19T16:27:40.000Z</time>
        <extensions>
          <ns3:TrackPointExtension>
            <ns3:hr>95</ns3:hr>
          </ns3:TrackPointExtension>
        </extensions>
      </trkpt>
      <trkpt lat="21.3230331055819988250732421875" lon="-86.8116415478289127349853515625">
        <ele>0</ele>
        <time>2026-03-19T16:27:41.000Z</time>
        <extensions>
          <ns3:TrackPointExtension>
            <ns3:hr>94</ns3:hr>
          </ns3:TrackPointExtension>
        </extensions>
      </trkpt>
      <trkpt lat="21.3230632804334163665771484375" lon="-86.81153249926865100860595703125">
        <ele>0</ele>
        <time>2026-03-19T16:27:43.000Z</time>
        <extensions>
          <ns3:TrackPointExtension>
            <ns3:hr>97</ns3:hr>
          </ns3:TrackPointExtension>
        </extensions>
      </trkpt>
      <trkpt lat="21.32308348082005977630615234375" lon="-86.81147935800254344940185546875">
        <ele>0</ele>
        <time>2026-03-19T16:27:44.000Z</time>
        <extensions>
          <ns3:TrackPointExtension>
            <ns3:hr>92</ns3:hr>
          </ns3:TrackPointExtension>
        </extensions>
      </trkpt>
      <trkpt lat="21.3232701458036899566650390625" lon="-86.81101231835782527923583984375">
        <ele>0</ele>
        <time>2026-03-19T16:27:53.000Z</time>
        <extensions>
          <ns3:TrackPointExtension>
            <ns3:hr>93</ns3:hr>
          </ns3:TrackPointExtension>
        </extensions>
      </trkpt>
      <trkpt lat="21.32345044054090976715087890625" lon="-86.81060462258756160736083984375">
        <ele>0</ele>
        <time>2026-03-19T16:28:00.000Z</time>
        <extensions>
          <ns3:TrackPointExtension>
            <ns3:hr>90</ns3:hr>
          </ns3:TrackPointExtension>
        </extensions>
      </trkpt>
      <trkpt lat="21.3235376961529254913330078125" lon="-86.81026364676654338836669921875">
        <ele>0</ele>
        <time>2026-03-19T16:28:06.000Z</time>
        <extensions>
          <ns3:TrackPointExtension>
            <ns3:hr>91</ns3:hr>
          </ns3:TrackPointExtension>
        </extensions>
      </trkpt>
      <trkpt lat="21.3235903345048427581787109375" lon="-86.80993708781898021697998046875">
        <ele>0</ele>
        <time>2026-03-19T16:28:11.000Z</time>
        <extensions>
          <ns3:TrackPointExtension>
            <ns3:hr>89</ns3:hr>
          </ns3:TrackPointExtension>
        </extensions>
      </trkpt>
      <trkpt lat="21.32370122708380222320556640625" lon="-86.809563674032688140869140625">
        <ele>0</ele>
        <time>2026-03-19T16:28:17.000Z</time>
        <extensions>
          <ns3:TrackPointExtension>
            <ns3:hr>86</ns3:hr>
          </ns3:TrackPointExtension>
        </extensions>
      </trkpt>
      <trkpt lat="21.3237348385155200958251953125" lon="-86.8094535358250141143798828125">
        <ele>0</ele>
        <time>2026-03-19T16:28:19.000Z</time>
        <extensions>
          <ns3:TrackPointExtension>
            <ns3:hr>89</ns3:hr>
          </ns3:TrackPointExtension>
        </extensions>
      </trkpt>
      <trkpt lat="21.32379828952252864837646484375" lon="-86.809265948832035064697265625">
        <ele>0</ele>
        <time>2026-03-19T16:28:23.000Z</time>
        <extensions>
          <ns3:TrackPointExtension>
            <ns3:hr>88</ns3:hr>
          </ns3:TrackPointExtension>
        </extensions>
      </trkpt>
      <trkpt lat="21.32382209412753582000732421875" lon="-86.80918456055223941802978515625">
        <ele>0</ele>
        <time>2026-03-19T16:28:25.000Z</time>
        <extensions>
          <ns3:TrackPointExtension>
            <ns3:hr>89</ns3:hr>
          </ns3:TrackPointExtension>
        </extensions>
      </trkpt>
      <trkpt lat="21.32384941913187503814697265625" lon="-86.80901373736560344696044921875">
        <ele>0</ele>
        <time>2026-03-19T16:28:28.000Z</time>
        <extensions>
          <ns3:TrackPointExtension>
            <ns3:hr>93</ns3:hr>
          </ns3:TrackPointExtension>
        </extensions>
      </trkpt>
      <trkpt lat="21.32387322373688220977783203125" lon="-86.80889421142637729644775390625">
        <ele>0</ele>
        <time>2026-03-19T16:28:30.000Z</time>
        <extensions>
          <ns3:TrackPointExtension>
            <ns3:hr>90</ns3:hr>
          </ns3:TrackPointExtension>
        </extensions>
      </trkpt>
      <trkpt lat="21.32388143800199031829833984375" lon="-86.808839477598667144775390625">
        <ele>0</ele>
        <time>2026-03-19T16:28:31.000Z</time>
        <extensions>
          <ns3:TrackPointExtension>
            <ns3:hr>89</ns3:hr>
          </ns3:TrackPointExtension>
        </extensions>
      </trkpt>
      <trkpt lat="21.3238729722797870635986328125" lon="-86.80879815481603145599365234375">
        <ele>0</ele>
        <time>2026-03-19T16:28:32.000Z</time>
        <extensions>
          <ns3:TrackPointExtension>
            <ns3:hr>92</ns3:hr>
          </ns3:TrackPointExtension>
        </extensions>
      </trkpt>
      <trkpt lat="21.323859058320522308349609375" lon="-86.80876228027045726776123046875">
        <ele>0</ele>
        <time>2026-03-19T16:28:33.000Z</time>
        <extensions>
          <ns3:TrackPointExtension>
            <ns3:hr>91</ns3:hr>
          </ns3:TrackPointExtension>
        </extensions>
      </trkpt>
      <trkpt lat="21.32382511161267757415771484375" lon="-86.80870511569082736968994140625">
        <ele>0</ele>
        <time>2026-03-19T16:28:39.000Z</time>
        <extensions>
          <ns3:TrackPointExtension>
            <ns3:hr>91</ns3:hr>
          </ns3:TrackPointExtension>
        </extensions>
      </trkpt>
      <trkpt lat="21.323830224573612213134765625" lon="-86.8087144196033477783203125">
        <ele>0</ele>
        <time>2026-03-19T16:28:46.000Z</time>
        <extensions>
          <ns3:TrackPointExtension>
            <ns3:hr>89</ns3:hr>
          </ns3:TrackPointExtension>
        </extensions>
      </trkpt>
      <trkpt lat="21.32382653653621673583984375" lon="-86.80871349759399890899658203125">
        <ele>0</ele>
        <time>2026-03-19T16:28:48.000Z</time>
        <extensions>
          <ns3:TrackPointExtension>
            <ns3:hr>92</ns3:hr>
          </ns3:TrackPointExtension>
        </extensions>
      </trkpt>
      <trkpt lat="21.3238022290170192718505859375" lon="-86.8087300099432468414306640625">
        <ele>0</ele>
        <time>2026-03-19T16:28:53.000Z</time>
        <extensions>
          <ns3:TrackPointExtension>
            <ns3:hr>92</ns3:hr>
          </ns3:TrackPointExtension>
        </extensions>
      </trkpt>
      <trkpt lat="21.3237680308520793914794921875" lon="-86.8087772838771343231201171875">
        <ele>0</ele>
        <time>2026-03-19T16:28:57.000Z</time>
        <extensions>
          <ns3:TrackPointExtension>
            <ns3:hr>92</ns3:hr>
          </ns3:TrackPointExtension>
        </extensions>
      </trkpt>
      <trkpt lat="21.32374162785708904266357421875" lon="-86.80888113565742969512939453125">
        <ele>0</ele>
        <time>2026-03-19T16:28:59.000Z</time>
        <extensions>
          <ns3:TrackPointExtension>
            <ns3:hr>92</ns3:hr>
          </ns3:TrackPointExtension>
        </extensions>
      </trkpt>
      <trkpt lat="21.32374833337962627410888671875" lon="-86.80922730825841426849365234375">
        <ele>0</ele>
        <time>2026-03-19T16:29:04.000Z</time>
        <extensions>
          <ns3:TrackPointExtension>
            <ns3:hr>92</ns3:hr>
          </ns3:TrackPointExtension>
        </extensions>
      </trkpt>
      <trkpt lat="21.32377021014690399169921875" lon="-86.8096593953669071197509765625">
        <ele>0</ele>
        <time>2026-03-19T16:29:10.000Z</time>
        <extensions>
          <ns3:TrackPointExtension>
            <ns3:hr>93</ns3:hr>
          </ns3:TrackPointExtension>
        </extensions>
      </trkpt>
      <trkpt lat="21.32375621236860752105712890625" lon="-86.80978034622967243194580078125">
        <ele>0</ele>
        <time>2026-03-19T16:29:12.000Z</time>
        <extensions>
          <ns3:TrackPointExtension>
            <ns3:hr>94</ns3:hr>
          </ns3:TrackPointExtension>
        </extensions>
      </trkpt>
      <trkpt lat="21.32373458705842494964599609375" lon="-86.8098250217735767364501953125">
        <ele>0</ele>
        <time>2026-03-19T16:29:13.000Z</time>
        <extensions>
          <ns3:TrackPointExtension>
            <ns3:hr>97</ns3:hr>
          </ns3:TrackPointExtension>
        </extensions>
      </trkpt>
      <trkpt lat="21.3237120397388935089111328125" lon="-86.80986232124269008636474609375">
        <ele>0</ele>
        <time>2026-03-19T16:29:14.000Z</time>
        <extensions>
          <ns3:TrackPointExtension>
            <ns3:hr>94</ns3:hr>
          </ns3:TrackPointExtension>
        </extensions>
      </trkpt>
      <trkpt lat="21.32369510829448699951171875" lon="-86.80990272201597690582275390625">
        <ele>0</ele>
        <time>2026-03-19T16:29:15.000Z</time>
        <extensions>
          <ns3:TrackPointExtension>
            <ns3:hr>94</ns3:hr>
          </ns3:TrackPointExtension>
        </extensions>
      </trkpt>
      <trkpt lat="21.3236768357455730438232421875" lon="-86.80999911390244960784912109375">
        <ele>0</ele>
        <time>2026-03-19T16:29:17.000Z</time>
        <extensions>
          <ns3:TrackPointExtension>
            <ns3:hr>93</ns3:hr>
          </ns3:TrackPointExtension>
        </extensions>
      </trkpt>
      <trkpt lat="21.32366769947111606597900390625" lon="-86.810104139149188995361328125">
        <ele>0</ele>
        <time>2026-03-19T16:29:19.000Z</time>
        <extensions>
          <ns3:TrackPointExtension>
            <ns3:hr>93</ns3:hr>
          </ns3:TrackPointExtension>
        </extensions>
      </trkpt>
      <trkpt lat="21.32366987876594066619873046875" lon="-86.81033958680927753448486328125">
        <ele>0</ele>
        <time>2026-03-19T16:29:23.000Z</time>
        <extensions>
          <ns3:TrackPointExtension>
            <ns3:hr>91</ns3:hr>
          </ns3:TrackPointExtension>
        </extensions>
      </trkpt>
      <trkpt lat="21.3236765004694461822509765625" lon="-86.8105234019458293914794921875">
        <ele>0</ele>
        <time>2026-03-19T16:29:26.000Z</time>
        <extensions>
          <ns3:TrackPointExtension>
            <ns3:hr>91</ns3:hr>
          </ns3:TrackPointExtension>
        </extensions>
      </trkpt>
      <trkpt lat="21.32366652600467205047607421875" lon="-86.8106454424560070037841796875">
        <ele>0</ele>
        <time>2026-03-19T16:29:28.000Z</time>
        <extensions>
          <ns3:TrackPointExtension>
            <ns3:hr>91</ns3:hr>
          </ns3:TrackPointExtension>
        </extensions>
      </trkpt>
      <trkpt lat="21.3236503489315509796142578125" lon="-86.81077527813613414764404296875">
        <ele>0</ele>
        <time>2026-03-19T16:29:30.000Z</time>
        <extensions>
          <ns3:TrackPointExtension>
            <ns3:hr>94</ns3:hr>
          </ns3:TrackPointExtension>
        </extensions>
      </trkpt>
      <trkpt lat="21.32364456541836261749267578125" lon="-86.8108489550650119781494140625">
        <ele>0</ele>
        <time>2026-03-19T16:29:31.000Z</time>
        <extensions>
          <ns3:TrackPointExtension>
            <ns3:hr>91</ns3:hr>
          </ns3:TrackPointExtension>
        </extensions>
      </trkpt>
      <trkpt lat="21.3236513547599315643310546875" lon="-86.81099706329405307769775390625">
        <ele>0</ele>
        <time>2026-03-19T16:29:33.000Z</time>
        <extensions>
          <ns3:TrackPointExtension>
            <ns3:hr>90</ns3:hr>
          </ns3:TrackPointExtension>
        </extensions>
      </trkpt>
      <trkpt lat="21.32368697784841060638427734375" lon="-86.811401657760143280029296875">
        <ele>0</ele>
        <time>2026-03-19T16:29:39.000Z</time>
        <extensions>
          <ns3:TrackPointExtension>
            <ns3:hr>90</ns3:hr>
          </ns3:TrackPointExtension>
        </extensions>
      </trkpt>
      <trkpt lat="21.32368764840066432952880859375" lon="-86.8115781806409358978271484375">
        <ele>0</ele>
        <time>2026-03-19T16:29:42.000Z</time>
        <extensions>
          <ns3:TrackPointExtension>
            <ns3:hr>90</ns3:hr>
          </ns3:TrackPointExtension>
        </extensions>
      </trkpt>
      <trkpt lat="21.32367624901235103607177734375" lon="-86.81175830774009227752685546875">
        <ele>0</ele>
        <time>2026-03-19T16:29:45.000Z</time>
        <extensions>
          <ns3:TrackPointExtension>
            <ns3:hr>87</ns3:hr>
          </ns3:TrackPointExtension>
        </extensions>
      </trkpt>
      <trkpt lat="21.3236748240888118743896484375" lon="-86.81181429885327816009521484375">
        <ele>0</ele>
        <time>2026-03-19T16:29:46.000Z</time>
        <extensions>
          <ns3:TrackPointExtension>
            <ns3:hr>89</ns3:hr>
          </ns3:TrackPointExtension>
        </extensions>
      </trkpt>
      <trkpt lat="21.3236929289996623992919921875" lon="-86.8120189011096954345703125">
        <ele>0</ele>
        <time>2026-03-19T16:29:51.000Z</time>
        <extensions>
          <ns3:TrackPointExtension>
            <ns3:hr>90</ns3:hr>
          </ns3:TrackPointExtension>
        </extensions>
      </trkpt>
      <trkpt lat="21.323682703077793121337890625" lon="-86.8120281212031841278076171875">
        <ele>0</ele>
        <time>2026-03-19T16:29:52.000Z</time>
        <extensions>
          <ns3:TrackPointExtension>
            <ns3:hr>89</ns3:hr>
          </ns3:TrackPointExtension>
        </extensions>
      </trkpt>
      <trkpt lat="21.32366292178630828857421875" lon="-86.8120163865387439727783203125">
        <ele>0</ele>
        <time>2026-03-19T16:29:53.000Z</time>
        <extensions>
          <ns3:TrackPointExtension>
            <ns3:hr>89</ns3:hr>
          </ns3:TrackPointExtension>
        </extensions>
      </trkpt>
      <trkpt lat="21.323629058897495269775390625" lon="-86.8119020573794841766357421875">
        <ele>0</ele>
        <time>2026-03-19T16:29:56.000Z</time>
        <extensions>
          <ns3:TrackPointExtension>
            <ns3:hr>88</ns3:hr>
          </ns3:TrackPointExtension>
        </extensions>
      </trkpt>
      <trkpt lat="21.3236193358898162841796875" lon="-86.81175478734076023101806640625">
        <ele>0</ele>
        <time>2026-03-19T16:29:59.000Z</time>
        <extensions>
          <ns3:TrackPointExtension>
            <ns3:hr>87</ns3:hr>
          </ns3:TrackPointExtension>
        </extensions>
      </trkpt>
      <trkpt lat="21.3236220180988311767578125" lon="-86.81167423725128173828125">
        <ele>0</ele>
        <time>2026-03-19T16:30:01.000Z</time>
        <extensions>
          <ns3:TrackPointExtension>
            <ns3:hr>89</ns3:hr>
          </ns3:TrackPointExtension>
        </extensions>
      </trkpt>
      <trkpt lat="21.32361439056694507598876953125" lon="-86.81161799468100070953369140625">
        <ele>0</ele>
        <time>2026-03-19T16:30:04.000Z</time>
        <extensions>
          <ns3:TrackPointExtension>
            <ns3:hr>88</ns3:hr>
          </ns3:TrackPointExtension>
        </extensions>
      </trkpt>
      <trkpt lat="21.32359209470450878143310546875" lon="-86.811591424047946929931640625">
        <ele>0</ele>
        <time>2026-03-19T16:30:07.000Z</time>
        <extensions>
          <ns3:TrackPointExtension>
            <ns3:hr>91</ns3:hr>
          </ns3:TrackPointExtension>
        </extensions>
      </trkpt>
      <trkpt lat="21.32354431785643100738525390625" lon="-86.8116267956793308258056640625">
        <ele>0</ele>
        <time>2026-03-19T16:30:09.000Z</time>
        <extensions>
          <ns3:TrackPointExtension>
            <ns3:hr>90</ns3:hr>
          </ns3:TrackPointExtension>
        </extensions>
      </trkpt>
      <trkpt lat="21.32352906279265880584716796875" lon="-86.81167147122323513031005859375">
        <ele>0</ele>
        <time>2026-03-19T16:30:10.000Z</time>
        <extensions>
          <ns3:TrackPointExtension>
            <ns3:hr>91</ns3:hr>
          </ns3:TrackPointExtension>
        </extensions>
      </trkpt>
      <trkpt lat="21.32352202199399471282958984375" lon="-86.81171589531004428863525390625">
        <ele>0</ele>
        <time>2026-03-19T16:30:11.000Z</time>
        <extensions>
          <ns3:TrackPointExtension>
            <ns3:hr>87</ns3:hr>
          </ns3:TrackPointExtension>
        </extensions>
      </trkpt>
      <trkpt lat="21.32351464591920375823974609375" lon="-86.81175269186496734619140625">
        <ele>0</ele>
        <time>2026-03-19T16:30:12.000Z</time>
        <extensions>
          <ns3:TrackPointExtension>
            <ns3:hr>91</ns3:hr>
          </ns3:TrackPointExtension>
        </extensions>
      </trkpt>
      <trkpt lat="21.3235055096447467803955078125" lon="-86.81178529746830463409423828125">
        <ele>0</ele>
        <time>2026-03-19T16:30:13.000Z</time>
        <extensions>
          <ns3:TrackPointExtension>
            <ns3:hr>88</ns3:hr>
          </ns3:TrackPointExtension>
        </extensions>
      </trkpt>
      <trkpt lat="21.3234743289649486541748046875" lon="-86.81193835102021694183349609375">
        <ele>0</ele>
        <time>2026-03-19T16:30:17.000Z</time>
        <extensions>
          <ns3:TrackPointExtension>
            <ns3:hr>91</ns3:hr>
          </ns3:TrackPointExtension>
        </extensions>
      </trkpt>
      <trkpt lat="21.32344323210418224334716796875" lon="-86.812023930251598358154296875">
        <ele>0</ele>
        <time>2026-03-19T16:30:21.000Z</time>
        <extensions>
          <ns3:TrackPointExtension>
            <ns3:hr>90</ns3:hr>
          </ns3:TrackPointExtension>
        </extensions>
      </trkpt>
      <trkpt lat="21.3233814574778079986572265625" lon="-86.8122118525207042694091796875">
        <ele>0</ele>
        <time>2026-03-19T16:30:26.000Z</time>
        <extensions>
          <ns3:TrackPointExtension>
            <ns3:hr>89</ns3:hr>
          </ns3:TrackPointExtension>
        </extensions>
      </trkpt>
      <trkpt lat="21.32334348745644092559814453125" lon="-86.81251703761518001556396484375">
        <ele>0</ele>
        <time>2026-03-19T16:30:31.000Z</time>
        <extensions>
          <ns3:TrackPointExtension>
            <ns3:hr>89</ns3:hr>
          </ns3:TrackPointExtension>
        </extensions>
      </trkpt>
      <trkpt lat="21.32327936589717864990234375" lon="-86.8129109032452106475830078125">
        <ele>0</ele>
        <time>2026-03-19T16:30:36.000Z</time>
        <extensions>
          <ns3:TrackPointExtension>
            <ns3:hr>90</ns3:hr>
          </ns3:TrackPointExtension>
        </extensions>
      </trkpt>
      <trkpt lat="21.32323318161070346832275390625" lon="-86.81316697038710117340087890625">
        <ele>0</ele>
        <time>2026-03-19T16:30:39.000Z</time>
        <extensions>
          <ns3:TrackPointExtension>
            <ns3:hr>92</ns3:hr>
          </ns3:TrackPointExtension>
        </extensions>
      </trkpt>
      <trkpt lat="21.32320158183574676513671875" lon="-86.81324492208659648895263671875">
        <ele>0</ele>
        <time>2026-03-19T16:30:40.000Z</time>
        <extensions>
          <ns3:TrackPointExtension>
            <ns3:hr>93</ns3:hr>
          </ns3:TrackPointExtension>
        </extensions>
      </trkpt>
      <trkpt lat="21.32312371395528316497802734375" lon="-86.81352588348090648651123046875">
        <ele>0</ele>
        <time>2026-03-19T16:30:44.000Z</time>
        <extensions>
          <ns3:TrackPointExtension>
            <ns3:hr>90</ns3:hr>
          </ns3:TrackPointExtension>
        </extensions>
      </trkpt>
      <trkpt lat="21.32311332039535045623779296875" lon="-86.81384615600109100341796875">
        <ele>0</ele>
        <time>2026-03-19T16:30:48.000Z</time>
        <extensions>
          <ns3:TrackPointExtension>
            <ns3:hr>88</ns3:hr>
          </ns3:TrackPointExtension>
        </extensions>
      </trkpt>
      <trkpt lat="21.3231004960834980010986328125" lon="-86.81407992728054523468017578125">
        <ele>0</ele>
        <time>2026-03-19T16:30:51.000Z</time>
        <extensions>
          <ns3:TrackPointExtension>
            <ns3:hr>87</ns3:hr>
          </ns3:TrackPointExtension>
        </extensions>
      </trkpt>
      <trkpt lat="21.32305682636797428131103515625" lon="-86.81419207714498043060302734375">
        <ele>0</ele>
        <time>2026-03-19T16:30:53.000Z</time>
        <extensions>
          <ns3:TrackPointExtension>
            <ns3:hr>87</ns3:hr>
          </ns3:TrackPointExtension>
        </extensions>
      </trkpt>
      <trkpt lat="21.322998739778995513916015625" lon="-86.8142952583730220794677734375">
        <ele>0</ele>
        <time>2026-03-19T16:30:55.000Z</time>
        <extensions>
          <ns3:TrackPointExtension>
            <ns3:hr>88</ns3:hr>
          </ns3:TrackPointExtension>
        </extensions>
      </trkpt>
      <trkpt lat="21.32296714000403881072998046875" lon="-86.8144172988831996917724609375">
        <ele>0</ele>
        <time>2026-03-19T16:30:57.000Z</time>
        <extensions>
          <ns3:TrackPointExtension>
            <ns3:hr>87</ns3:hr>
          </ns3:TrackPointExtension>
        </extensions>
      </trkpt>
      <trkpt lat="21.32294450886547565460205078125" lon="-86.81479138322174549102783203125">
        <ele>0</ele>
        <time>2026-03-19T16:31:02.000Z</time>
        <extensions>
          <ns3:TrackPointExtension>
            <ns3:hr>83</ns3:hr>
          </ns3:TrackPointExtension>
        </extensions>
      </trkpt>
      <trkpt lat="21.3229258172214031219482421875" lon="-86.81495550088584423065185546875">
        <ele>0</ele>
        <time>2026-03-19T16:31:04.000Z</time>
        <extensions>
          <ns3:TrackPointExtension>
            <ns3:hr>86</ns3:hr>
          </ns3:TrackPointExtension>
        </extensions>
      </trkpt>
      <trkpt lat="21.32288482971489429473876953125" lon="-86.81511576287448406219482421875">
        <ele>0</ele>
        <time>2026-03-19T16:31:06.000Z</time>
        <extensions>
          <ns3:TrackPointExtension>
            <ns3:hr>85</ns3:hr>
          </ns3:TrackPointExtension>
        </extensions>
      </trkpt>
      <trkpt lat="21.322837136685848236083984375" lon="-86.81518097408115863800048828125">
        <ele>0</ele>
        <time>2026-03-19T16:31:07.000Z</time>
        <extensions>
          <ns3:TrackPointExtension>
            <ns3:hr>85</ns3:hr>
          </ns3:TrackPointExtension>
        </extensions>
      </trkpt>
      <trkpt lat="21.32277033291757106781005859375" lon="-86.81523780338466167449951171875">
        <ele>0</ele>
        <time>2026-03-19T16:31:08.000Z</time>
        <extensions>
          <ns3:TrackPointExtension>
            <ns3:hr>87</ns3:hr>
          </ns3:TrackPointExtension>
        </extensions>
      </trkpt>
      <trkpt lat="21.32265466265380382537841796875" lon="-86.8153443373739719390869140625">
        <ele>0</ele>
        <time>2026-03-19T16:31:10.000Z</time>
        <extensions>
          <ns3:TrackPointExtension>
            <ns3:hr>86</ns3:hr>
          </ns3:TrackPointExtension>
        </extensions>
      </trkpt>
      <trkpt lat="21.32257754914462566375732421875" lon="-86.8154633603990077972412109375">
        <ele>0</ele>
        <time>2026-03-19T16:31:12.000Z</time>
        <extensions>
          <ns3:TrackPointExtension>
            <ns3:hr>86</ns3:hr>
          </ns3:TrackPointExtension>
        </extensions>
      </trkpt>
      <trkpt lat="21.3225576840341091156005859375" lon="-86.81553234346210956573486328125">
        <ele>0</ele>
        <time>2026-03-19T16:31:13.000Z</time>
        <extensions>
          <ns3:TrackPointExtension>
            <ns3:hr>86</ns3:hr>
          </ns3:TrackPointExtension>
        </extensions>
      </trkpt>
      <trkpt lat="21.32254972122609615325927734375" lon="-86.81561012752354145050048828125">
        <ele>0</ele>
        <time>2026-03-19T16:31:14.000Z</time>
        <extensions>
          <ns3:TrackPointExtension>
            <ns3:hr>89</ns3:hr>
          </ns3:TrackPointExtension>
        </extensions>
      </trkpt>
      <trkpt lat="21.32255793549120426177978515625" lon="-86.815780363976955413818359375">
        <ele>0</ele>
        <time>2026-03-19T16:31:16.000Z</time>
        <extensions>
          <ns3:TrackPointExtension>
            <ns3:hr>86</ns3:hr>
          </ns3:TrackPointExtension>
        </extensions>
      </trkpt>
      <trkpt lat="21.3226415030658245086669921875" lon="-86.81624229066073894500732421875">
        <ele>0</ele>
        <time>2026-03-19T16:31:22.000Z</time>
        <extensions>
          <ns3:TrackPointExtension>
            <ns3:hr>85</ns3:hr>
          </ns3:TrackPointExtension>
        </extensions>
      </trkpt>
      <trkpt lat="21.3226418383419513702392578125" lon="-86.81630347855389118194580078125">
        <ele>0</ele>
        <time>2026-03-19T16:31:23.000Z</time>
        <extensions>
          <ns3:TrackPointExtension>
            <ns3:hr>84</ns3:hr>
          </ns3:TrackPointExtension>
        </extensions>
      </trkpt>
      <trkpt lat="21.32261929102241992950439453125" lon="-86.81640154682099819183349609375">
        <ele>0</ele>
        <time>2026-03-19T16:31:25.000Z</time>
        <extensions>
          <ns3:TrackPointExtension>
            <ns3:hr>86</ns3:hr>
          </ns3:TrackPointExtension>
        </extensions>
      </trkpt>
      <trkpt lat="21.3225811533629894256591796875" lon="-86.8164825998246669769287109375">
        <ele>0</ele>
        <time>2026-03-19T16:31:28.000Z</time>
        <extensions>
          <ns3:TrackPointExtension>
            <ns3:hr>84</ns3:hr>
          </ns3:TrackPointExtension>
        </extensions>
      </trkpt>
      <trkpt lat="21.3225610367953777313232421875" lon="-86.81657421402633190155029296875">
        <ele>0</ele>
        <time>2026-03-19T16:31:30.000Z</time>
        <extensions>
          <ns3:TrackPointExtension>
            <ns3:hr>84</ns3:hr>
          </ns3:TrackPointExtension>
        </extensions>
      </trkpt>
      <trkpt lat="21.322560869157314300537109375" lon="-86.8166257627308368682861328125">
        <ele>0</ele>
        <time>2026-03-19T16:31:31.000Z</time>
        <extensions>
          <ns3:TrackPointExtension>
            <ns3:hr>85</ns3:hr>
          </ns3:TrackPointExtension>
        </extensions>
      </trkpt>
      <trkpt lat="21.3225664012134075164794921875" lon="-86.81673011742532253265380859375">
        <ele>0</ele>
        <time>2026-03-19T16:31:33.000Z</time>
        <extensions>
          <ns3:TrackPointExtension>
            <ns3:hr>87</ns3:hr>
          </ns3:TrackPointExtension>
        </extensions>
      </trkpt>
      <trkpt lat="21.3225493021309375762939453125" lon="-86.816922985017299652099609375">
        <ele>0</ele>
        <time>2026-03-19T16:31:37.000Z</time>
        <extensions>
          <ns3:TrackPointExtension>
            <ns3:hr>88</ns3:hr>
          </ns3:TrackPointExtension>
        </extensions>
      </trkpt>
      <trkpt lat="21.3225268386304378509521484375" lon="-86.817088611423969268798828125">
        <ele>0</ele>
        <time>2026-03-19T16:31:40.000Z</time>
        <extensions>
          <ns3:TrackPointExtension>
            <ns3:hr>90</ns3:hr>
          </ns3:TrackPointExtension>
        </extensions>
      </trkpt>
      <trkpt lat="21.32247730158269405364990234375" lon="-86.8171521462500095367431640625">
        <ele>0</ele>
        <time>2026-03-19T16:31:42.000Z</time>
        <extensions>
          <ns3:TrackPointExtension>
            <ns3:hr>90</ns3:hr>
          </ns3:TrackPointExtension>
        </extensions>
      </trkpt>
      <trkpt lat="21.3224490545690059661865234375" lon="-86.81713831610977649688720703125">
        <ele>0</ele>
        <time>2026-03-19T16:31:44.000Z</time>
        <extensions>
          <ns3:TrackPointExtension>
            <ns3:hr>90</ns3:hr>
          </ns3:TrackPointExtension>
        </extensions>
      </trkpt>
      <trkpt lat="21.32243623025715351104736328125" lon="-86.8170257471501827239990234375">
        <ele>0</ele>
        <time>2026-03-19T16:31:47.000Z</time>
        <extensions>
          <ns3:TrackPointExtension>
            <ns3:hr>91</ns3:hr>
          </ns3:TrackPointExtension>
        </extensions>
      </trkpt>
      <trkpt lat="21.32243120111525058746337890625" lon="-86.8169372342526912689208984375">
        <ele>0</ele>
        <time>2026-03-19T16:31:49.000Z</time>
        <extensions>
          <ns3:TrackPointExtension>
            <ns3:hr>94</ns3:hr>
          </ns3:TrackPointExtension>
        </extensions>
      </trkpt>
      <trkpt lat="21.3224245794117450714111328125" lon="-86.81674051098525524139404296875">
        <ele>0</ele>
        <time>2026-03-19T16:31:53.000Z</time>
        <extensions>
          <ns3:TrackPointExtension>
            <ns3:hr>93</ns3:hr>
          </ns3:TrackPointExtension>
        </extensions>
      </trkpt>
      <trkpt lat="21.32242918945848941802978515625" lon="-86.81669407524168491363525390625">
        <ele>0</ele>
        <time>2026-03-19T16:31:54.000Z</time>
        <extensions>
          <ns3:TrackPointExtension>
            <ns3:hr>93</ns3:hr>
          </ns3:TrackPointExtension>
        </extensions>
      </trkpt>
      <trkpt lat="21.32240622304379940032958984375" lon="-86.816561222076416015625">
        <ele>0</ele>
        <time>2026-03-19T16:31:58.000Z</time>
        <extensions>
          <ns3:TrackPointExtension>
            <ns3:hr>93</ns3:hr>
          </ns3:TrackPointExtension>
        </extensions>
      </trkpt>
      <trkpt lat="21.32238484919071197509765625" lon="-86.81641973555088043212890625">
        <ele>0</ele>
        <time>2026-03-19T16:32:01.000Z</time>
        <extensions>
          <ns3:TrackPointExtension>
            <ns3:hr>93</ns3:hr>
          </ns3:TrackPointExtension>
        </extensions>
      </trkpt>
      <trkpt lat="21.322381831705570220947265625" lon="-86.81636919267475605010986328125">
        <ele>0</ele>
        <time>2026-03-19T16:32:02.000Z</time>
        <extensions>
          <ns3:TrackPointExtension>
            <ns3:hr>94</ns3:hr>
          </ns3:TrackPointExtension>
        </extensions>
      </trkpt>
      <trkpt lat="21.3223625533282756805419921875" lon="-86.816164590418338775634765625">
        <ele>0</ele>
        <time>2026-03-19T16:32:06.000Z</time>
        <extensions>
          <ns3:TrackPointExtension>
            <ns3:hr>97</ns3:hr>
          </ns3:TrackPointExtension>
        </extensions>
      </trkpt>
      <trkpt lat="21.32235132157802581787109375" lon="-86.81595328263938426971435546875">
        <ele>0</ele>
        <time>2026-03-19T16:32:10.000Z</time>
        <extensions>
          <ns3:TrackPointExtension>
            <ns3:hr>98</ns3:hr>
          </ns3:TrackPointExtension>
        </extensions>
      </trkpt>
      <trkpt lat="21.322344280779361724853515625" lon="-86.81562471203505992889404296875">
        <ele>0</ele>
        <time>2026-03-19T16:32:16.000Z</time>
        <extensions>
          <ns3:TrackPointExtension>
            <ns3:hr>101</ns3:hr>
          </ns3:TrackPointExtension>
        </extensions>
      </trkpt>
      <trkpt lat="21.32234738208353519439697265625" lon="-86.81557006202638149261474609375">
        <ele>0</ele>
        <time>2026-03-19T16:32:17.000Z</time>
        <extensions>
          <ns3:TrackPointExtension>
            <ns3:hr>99</ns3:hr>
          </ns3:TrackPointExtension>
        </extensions>
      </trkpt>
      <trkpt lat="21.3223545067012310028076171875" lon="-86.8152643740177154541015625">
        <ele>0</ele>
        <time>2026-03-19T16:32:23.000Z</time>
        <extensions>
          <ns3:TrackPointExtension>
            <ns3:hr>101</ns3:hr>
          </ns3:TrackPointExtension>
        </extensions>
      </trkpt>
      <trkpt lat="21.3223649002611637115478515625" lon="-86.8152108974754810333251953125">
        <ele>0</ele>
        <time>2026-03-19T16:32:24.000Z</time>
        <extensions>
          <ns3:TrackPointExtension>
            <ns3:hr>101</ns3:hr>
          </ns3:TrackPointExtension>
        </extensions>
      </trkpt>
      <trkpt lat="21.3223752938210964202880859375" lon="-86.81516219861805438995361328125">
        <ele>0</ele>
        <time>2026-03-19T16:32:25.000Z</time>
        <extensions>
          <ns3:TrackPointExtension>
            <ns3:hr>104</ns3:hr>
          </ns3:TrackPointExtension>
        </extensions>
      </trkpt>
      <trkpt lat="21.3223816640675067901611328125" lon="-86.81511425413191318511962890625">
        <ele>0</ele>
        <time>2026-03-19T16:32:26.000Z</time>
        <extensions>
          <ns3:TrackPointExtension>
            <ns3:hr>101</ns3:hr>
          </ns3:TrackPointExtension>
        </extensions>
      </trkpt>
      <trkpt lat="21.322398595511913299560546875" lon="-86.814915351569652557373046875">
        <ele>0</ele>
        <time>2026-03-19T16:32:30.000Z</time>
        <extensions>
          <ns3:TrackPointExtension>
            <ns3:hr>101</ns3:hr>
          </ns3:TrackPointExtension>
        </extensions>
      </trkpt>
      <trkpt lat="21.32242164574563503265380859375" lon="-86.8145416863262653350830078125">
        <ele>0</ele>
        <time>2026-03-19T16:32:37.000Z</time>
        <extensions>
          <ns3:TrackPointExtension>
            <ns3:hr>106</ns3:hr>
          </ns3:TrackPointExtension>
        </extensions>
      </trkpt>
      <trkpt lat="21.32242374122142791748046875" lon="-86.81448183953762054443359375">
        <ele>0</ele>
        <time>2026-03-19T16:32:38.000Z</time>
        <extensions>
          <ns3:TrackPointExtension>
            <ns3:hr>102</ns3:hr>
          </ns3:TrackPointExtension>
        </extensions>
      </trkpt>
      <trkpt lat="21.32245131768286228179931640625" lon="-86.81419123895466327667236328125">
        <ele>0</ele>
        <time>2026-03-19T16:32:43.000Z</time>
        <extensions>
          <ns3:TrackPointExtension>
            <ns3:hr>104</ns3:hr>
          </ns3:TrackPointExtension>
        </extensions>
      </trkpt>
      <trkpt lat="21.32247327826917171478271484375" lon="-86.813961826264858245849609375">
        <ele>0</ele>
        <time>2026-03-19T16:32:48.000Z</time>
        <extensions>
          <ns3:TrackPointExtension>
            <ns3:hr>103</ns3:hr>
          </ns3:TrackPointExtension>
        </extensions>
      </trkpt>
      <trkpt lat="21.32244729436933994293212890625" lon="-86.8137987144291400909423828125">
        <ele>0</ele>
        <time>2026-03-19T16:32:51.000Z</time>
        <extensions>
          <ns3:TrackPointExtension>
            <ns3:hr>102</ns3:hr>
          </ns3:TrackPointExtension>
        </extensions>
      </trkpt>
      <trkpt lat="21.3224510662257671356201171875" lon="-86.813739873468875885009765625">
        <ele>0</ele>
        <time>2026-03-19T16:32:52.000Z</time>
        <extensions>
          <ns3:TrackPointExtension>
            <ns3:hr>102</ns3:hr>
          </ns3:TrackPointExtension>
        </extensions>
      </trkpt>
      <trkpt lat="21.32247126661241054534912109375" lon="-86.8135351873934268951416015625">
        <ele>0</ele>
        <time>2026-03-19T16:32:57.000Z</time>
        <extensions>
          <ns3:TrackPointExtension>
            <ns3:hr>102</ns3:hr>
          </ns3:TrackPointExtension>
        </extensions>
      </trkpt>
      <trkpt lat="21.322415359318256378173828125" lon="-86.81332907639443874359130859375">
        <ele>0</ele>
        <time>2026-03-19T16:33:02.000Z</time>
        <extensions>
          <ns3:TrackPointExtension>
            <ns3:hr>102</ns3:hr>
          </ns3:TrackPointExtension>
        </extensions>
      </trkpt>
      <trkpt lat="21.3224108330905437469482421875" lon="-86.81326705031096935272216796875">
        <ele>0</ele>
        <time>2026-03-19T16:33:03.000Z</time>
        <extensions>
          <ns3:TrackPointExtension>
            <ns3:hr>102</ns3:hr>
          </ns3:TrackPointExtension>
        </extensions>
      </trkpt>
      <trkpt lat="21.3224141858518123626708984375" lon="-86.81313335895538330078125">
        <ele>0</ele>
        <time>2026-03-19T16:33:05.000Z</time>
        <extensions>
          <ns3:TrackPointExtension>
            <ns3:hr>105</ns3:hr>
          </ns3:TrackPointExtension>
        </extensions>
      </trkpt>
      <trkpt lat="21.32241971790790557861328125" lon="-86.813065968453884124755859375">
        <ele>0</ele>
        <time>2026-03-19T16:33:06.000Z</time>
        <extensions>
          <ns3:TrackPointExtension>
            <ns3:hr>104</ns3:hr>
          </ns3:TrackPointExtension>
        </extensions>
      </trkpt>
      <trkpt lat="21.322429440915584564208984375" lon="-86.81300050579011440277099609375">
        <ele>0</ele>
        <time>2026-03-19T16:33:07.000Z</time>
        <extensions>
          <ns3:TrackPointExtension>
            <ns3:hr>105</ns3:hr>
          </ns3:TrackPointExtension>
        </extensions>
      </trkpt>
      <trkpt lat="21.32245433516800403594970703125" lon="-86.81276656687259674072265625">
        <ele>0</ele>
        <time>2026-03-19T16:33:11.000Z</time>
        <extensions>
          <ns3:TrackPointExtension>
            <ns3:hr>103</ns3:hr>
          </ns3:TrackPointExtension>
        </extensions>
      </trkpt>
      <trkpt lat="21.32249775342643260955810546875" lon="-86.81238426826894283294677734375">
        <ele>0</ele>
        <time>2026-03-19T16:33:18.000Z</time>
        <extensions>
          <ns3:TrackPointExtension>
            <ns3:hr>103</ns3:hr>
          </ns3:TrackPointExtension>
        </extensions>
      </trkpt>
      <trkpt lat="21.3225026987493038177490234375" lon="-86.812335737049579620361328125">
        <ele>0</ele>
        <time>2026-03-19T16:33:19.000Z</time>
        <extensions>
          <ns3:TrackPointExtension>
            <ns3:hr>106</ns3:hr>
          </ns3:TrackPointExtension>
        </extensions>
      </trkpt>
      <trkpt lat="21.3225224800407886505126953125" lon="-86.8121261894702911376953125">
        <ele>0</ele>
        <time>2026-03-19T16:33:23.000Z</time>
        <extensions>
          <ns3:TrackPointExtension>
            <ns3:hr>106</ns3:hr>
          </ns3:TrackPointExtension>
        </extensions>
      </trkpt>
      <trkpt lat="21.32253614254295825958251953125" lon="-86.81179569102823734283447265625">
        <ele>0</ele>
        <time>2026-03-19T16:33:29.000Z</time>
        <extensions>
          <ns3:TrackPointExtension>
            <ns3:hr>102</ns3:hr>
          </ns3:TrackPointExtension>
        </extensions>
      </trkpt>
      <trkpt lat="21.32255005650222301483154296875" lon="-86.81169091723859310150146484375">
        <ele>0</ele>
        <time>2026-03-19T16:33:31.000Z</time>
        <extensions>
          <ns3:TrackPointExtension>
            <ns3:hr>101</ns3:hr>
          </ns3:TrackPointExtension>
        </extensions>
      </trkpt>
      <trkpt lat="21.32256749086081981658935546875" lon="-86.81147952564060688018798828125">
        <ele>0</ele>
        <time>2026-03-19T16:33:36.000Z</time>
        <extensions>
          <ns3:TrackPointExtension>
            <ns3:hr>102</ns3:hr>
          </ns3:TrackPointExtension>
        </extensions>
      </trkpt>
      <trkpt lat="21.322553493082523345947265625" lon="-86.8113988079130649566650390625">
        <ele>0</ele>
        <time>2026-03-19T16:33:40.000Z</time>
        <extensions>
          <ns3:TrackPointExtension>
            <ns3:hr>100</ns3:hr>
          </ns3:TrackPointExtension>
        </extensions>
      </trkpt>
      <trkpt lat="21.322548128664493560791015625" lon="-86.81139327585697174072265625">
        <ele>0</ele>
        <time>2026-03-19T16:33:41.000Z</time>
        <extensions>
          <ns3:TrackPointExtension>
            <ns3:hr>98</ns3:hr>
          </ns3:TrackPointExtension>
        </extensions>
      </trkpt>
      <trkpt lat="21.32252700626850128173828125" lon="-86.81138330139219760894775390625">
        <ele>0</ele>
        <time>2026-03-19T16:33:43.000Z</time>
        <extensions>
          <ns3:TrackPointExtension>
            <ns3:hr>102</ns3:hr>
          </ns3:TrackPointExtension>
        </extensions>
      </trkpt>
      <trkpt lat="21.32249222137033939361572265625" lon="-86.811329908668994903564453125">
        <ele>0</ele>
        <time>2026-03-19T16:33:45.000Z</time>
        <extensions>
          <ns3:TrackPointExtension>
            <ns3:hr>101</ns3:hr>
          </ns3:TrackPointExtension>
        </extensions>
      </trkpt>
      <trkpt lat="21.32246389053761959075927734375" lon="-86.81119001470506191253662109375">
        <ele>0</ele>
        <time>2026-03-19T16:33:48.000Z</time>
        <extensions>
          <ns3:TrackPointExtension>
            <ns3:hr>102</ns3:hr>
          </ns3:TrackPointExtension>
        </extensions>
      </trkpt>
      <trkpt lat="21.32246657274663448333740234375" lon="-86.81114517152309417724609375">
        <ele>0</ele>
        <time>2026-03-19T16:33:49.000Z</time>
        <extensions>
          <ns3:TrackPointExtension>
            <ns3:hr>102</ns3:hr>
          </ns3:TrackPointExtension>
        </extensions>
      </trkpt>
      <trkpt lat="21.3224728591740131378173828125" lon="-86.81098599918186664581298828125">
        <ele>0</ele>
        <time>2026-03-19T16:33:53.000Z</time>
        <extensions>
          <ns3:TrackPointExtension>
            <ns3:hr>99</ns3:hr>
          </ns3:TrackPointExtension>
        </extensions>
      </trkpt>
      <trkpt lat="21.32246020250022411346435546875" lon="-86.8109538964927196502685546875">
        <ele>0</ele>
        <time>2026-03-19T16:33:55.000Z</time>
        <extensions>
          <ns3:TrackPointExtension>
            <ns3:hr>99</ns3:hr>
          </ns3:TrackPointExtension>
        </extensions>
      </trkpt>
      <trkpt lat="21.32241544313728809356689453125" lon="-86.81085054762661457061767578125">
        <ele>0</ele>
        <time>2026-03-19T16:34:00.000Z</time>
        <extensions>
          <ns3:TrackPointExtension>
            <ns3:hr>99</ns3:hr>
          </ns3:TrackPointExtension>
        </extensions>
      </trkpt>
      <trkpt lat="21.32239448837935924530029296875" lon="-86.81078198365867137908935546875">
        <ele>0</ele>
        <time>2026-03-19T16:34:05.000Z</time>
        <extensions>
          <ns3:TrackPointExtension>
            <ns3:hr>99</ns3:hr>
          </ns3:TrackPointExtension>
        </extensions>
      </trkpt>
      <trkpt lat="21.3223372399806976318359375" lon="-86.81068651378154754638671875">
        <ele>0</ele>
        <time>2026-03-19T16:34:10.000Z</time>
        <extensions>
          <ns3:TrackPointExtension>
            <ns3:hr>100</ns3:hr>
          </ns3:TrackPointExtension>
        </extensions>
      </trkpt>
      <trkpt lat="21.32228217087686061859130859375" lon="-86.81050756014883518218994140625">
        <ele>0</ele>
        <time>2026-03-19T16:34:16.000Z</time>
        <extensions>
          <ns3:TrackPointExtension>
            <ns3:hr>101</ns3:hr>
          </ns3:TrackPointExtension>
        </extensions>
      </trkpt>
      <trkpt lat="21.3222408480942249298095703125" lon="-86.81016189046204090118408203125">
        <ele>0</ele>
        <time>2026-03-19T16:34:24.000Z</time>
        <extensions>
          <ns3:TrackPointExtension>
            <ns3:hr>102</ns3:hr>
          </ns3:TrackPointExtension>
        </extensions>
      </trkpt>
      <trkpt lat="21.32224445231258869171142578125" lon="-86.81011042557656764984130859375">
        <ele>0</ele>
        <time>2026-03-19T16:34:25.000Z</time>
        <extensions>
          <ns3:TrackPointExtension>
            <ns3:hr>102</ns3:hr>
          </ns3:TrackPointExtension>
        </extensions>
      </trkpt>
      <trkpt lat="21.32227982394397258758544921875" lon="-86.8099024705588817596435546875">
        <ele>0</ele>
        <time>2026-03-19T16:34:29.000Z</time>
        <extensions>
          <ns3:TrackPointExtension>
            <ns3:hr>104</ns3:hr>
          </ns3:TrackPointExtension>
        </extensions>
      </trkpt>
      <trkpt lat="21.32230144925415515899658203125" lon="-86.80980163626372814178466796875">
        <ele>0</ele>
        <time>2026-03-19T16:34:31.000Z</time>
        <extensions>
          <ns3:TrackPointExtension>
            <ns3:hr>101</ns3:hr>
          </ns3:TrackPointExtension>
        </extensions>
      </trkpt>
      <trkpt lat="21.32232072763144969940185546875" lon="-86.80971153080463409423828125">
        <ele>0</ele>
        <time>2026-03-19T16:34:33.000Z</time>
        <extensions>
          <ns3:TrackPointExtension>
            <ns3:hr>101</ns3:hr>
          </ns3:TrackPointExtension>
        </extensions>
      </trkpt>
      <trkpt lat="21.32232391275465488433837890625" lon="-86.80966861546039581298828125">
        <ele>0</ele>
        <time>2026-03-19T16:34:34.000Z</time>
        <extensions>
          <ns3:TrackPointExtension>
            <ns3:hr>100</ns3:hr>
          </ns3:TrackPointExtension>
        </extensions>
      </trkpt>
      <trkpt lat="21.32232181727886199951171875" lon="-86.809437610208988189697265625">
        <ele>4</ele>
        <time>2026-03-19T16:34:40.000Z</time>
        <extensions>
          <ns3:TrackPointExtension>
            <ns3:hr>101</ns3:hr>
          </ns3:TrackPointExtension>
        </extensions>
      </trkpt>
      <trkpt lat="21.3223253376781940460205078125" lon="-86.80936527438461780548095703125">
        <ele>7.19999980926513671875</ele>
        <time>2026-03-19T16:34:43.000Z</time>
        <extensions>
          <ns3:TrackPointExtension>
            <ns3:hr>100</ns3:hr>
          </ns3:TrackPointExtension>
        </extensions>
      </trkpt>
      <trkpt lat="21.3223085738718509674072265625" lon="-86.80936393328011035919189453125">
        <ele>7.400000095367431640625</ele>
        <time>2026-03-19T16:34:44.000Z</time>
        <extensions>
          <ns3:TrackPointExtension>
            <ns3:hr>99</ns3:hr>
          </ns3:TrackPointExtension>
        </extensions>
      </trkpt>
      <trkpt lat="21.322253756225109100341796875" lon="-86.80940802209079265594482421875">
        <ele>5.400000095367431640625</ele>
        <time>2026-03-19T16:34:46.000Z</time>
        <extensions>
          <ns3:TrackPointExtension>
            <ns3:hr>98</ns3:hr>
          </ns3:TrackPointExtension>
        </extensions>
      </trkpt>
      <trkpt lat="21.32224126718938350677490234375" lon="-86.8094548769295215606689453125">
        <ele>3.2000000476837158203125</ele>
        <time>2026-03-19T16:34:47.000Z</time>
        <extensions>
          <ns3:TrackPointExtension>
            <ns3:hr>98</ns3:hr>
          </ns3:TrackPointExtension>
        </extensions>
      </trkpt>
      <trkpt lat="21.32223975844681262969970703125" lon="-86.80950768291950225830078125">
        <ele>1</ele>
        <time>2026-03-19T16:34:48.000Z</time>
        <extensions>
          <ns3:TrackPointExtension>
            <ns3:hr>98</ns3:hr>
          </ns3:TrackPointExtension>
        </extensions>
      </trkpt>
      <trkpt lat="21.322262473404407501220703125" lon="-86.8096909113228321075439453125">
        <ele>0</ele>
        <time>2026-03-19T16:34:51.000Z</time>
        <extensions>
          <ns3:TrackPointExtension>
            <ns3:hr>97</ns3:hr>
          </ns3:TrackPointExtension>
        </extensions>
      </trkpt>
      <trkpt lat="21.32235811091959476470947265625" lon="-86.8101304583251476287841796875">
        <ele>0</ele>
        <time>2026-03-19T16:34:58.000Z</time>
        <extensions>
          <ns3:TrackPointExtension>
            <ns3:hr>94</ns3:hr>
          </ns3:TrackPointExtension>
        </extensions>
      </trkpt>
      <trkpt lat="21.32243187166750431060791015625" lon="-86.81038669310510158538818359375">
        <ele>0</ele>
        <time>2026-03-19T16:35:02.000Z</time>
        <extensions>
          <ns3:TrackPointExtension>
            <ns3:hr>93</ns3:hr>
          </ns3:TrackPointExtension>
        </extensions>
      </trkpt>
      <trkpt lat="21.322449557483196258544921875" lon="-86.81042994372546672821044921875">
        <ele>0</ele>
        <time>2026-03-19T16:35:03.000Z</time>
        <extensions>
          <ns3:TrackPointExtension>
            <ns3:hr>93</ns3:hr>
          </ns3:TrackPointExtension>
        </extensions>
      </trkpt>
      <trkpt lat="21.3224614597856998443603515625" lon="-86.81047135032713413238525390625">
        <ele>0</ele>
        <time>2026-03-19T16:35:05.000Z</time>
        <extensions>
          <ns3:TrackPointExtension>
            <ns3:hr>91</ns3:hr>
          </ns3:TrackPointExtension>
        </extensions>
      </trkpt>
      <trkpt lat="21.3224396668374538421630859375" lon="-86.81046682409942150115966796875">
        <ele>0</ele>
        <time>2026-03-19T16:35:06.000Z</time>
        <extensions>
          <ns3:TrackPointExtension>
            <ns3:hr>91</ns3:hr>
          </ns3:TrackPointExtension>
        </extensions>
      </trkpt>
      <trkpt lat="21.32239021360874176025390625" lon="-86.810365654528141021728515625">
        <ele>0</ele>
        <time>2026-03-19T16:35:09.000Z</time>
        <extensions>
          <ns3:TrackPointExtension>
            <ns3:hr>93</ns3:hr>
          </ns3:TrackPointExtension>
        </extensions>
      </trkpt>
      <trkpt lat="21.322377808392047882080078125" lon="-86.81027471087872982025146484375">
        <ele>0</ele>
        <time>2026-03-19T16:35:11.000Z</time>
        <extensions>
          <ns3:TrackPointExtension>
            <ns3:hr>97</ns3:hr>
          </ns3:TrackPointExtension>
        </extensions>
      </trkpt>
      <trkpt lat="21.3223679177463054656982421875" lon="-86.81014680303633213043212890625">
        <ele>0</ele>
        <time>2026-03-19T16:35:14.000Z</time>
        <extensions>
          <ns3:TrackPointExtension>
            <ns3:hr>94</ns3:hr>
          </ns3:TrackPointExtension>
        </extensions>
      </trkpt>
      <trkpt lat="21.32236473262310028076171875" lon="-86.810088045895099639892578125">
        <ele>0</ele>
        <time>2026-03-19T16:35:16.000Z</time>
        <extensions>
          <ns3:TrackPointExtension>
            <ns3:hr>95</ns3:hr>
          </ns3:TrackPointExtension>
        </extensions>
      </trkpt>
      <trkpt lat="21.322314105927944183349609375" lon="-86.8099026381969451904296875">
        <ele>0</ele>
        <time>2026-03-19T16:35:21.000Z</time>
        <extensions>
          <ns3:TrackPointExtension>
            <ns3:hr>96</ns3:hr>
          </ns3:TrackPointExtension>
        </extensions>
      </trkpt>
      <trkpt lat="21.32230681367218494415283203125" lon="-86.80970641784369945526123046875">
        <ele>0</ele>
        <time>2026-03-19T16:35:25.000Z</time>
        <extensions>
          <ns3:TrackPointExtension>
            <ns3:hr>92</ns3:hr>
          </ns3:TrackPointExtension>
        </extensions>
      </trkpt>
      <trkpt lat="21.32230077870190143585205078125" lon="-86.809613965451717376708984375">
        <ele>0</ele>
        <time>2026-03-19T16:35:27.000Z</time>
        <extensions>
          <ns3:TrackPointExtension>
            <ns3:hr>95</ns3:hr>
          </ns3:TrackPointExtension>
        </extensions>
      </trkpt>
      <trkpt lat="21.32229792885482311248779296875" lon="-86.80944322608411312103271484375">
        <ele>3.7999999523162841796875</ele>
        <time>2026-03-19T16:35:31.000Z</time>
        <extensions>
          <ns3:TrackPointExtension>
            <ns3:hr>92</ns3:hr>
          </ns3:TrackPointExtension>
        </extensions>
      </trkpt>
      <trkpt lat="21.32229474373161792755126953125" lon="-86.80933292023837566375732421875">
        <ele>8.80000019073486328125</ele>
        <time>2026-03-19T16:35:34.000Z</time>
        <extensions>
          <ns3:TrackPointExtension>
            <ns3:hr>89</ns3:hr>
          </ns3:TrackPointExtension>
        </extensions>
      </trkpt>
      <trkpt lat="21.32229541428387165069580078125" lon="-86.80913141928613185882568359375">
        <ele>9.6000003814697265625</ele>
        <time>2026-03-19T16:35:40.000Z</time>
        <extensions>
          <ns3:TrackPointExtension>
            <ns3:hr>86</ns3:hr>
          </ns3:TrackPointExtension>
        </extensions>
      </trkpt>
      <trkpt lat="21.32230077870190143585205078125" lon="-86.809101998805999755859375">
        <ele>8.6000003814697265625</ele>
        <time>2026-03-19T16:35:41.000Z</time>
        <extensions>
          <ns3:TrackPointExtension>
            <ns3:hr>86</ns3:hr>
          </ns3:TrackPointExtension>
        </extensions>
      </trkpt>
      <trkpt lat="21.32229172624647617340087890625" lon="-86.8090659566223621368408203125">
        <ele>7.400000095367431640625</ele>
        <time>2026-03-19T16:35:43.000Z</time>
        <extensions>
          <ns3:TrackPointExtension>
            <ns3:hr>84</ns3:hr>
          </ns3:TrackPointExtension>
        </extensions>
      </trkpt>
      <trkpt lat="21.3222675025463104248046875" lon="-86.80907123722136020660400390625">
        <ele>7.400000095367431640625</ele>
        <time>2026-03-19T16:35:44.000Z</time>
        <extensions>
          <ns3:TrackPointExtension>
            <ns3:hr>84</ns3:hr>
          </ns3:TrackPointExtension>
        </extensions>
      </trkpt>
      <trkpt lat="21.3222120143473148345947265625" lon="-86.809147931635379791259765625">
        <ele>9.80000019073486328125</ele>
        <time>2026-03-19T16:35:46.000Z</time>
        <extensions>
          <ns3:TrackPointExtension>
            <ns3:hr>84</ns3:hr>
          </ns3:TrackPointExtension>
        </extensions>
      </trkpt>
      <trkpt lat="21.32220002822577953338623046875" lon="-86.80920685641467571258544921875">
        <ele>11.6000003814697265625</ele>
        <time>2026-03-19T16:35:47.000Z</time>
        <extensions>
          <ns3:TrackPointExtension>
            <ns3:hr>80</ns3:hr>
          </ns3:TrackPointExtension>
        </extensions>
      </trkpt>
      <trkpt lat="21.32220187224447727203369140625" lon="-86.80927424691617488861083984375">
        <ele>11.80000019073486328125</ele>
        <time>2026-03-19T16:35:48.000Z</time>
        <extensions>
          <ns3:TrackPointExtension>
            <ns3:hr>82</ns3:hr>
          </ns3:TrackPointExtension>
        </extensions>
      </trkpt>
      <trkpt lat="21.32222131825983524322509765625" lon="-86.8095011450350284576416015625">
        <ele>1.2000000476837158203125</ele>
        <time>2026-03-19T16:35:51.000Z</time>
        <extensions>
          <ns3:TrackPointExtension>
            <ns3:hr>84</ns3:hr>
          </ns3:TrackPointExtension>
        </extensions>
      </trkpt>
      <trkpt lat="21.3222954981029033660888671875" lon="-86.80991328321397304534912109375">
        <ele>0</ele>
        <time>2026-03-19T16:35:57.000Z</time>
        <extensions>
          <ns3:TrackPointExtension>
            <ns3:hr>84</ns3:hr>
          </ns3:TrackPointExtension>
        </extensions>
      </trkpt>
      <trkpt lat="21.32239281199872493743896484375" lon="-86.81031662039458751678466796875">
        <ele>0</ele>
        <time>2026-03-19T16:36:04.000Z</time>
        <extensions>
          <ns3:TrackPointExtension>
            <ns3:hr>83</ns3:hr>
          </ns3:TrackPointExtension>
        </extensions>
      </trkpt>
      <trkpt lat="21.3224205560982227325439453125" lon="-86.81045056320726871490478515625">
        <ele>0</ele>
        <time>2026-03-19T16:36:07.000Z</time>
        <extensions>
          <ns3:TrackPointExtension>
            <ns3:hr>82</ns3:hr>
          </ns3:TrackPointExtension>
        </extensions>
      </trkpt>
      <trkpt lat="21.32241846062242984771728515625" lon="-86.810548044741153717041015625">
        <ele>0</ele>
        <time>2026-03-19T16:36:09.000Z</time>
        <extensions>
          <ns3:TrackPointExtension>
            <ns3:hr>80</ns3:hr>
          </ns3:TrackPointExtension>
        </extensions>
      </trkpt>
      <trkpt lat="21.3224078156054019927978515625" lon="-86.810694895684719085693359375">
        <ele>0</ele>
        <time>2026-03-19T16:36:12.000Z</time>
        <extensions>
          <ns3:TrackPointExtension>
            <ns3:hr>83</ns3:hr>
          </ns3:TrackPointExtension>
        </extensions>
      </trkpt>
      <trkpt lat="21.32239398546516895294189453125" lon="-86.8108107335865497589111328125">
        <ele>0</ele>
        <time>2026-03-19T16:36:14.000Z</time>
        <extensions>
          <ns3:TrackPointExtension>
            <ns3:hr>83</ns3:hr>
          </ns3:TrackPointExtension>
        </extensions>
      </trkpt>
      <trkpt lat="21.32240739651024341583251953125" lon="-86.810993961989879608154296875">
        <ele>0</ele>
        <time>2026-03-19T16:36:17.000Z</time>
        <extensions>
          <ns3:TrackPointExtension>
            <ns3:hr>84</ns3:hr>
          </ns3:TrackPointExtension>
        </extensions>
      </trkpt>
      <trkpt lat="21.32243187166750431060791015625" lon="-86.81109496392309665679931640625">
        <ele>0</ele>
        <time>2026-03-19T16:36:19.000Z</time>
        <extensions>
          <ns3:TrackPointExtension>
            <ns3:hr>82</ns3:hr>
          </ns3:TrackPointExtension>
        </extensions>
      </trkpt>
      <trkpt lat="21.32242969237267971038818359375" lon="-86.811120025813579559326171875">
        <ele>0</ele>
        <time>2026-03-19T16:36:20.000Z</time>
        <extensions>
          <ns3:TrackPointExtension>
            <ns3:hr>81</ns3:hr>
          </ns3:TrackPointExtension>
        </extensions>
      </trkpt>
      <trkpt lat="21.32241141982376575469970703125" lon="-86.81112094782292842864990234375">
        <ele>0</ele>
        <time>2026-03-19T16:36:21.000Z</time>
        <extensions>
          <ns3:TrackPointExtension>
            <ns3:hr>81</ns3:hr>
          </ns3:TrackPointExtension>
        </extensions>
      </trkpt>
      <trkpt lat="21.32237420417368412017822265625" lon="-86.81103042326867580413818359375">
        <ele>0</ele>
        <time>2026-03-19T16:36:24.000Z</time>
        <extensions>
          <ns3:TrackPointExtension>
            <ns3:hr>82</ns3:hr>
          </ns3:TrackPointExtension>
        </extensions>
      </trkpt>
      <trkpt lat="21.32236967794597148895263671875" lon="-86.8109562434256076812744140625">
        <ele>0</ele>
        <time>2026-03-19T16:36:26.000Z</time>
        <extensions>
          <ns3:TrackPointExtension>
            <ns3:hr>79</ns3:hr>
          </ns3:TrackPointExtension>
        </extensions>
      </trkpt>
      <trkpt lat="21.3223350606858730316162109375" lon="-86.810763292014598846435546875">
        <ele>0</ele>
        <time>2026-03-19T16:36:31.000Z</time>
        <extensions>
          <ns3:TrackPointExtension>
            <ns3:hr>77</ns3:hr>
          </ns3:TrackPointExtension>
        </extensions>
      </trkpt>
      <trkpt lat="21.32232340984046459197998046875" lon="-86.81063395924866199493408203125">
        <ele>0</ele>
        <time>2026-03-19T16:36:35.000Z</time>
        <extensions>
          <ns3:TrackPointExtension>
            <ns3:hr>80</ns3:hr>
          </ns3:TrackPointExtension>
        </extensions>
      </trkpt>
      <trkpt lat="21.32231603376567363739013671875" lon="-86.8105632998049259185791015625">
        <ele>0</ele>
        <time>2026-03-19T16:36:37.000Z</time>
        <extensions>
          <ns3:TrackPointExtension>
            <ns3:hr>81</ns3:hr>
          </ns3:TrackPointExtension>
        </extensions>
      </trkpt>
      <trkpt lat="21.32231938652694225311279296875" lon="-86.810474954545497894287109375">
        <ele>0</ele>
        <time>2026-03-19T16:36:42.000Z</time>
        <extensions>
          <ns3:TrackPointExtension>
            <ns3:hr>76</ns3:hr>
          </ns3:TrackPointExtension>
        </extensions>
      </trkpt>
      <trkpt lat="21.3223250024020671844482421875" lon="-86.81046514771878719329833984375">
        <ele>0</ele>
        <time>2026-03-19T16:36:44.000Z</time>
        <extensions>
          <ns3:TrackPointExtension>
            <ns3:hr>72</ns3:hr>
          </ns3:TrackPointExtension>
        </extensions>
      </trkpt>
      <trkpt lat="21.3223374076187610626220703125" lon="-86.8104472942650318145751953125">
        <ele>0</ele>
        <time>2026-03-19T16:36:47.000Z</time>
        <extensions>
          <ns3:TrackPointExtension>
            <ns3:hr>78</ns3:hr>
          </ns3:TrackPointExtension>
        </extensions>
      </trkpt>
      <trkpt lat="21.32234185002744197845458984375" lon="-86.81043698452413082122802734375">
        <ele>0</ele>
        <time>2026-03-19T16:36:48.000Z</time>
        <extensions>
          <ns3:TrackPointExtension>
            <ns3:hr>77</ns3:hr>
          </ns3:TrackPointExtension>
        </extensions>
      </trkpt>
      <trkpt lat="21.32234822027385234832763671875" lon="-86.81042742915451526641845703125">
        <ele>0</ele>
        <time>2026-03-19T16:36:49.000Z</time>
        <extensions>
          <ns3:TrackPointExtension>
            <ns3:hr>78</ns3:hr>
          </ns3:TrackPointExtension>
        </extensions>
      </trkpt>
      <trkpt lat="21.32238929159939289093017578125" lon="-86.81036573834717273712158203125">
        <ele>0</ele>
        <time>2026-03-19T16:36:59.000Z</time>
        <extensions>
          <ns3:TrackPointExtension>
            <ns3:hr>80</ns3:hr>
          </ns3:TrackPointExtension>
        </extensions>
      </trkpt>
      <trkpt lat="21.32237420417368412017822265625" lon="-86.8103425204753875732421875">
        <ele>0</ele>
        <time>2026-03-19T16:37:05.000Z</time>
        <extensions>
          <ns3:TrackPointExtension>
            <ns3:hr>82</ns3:hr>
          </ns3:TrackPointExtension>
        </extensions>
      </trkpt>
      <trkpt lat="21.3223586976528167724609375" lon="-86.81035785935819149017333984375">
        <ele>0</ele>
        <time>2026-03-19T16:37:06.000Z</time>
        <extensions>
          <ns3:TrackPointExtension>
            <ns3:hr>82</ns3:hr>
          </ns3:TrackPointExtension>
        </extensions>
      </trkpt>
      <trkpt lat="21.32235475815832614898681640625" lon="-86.8104177899658679962158203125">
        <ele>0</ele>
        <time>2026-03-19T16:37:08.000Z</time>
        <extensions>
          <ns3:TrackPointExtension>
            <ns3:hr>82</ns3:hr>
          </ns3:TrackPointExtension>
        </extensions>
      </trkpt>
      <trkpt lat="21.32236515171825885772705078125" lon="-86.8105423450469970703125">
        <ele>0</ele>
        <time>2026-03-19T16:37:13.000Z</time>
        <extensions>
          <ns3:TrackPointExtension>
            <ns3:hr>85</ns3:hr>
          </ns3:TrackPointExtension>
        </extensions>
      </trkpt>
      <trkpt lat="21.32236045785248279571533203125" lon="-86.810559444129467010498046875">
        <ele>0</ele>
        <time>2026-03-19T16:37:14.000Z</time>
        <extensions>
          <ns3:TrackPointExtension>
            <ns3:hr>88</ns3:hr>
          </ns3:TrackPointExtension>
        </extensions>
      </trkpt>
      <trkpt lat="21.32235609926283359527587890625" lon="-86.81057176552712917327880859375">
        <ele>0</ele>
        <time>2026-03-19T16:37:15.000Z</time>
        <extensions>
          <ns3:TrackPointExtension>
            <ns3:hr>90</ns3:hr>
          </ns3:TrackPointExtension>
        </extensions>
      </trkpt>
      <trkpt lat="21.3223243318498134613037109375" lon="-86.81069724261760711669921875">
        <ele>0</ele>
        <time>2026-03-19T16:37:19.000Z</time>
        <extensions>
          <ns3:TrackPointExtension>
            <ns3:hr>89</ns3:hr>
          </ns3:TrackPointExtension>
        </extensions>
      </trkpt>
      <trkpt lat="21.32233514450490474700927734375" lon="-86.81083076633512973785400390625">
        <ele>0</ele>
        <time>2026-03-19T16:37:24.000Z</time>
        <extensions>
          <ns3:TrackPointExtension>
            <ns3:hr>89</ns3:hr>
          </ns3:TrackPointExtension>
        </extensions>
      </trkpt>
      <trkpt lat="21.32225451059639453887939453125" lon="-86.81077527813613414764404296875">
        <ele>0</ele>
        <time>2026-03-19T16:37:27.000Z</time>
        <extensions>
          <ns3:TrackPointExtension>
            <ns3:hr>86</ns3:hr>
          </ns3:TrackPointExtension>
        </extensions>
      </trkpt>
      <trkpt lat="21.32220539264380931854248046875" lon="-86.8105559237301349639892578125">
        <ele>0</ele>
        <time>2026-03-19T16:37:31.000Z</time>
        <extensions>
          <ns3:TrackPointExtension>
            <ns3:hr>87</ns3:hr>
          </ns3:TrackPointExtension>
        </extensions>
      </trkpt>
      <trkpt lat="21.32220103405416011810302734375" lon="-86.81050873361527919769287109375">
        <ele>0</ele>
        <time>2026-03-19T16:37:32.000Z</time>
        <extensions>
          <ns3:TrackPointExtension>
            <ns3:hr>84</ns3:hr>
          </ns3:TrackPointExtension>
        </extensions>
      </trkpt>
      <trkpt lat="21.32218359969556331634521484375" lon="-86.81036573834717273712158203125">
        <ele>0</ele>
        <time>2026-03-19T16:37:36.000Z</time>
        <extensions>
          <ns3:TrackPointExtension>
            <ns3:hr>84</ns3:hr>
          </ns3:TrackPointExtension>
        </extensions>
      </trkpt>
      <trkpt lat="21.3221637345850467681884765625" lon="-86.81018267758190631866455078125">
        <ele>0</ele>
        <time>2026-03-19T16:37:41.000Z</time>
        <extensions>
          <ns3:TrackPointExtension>
            <ns3:hr>86</ns3:hr>
          </ns3:TrackPointExtension>
        </extensions>
      </trkpt>
      <trkpt lat="21.32215275429189205169677734375" lon="-86.81005217134952545166015625">
        <ele>0</ele>
        <time>2026-03-19T16:37:44.000Z</time>
        <extensions>
          <ns3:TrackPointExtension>
            <ns3:hr>82</ns3:hr>
          </ns3:TrackPointExtension>
        </extensions>
      </trkpt>
      <trkpt lat="21.32215417921543121337890625" lon="-86.80996835231781005859375">
        <ele>0</ele>
        <time>2026-03-19T16:37:46.000Z</time>
        <extensions>
          <ns3:TrackPointExtension>
            <ns3:hr>79</ns3:hr>
          </ns3:TrackPointExtension>
        </extensions>
      </trkpt>
      <trkpt lat="21.32215359248220920562744140625" lon="-86.80989501066505908966064453125">
        <ele>0</ele>
        <time>2026-03-19T16:37:49.000Z</time>
        <extensions>
          <ns3:TrackPointExtension>
            <ns3:hr>82</ns3:hr>
          </ns3:TrackPointExtension>
        </extensions>
      </trkpt>
      <trkpt lat="21.3221503235399723052978515625" lon="-86.8098830245435237884521484375">
        <ele>0</ele>
        <time>2026-03-19T16:37:50.000Z</time>
        <extensions>
          <ns3:TrackPointExtension>
            <ns3:hr>83</ns3:hr>
          </ns3:TrackPointExtension>
        </extensions>
      </trkpt>
      <trkpt lat="21.322147808969020843505859375" lon="-86.809877492487430572509765625">
        <ele>0</ele>
        <time>2026-03-19T16:37:51.000Z</time>
        <extensions>
          <ns3:TrackPointExtension>
            <ns3:hr>83</ns3:hr>
          </ns3:TrackPointExtension>
        </extensions>
      </trkpt>
      <trkpt lat="21.3221493177115917205810546875" lon="-86.8098612315952777862548828125">
        <ele>0</ele>
        <time>2026-03-19T16:37:54.000Z</time>
        <extensions>
          <ns3:TrackPointExtension>
            <ns3:hr>84</ns3:hr>
          </ns3:TrackPointExtension>
        </extensions>
      </trkpt>
      <trkpt lat="21.32215510122478008270263671875" lon="-86.80984438396990299224853515625">
        <ele>0</ele>
        <time>2026-03-19T16:37:56.000Z</time>
        <extensions>
          <ns3:TrackPointExtension>
            <ns3:hr>83</ns3:hr>
          </ns3:TrackPointExtension>
        </extensions>
      </trkpt>
      <trkpt lat="21.32216247729957103729248046875" lon="-86.8098302185535430908203125">
        <ele>0</ele>
        <time>2026-03-19T16:37:58.000Z</time>
        <extensions>
          <ns3:TrackPointExtension>
            <ns3:hr>80</ns3:hr>
          </ns3:TrackPointExtension>
        </extensions>
      </trkpt>
      <trkpt lat="21.3221736252307891845703125" lon="-86.80978529155254364013671875">
        <ele>0</ele>
        <time>2026-03-19T16:38:03.000Z</time>
        <extensions>
          <ns3:TrackPointExtension>
            <ns3:hr>81</ns3:hr>
          </ns3:TrackPointExtension>
        </extensions>
      </trkpt>
      <trkpt lat="21.322210840880870819091796875" lon="-86.8097264505922794342041015625">
        <ele>0</ele>
        <time>2026-03-19T16:38:10.000Z</time>
        <extensions>
          <ns3:TrackPointExtension>
            <ns3:hr>84</ns3:hr>
          </ns3:TrackPointExtension>
        </extensions>
      </trkpt>
      <trkpt lat="21.3222260959446430206298828125" lon="-86.80969166569411754608154296875">
        <ele>0</ele>
        <time>2026-03-19T16:38:14.000Z</time>
        <extensions>
          <ns3:TrackPointExtension>
            <ns3:hr>87</ns3:hr>
          </ns3:TrackPointExtension>
        </extensions>
      </trkpt>
      <trkpt lat="21.322241686284542083740234375" lon="-86.80964581668376922607421875">
        <ele>0</ele>
        <time>2026-03-19T16:38:19.000Z</time>
        <extensions>
          <ns3:TrackPointExtension>
            <ns3:hr>86</ns3:hr>
          </ns3:TrackPointExtension>
        </extensions>
      </trkpt>
      <trkpt lat="21.32226775400340557098388671875" lon="-86.80956157855689525604248046875">
        <ele>0</ele>
        <time>2026-03-19T16:38:28.000Z</time>
        <extensions>
          <ns3:TrackPointExtension>
            <ns3:hr>87</ns3:hr>
          </ns3:TrackPointExtension>
        </extensions>
      </trkpt>
      <trkpt lat="21.32226808927953243255615234375" lon="-86.809462420642375946044921875">
        <ele>3</ele>
        <time>2026-03-19T16:38:35.000Z</time>
        <extensions>
          <ns3:TrackPointExtension>
            <ns3:hr>88</ns3:hr>
          </ns3:TrackPointExtension>
        </extensions>
      </trkpt>
      <trkpt lat="21.32228367961943149566650390625" lon="-86.80940735153853893280029296875">
        <ele>5.400000095367431640625</ele>
        <time>2026-03-19T16:38:43.000Z</time>
        <extensions>
          <ns3:TrackPointExtension>
            <ns3:hr>86</ns3:hr>
          </ns3:TrackPointExtension>
        </extensions>
      </trkpt>
      <trkpt lat="21.32230664603412151336669921875" lon="-86.8093375302851200103759765625">
        <ele>8.6000003814697265625</ele>
        <time>2026-03-19T16:38:53.000Z</time>
        <extensions>
          <ns3:TrackPointExtension>
            <ns3:hr>87</ns3:hr>
          </ns3:TrackPointExtension>
        </extensions>
      </trkpt>
      <trkpt lat="21.3223662413656711578369140625" lon="-86.80924457497894763946533203125">
        <ele>12.19999980926513671875</ele>
        <time>2026-03-19T16:39:04.000Z</time>
        <extensions>
          <ns3:TrackPointExtension>
            <ns3:hr>87</ns3:hr>
          </ns3:TrackPointExtension>
        </extensions>
      </trkpt>
      <trkpt lat="21.3224115036427974700927734375" lon="-86.809176094830036163330078125">
        <ele>10.19999980926513671875</ele>
        <time>2026-03-19T16:39:13.000Z</time>
        <extensions>
          <ns3:TrackPointExtension>
            <ns3:hr>90</ns3:hr>
          </ns3:TrackPointExtension>
        </extensions>
      </trkpt>
      <trkpt lat="21.32242399267852306365966796875" lon="-86.809154637157917022705078125">
        <ele>9.6000003814697265625</ele>
        <time>2026-03-19T16:39:16.000Z</time>
        <extensions>
          <ns3:TrackPointExtension>
            <ns3:hr>87</ns3:hr>
          </ns3:TrackPointExtension>
        </extensions>
      </trkpt>
      <trkpt lat="21.32242851890623569488525390625" lon="-86.80911633186042308807373046875">
        <ele>8.6000003814697265625</ele>
        <time>2026-03-19T16:39:20.000Z</time>
        <extensions>
          <ns3:TrackPointExtension>
            <ns3:hr>87</ns3:hr>
          </ns3:TrackPointExtension>
        </extensions>
      </trkpt>
      <trkpt lat="21.32243840955197811126708984375" lon="-86.80909990333020687103271484375">
        <ele>8.19999980926513671875</ele>
        <time>2026-03-19T16:39:22.000Z</time>
        <extensions>
          <ns3:TrackPointExtension>
            <ns3:hr>91</ns3:hr>
          </ns3:TrackPointExtension>
        </extensions>
      </trkpt>
      <trkpt lat="21.32245869375765323638916015625" lon="-86.80904977954924106597900390625">
        <ele>6.80000019073486328125</ele>
        <time>2026-03-19T16:39:28.000Z</time>
        <extensions>
          <ns3:TrackPointExtension>
            <ns3:hr>94</ns3:hr>
          </ns3:TrackPointExtension>
        </extensions>
      </trkpt>
      <trkpt lat="21.3224886171519756317138671875" lon="-86.80898356251418590545654296875">
        <ele>4.599999904632568359375</ele>
        <time>2026-03-19T16:39:37.000Z</time>
        <extensions>
          <ns3:TrackPointExtension>
            <ns3:hr>97</ns3:hr>
          </ns3:TrackPointExtension>
        </extensions>
      </trkpt>
      <trkpt lat="21.3224926404654979705810546875" lon="-86.808970235288143157958984375">
        <ele>4.19999980926513671875</ele>
        <time>2026-03-19T16:39:39.000Z</time>
        <extensions>
          <ns3:TrackPointExtension>
            <ns3:hr>98</ns3:hr>
          </ns3:TrackPointExtension>
        </extensions>
      </trkpt>
      <trkpt lat="21.32251585833728313446044921875" lon="-86.808901838958263397216796875">
        <ele>4</ele>
        <time>2026-03-19T16:39:47.000Z</time>
        <extensions>
          <ns3:TrackPointExtension>
            <ns3:hr>98</ns3:hr>
          </ns3:TrackPointExtension>
        </extensions>
      </trkpt>
      <trkpt lat="21.32251250557601451873779296875" lon="-86.8088688142597675323486328125">
        <ele>3.7999999523162841796875</ele>
        <time>2026-03-19T16:39:54.000Z</time>
        <extensions>
          <ns3:TrackPointExtension>
            <ns3:hr>97</ns3:hr>
          </ns3:TrackPointExtension>
        </extensions>
      </trkpt>
      <trkpt lat="21.32251895964145660400390625" lon="-86.80885188281536102294921875">
        <ele>3.599999904632568359375</ele>
        <time>2026-03-19T16:39:59.000Z</time>
        <extensions>
          <ns3:TrackPointExtension>
            <ns3:hr>101</ns3:hr>
          </ns3:TrackPointExtension>
        </extensions>
      </trkpt>
      <trkpt lat="21.32251703180372714996337890625" lon="-86.80884090252220630645751953125">
        <ele>3.599999904632568359375</ele>
        <time>2026-03-19T16:40:01.000Z</time>
        <extensions>
          <ns3:TrackPointExtension>
            <ns3:hr>102</ns3:hr>
          </ns3:TrackPointExtension>
        </extensions>
      </trkpt>
      <trkpt lat="21.322513259947299957275390625" lon="-86.808832101523876190185546875">
        <ele>3.599999904632568359375</ele>
        <time>2026-03-19T16:40:04.000Z</time>
        <extensions>
          <ns3:TrackPointExtension>
            <ns3:hr>105</ns3:hr>
          </ns3:TrackPointExtension>
        </extensions>
      </trkpt>
      <trkpt lat="21.3225067220628261566162109375" lon="-86.808828413486480712890625">
        <ele>3.599999904632568359375</ele>
        <time>2026-03-19T16:40:06.000Z</time>
        <extensions>
          <ns3:TrackPointExtension>
            <ns3:hr>108</ns3:hr>
          </ns3:TrackPointExtension>
        </extensions>
      </trkpt>
      <trkpt lat="21.3225060515105724334716796875" lon="-86.8088242225348949432373046875">
        <ele>3.599999904632568359375</ele>
        <time>2026-03-19T16:40:10.000Z</time>
        <extensions>
          <ns3:TrackPointExtension>
            <ns3:hr>108</ns3:hr>
          </ns3:TrackPointExtension>
        </extensions>
      </trkpt>
      <trkpt lat="21.32249020971357822418212890625" lon="-86.80882866494357585906982421875">
        <ele>3.599999904632568359375</ele>
        <time>2026-03-19T16:40:17.000Z</time>
        <extensions>
          <ns3:TrackPointExtension>
            <ns3:hr>107</ns3:hr>
          </ns3:TrackPointExtension>
        </extensions>
      </trkpt>
      <trkpt lat="21.32246875204145908355712890625" lon="-86.80883176624774932861328125">
        <ele>3.7999999523162841796875</ele>
        <time>2026-03-19T16:40:25.000Z</time>
        <extensions>
          <ns3:TrackPointExtension>
            <ns3:hr>104</ns3:hr>
          </ns3:TrackPointExtension>
        </extensions>
      </trkpt>
      <trkpt lat="21.3224715180695056915283203125" lon="-86.80883838795125484466552734375">
        <ele>3.7999999523162841796875</ele>
        <time>2026-03-19T16:40:26.000Z</time>
        <extensions>
          <ns3:TrackPointExtension>
            <ns3:hr>103</ns3:hr>
          </ns3:TrackPointExtension>
        </extensions>
      </trkpt>
      <trkpt lat="21.322469003498554229736328125" lon="-86.80885297246277332305908203125">
        <ele>4</ele>
        <time>2026-03-19T16:40:32.000Z</time>
        <extensions>
          <ns3:TrackPointExtension>
            <ns3:hr>100</ns3:hr>
          </ns3:TrackPointExtension>
        </extensions>
      </trkpt>
      <trkpt lat="21.3224507309496402740478515625" lon="-86.80887577123939990997314453125">
        <ele>4.19999980926513671875</ele>
        <time>2026-03-19T16:40:35.000Z</time>
        <extensions>
          <ns3:TrackPointExtension>
            <ns3:hr>100</ns3:hr>
          </ns3:TrackPointExtension>
        </extensions>
      </trkpt>
      <trkpt lat="21.32245047949254512786865234375" lon="-86.8088973127305507659912109375">
        <ele>4.400000095367431640625</ele>
        <time>2026-03-19T16:40:36.000Z</time>
        <extensions>
          <ns3:TrackPointExtension>
            <ns3:hr>99</ns3:hr>
          </ns3:TrackPointExtension>
        </extensions>
      </trkpt>
      <trkpt lat="21.32245785556733608245849609375" lon="-86.8089757673442363739013671875">
        <ele>4.80000019073486328125</ele>
        <time>2026-03-19T16:40:40.000Z</time>
        <extensions>
          <ns3:TrackPointExtension>
            <ns3:hr>99</ns3:hr>
          </ns3:TrackPointExtension>
        </extensions>
      </trkpt>
      <trkpt lat="21.3224418461322784423828125" lon="-86.8090979754924774169921875">
        <ele>8.19999980926513671875</ele>
        <time>2026-03-19T16:40:44.000Z</time>
        <extensions>
          <ns3:TrackPointExtension>
            <ns3:hr>99</ns3:hr>
          </ns3:TrackPointExtension>
        </extensions>
      </trkpt>
      <trkpt lat="21.3224235735833644866943359375" lon="-86.809166371822357177734375">
        <ele>10</ele>
        <time>2026-03-19T16:40:48.000Z</time>
        <extensions>
          <ns3:TrackPointExtension>
            <ns3:hr>100</ns3:hr>
          </ns3:TrackPointExtension>
        </extensions>
      </trkpt>
      <trkpt lat="21.32239901460707187652587890625" lon="-86.80922512896358966827392578125">
        <ele>11.3999996185302734375</ele>
        <time>2026-03-19T16:40:50.000Z</time>
        <extensions>
          <ns3:TrackPointExtension>
            <ns3:hr>100</ns3:hr>
          </ns3:TrackPointExtension>
        </extensions>
      </trkpt>
      <trkpt lat="21.32239063270390033721923828125" lon="-86.80931967683136463165283203125">
        <ele>9.19999980926513671875</ele>
        <time>2026-03-19T16:40:52.000Z</time>
        <extensions>
          <ns3:TrackPointExtension>
            <ns3:hr>101</ns3:hr>
          </ns3:TrackPointExtension>
        </extensions>
      </trkpt>
      <trkpt lat="21.322379149496555328369140625" lon="-86.80946485139429569244384765625">
        <ele>2.7999999523162841796875</ele>
        <time>2026-03-19T16:40:56.000Z</time>
        <extensions>
          <ns3:TrackPointExtension>
            <ns3:hr>98</ns3:hr>
          </ns3:TrackPointExtension>
        </extensions>
      </trkpt>
      <trkpt lat="21.32237772457301616668701171875" lon="-86.80950877256691455841064453125">
        <ele>1</ele>
        <time>2026-03-19T16:40:57.000Z</time>
        <extensions>
          <ns3:TrackPointExtension>
            <ns3:hr>100</ns3:hr>
          </ns3:TrackPointExtension>
        </extensions>
      </trkpt>
      <trkpt lat="21.32237286306917667388916015625" lon="-86.80959887802600860595703125">
        <ele>0</ele>
        <time>2026-03-19T16:40:59.000Z</time>
        <extensions>
          <ns3:TrackPointExtension>
            <ns3:hr>100</ns3:hr>
          </ns3:TrackPointExtension>
        </extensions>
      </trkpt>
      <trkpt lat="21.32236934266984462738037109375" lon="-86.80970524437725543975830078125">
        <ele>0</ele>
        <time>2026-03-19T16:41:01.000Z</time>
        <extensions>
          <ns3:TrackPointExtension>
            <ns3:hr>101</ns3:hr>
          </ns3:TrackPointExtension>
        </extensions>
      </trkpt>
      <trkpt lat="21.32239130325615406036376953125" lon="-86.8098277039825916290283203125">
        <ele>0</ele>
        <time>2026-03-19T16:41:03.000Z</time>
        <extensions>
          <ns3:TrackPointExtension>
            <ns3:hr>100</ns3:hr>
          </ns3:TrackPointExtension>
        </extensions>
      </trkpt>
      <trkpt lat="21.3224567659199237823486328125" lon="-86.81014730595052242279052734375">
        <ele>0</ele>
        <time>2026-03-19T16:41:08.000Z</time>
        <extensions>
          <ns3:TrackPointExtension>
            <ns3:hr>100</ns3:hr>
          </ns3:TrackPointExtension>
        </extensions>
      </trkpt>
      <trkpt lat="21.3225127570331096649169921875" lon="-86.81045743636786937713623046875">
        <ele>0</ele>
        <time>2026-03-19T16:41:12.000Z</time>
        <extensions>
          <ns3:TrackPointExtension>
            <ns3:hr>96</ns3:hr>
          </ns3:TrackPointExtension>
        </extensions>
      </trkpt>
      <trkpt lat="21.3225281797349452972412109375" lon="-86.8105344660580158233642578125">
        <ele>0</ele>
        <time>2026-03-19T16:41:13.000Z</time>
        <extensions>
          <ns3:TrackPointExtension>
            <ns3:hr>96</ns3:hr>
          </ns3:TrackPointExtension>
        </extensions>
      </trkpt>
      <trkpt lat="21.322630941867828369140625" lon="-86.81103788316249847412109375">
        <ele>0</ele>
        <time>2026-03-19T16:41:20.000Z</time>
        <extensions>
          <ns3:TrackPointExtension>
            <ns3:hr>94</ns3:hr>
          </ns3:TrackPointExtension>
        </extensions>
      </trkpt>
      <trkpt lat="21.3227531500160694122314453125" lon="-86.81157675571739673614501953125">
        <ele>0</ele>
        <time>2026-03-19T16:41:27.000Z</time>
        <extensions>
          <ns3:TrackPointExtension>
            <ns3:hr>94</ns3:hr>
          </ns3:TrackPointExtension>
        </extensions>
      </trkpt>
      <trkpt lat="21.32285197265446186065673828125" lon="-86.81200020946562290191650390625">
        <ele>0</ele>
        <time>2026-03-19T16:41:32.000Z</time>
        <extensions>
          <ns3:TrackPointExtension>
            <ns3:hr>91</ns3:hr>
          </ns3:TrackPointExtension>
        </extensions>
      </trkpt>
      <trkpt lat="21.322990357875823974609375" lon="-86.8124773912131786346435546875">
        <ele>0</ele>
        <time>2026-03-19T16:41:38.000Z</time>
        <extensions>
          <ns3:TrackPointExtension>
            <ns3:hr>91</ns3:hr>
          </ns3:TrackPointExtension>
        </extensions>
      </trkpt>
      <trkpt lat="21.32300980389118194580078125" lon="-86.81254721246659755706787109375">
        <ele>0</ele>
        <time>2026-03-19T16:41:39.000Z</time>
        <extensions>
          <ns3:TrackPointExtension>
            <ns3:hr>88</ns3:hr>
          </ns3:TrackPointExtension>
        </extensions>
      </trkpt>
      <trkpt lat="21.32302187383174896240234375" lon="-86.8126170337200164794921875">
        <ele>0</ele>
        <time>2026-03-19T16:41:40.000Z</time>
        <extensions>
          <ns3:TrackPointExtension>
            <ns3:hr>90</ns3:hr>
          </ns3:TrackPointExtension>
        </extensions>
      </trkpt>
      <trkpt lat="21.3230066187679767608642578125" lon="-86.81274779140949249267578125">
        <ele>0</ele>
        <time>2026-03-19T16:41:42.000Z</time>
        <extensions>
          <ns3:TrackPointExtension>
            <ns3:hr>90</ns3:hr>
          </ns3:TrackPointExtension>
        </extensions>
      </trkpt>
      <trkpt lat="21.3229729235172271728515625" lon="-86.81284879334270954132080078125">
        <ele>0</ele>
        <time>2026-03-19T16:41:44.000Z</time>
        <extensions>
          <ns3:TrackPointExtension>
            <ns3:hr>91</ns3:hr>
          </ns3:TrackPointExtension>
        </extensions>
      </trkpt>
      <trkpt lat="21.32294702343642711639404296875" lon="-86.812943257391452789306640625">
        <ele>0</ele>
        <time>2026-03-19T16:41:46.000Z</time>
        <extensions>
          <ns3:TrackPointExtension>
            <ns3:hr>90</ns3:hr>
          </ns3:TrackPointExtension>
        </extensions>
      </trkpt>
      <trkpt lat="21.32294987328350543975830078125" lon="-86.81305297650396823883056640625">
        <ele>0</ele>
        <time>2026-03-19T16:41:48.000Z</time>
        <extensions>
          <ns3:TrackPointExtension>
            <ns3:hr>90</ns3:hr>
          </ns3:TrackPointExtension>
        </extensions>
      </trkpt>
      <trkpt lat="21.3229680620133876800537109375" lon="-86.81313947774469852447509765625">
        <ele>0</ele>
        <time>2026-03-19T16:41:50.000Z</time>
        <extensions>
          <ns3:TrackPointExtension>
            <ns3:hr>90</ns3:hr>
          </ns3:TrackPointExtension>
        </extensions>
      </trkpt>
      <trkpt lat="21.32296144030988216400146484375" lon="-86.81316780857741832733154296875">
        <ele>0</ele>
        <time>2026-03-19T16:41:52.000Z</time>
        <extensions>
          <ns3:TrackPointExtension>
            <ns3:hr>89</ns3:hr>
          </ns3:TrackPointExtension>
        </extensions>
      </trkpt>
      <trkpt lat="21.3229482807219028472900390625" lon="-86.8131533078849315643310546875">
        <ele>0</ele>
        <time>2026-03-19T16:41:53.000Z</time>
        <extensions>
          <ns3:TrackPointExtension>
            <ns3:hr>90</ns3:hr>
          </ns3:TrackPointExtension>
        </extensions>
      </trkpt>
      <trkpt lat="21.32291592657566070556640625" lon="-86.8130956403911113739013671875">
        <ele>0</ele>
        <time>2026-03-19T16:41:58.000Z</time>
        <extensions>
          <ns3:TrackPointExtension>
            <ns3:hr>90</ns3:hr>
          </ns3:TrackPointExtension>
        </extensions>
      </trkpt>
      <trkpt lat="21.32283546030521392822265625" lon="-86.81297536008059978485107421875">
        <ele>0</ele>
        <time>2026-03-19T16:42:03.000Z</time>
        <extensions>
          <ns3:TrackPointExtension>
            <ns3:hr>90</ns3:hr>
          </ns3:TrackPointExtension>
        </extensions>
      </trkpt>
      <trkpt lat="21.3227739371359348297119140625" lon="-86.81283689104020595550537109375">
        <ele>0</ele>
        <time>2026-03-19T16:42:07.000Z</time>
        <extensions>
          <ns3:TrackPointExtension>
            <ns3:hr>89</ns3:hr>
          </ns3:TrackPointExtension>
        </extensions>
      </trkpt>
      <trkpt lat="21.32270311005413532257080078125" lon="-86.81267880834639072418212890625">
        <ele>0</ele>
        <time>2026-03-19T16:42:12.000Z</time>
        <extensions>
          <ns3:TrackPointExtension>
            <ns3:hr>89</ns3:hr>
          </ns3:TrackPointExtension>
        </extensions>
      </trkpt>
      <trkpt lat="21.322668492794036865234375" lon="-86.81262097321450710296630859375">
        <ele>0</ele>
        <time>2026-03-19T16:42:14.000Z</time>
        <extensions>
          <ns3:TrackPointExtension>
            <ns3:hr>92</ns3:hr>
          </ns3:TrackPointExtension>
        </extensions>
      </trkpt>
      <trkpt lat="21.3226287625730037689208984375" lon="-86.81250362657010555267333984375">
        <ele>0</ele>
        <time>2026-03-19T16:42:17.000Z</time>
        <extensions>
          <ns3:TrackPointExtension>
            <ns3:hr>87</ns3:hr>
          </ns3:TrackPointExtension>
        </extensions>
      </trkpt>
      <trkpt lat="21.32261308841407299041748046875" lon="-86.81243187747895717620849609375">
        <ele>0</ele>
        <time>2026-03-19T16:42:19.000Z</time>
        <extensions>
          <ns3:TrackPointExtension>
            <ns3:hr>91</ns3:hr>
          </ns3:TrackPointExtension>
        </extensions>
      </trkpt>
      <trkpt lat="21.3225721009075641632080078125" lon="-86.812308914959430694580078125">
        <ele>0</ele>
        <time>2026-03-19T16:42:22.000Z</time>
        <extensions>
          <ns3:TrackPointExtension>
            <ns3:hr>92</ns3:hr>
          </ns3:TrackPointExtension>
        </extensions>
      </trkpt>
      <trkpt lat="21.322564221918582916259765625" lon="-86.8122551031410694122314453125">
        <ele>0</ele>
        <time>2026-03-19T16:42:23.000Z</time>
        <extensions>
          <ns3:TrackPointExtension>
            <ns3:hr>93</ns3:hr>
          </ns3:TrackPointExtension>
        </extensions>
      </trkpt>
      <trkpt lat="21.322544105350971221923828125" lon="-86.81208536960184574127197265625">
        <ele>0</ele>
        <time>2026-03-19T16:42:27.000Z</time>
        <extensions>
          <ns3:TrackPointExtension>
            <ns3:hr>90</ns3:hr>
          </ns3:TrackPointExtension>
        </extensions>
      </trkpt>
      <trkpt lat="21.3225228153169155120849609375" lon="-86.8119905702769756317138671875">
        <ele>0</ele>
        <time>2026-03-19T16:42:29.000Z</time>
        <extensions>
          <ns3:TrackPointExtension>
            <ns3:hr>90</ns3:hr>
          </ns3:TrackPointExtension>
        </extensions>
      </trkpt>
      <trkpt lat="21.32250915281474590301513671875" lon="-86.81188604794442653656005859375">
        <ele>0</ele>
        <time>2026-03-19T16:42:31.000Z</time>
        <extensions>
          <ns3:TrackPointExtension>
            <ns3:hr>86</ns3:hr>
          </ns3:TrackPointExtension>
        </extensions>
      </trkpt>
      <trkpt lat="21.32248300127685070037841796875" lon="-86.8117753230035305023193359375">
        <ele>0</ele>
        <time>2026-03-19T16:42:33.000Z</time>
        <extensions>
          <ns3:TrackPointExtension>
            <ns3:hr>85</ns3:hr>
          </ns3:TrackPointExtension>
        </extensions>
      </trkpt>
      <trkpt lat="21.3224654830992221832275390625" lon="-86.81171514093875885009765625">
        <ele>0</ele>
        <time>2026-03-19T16:42:34.000Z</time>
        <extensions>
          <ns3:TrackPointExtension>
            <ns3:hr>84</ns3:hr>
          </ns3:TrackPointExtension>
        </extensions>
      </trkpt>
      <trkpt lat="21.32245450280606746673583984375" lon="-86.81165286339819431304931640625">
        <ele>0</ele>
        <time>2026-03-19T16:42:35.000Z</time>
        <extensions>
          <ns3:TrackPointExtension>
            <ns3:hr>85</ns3:hr>
          </ns3:TrackPointExtension>
        </extensions>
      </trkpt>
      <trkpt lat="21.322443187236785888671875" lon="-86.81140610016882419586181640625">
        <ele>0</ele>
        <time>2026-03-19T16:42:39.000Z</time>
        <extensions>
          <ns3:TrackPointExtension>
            <ns3:hr>83</ns3:hr>
          </ns3:TrackPointExtension>
        </extensions>
      </trkpt>
      <trkpt lat="21.322460286319255828857421875" lon="-86.81110301055014133453369140625">
        <ele>0</ele>
        <time>2026-03-19T16:42:45.000Z</time>
        <extensions>
          <ns3:TrackPointExtension>
            <ns3:hr>85</ns3:hr>
          </ns3:TrackPointExtension>
        </extensions>
      </trkpt>
      <trkpt lat="21.32244427688419818878173828125" lon="-86.81090469472110271453857421875">
        <ele>0</ele>
        <time>2026-03-19T16:42:51.000Z</time>
        <extensions>
          <ns3:TrackPointExtension>
            <ns3:hr>83</ns3:hr>
          </ns3:TrackPointExtension>
        </extensions>
      </trkpt>
      <trkpt lat="21.32241569459438323974609375" lon="-86.81077301502227783203125">
        <ele>0</ele>
        <time>2026-03-19T16:42:56.000Z</time>
        <extensions>
          <ns3:TrackPointExtension>
            <ns3:hr>85</ns3:hr>
          </ns3:TrackPointExtension>
        </extensions>
      </trkpt>
      <trkpt lat="21.32239046506583690643310546875" lon="-86.81074208579957485198974609375">
        <ele>0</ele>
        <time>2026-03-19T16:42:59.000Z</time>
        <extensions>
          <ns3:TrackPointExtension>
            <ns3:hr>86</ns3:hr>
          </ns3:TrackPointExtension>
        </extensions>
      </trkpt>
      <trkpt lat="21.3223736174404621124267578125" lon="-86.810722053050994873046875">
        <ele>0</ele>
        <time>2026-03-19T16:43:00.000Z</time>
        <extensions>
          <ns3:TrackPointExtension>
            <ns3:hr>86</ns3:hr>
          </ns3:TrackPointExtension>
        </extensions>
      </trkpt>
      <trkpt lat="21.32233925163745880126953125" lon="-86.81061535142362117767333984375">
        <ele>0</ele>
        <time>2026-03-19T16:43:03.000Z</time>
        <extensions>
          <ns3:TrackPointExtension>
            <ns3:hr>88</ns3:hr>
          </ns3:TrackPointExtension>
        </extensions>
      </trkpt>
      <trkpt lat="21.3223400898277759552001953125" lon="-86.8105850927531719207763671875">
        <ele>0</ele>
        <time>2026-03-19T16:43:04.000Z</time>
        <extensions>
          <ns3:TrackPointExtension>
            <ns3:hr>85</ns3:hr>
          </ns3:TrackPointExtension>
        </extensions>
      </trkpt>
      <trkpt lat="21.32233765907585620880126953125" lon="-86.81055106222629547119140625">
        <ele>0</ele>
        <time>2026-03-19T16:43:06.000Z</time>
        <extensions>
          <ns3:TrackPointExtension>
            <ns3:hr>85</ns3:hr>
          </ns3:TrackPointExtension>
        </extensions>
      </trkpt>
      <trkpt lat="21.32233011536300182342529296875" lon="-86.81054846383631229400634765625">
        <ele>0</ele>
        <time>2026-03-19T16:43:07.000Z</time>
        <extensions>
          <ns3:TrackPointExtension>
            <ns3:hr>87</ns3:hr>
          </ns3:TrackPointExtension>
        </extensions>
      </trkpt>
      <trkpt lat="21.32227328605949878692626953125" lon="-86.81052750907838344573974609375">
        <ele>0</ele>
        <time>2026-03-19T16:43:10.000Z</time>
        <extensions>
          <ns3:TrackPointExtension>
            <ns3:hr>88</ns3:hr>
          </ns3:TrackPointExtension>
        </extensions>
      </trkpt>
      <trkpt lat="21.322253085672855377197265625" lon="-86.810497082769870758056640625">
        <ele>0</ele>
        <time>2026-03-19T16:43:11.000Z</time>
        <extensions>
          <ns3:TrackPointExtension>
            <ns3:hr>88</ns3:hr>
          </ns3:TrackPointExtension>
        </extensions>
      </trkpt>
      <trkpt lat="21.32223690859973430633544921875" lon="-86.8103343062102794647216796875">
        <ele>0</ele>
        <time>2026-03-19T16:43:15.000Z</time>
        <extensions>
          <ns3:TrackPointExtension>
            <ns3:hr>90</ns3:hr>
          </ns3:TrackPointExtension>
        </extensions>
      </trkpt>
      <trkpt lat="21.322240345180034637451171875" lon="-86.8101338110864162445068359375">
        <ele>0</ele>
        <time>2026-03-19T16:43:21.000Z</time>
        <extensions>
          <ns3:TrackPointExtension>
            <ns3:hr>90</ns3:hr>
          </ns3:TrackPointExtension>
        </extensions>
      </trkpt>
      <trkpt lat="21.32222886197268962860107421875" lon="-86.81012182496488094329833984375">
        <ele>0</ele>
        <time>2026-03-19T16:43:22.000Z</time>
        <extensions>
          <ns3:TrackPointExtension>
            <ns3:hr>90</ns3:hr>
          </ns3:TrackPointExtension>
        </extensions>
      </trkpt>
      <trkpt lat="21.3222076557576656341552734375" lon="-86.810125596821308135986328125">
        <ele>0</ele>
        <time>2026-03-19T16:43:23.000Z</time>
        <extensions>
          <ns3:TrackPointExtension>
            <ns3:hr>90</ns3:hr>
          </ns3:TrackPointExtension>
        </extensions>
      </trkpt>
      <trkpt lat="21.32214738987386226654052734375" lon="-86.81019223295152187347412109375">
        <ele>0</ele>
        <time>2026-03-19T16:43:25.000Z</time>
        <extensions>
          <ns3:TrackPointExtension>
            <ns3:hr>88</ns3:hr>
          </ns3:TrackPointExtension>
        </extensions>
      </trkpt>
      <trkpt lat="21.32213406264781951904296875" lon="-86.81024420075118541717529296875">
        <ele>0</ele>
        <time>2026-03-19T16:43:26.000Z</time>
        <extensions>
          <ns3:TrackPointExtension>
            <ns3:hr>88</ns3:hr>
          </ns3:TrackPointExtension>
        </extensions>
      </trkpt>
      <trkpt lat="21.32212341763079166412353515625" lon="-86.810371689498424530029296875">
        <ele>0</ele>
        <time>2026-03-19T16:43:28.000Z</time>
        <extensions>
          <ns3:TrackPointExtension>
            <ns3:hr>88</ns3:hr>
          </ns3:TrackPointExtension>
        </extensions>
      </trkpt>
      <trkpt lat="21.32212861441075801849365234375" lon="-86.81044603697955608367919921875">
        <ele>0</ele>
        <time>2026-03-19T16:43:29.000Z</time>
        <extensions>
          <ns3:TrackPointExtension>
            <ns3:hr>85</ns3:hr>
          </ns3:TrackPointExtension>
        </extensions>
      </trkpt>
      <trkpt lat="21.32213942706584930419921875" lon="-86.810523569583892822265625">
        <ele>0</ele>
        <time>2026-03-19T16:43:30.000Z</time>
        <extensions>
          <ns3:TrackPointExtension>
            <ns3:hr>86</ns3:hr>
          </ns3:TrackPointExtension>
        </extensions>
      </trkpt>
      <trkpt lat="21.32223607040941715240478515625" lon="-86.8109445087611675262451171875">
        <ele>0</ele>
        <time>2026-03-19T16:43:35.000Z</time>
        <extensions>
          <ns3:TrackPointExtension>
            <ns3:hr>84</ns3:hr>
          </ns3:TrackPointExtension>
        </extensions>
      </trkpt>
      <trkpt lat="21.32236070930957794189453125" lon="-86.8114916794002056121826171875">
        <ele>0</ele>
        <time>2026-03-19T16:43:41.000Z</time>
        <extensions>
          <ns3:TrackPointExtension>
            <ns3:hr>86</ns3:hr>
          </ns3:TrackPointExtension>
        </extensions>
      </trkpt>
      <trkpt lat="21.32238619029521942138671875" lon="-86.81157876737415790557861328125">
        <ele>0</ele>
        <time>2026-03-19T16:43:42.000Z</time>
        <extensions>
          <ns3:TrackPointExtension>
            <ns3:hr>84</ns3:hr>
          </ns3:TrackPointExtension>
        </extensions>
      </trkpt>
      <trkpt lat="21.32243170402944087982177734375" lon="-86.81175671517848968505859375">
        <ele>0</ele>
        <time>2026-03-19T16:43:44.000Z</time>
        <extensions>
          <ns3:TrackPointExtension>
            <ns3:hr>87</ns3:hr>
          </ns3:TrackPointExtension>
        </extensions>
      </trkpt>
      <trkpt lat="21.3225384056568145751953125" lon="-86.8121095933020114898681640625">
        <ele>0</ele>
        <time>2026-03-19T16:43:48.000Z</time>
        <extensions>
          <ns3:TrackPointExtension>
            <ns3:hr>88</ns3:hr>
          </ns3:TrackPointExtension>
        </extensions>
      </trkpt>
      <trkpt lat="21.3226726837456226348876953125" lon="-86.81249842979013919830322265625">
        <ele>0</ele>
        <time>2026-03-19T16:43:53.000Z</time>
        <extensions>
          <ns3:TrackPointExtension>
            <ns3:hr>91</ns3:hr>
          </ns3:TrackPointExtension>
        </extensions>
      </trkpt>
      <trkpt lat="21.32269120775163173675537109375" lon="-86.8125685863196849822998046875">
        <ele>0</ele>
        <time>2026-03-19T16:43:54.000Z</time>
        <extensions>
          <ns3:TrackPointExtension>
            <ns3:hr>90</ns3:hr>
          </ns3:TrackPointExtension>
        </extensions>
      </trkpt>
      <trkpt lat="21.322737224400043487548828125" lon="-86.81287175975739955902099609375">
        <ele>0</ele>
        <time>2026-03-19T16:43:58.000Z</time>
        <extensions>
          <ns3:TrackPointExtension>
            <ns3:hr>93</ns3:hr>
          </ns3:TrackPointExtension>
        </extensions>
      </trkpt>
      <trkpt lat="21.322741918265819549560546875" lon="-86.81303101591765880584716796875">
        <ele>0</ele>
        <time>2026-03-19T16:44:00.000Z</time>
        <extensions>
          <ns3:TrackPointExtension>
            <ns3:hr>92</ns3:hr>
          </ns3:TrackPointExtension>
        </extensions>
      </trkpt>
      <trkpt lat="21.322743929922580718994140625" lon="-86.8131978996098041534423828125">
        <ele>0</ele>
        <time>2026-03-19T16:44:02.000Z</time>
        <extensions>
          <ns3:TrackPointExtension>
            <ns3:hr>93</ns3:hr>
          </ns3:TrackPointExtension>
        </extensions>
      </trkpt>
      <trkpt lat="21.32277854718267917633056640625" lon="-86.81350341998040676116943359375">
        <ele>0</ele>
        <time>2026-03-19T16:44:06.000Z</time>
        <extensions>
          <ns3:TrackPointExtension>
            <ns3:hr>93</ns3:hr>
          </ns3:TrackPointExtension>
        </extensions>
      </trkpt>
      <trkpt lat="21.3227920420467853546142578125" lon="-86.81366368196904659271240234375">
        <ele>0</ele>
        <time>2026-03-19T16:44:08.000Z</time>
        <extensions>
          <ns3:TrackPointExtension>
            <ns3:hr>92</ns3:hr>
          </ns3:TrackPointExtension>
        </extensions>
      </trkpt>
      <trkpt lat="21.32276915945112705230712890625" lon="-86.8138074316084384918212890625">
        <ele>0</ele>
        <time>2026-03-19T16:44:10.000Z</time>
        <extensions>
          <ns3:TrackPointExtension>
            <ns3:hr>93</ns3:hr>
          </ns3:TrackPointExtension>
        </extensions>
      </trkpt>
      <trkpt lat="21.322710402309894561767578125" lon="-86.81394129060208797454833984375">
        <ele>0</ele>
        <time>2026-03-19T16:44:12.000Z</time>
        <extensions>
          <ns3:TrackPointExtension>
            <ns3:hr>93</ns3:hr>
          </ns3:TrackPointExtension>
        </extensions>
      </trkpt>
      <trkpt lat="21.32267628796398639678955078125" lon="-86.81407908909022808074951171875">
        <ele>0</ele>
        <time>2026-03-19T16:44:14.000Z</time>
        <extensions>
          <ns3:TrackPointExtension>
            <ns3:hr>93</ns3:hr>
          </ns3:TrackPointExtension>
        </extensions>
      </trkpt>
      <trkpt lat="21.322666816413402557373046875" lon="-86.814158968627452850341796875">
        <ele>0</ele>
        <time>2026-03-19T16:44:15.000Z</time>
        <extensions>
          <ns3:TrackPointExtension>
            <ns3:hr>93</ns3:hr>
          </ns3:TrackPointExtension>
        </extensions>
      </trkpt>
      <trkpt lat="21.32268098182976245880126953125" lon="-86.81441470049321651458740234375">
        <ele>0</ele>
        <time>2026-03-19T16:44:18.000Z</time>
        <extensions>
          <ns3:TrackPointExtension>
            <ns3:hr>94</ns3:hr>
          </ns3:TrackPointExtension>
        </extensions>
      </trkpt>
      <trkpt lat="21.32277972064912319183349609375" lon="-86.8148276768624782562255859375">
        <ele>0</ele>
        <time>2026-03-19T16:44:23.000Z</time>
        <extensions>
          <ns3:TrackPointExtension>
            <ns3:hr>94</ns3:hr>
          </ns3:TrackPointExtension>
        </extensions>
      </trkpt>
      <trkpt lat="21.32282347418367862701416015625" lon="-86.81498416699469089508056640625">
        <ele>0</ele>
        <time>2026-03-19T16:44:25.000Z</time>
        <extensions>
          <ns3:TrackPointExtension>
            <ns3:hr>94</ns3:hr>
          </ns3:TrackPointExtension>
        </extensions>
      </trkpt>
      <trkpt lat="21.32294484414160251617431640625" lon="-86.8152722530066967010498046875">
        <ele>0</ele>
        <time>2026-03-19T16:44:29.000Z</time>
        <extensions>
          <ns3:TrackPointExtension>
            <ns3:hr>94</ns3:hr>
          </ns3:TrackPointExtension>
        </extensions>
      </trkpt>
      <trkpt lat="21.32303528487682342529296875" lon="-86.81547023355960845947265625">
        <ele>0</ele>
        <time>2026-03-19T16:44:32.000Z</time>
        <extensions>
          <ns3:TrackPointExtension>
            <ns3:hr>97</ns3:hr>
          </ns3:TrackPointExtension>
        </extensions>
      </trkpt>
      <trkpt lat="21.3231105543673038482666015625" lon="-86.8156581558287143707275390625">
        <ele>0</ele>
        <time>2026-03-19T16:44:35.000Z</time>
        <extensions>
          <ns3:TrackPointExtension>
            <ns3:hr>95</ns3:hr>
          </ns3:TrackPointExtension>
        </extensions>
      </trkpt>
      <trkpt lat="21.32312606088817119598388671875" lon="-86.81572160683572292327880859375">
        <ele>0</ele>
        <time>2026-03-19T16:44:36.000Z</time>
        <extensions>
          <ns3:TrackPointExtension>
            <ns3:hr>94</ns3:hr>
          </ns3:TrackPointExtension>
        </extensions>
      </trkpt>
      <trkpt lat="21.32312824018299579620361328125" lon="-86.81586091406643390655517578125">
        <ele>0</ele>
        <time>2026-03-19T16:44:38.000Z</time>
        <extensions>
          <ns3:TrackPointExtension>
            <ns3:hr>94</ns3:hr>
          </ns3:TrackPointExtension>
        </extensions>
      </trkpt>
      <trkpt lat="21.32312136702239513397216796875" lon="-86.81592897512018680572509765625">
        <ele>0</ele>
        <time>2026-03-19T16:44:39.000Z</time>
        <extensions>
          <ns3:TrackPointExtension>
            <ns3:hr>95</ns3:hr>
          </ns3:TrackPointExtension>
        </extensions>
      </trkpt>
      <trkpt lat="21.323121450841426849365234375" lon="-86.815978847444057464599609375">
        <ele>0</ele>
        <time>2026-03-19T16:44:40.000Z</time>
        <extensions>
          <ns3:TrackPointExtension>
            <ns3:hr>93</ns3:hr>
          </ns3:TrackPointExtension>
        </extensions>
      </trkpt>
      <trkpt lat="21.3231088779866695404052734375" lon="-86.81601698510348796844482421875">
        <ele>0</ele>
        <time>2026-03-19T16:44:42.000Z</time>
        <extensions>
          <ns3:TrackPointExtension>
            <ns3:hr>95</ns3:hr>
          </ns3:TrackPointExtension>
        </extensions>
      </trkpt>
      <trkpt lat="21.323065459728240966796875" lon="-86.81600726209580898284912109375">
        <ele>0</ele>
        <time>2026-03-19T16:44:44.000Z</time>
        <extensions>
          <ns3:TrackPointExtension>
            <ns3:hr>95</ns3:hr>
          </ns3:TrackPointExtension>
        </extensions>
      </trkpt>
      <trkpt lat="21.32302665151655673980712890625" lon="-86.81597851216793060302734375">
        <ele>0</ele>
        <time>2026-03-19T16:44:45.000Z</time>
        <extensions>
          <ns3:TrackPointExtension>
            <ns3:hr>96</ns3:hr>
          </ns3:TrackPointExtension>
        </extensions>
      </trkpt>
      <trkpt lat="21.32299664430320262908935546875" lon="-86.81593157351016998291015625">
        <ele>0</ele>
        <time>2026-03-19T16:44:46.000Z</time>
        <extensions>
          <ns3:TrackPointExtension>
            <ns3:hr>94</ns3:hr>
          </ns3:TrackPointExtension>
        </extensions>
      </trkpt>
      <trkpt lat="21.32297418080270290374755859375" lon="-86.81586225517094135284423828125">
        <ele>0</ele>
        <time>2026-03-19T16:44:47.000Z</time>
        <extensions>
          <ns3:TrackPointExtension>
            <ns3:hr>97</ns3:hr>
          </ns3:TrackPointExtension>
        </extensions>
      </trkpt>
      <trkpt lat="21.3229569979012012481689453125" lon="-86.8157862313091754913330078125">
        <ele>0</ele>
        <time>2026-03-19T16:44:48.000Z</time>
        <extensions>
          <ns3:TrackPointExtension>
            <ns3:hr>95</ns3:hr>
          </ns3:TrackPointExtension>
        </extensions>
      </trkpt>
      <trkpt lat="21.32287125103175640106201171875" lon="-86.8153644539415836334228515625">
        <ele>0</ele>
        <time>2026-03-19T16:44:54.000Z</time>
        <extensions>
          <ns3:TrackPointExtension>
            <ns3:hr>96</ns3:hr>
          </ns3:TrackPointExtension>
        </extensions>
      </trkpt>
      <trkpt lat="21.32284082472324371337890625" lon="-86.81485005654394626617431640625">
        <ele>0</ele>
        <time>2026-03-19T16:45:02.000Z</time>
        <extensions>
          <ns3:TrackPointExtension>
            <ns3:hr>96</ns3:hr>
          </ns3:TrackPointExtension>
        </extensions>
      </trkpt>
      <trkpt lat="21.32283722050487995147705078125" lon="-86.81467152200639247894287109375">
        <ele>0</ele>
        <time>2026-03-19T16:45:05.000Z</time>
        <extensions>
          <ns3:TrackPointExtension>
            <ns3:hr>99</ns3:hr>
          </ns3:TrackPointExtension>
        </extensions>
      </trkpt>
      <trkpt lat="21.32282833568751811981201171875" lon="-86.8145500682294368743896484375">
        <ele>0</ele>
        <time>2026-03-19T16:45:07.000Z</time>
        <extensions>
          <ns3:TrackPointExtension>
            <ns3:hr>96</ns3:hr>
          </ns3:TrackPointExtension>
        </extensions>
      </trkpt>
      <trkpt lat="21.32283101789653301239013671875" lon="-86.8144913949072360992431640625">
        <ele>0</ele>
        <time>2026-03-19T16:45:08.000Z</time>
        <extensions>
          <ns3:TrackPointExtension>
            <ns3:hr>96</ns3:hr>
          </ns3:TrackPointExtension>
        </extensions>
      </trkpt>
      <trkpt lat="21.32281743921339511871337890625" lon="-86.81425997056066989898681640625">
        <ele>0</ele>
        <time>2026-03-19T16:45:12.000Z</time>
        <extensions>
          <ns3:TrackPointExtension>
            <ns3:hr>93</ns3:hr>
          </ns3:TrackPointExtension>
        </extensions>
      </trkpt>
      <trkpt lat="21.32281408645212650299072265625" lon="-86.814197860658168792724609375">
        <ele>0</ele>
        <time>2026-03-19T16:45:13.000Z</time>
        <extensions>
          <ns3:TrackPointExtension>
            <ns3:hr>96</ns3:hr>
          </ns3:TrackPointExtension>
        </extensions>
      </trkpt>
      <trkpt lat="21.32281140424311161041259765625" lon="-86.81413642130792140960693359375">
        <ele>0</ele>
        <time>2026-03-19T16:45:14.000Z</time>
        <extensions>
          <ns3:TrackPointExtension>
            <ns3:hr>96</ns3:hr>
          </ns3:TrackPointExtension>
        </extensions>
      </trkpt>
      <trkpt lat="21.322805620729923248291015625" lon="-86.813892424106597900390625">
        <ele>0</ele>
        <time>2026-03-19T16:45:18.000Z</time>
        <extensions>
          <ns3:TrackPointExtension>
            <ns3:hr>96</ns3:hr>
          </ns3:TrackPointExtension>
        </extensions>
      </trkpt>
      <trkpt lat="21.32281878031790256500244140625" lon="-86.8137648515403270721435546875">
        <ele>0</ele>
        <time>2026-03-19T16:45:20.000Z</time>
        <extensions>
          <ns3:TrackPointExtension>
            <ns3:hr>96</ns3:hr>
          </ns3:TrackPointExtension>
        </extensions>
      </trkpt>
      <trkpt lat="21.32284861989319324493408203125" lon="-86.81355337612330913543701171875">
        <ele>0</ele>
        <time>2026-03-19T16:45:24.000Z</time>
        <extensions>
          <ns3:TrackPointExtension>
            <ns3:hr>97</ns3:hr>
          </ns3:TrackPointExtension>
        </extensions>
      </trkpt>
      <trkpt lat="21.32284107618033885955810546875" lon="-86.81350911967456340789794921875">
        <ele>0</ele>
        <time>2026-03-19T16:45:25.000Z</time>
        <extensions>
          <ns3:TrackPointExtension>
            <ns3:hr>97</ns3:hr>
          </ns3:TrackPointExtension>
        </extensions>
      </trkpt>
      <trkpt lat="21.32282431237399578094482421875" lon="-86.8132813833653926849365234375">
        <ele>0</ele>
        <time>2026-03-19T16:45:30.000Z</time>
        <extensions>
          <ns3:TrackPointExtension>
            <ns3:hr>97</ns3:hr>
          </ns3:TrackPointExtension>
        </extensions>
      </trkpt>
      <trkpt lat="21.322783492505550384521484375" lon="-86.81298877112567424774169921875">
        <ele>0</ele>
        <time>2026-03-19T16:45:35.000Z</time>
        <extensions>
          <ns3:TrackPointExtension>
            <ns3:hr>96</ns3:hr>
          </ns3:TrackPointExtension>
        </extensions>
      </trkpt>
      <trkpt lat="21.32274988107383251190185546875" lon="-86.81257973425090312957763671875">
        <ele>0</ele>
        <time>2026-03-19T16:45:42.000Z</time>
        <extensions>
          <ns3:TrackPointExtension>
            <ns3:hr>96</ns3:hr>
          </ns3:TrackPointExtension>
        </extensions>
      </trkpt>
      <trkpt lat="21.32268601097166538238525390625" lon="-86.81238426826894283294677734375">
        <ele>0</ele>
        <time>2026-03-19T16:45:46.000Z</time>
        <extensions>
          <ns3:TrackPointExtension>
            <ns3:hr>96</ns3:hr>
          </ns3:TrackPointExtension>
        </extensions>
      </trkpt>
      <trkpt lat="21.3226703368127346038818359375" lon="-86.812241189181804656982421875">
        <ele>0</ele>
        <time>2026-03-19T16:45:48.000Z</time>
        <extensions>
          <ns3:TrackPointExtension>
            <ns3:hr>95</ns3:hr>
          </ns3:TrackPointExtension>
        </extensions>
      </trkpt>
      <trkpt lat="21.32267318665981292724609375" lon="-86.81217438541352748870849609375">
        <ele>0</ele>
        <time>2026-03-19T16:45:49.000Z</time>
        <extensions>
          <ns3:TrackPointExtension>
            <ns3:hr>96</ns3:hr>
          </ns3:TrackPointExtension>
        </extensions>
      </trkpt>
      <trkpt lat="21.3226807303726673126220703125" lon="-86.81205418892204761505126953125">
        <ele>0</ele>
        <time>2026-03-19T16:45:51.000Z</time>
        <extensions>
          <ns3:TrackPointExtension>
            <ns3:hr>97</ns3:hr>
          </ns3:TrackPointExtension>
        </extensions>
      </trkpt>
      <trkpt lat="21.32266907952725887298583984375" lon="-86.81193784810602664947509765625">
        <ele>0</ele>
        <time>2026-03-19T16:45:53.000Z</time>
        <extensions>
          <ns3:TrackPointExtension>
            <ns3:hr>95</ns3:hr>
          </ns3:TrackPointExtension>
        </extensions>
      </trkpt>
      <trkpt lat="21.32263035513460636138916015625" lon="-86.81157910265028476715087890625">
        <ele>0</ele>
        <time>2026-03-19T16:45:58.000Z</time>
        <extensions>
          <ns3:TrackPointExtension>
            <ns3:hr>95</ns3:hr>
          </ns3:TrackPointExtension>
        </extensions>
      </trkpt>
      <trkpt lat="21.3226257450878620147705078125" lon="-86.81135815568268299102783203125">
        <ele>0</ele>
        <time>2026-03-19T16:46:01.000Z</time>
        <extensions>
          <ns3:TrackPointExtension>
            <ns3:hr>91</ns3:hr>
          </ns3:TrackPointExtension>
        </extensions>
      </trkpt>
      <trkpt lat="21.32262364961206912994384765625" lon="-86.81128908880054950714111328125">
        <ele>0</ele>
        <time>2026-03-19T16:46:02.000Z</time>
        <extensions>
          <ns3:TrackPointExtension>
            <ns3:hr>94</ns3:hr>
          </ns3:TrackPointExtension>
        </extensions>
      </trkpt>
      <trkpt lat="21.32262784056365489959716796875" lon="-86.81110435165464878082275390625">
        <ele>0</ele>
        <time>2026-03-19T16:46:05.000Z</time>
        <extensions>
          <ns3:TrackPointExtension>
            <ns3:hr>94</ns3:hr>
          </ns3:TrackPointExtension>
        </extensions>
      </trkpt>
      <trkpt lat="21.322637312114238739013671875" lon="-86.8107450194656848907470703125">
        <ele>0</ele>
        <time>2026-03-19T16:46:11.000Z</time>
        <extensions>
          <ns3:TrackPointExtension>
            <ns3:hr>91</ns3:hr>
          </ns3:TrackPointExtension>
        </extensions>
      </trkpt>
      <trkpt lat="21.3226458616554737091064453125" lon="-86.8106907047331333160400390625">
        <ele>0</ele>
        <time>2026-03-19T16:46:12.000Z</time>
        <extensions>
          <ns3:TrackPointExtension>
            <ns3:hr>91</ns3:hr>
          </ns3:TrackPointExtension>
        </extensions>
      </trkpt>
      <trkpt lat="21.32265415973961353302001953125" lon="-86.81063764728605747222900390625">
        <ele>0</ele>
        <time>2026-03-19T16:46:13.000Z</time>
        <extensions>
          <ns3:TrackPointExtension>
            <ns3:hr>92</ns3:hr>
          </ns3:TrackPointExtension>
        </extensions>
      </trkpt>
      <trkpt lat="21.32265784777700901031494140625" lon="-86.810470260679721832275390625">
        <ele>0</ele>
        <time>2026-03-19T16:46:16.000Z</time>
        <extensions>
          <ns3:TrackPointExtension>
            <ns3:hr>93</ns3:hr>
          </ns3:TrackPointExtension>
        </extensions>
      </trkpt>
      <trkpt lat="21.32263052277266979217529296875" lon="-86.8103398382663726806640625">
        <ele>0</ele>
        <time>2026-03-19T16:46:18.000Z</time>
        <extensions>
          <ns3:TrackPointExtension>
            <ns3:hr>93</ns3:hr>
          </ns3:TrackPointExtension>
        </extensions>
      </trkpt>
      <trkpt lat="21.32257838733494281768798828125" lon="-86.81012433953583240509033203125">
        <ele>0</ele>
        <time>2026-03-19T16:46:21.000Z</time>
        <extensions>
          <ns3:TrackPointExtension>
            <ns3:hr>92</ns3:hr>
          </ns3:TrackPointExtension>
        </extensions>
      </trkpt>
      <trkpt lat="21.322562210261821746826171875" lon="-86.8099715374410152435302734375">
        <ele>0</ele>
        <time>2026-03-19T16:46:23.000Z</time>
        <extensions>
          <ns3:TrackPointExtension>
            <ns3:hr>94</ns3:hr>
          </ns3:TrackPointExtension>
        </extensions>
      </trkpt>
      <trkpt lat="21.3225674070417881011962890625" lon="-86.8095511011779308319091796875">
        <ele>0</ele>
        <time>2026-03-19T16:46:29.000Z</time>
        <extensions>
          <ns3:TrackPointExtension>
            <ns3:hr>95</ns3:hr>
          </ns3:TrackPointExtension>
        </extensions>
      </trkpt>
      <trkpt lat="21.32260068319737911224365234375" lon="-86.80924591608345508575439453125">
        <ele>5.599999904632568359375</ele>
        <time>2026-03-19T16:46:34.000Z</time>
        <extensions>
          <ns3:TrackPointExtension>
            <ns3:hr>95</ns3:hr>
          </ns3:TrackPointExtension>
        </extensions>
      </trkpt>
      <trkpt lat="21.3226146809756755828857421875" lon="-86.80913963355123996734619140625">
        <ele>5</ele>
        <time>2026-03-19T16:46:36.000Z</time>
        <extensions>
          <ns3:TrackPointExtension>
            <ns3:hr>92</ns3:hr>
          </ns3:TrackPointExtension>
        </extensions>
      </trkpt>
      <trkpt lat="21.32262214086949825286865234375" lon="-86.8090854026377201080322265625">
        <ele>4.599999904632568359375</ele>
        <time>2026-03-19T16:46:37.000Z</time>
        <extensions>
          <ns3:TrackPointExtension>
            <ns3:hr>89</ns3:hr>
          </ns3:TrackPointExtension>
        </extensions>
      </trkpt>
      <trkpt lat="21.322625242173671722412109375" lon="-86.80903485976159572601318359375">
        <ele>3.400000095367431640625</ele>
        <time>2026-03-19T16:46:38.000Z</time>
        <extensions>
          <ns3:TrackPointExtension>
            <ns3:hr>88</ns3:hr>
          </ns3:TrackPointExtension>
        </extensions>
      </trkpt>
      <trkpt lat="21.322612501680850982666015625" lon="-86.80898540653288364410400390625">
        <ele>2.400000095367431640625</ele>
        <time>2026-03-19T16:46:39.000Z</time>
        <extensions>
          <ns3:TrackPointExtension>
            <ns3:hr>88</ns3:hr>
          </ns3:TrackPointExtension>
        </extensions>
      </trkpt>
      <trkpt lat="21.32257796823978424072265625" lon="-86.80895389057695865631103515625">
        <ele>2.7999999523162841796875</ele>
        <time>2026-03-19T16:46:40.000Z</time>
        <extensions>
          <ns3:TrackPointExtension>
            <ns3:hr>87</ns3:hr>
          </ns3:TrackPointExtension>
        </extensions>
      </trkpt>
      <trkpt lat="21.32253932766616344451904296875" lon="-86.808926649391651153564453125">
        <ele>3.599999904632568359375</ele>
        <time>2026-03-19T16:46:41.000Z</time>
        <extensions>
          <ns3:TrackPointExtension>
            <ns3:hr>87</ns3:hr>
          </ns3:TrackPointExtension>
        </extensions>
      </trkpt>
      <trkpt lat="21.32247009314596652984619140625" lon="-86.808893792331218719482421875">
        <ele>4.19999980926513671875</ele>
        <time>2026-03-19T16:46:43.000Z</time>
        <extensions>
          <ns3:TrackPointExtension>
            <ns3:hr>87</ns3:hr>
          </ns3:TrackPointExtension>
        </extensions>
      </trkpt>
      <trkpt lat="21.32246774621307849884033203125" lon="-86.80890494026243686676025390625">
        <ele>4.400000095367431640625</ele>
        <time>2026-03-19T16:46:44.000Z</time>
        <extensions>
          <ns3:TrackPointExtension>
            <ns3:hr>87</ns3:hr>
          </ns3:TrackPointExtension>
        </extensions>
      </trkpt>
      <trkpt lat="21.3224825821816921234130859375" lon="-86.80904374457895755767822265625">
        <ele>6.19999980926513671875</ele>
        <time>2026-03-19T16:46:47.000Z</time>
        <extensions>
          <ns3:TrackPointExtension>
            <ns3:hr>87</ns3:hr>
          </ns3:TrackPointExtension>
        </extensions>
      </trkpt>
      <trkpt lat="21.3224995136260986328125" lon="-86.809108369052410125732421875">
        <ele>7.400000095367431640625</ele>
        <time>2026-03-19T16:46:48.000Z</time>
        <extensions>
          <ns3:TrackPointExtension>
            <ns3:hr>87</ns3:hr>
          </ns3:TrackPointExtension>
        </extensions>
      </trkpt>
      <trkpt lat="21.32256296463310718536376953125" lon="-86.80940198712050914764404296875">
        <ele>0.60000002384185791015625</ele>
        <time>2026-03-19T16:46:53.000Z</time>
        <extensions>
          <ns3:TrackPointExtension>
            <ns3:hr>87</ns3:hr>
          </ns3:TrackPointExtension>
        </extensions>
      </trkpt>
      <trkpt lat="21.322576291859149932861328125" lon="-86.809536181390285491943359375">
        <ele>0</ele>
        <time>2026-03-19T16:46:55.000Z</time>
        <extensions>
          <ns3:TrackPointExtension>
            <ns3:hr>87</ns3:hr>
          </ns3:TrackPointExtension>
        </extensions>
      </trkpt>
      <trkpt lat="21.32265709340572357177734375" lon="-86.80998888798058032989501953125">
        <ele>0</ele>
        <time>2026-03-19T16:47:01.000Z</time>
        <extensions>
          <ns3:TrackPointExtension>
            <ns3:hr>86</ns3:hr>
          </ns3:TrackPointExtension>
        </extensions>
      </trkpt>
      <trkpt lat="21.322753317654132843017578125" lon="-86.81030337698757648468017578125">
        <ele>0</ele>
        <time>2026-03-19T16:47:06.000Z</time>
        <extensions>
          <ns3:TrackPointExtension>
            <ns3:hr>85</ns3:hr>
          </ns3:TrackPointExtension>
        </extensions>
      </trkpt>
      <trkpt lat="21.32285800762474536895751953125" lon="-86.810659356415271759033203125">
        <ele>0</ele>
        <time>2026-03-19T16:47:12.000Z</time>
        <extensions>
          <ns3:TrackPointExtension>
            <ns3:hr>85</ns3:hr>
          </ns3:TrackPointExtension>
        </extensions>
      </trkpt>
      <trkpt lat="21.32300184108316898345947265625" lon="-86.81102707050740718841552734375">
        <ele>0</ele>
        <time>2026-03-19T16:47:19.000Z</time>
        <extensions>
          <ns3:TrackPointExtension>
            <ns3:hr>86</ns3:hr>
          </ns3:TrackPointExtension>
        </extensions>
      </trkpt>
      <trkpt lat="21.32301793433725833892822265625" lon="-86.8110789544880390167236328125">
        <ele>0</ele>
        <time>2026-03-19T16:47:20.000Z</time>
        <extensions>
          <ns3:TrackPointExtension>
            <ns3:hr>86</ns3:hr>
          </ns3:TrackPointExtension>
        </extensions>
      </trkpt>
      <trkpt lat="21.3231685571372509002685546875" lon="-86.81140241213142871856689453125">
        <ele>0</ele>
        <time>2026-03-19T16:47:26.000Z</time>
        <extensions>
          <ns3:TrackPointExtension>
            <ns3:hr>86</ns3:hr>
          </ns3:TrackPointExtension>
        </extensions>
      </trkpt>
      <trkpt lat="21.32321792654693126678466796875" lon="-86.81153249926865100860595703125">
        <ele>0</ele>
        <time>2026-03-19T16:47:29.000Z</time>
        <extensions>
          <ns3:TrackPointExtension>
            <ns3:hr>86</ns3:hr>
          </ns3:TrackPointExtension>
        </extensions>
      </trkpt>
      <trkpt lat="21.323207952082157135009765625" lon="-86.81155378930270671844482421875">
        <ele>0</ele>
        <time>2026-03-19T16:47:30.000Z</time>
        <extensions>
          <ns3:TrackPointExtension>
            <ns3:hr>85</ns3:hr>
          </ns3:TrackPointExtension>
        </extensions>
      </trkpt>
      <trkpt lat="21.32317953743040561676025390625" lon="-86.81155831553041934967041015625">
        <ele>0</ele>
        <time>2026-03-19T16:47:31.000Z</time>
        <extensions>
          <ns3:TrackPointExtension>
            <ns3:hr>88</ns3:hr>
          </ns3:TrackPointExtension>
        </extensions>
      </trkpt>
      <trkpt lat="21.32311709225177764892578125" lon="-86.8115040846168994903564453125">
        <ele>0</ele>
        <time>2026-03-19T16:47:33.000Z</time>
        <extensions>
          <ns3:TrackPointExtension>
            <ns3:hr>87</ns3:hr>
          </ns3:TrackPointExtension>
        </extensions>
      </trkpt>
      <trkpt lat="21.32308297790586948394775390625" lon="-86.8113904260098934173583984375">
        <ele>0</ele>
        <time>2026-03-19T16:47:35.000Z</time>
        <extensions>
          <ns3:TrackPointExtension>
            <ns3:hr>86</ns3:hr>
          </ns3:TrackPointExtension>
        </extensions>
      </trkpt>
      <trkpt lat="21.32307040505111217498779296875" lon="-86.81132395751774311065673828125">
        <ele>0</ele>
        <time>2026-03-19T16:47:36.000Z</time>
        <extensions>
          <ns3:TrackPointExtension>
            <ns3:hr>88</ns3:hr>
          </ns3:TrackPointExtension>
        </extensions>
      </trkpt>
      <trkpt lat="21.32302162237465381622314453125" lon="-86.8109096400439739227294921875">
        <ele>0</ele>
        <time>2026-03-19T16:47:42.000Z</time>
        <extensions>
          <ns3:TrackPointExtension>
            <ns3:hr>91</ns3:hr>
          </ns3:TrackPointExtension>
        </extensions>
      </trkpt>
      <trkpt lat="21.32301919162273406982421875" lon="-86.81040144525468349456787109375">
        <ele>0</ele>
        <time>2026-03-19T16:47:50.000Z</time>
        <extensions>
          <ns3:TrackPointExtension>
            <ns3:hr>93</ns3:hr>
          </ns3:TrackPointExtension>
        </extensions>
      </trkpt>
      <trkpt lat="21.323020868003368377685546875" lon="-86.81033858098089694976806640625">
        <ele>0</ele>
        <time>2026-03-19T16:47:51.000Z</time>
        <extensions>
          <ns3:TrackPointExtension>
            <ns3:hr>93</ns3:hr>
          </ns3:TrackPointExtension>
        </extensions>
      </trkpt>
      <trkpt lat="21.323025226593017578125" lon="-86.81022115051746368408203125">
        <ele>0</ele>
        <time>2026-03-19T16:47:53.000Z</time>
        <extensions>
          <ns3:TrackPointExtension>
            <ns3:hr>93</ns3:hr>
          </ns3:TrackPointExtension>
        </extensions>
      </trkpt>
      <trkpt lat="21.3230009190738201141357421875" lon="-86.80999961681663990020751953125">
        <ele>0</ele>
        <time>2026-03-19T16:47:57.000Z</time>
        <extensions>
          <ns3:TrackPointExtension>
            <ns3:hr>95</ns3:hr>
          </ns3:TrackPointExtension>
        </extensions>
      </trkpt>
      <trkpt lat="21.32296345196664333343505859375" lon="-86.8097220920026302337646484375">
        <ele>0</ele>
        <time>2026-03-19T16:48:01.000Z</time>
        <extensions>
          <ns3:TrackPointExtension>
            <ns3:hr>99</ns3:hr>
          </ns3:TrackPointExtension>
        </extensions>
      </trkpt>
      <trkpt lat="21.32295347750186920166015625" lon="-86.8095863051712512969970703125">
        <ele>0</ele>
        <time>2026-03-19T16:48:03.000Z</time>
        <extensions>
          <ns3:TrackPointExtension>
            <ns3:hr>98</ns3:hr>
          </ns3:TrackPointExtension>
        </extensions>
      </trkpt>
      <trkpt lat="21.32294216193258762359619140625" lon="-86.80914516560733318328857421875">
        <ele>0</ele>
        <time>2026-03-19T16:48:10.000Z</time>
        <extensions>
          <ns3:TrackPointExtension>
            <ns3:hr>99</ns3:hr>
          </ns3:TrackPointExtension>
        </extensions>
      </trkpt>
      <trkpt lat="21.32295875810086727142333984375" lon="-86.80901960469782352447509765625">
        <ele>0</ele>
        <time>2026-03-19T16:48:12.000Z</time>
        <extensions>
          <ns3:TrackPointExtension>
            <ns3:hr>100</ns3:hr>
          </ns3:TrackPointExtension>
        </extensions>
      </trkpt>
      <trkpt lat="21.3229757733643054962158203125" lon="-86.8089248053729534149169921875">
        <ele>0</ele>
        <time>2026-03-19T16:48:14.000Z</time>
        <extensions>
          <ns3:TrackPointExtension>
            <ns3:hr>101</ns3:hr>
          </ns3:TrackPointExtension>
        </extensions>
      </trkpt>
      <trkpt lat="21.3229653798043727874755859375" lon="-86.80890619754791259765625">
        <ele>0</ele>
        <time>2026-03-19T16:48:15.000Z</time>
        <extensions>
          <ns3:TrackPointExtension>
            <ns3:hr>98</ns3:hr>
          </ns3:TrackPointExtension>
        </extensions>
      </trkpt>
      <trkpt lat="21.32295322604477405548095703125" lon="-86.808919273316860198974609375">
        <ele>0</ele>
        <time>2026-03-19T16:48:16.000Z</time>
        <extensions>
          <ns3:TrackPointExtension>
            <ns3:hr>100</ns3:hr>
          </ns3:TrackPointExtension>
        </extensions>
      </trkpt>
      <trkpt lat="21.32296085357666015625" lon="-86.8090196885168552398681640625">
        <ele>0</ele>
        <time>2026-03-19T16:48:19.000Z</time>
        <extensions>
          <ns3:TrackPointExtension>
            <ns3:hr>99</ns3:hr>
          </ns3:TrackPointExtension>
        </extensions>
      </trkpt>
      <trkpt lat="21.32298725657165050506591796875" lon="-86.80927676148712635040283203125">
        <ele>0</ele>
        <time>2026-03-19T16:48:24.000Z</time>
        <extensions>
          <ns3:TrackPointExtension>
            <ns3:hr>96</ns3:hr>
          </ns3:TrackPointExtension>
        </extensions>
      </trkpt>
      <trkpt lat="21.32300804369151592254638671875" lon="-86.80952821858227252960205078125">
        <ele>0</ele>
        <time>2026-03-19T16:48:28.000Z</time>
        <extensions>
          <ns3:TrackPointExtension>
            <ns3:hr>93</ns3:hr>
          </ns3:TrackPointExtension>
        </extensions>
      </trkpt>
      <trkpt lat="21.3230143301188945770263671875" lon="-86.8096650950610637664794921875">
        <ele>0</ele>
        <time>2026-03-19T16:48:30.000Z</time>
        <extensions>
          <ns3:TrackPointExtension>
            <ns3:hr>92</ns3:hr>
          </ns3:TrackPointExtension>
        </extensions>
      </trkpt>
      <trkpt lat="21.32304131984710693359375" lon="-86.81010053493082523345947265625">
        <ele>0</ele>
        <time>2026-03-19T16:48:36.000Z</time>
        <extensions>
          <ns3:TrackPointExtension>
            <ns3:hr>89</ns3:hr>
          </ns3:TrackPointExtension>
        </extensions>
      </trkpt>
      <trkpt lat="21.32314852438867092132568359375" lon="-86.8105136789381504058837890625">
        <ele>0</ele>
        <time>2026-03-19T16:48:42.000Z</time>
        <extensions>
          <ns3:TrackPointExtension>
            <ns3:hr>88</ns3:hr>
          </ns3:TrackPointExtension>
        </extensions>
      </trkpt>
      <trkpt lat="21.32322044111788272857666015625" lon="-86.810715012252330780029296875">
        <ele>0</ele>
        <time>2026-03-19T16:48:45.000Z</time>
        <extensions>
          <ns3:TrackPointExtension>
            <ns3:hr>92</ns3:hr>
          </ns3:TrackPointExtension>
        </extensions>
      </trkpt>
      <trkpt lat="21.32335337810218334197998046875" lon="-86.81099957786500453948974609375">
        <ele>0</ele>
        <time>2026-03-19T16:48:50.000Z</time>
        <extensions>
          <ns3:TrackPointExtension>
            <ns3:hr>91</ns3:hr>
          </ns3:TrackPointExtension>
        </extensions>
      </trkpt>
      <trkpt lat="21.32347122766077518463134765625" lon="-86.8113005720078945159912109375">
        <ele>0</ele>
        <time>2026-03-19T16:48:56.000Z</time>
        <extensions>
          <ns3:TrackPointExtension>
            <ns3:hr>92</ns3:hr>
          </ns3:TrackPointExtension>
        </extensions>
      </trkpt>
      <trkpt lat="21.32348815910518169403076171875" lon="-86.81138967163860797882080078125">
        <ele>0</ele>
        <time>2026-03-19T16:48:58.000Z</time>
        <extensions>
          <ns3:TrackPointExtension>
            <ns3:hr>96</ns3:hr>
          </ns3:TrackPointExtension>
        </extensions>
      </trkpt>
      <trkpt lat="21.32349268533289432525634765625" lon="-86.8114360235631465911865234375">
        <ele>0</ele>
        <time>2026-03-19T16:48:59.000Z</time>
        <extensions>
          <ns3:TrackPointExtension>
            <ns3:hr>92</ns3:hr>
          </ns3:TrackPointExtension>
        </extensions>
      </trkpt>
      <trkpt lat="21.3234977982938289642333984375" lon="-86.81148723699152469635009765625">
        <ele>0</ele>
        <time>2026-03-19T16:49:00.000Z</time>
        <extensions>
          <ns3:TrackPointExtension>
            <ns3:hr>95</ns3:hr>
          </ns3:TrackPointExtension>
        </extensions>
      </trkpt>
      <trkpt lat="21.32351414300501346588134765625" lon="-86.8115972913801670074462890625">
        <ele>0</ele>
        <time>2026-03-19T16:49:02.000Z</time>
        <extensions>
          <ns3:TrackPointExtension>
            <ns3:hr>93</ns3:hr>
          </ns3:TrackPointExtension>
        </extensions>
      </trkpt>
      <trkpt lat="21.323572061955928802490234375" lon="-86.81185922585427761077880859375">
        <ele>0</ele>
        <time>2026-03-19T16:49:06.000Z</time>
        <extensions>
          <ns3:TrackPointExtension>
            <ns3:hr>93</ns3:hr>
          </ns3:TrackPointExtension>
        </extensions>
      </trkpt>
      <trkpt lat="21.32365311495959758758544921875" lon="-86.8122951686382293701171875">
        <ele>0</ele>
        <time>2026-03-19T16:49:12.000Z</time>
        <extensions>
          <ns3:TrackPointExtension>
            <ns3:hr>93</ns3:hr>
          </ns3:TrackPointExtension>
        </extensions>
      </trkpt>
      <trkpt lat="21.323752105236053466796875" lon="-86.81270278058946132659912109375">
        <ele>0</ele>
        <time>2026-03-19T16:49:18.000Z</time>
        <extensions>
          <ns3:TrackPointExtension>
            <ns3:hr>93</ns3:hr>
          </ns3:TrackPointExtension>
        </extensions>
      </trkpt>
      <trkpt lat="21.3237898238003253936767578125" lon="-86.812824904918670654296875">
        <ele>0</ele>
        <time>2026-03-19T16:49:20.000Z</time>
        <extensions>
          <ns3:TrackPointExtension>
            <ns3:hr>90</ns3:hr>
          </ns3:TrackPointExtension>
        </extensions>
      </trkpt>
      <trkpt lat="21.32380482740700244903564453125" lon="-86.8128854222595691680908203125">
        <ele>0</ele>
        <time>2026-03-19T16:49:21.000Z</time>
        <extensions>
          <ns3:TrackPointExtension>
            <ns3:hr>93</ns3:hr>
          </ns3:TrackPointExtension>
        </extensions>
      </trkpt>
      <trkpt lat="21.32381270639598369598388671875" lon="-86.81294920854270458221435546875">
        <ele>0</ele>
        <time>2026-03-19T16:49:22.000Z</time>
        <extensions>
          <ns3:TrackPointExtension>
            <ns3:hr>90</ns3:hr>
          </ns3:TrackPointExtension>
        </extensions>
      </trkpt>
      <trkpt lat="21.32382921874523162841796875" lon="-86.81309186853468418121337890625">
        <ele>0</ele>
        <time>2026-03-19T16:49:24.000Z</time>
        <extensions>
          <ns3:TrackPointExtension>
            <ns3:hr>92</ns3:hr>
          </ns3:TrackPointExtension>
        </extensions>
      </trkpt>
      <trkpt lat="21.32383533753454685211181640625" lon="-86.8131580017507076263427734375">
        <ele>0</ele>
        <time>2026-03-19T16:49:25.000Z</time>
        <extensions>
          <ns3:TrackPointExtension>
            <ns3:hr>92</ns3:hr>
          </ns3:TrackPointExtension>
        </extensions>
      </trkpt>
      <trkpt lat="21.3238240219652652740478515625" lon="-86.8132656253874301910400390625">
        <ele>0</ele>
        <time>2026-03-19T16:49:27.000Z</time>
        <extensions>
          <ns3:TrackPointExtension>
            <ns3:hr>93</ns3:hr>
          </ns3:TrackPointExtension>
        </extensions>
      </trkpt>
      <trkpt lat="21.32380214519798755645751953125" lon="-86.8133011646568775177001953125">
        <ele>0</ele>
        <time>2026-03-19T16:49:28.000Z</time>
        <extensions>
          <ns3:TrackPointExtension>
            <ns3:hr>92</ns3:hr>
          </ns3:TrackPointExtension>
        </extensions>
      </trkpt>
      <trkpt lat="21.3237405382096767425537109375" lon="-86.81342965923249721527099609375">
        <ele>0</ele>
        <time>2026-03-19T16:49:32.000Z</time>
        <extensions>
          <ns3:TrackPointExtension>
            <ns3:hr>92</ns3:hr>
          </ns3:TrackPointExtension>
        </extensions>
      </trkpt>
      <trkpt lat="21.3237422145903110504150390625" lon="-86.813532002270221710205078125">
        <ele>0</ele>
        <time>2026-03-19T16:49:34.000Z</time>
        <extensions>
          <ns3:TrackPointExtension>
            <ns3:hr>92</ns3:hr>
          </ns3:TrackPointExtension>
        </extensions>
      </trkpt>
      <trkpt lat="21.32375411689281463623046875" lon="-86.81364675052464008331298828125">
        <ele>0</ele>
        <time>2026-03-19T16:49:36.000Z</time>
        <extensions>
          <ns3:TrackPointExtension>
            <ns3:hr>91</ns3:hr>
          </ns3:TrackPointExtension>
        </extensions>
      </trkpt>
      <trkpt lat="21.3237656839191913604736328125" lon="-86.81371162645518779754638671875">
        <ele>0</ele>
        <time>2026-03-19T16:49:37.000Z</time>
        <extensions>
          <ns3:TrackPointExtension>
            <ns3:hr>92</ns3:hr>
          </ns3:TrackPointExtension>
        </extensions>
      </trkpt>
      <trkpt lat="21.3238022290170192718505859375" lon="-86.8138996325433254241943359375">
        <ele>0</ele>
        <time>2026-03-19T16:49:40.000Z</time>
        <extensions>
          <ns3:TrackPointExtension>
            <ns3:hr>92</ns3:hr>
          </ns3:TrackPointExtension>
        </extensions>
      </trkpt>
      <trkpt lat="21.32379275746643543243408203125" lon="-86.81395201943814754486083984375">
        <ele>0</ele>
        <time>2026-03-19T16:49:41.000Z</time>
        <extensions>
          <ns3:TrackPointExtension>
            <ns3:hr>92</ns3:hr>
          </ns3:TrackPointExtension>
        </extensions>
      </trkpt>
      <trkpt lat="21.323773227632045745849609375" lon="-86.8139970302581787109375">
        <ele>0</ele>
        <time>2026-03-19T16:49:42.000Z</time>
        <extensions>
          <ns3:TrackPointExtension>
            <ns3:hr>94</ns3:hr>
          </ns3:TrackPointExtension>
        </extensions>
      </trkpt>
      <trkpt lat="21.32373475469648838043212890625" lon="-86.81403525173664093017578125">
        <ele>0</ele>
        <time>2026-03-19T16:49:44.000Z</time>
        <extensions>
          <ns3:TrackPointExtension>
            <ns3:hr>93</ns3:hr>
          </ns3:TrackPointExtension>
        </extensions>
      </trkpt>
      <trkpt lat="21.32364925928413867950439453125" lon="-86.81401454843580722808837890625">
        <ele>0</ele>
        <time>2026-03-19T16:49:47.000Z</time>
        <extensions>
          <ns3:TrackPointExtension>
            <ns3:hr>93</ns3:hr>
          </ns3:TrackPointExtension>
        </extensions>
      </trkpt>
      <trkpt lat="21.32361866533756256103515625" lon="-86.81397817097604274749755859375">
        <ele>0</ele>
        <time>2026-03-19T16:49:48.000Z</time>
        <extensions>
          <ns3:TrackPointExtension>
            <ns3:hr>93</ns3:hr>
          </ns3:TrackPointExtension>
        </extensions>
      </trkpt>
      <trkpt lat="21.32359460927546024322509765625" lon="-86.8139264546334743499755859375">
        <ele>0</ele>
        <time>2026-03-19T16:49:49.000Z</time>
        <extensions>
          <ns3:TrackPointExtension>
            <ns3:hr>93</ns3:hr>
          </ns3:TrackPointExtension>
        </extensions>
      </trkpt>
      <trkpt lat="21.3235692121088504791259765625" lon="-86.81381824426352977752685546875">
        <ele>0</ele>
        <time>2026-03-19T16:49:51.000Z</time>
        <extensions>
          <ns3:TrackPointExtension>
            <ns3:hr>93</ns3:hr>
          </ns3:TrackPointExtension>
        </extensions>
      </trkpt>
      <trkpt lat="21.3235080242156982421875" lon="-86.8135056830942630767822265625">
        <ele>0</ele>
        <time>2026-03-19T16:49:58.000Z</time>
        <extensions>
          <ns3:TrackPointExtension>
            <ns3:hr>94</ns3:hr>
          </ns3:TrackPointExtension>
        </extensions>
      </trkpt>
      <trkpt lat="21.3234894163906574249267578125" lon="-86.813466958701610565185546875">
        <ele>0</ele>
        <time>2026-03-19T16:50:01.000Z</time>
        <extensions>
          <ns3:TrackPointExtension>
            <ns3:hr>94</ns3:hr>
          </ns3:TrackPointExtension>
        </extensions>
      </trkpt>
      <trkpt lat="21.3234676234424114227294921875" lon="-86.81348782964050769805908203125">
        <ele>0</ele>
        <time>2026-03-19T16:50:02.000Z</time>
        <extensions>
          <ns3:TrackPointExtension>
            <ns3:hr>94</ns3:hr>
          </ns3:TrackPointExtension>
        </extensions>
      </trkpt>
      <trkpt lat="21.32343686185777187347412109375" lon="-86.813593022525310516357421875">
        <ele>0</ele>
        <time>2026-03-19T16:50:04.000Z</time>
        <extensions>
          <ns3:TrackPointExtension>
            <ns3:hr>92</ns3:hr>
          </ns3:TrackPointExtension>
        </extensions>
      </trkpt>
      <trkpt lat="21.323452703654766082763671875" lon="-86.81371665559709072113037109375">
        <ele>0</ele>
        <time>2026-03-19T16:50:06.000Z</time>
        <extensions>
          <ns3:TrackPointExtension>
            <ns3:hr>94</ns3:hr>
          </ns3:TrackPointExtension>
        </extensions>
      </trkpt>
      <trkpt lat="21.323488913476467132568359375" lon="-86.81383416987955570220947265625">
        <ele>0</ele>
        <time>2026-03-19T16:50:08.000Z</time>
        <extensions>
          <ns3:TrackPointExtension>
            <ns3:hr>93</ns3:hr>
          </ns3:TrackPointExtension>
        </extensions>
      </trkpt>
      <trkpt lat="21.3235464133322238922119140625" lon="-86.81400935165584087371826171875">
        <ele>0</ele>
        <time>2026-03-19T16:50:11.000Z</time>
        <extensions>
          <ns3:TrackPointExtension>
            <ns3:hr>91</ns3:hr>
          </ns3:TrackPointExtension>
        </extensions>
      </trkpt>
      <trkpt lat="21.3235739059746265411376953125" lon="-86.81414145044982433319091796875">
        <ele>0</ele>
        <time>2026-03-19T16:50:13.000Z</time>
        <extensions>
          <ns3:TrackPointExtension>
            <ns3:hr>90</ns3:hr>
          </ns3:TrackPointExtension>
        </extensions>
      </trkpt>
      <trkpt lat="21.3237331621348857879638671875" lon="-86.81454428471624851226806640625">
        <ele>0</ele>
        <time>2026-03-19T16:50:20.000Z</time>
        <extensions>
          <ns3:TrackPointExtension>
            <ns3:hr>89</ns3:hr>
          </ns3:TrackPointExtension>
        </extensions>
      </trkpt>
      <trkpt lat="21.3237801007926464080810546875" lon="-86.814647130668163299560546875">
        <ele>0</ele>
        <time>2026-03-19T16:50:23.000Z</time>
        <extensions>
          <ns3:TrackPointExtension>
            <ns3:hr>89</ns3:hr>
          </ns3:TrackPointExtension>
        </extensions>
      </trkpt>
      <trkpt lat="21.32376157678663730621337890625" lon="-86.8146483041346073150634765625">
        <ele>0</ele>
        <time>2026-03-19T16:50:24.000Z</time>
        <extensions>
          <ns3:TrackPointExtension>
            <ns3:hr>90</ns3:hr>
          </ns3:TrackPointExtension>
        </extensions>
      </trkpt>
      <trkpt lat="21.3237150572240352630615234375" lon="-86.8145973421633243560791015625">
        <ele>0</ele>
        <time>2026-03-19T16:50:27.000Z</time>
        <extensions>
          <ns3:TrackPointExtension>
            <ns3:hr>86</ns3:hr>
          </ns3:TrackPointExtension>
        </extensions>
      </trkpt>
      <trkpt lat="21.32362696342170238494873046875" lon="-86.81452768854796886444091796875">
        <ele>0</ele>
        <time>2026-03-19T16:50:30.000Z</time>
        <extensions>
          <ns3:TrackPointExtension>
            <ns3:hr>87</ns3:hr>
          </ns3:TrackPointExtension>
        </extensions>
      </trkpt>
      <trkpt lat="21.3235980458557605743408203125" lon="-86.81447446346282958984375">
        <ele>0</ele>
        <time>2026-03-19T16:50:31.000Z</time>
        <extensions>
          <ns3:TrackPointExtension>
            <ns3:hr>88</ns3:hr>
          </ns3:TrackPointExtension>
        </extensions>
      </trkpt>
      <trkpt lat="21.32346519269049167633056640625" lon="-86.814149580895900726318359375">
        <ele>0</ele>
        <time>2026-03-19T16:50:36.000Z</time>
        <extensions>
          <ns3:TrackPointExtension>
            <ns3:hr>89</ns3:hr>
          </ns3:TrackPointExtension>
        </extensions>
      </trkpt>
      <trkpt lat="21.32333091460168361663818359375" lon="-86.8138744868338108062744140625">
        <ele>0</ele>
        <time>2026-03-19T16:50:40.000Z</time>
        <extensions>
          <ns3:TrackPointExtension>
            <ns3:hr>92</ns3:hr>
          </ns3:TrackPointExtension>
        </extensions>
      </trkpt>
      <trkpt lat="21.3233056850731372833251953125" lon="-86.8137972056865692138671875">
        <ele>0</ele>
        <time>2026-03-19T16:50:41.000Z</time>
        <extensions>
          <ns3:TrackPointExtension>
            <ns3:hr>91</ns3:hr>
          </ns3:TrackPointExtension>
        </extensions>
      </trkpt>
      <trkpt lat="21.3232423178851604461669921875" lon="-86.8134828843176364898681640625">
        <ele>0</ele>
        <time>2026-03-19T16:50:45.000Z</time>
        <extensions>
          <ns3:TrackPointExtension>
            <ns3:hr>91</ns3:hr>
          </ns3:TrackPointExtension>
        </extensions>
      </trkpt>
      <trkpt lat="21.3232232071459293365478515625" lon="-86.81315707974135875701904296875">
        <ele>0</ele>
        <time>2026-03-19T16:50:50.000Z</time>
        <extensions>
          <ns3:TrackPointExtension>
            <ns3:hr>92</ns3:hr>
          </ns3:TrackPointExtension>
        </extensions>
      </trkpt>
      <trkpt lat="21.32320032455027103424072265625" lon="-86.81295591406524181365966796875">
        <ele>0</ele>
        <time>2026-03-19T16:50:54.000Z</time>
        <extensions>
          <ns3:TrackPointExtension>
            <ns3:hr>92</ns3:hr>
          </ns3:TrackPointExtension>
        </extensions>
      </trkpt>
      <trkpt lat="21.32320032455027103424072265625" lon="-86.8129068799316883087158203125">
        <ele>0</ele>
        <time>2026-03-19T16:50:55.000Z</time>
        <extensions>
          <ns3:TrackPointExtension>
            <ns3:hr>88</ns3:hr>
          </ns3:TrackPointExtension>
        </extensions>
      </trkpt>
      <trkpt lat="21.3232034258544445037841796875" lon="-86.81286186911165714263916015625">
        <ele>0</ele>
        <time>2026-03-19T16:50:56.000Z</time>
        <extensions>
          <ns3:TrackPointExtension>
            <ns3:hr>88</ns3:hr>
          </ns3:TrackPointExtension>
        </extensions>
      </trkpt>
      <trkpt lat="21.32319563068449497222900390625" lon="-86.812717951834201812744140625">
        <ele>0</ele>
        <time>2026-03-19T16:51:00.000Z</time>
        <extensions>
          <ns3:TrackPointExtension>
            <ns3:hr>89</ns3:hr>
          </ns3:TrackPointExtension>
        </extensions>
      </trkpt>
      <trkpt lat="21.32319311611354351043701171875" lon="-86.81262801401317119598388671875">
        <ele>0</ele>
        <time>2026-03-19T16:51:05.000Z</time>
        <extensions>
          <ns3:TrackPointExtension>
            <ns3:hr>91</ns3:hr>
          </ns3:TrackPointExtension>
        </extensions>
      </trkpt>
      <trkpt lat="21.3231809623539447784423828125" lon="-86.8126068077981472015380859375">
        <ele>0</ele>
        <time>2026-03-19T16:51:07.000Z</time>
        <extensions>
          <ns3:TrackPointExtension>
            <ns3:hr>94</ns3:hr>
          </ns3:TrackPointExtension>
        </extensions>
      </trkpt>
      <trkpt lat="21.323170401155948638916015625" lon="-86.81257537566125392913818359375">
        <ele>0</ele>
        <time>2026-03-19T16:51:12.000Z</time>
        <extensions>
          <ns3:TrackPointExtension>
            <ns3:hr>94</ns3:hr>
          </ns3:TrackPointExtension>
        </extensions>
      </trkpt>
      <trkpt lat="21.32315606810152530670166015625" lon="-86.81255945004522800445556640625">
        <ele>0</ele>
        <time>2026-03-19T16:51:15.000Z</time>
        <extensions>
          <ns3:TrackPointExtension>
            <ns3:hr>91</ns3:hr>
          </ns3:TrackPointExtension>
        </extensions>
      </trkpt>
      <trkpt lat="21.32315061986446380615234375" lon="-86.81256028823554515838623046875">
        <ele>0</ele>
        <time>2026-03-19T16:51:16.000Z</time>
        <extensions>
          <ns3:TrackPointExtension>
            <ns3:hr>94</ns3:hr>
          </ns3:TrackPointExtension>
        </extensions>
      </trkpt>
      <trkpt lat="21.32312069647014141082763671875" lon="-86.8125407584011554718017578125">
        <ele>0</ele>
        <time>2026-03-19T16:51:18.000Z</time>
        <extensions>
          <ns3:TrackPointExtension>
            <ns3:hr>93</ns3:hr>
          </ns3:TrackPointExtension>
        </extensions>
      </trkpt>
      <trkpt lat="21.323111057281494140625" lon="-86.81251619942486286163330078125">
        <ele>0</ele>
        <time>2026-03-19T16:51:19.000Z</time>
        <extensions>
          <ns3:TrackPointExtension>
            <ns3:hr>93</ns3:hr>
          </ns3:TrackPointExtension>
        </extensions>
      </trkpt>
      <trkpt lat="21.3231003284454345703125" lon="-86.81239885278046131134033203125">
        <ele>0</ele>
        <time>2026-03-19T16:51:23.000Z</time>
        <extensions>
          <ns3:TrackPointExtension>
            <ns3:hr>90</ns3:hr>
          </ns3:TrackPointExtension>
        </extensions>
      </trkpt>
      <trkpt lat="21.3230914436280727386474609375" lon="-86.81237722747027873992919921875">
        <ele>0</ele>
        <time>2026-03-19T16:51:25.000Z</time>
        <extensions>
          <ns3:TrackPointExtension>
            <ns3:hr>88</ns3:hr>
          </ns3:TrackPointExtension>
        </extensions>
      </trkpt>
      <trkpt lat="21.32306990213692188262939453125" lon="-86.81239181198179721832275390625">
        <ele>0</ele>
        <time>2026-03-19T16:51:26.000Z</time>
        <extensions>
          <ns3:TrackPointExtension>
            <ns3:hr>85</ns3:hr>
          </ns3:TrackPointExtension>
        </extensions>
      </trkpt>
      <trkpt lat="21.3230512104928493499755859375" lon="-86.812422238290309906005859375">
        <ele>0</ele>
        <time>2026-03-19T16:51:27.000Z</time>
        <extensions>
          <ns3:TrackPointExtension>
            <ns3:hr>88</ns3:hr>
          </ns3:TrackPointExtension>
        </extensions>
      </trkpt>
      <trkpt lat="21.32303955964744091033935546875" lon="-86.81245953775942325592041015625">
        <ele>0</ele>
        <time>2026-03-19T16:51:28.000Z</time>
        <extensions>
          <ns3:TrackPointExtension>
            <ns3:hr>89</ns3:hr>
          </ns3:TrackPointExtension>
        </extensions>
      </trkpt>
      <trkpt lat="21.32302933372557163238525390625" lon="-86.81266522966325283050537109375">
        <ele>0</ele>
        <time>2026-03-19T16:51:33.000Z</time>
        <extensions>
          <ns3:TrackPointExtension>
            <ns3:hr>88</ns3:hr>
          </ns3:TrackPointExtension>
        </extensions>
      </trkpt>
      <trkpt lat="21.3229995779693126678466796875" lon="-86.8127925507724285125732421875">
        <ele>0</ele>
        <time>2026-03-19T16:51:40.000Z</time>
        <extensions>
          <ns3:TrackPointExtension>
            <ns3:hr>86</ns3:hr>
          </ns3:TrackPointExtension>
        </extensions>
      </trkpt>
      <trkpt lat="21.32298289798200130462646484375" lon="-86.8128123320639133453369140625">
        <ele>0</ele>
        <time>2026-03-19T16:51:41.000Z</time>
        <extensions>
          <ns3:TrackPointExtension>
            <ns3:hr>86</ns3:hr>
          </ns3:TrackPointExtension>
        </extensions>
      </trkpt>
      <trkpt lat="21.3229648768901824951171875" lon="-86.81293043307960033416748046875">
        <ele>0</ele>
        <time>2026-03-19T16:51:44.000Z</time>
        <extensions>
          <ns3:TrackPointExtension>
            <ns3:hr>86</ns3:hr>
          </ns3:TrackPointExtension>
        </extensions>
      </trkpt>
      <trkpt lat="21.3229660503566265106201171875" lon="-86.8129809759557247161865234375">
        <ele>0</ele>
        <time>2026-03-19T16:51:45.000Z</time>
        <extensions>
          <ns3:TrackPointExtension>
            <ns3:hr>89</ns3:hr>
          </ns3:TrackPointExtension>
        </extensions>
      </trkpt>
      <trkpt lat="21.3229918666183948516845703125" lon="-86.8131865002214908599853515625">
        <ele>0</ele>
        <time>2026-03-19T16:51:49.000Z</time>
        <extensions>
          <ns3:TrackPointExtension>
            <ns3:hr>87</ns3:hr>
          </ns3:TrackPointExtension>
        </extensions>
      </trkpt>
      <trkpt lat="21.3230051100254058837890625" lon="-86.81323193013668060302734375">
        <ele>0</ele>
        <time>2026-03-19T16:51:50.000Z</time>
        <extensions>
          <ns3:TrackPointExtension>
            <ns3:hr>88</ns3:hr>
          </ns3:TrackPointExtension>
        </extensions>
      </trkpt>
      <trkpt lat="21.32305028848350048065185546875" lon="-86.81337274610996246337890625">
        <ele>0</ele>
        <time>2026-03-19T16:51:54.000Z</time>
        <extensions>
          <ns3:TrackPointExtension>
            <ns3:hr>88</ns3:hr>
          </ns3:TrackPointExtension>
        </extensions>
      </trkpt>
      <trkpt lat="21.3230614364147186279296875" lon="-86.81341188959777355194091796875">
        <ele>0</ele>
        <time>2026-03-19T16:51:58.000Z</time>
        <extensions>
          <ns3:TrackPointExtension>
            <ns3:hr>87</ns3:hr>
          </ns3:TrackPointExtension>
        </extensions>
      </trkpt>
      <trkpt lat="21.32302329875528812408447265625" lon="-86.813461594283580780029296875">
        <ele>0</ele>
        <time>2026-03-19T16:52:06.000Z</time>
        <extensions>
          <ns3:TrackPointExtension>
            <ns3:hr>86</ns3:hr>
          </ns3:TrackPointExtension>
        </extensions>
      </trkpt>
      <trkpt lat="21.3230015896260738372802734375" lon="-86.81356527842581272125244140625">
        <ele>0</ele>
        <time>2026-03-19T16:52:09.000Z</time>
        <extensions>
          <ns3:TrackPointExtension>
            <ns3:hr>86</ns3:hr>
          </ns3:TrackPointExtension>
        </extensions>
      </trkpt>
      <trkpt lat="21.32299614138901233673095703125" lon="-86.8136934377253055572509765625">
        <ele>0</ele>
        <time>2026-03-19T16:52:14.000Z</time>
        <extensions>
          <ns3:TrackPointExtension>
            <ns3:hr>84</ns3:hr>
          </ns3:TrackPointExtension>
        </extensions>
      </trkpt>
      <trkpt lat="21.3229445926845073699951171875" lon="-86.81382201611995697021484375">
        <ele>0</ele>
        <time>2026-03-19T16:52:19.000Z</time>
        <extensions>
          <ns3:TrackPointExtension>
            <ns3:hr>84</ns3:hr>
          </ns3:TrackPointExtension>
        </extensions>
      </trkpt>
      <trkpt lat="21.32289019413292407989501953125" lon="-86.813986636698246002197265625">
        <ele>0</ele>
        <time>2026-03-19T16:52:23.000Z</time>
        <extensions>
          <ns3:TrackPointExtension>
            <ns3:hr>84</ns3:hr>
          </ns3:TrackPointExtension>
        </extensions>
      </trkpt>
      <trkpt lat="21.32288885302841663360595703125" lon="-86.81411697529256343841552734375">
        <ele>0</ele>
        <time>2026-03-19T16:52:25.000Z</time>
        <extensions>
          <ns3:TrackPointExtension>
            <ns3:hr>85</ns3:hr>
          </ns3:TrackPointExtension>
        </extensions>
      </trkpt>
      <trkpt lat="21.32290947251021862030029296875" lon="-86.81425988674163818359375">
        <ele>0</ele>
        <time>2026-03-19T16:52:27.000Z</time>
        <extensions>
          <ns3:TrackPointExtension>
            <ns3:hr>82</ns3:hr>
          </ns3:TrackPointExtension>
        </extensions>
      </trkpt>
      <trkpt lat="21.32294568233191967010498046875" lon="-86.81448561139404773712158203125">
        <ele>0</ele>
        <time>2026-03-19T16:52:30.000Z</time>
        <extensions>
          <ns3:TrackPointExtension>
            <ns3:hr>86</ns3:hr>
          </ns3:TrackPointExtension>
        </extensions>
      </trkpt>
      <trkpt lat="21.32295926101505756378173828125" lon="-86.81455870158970355987548828125">
        <ele>0</ele>
        <time>2026-03-19T16:52:31.000Z</time>
        <extensions>
          <ns3:TrackPointExtension>
            <ns3:hr>86</ns3:hr>
          </ns3:TrackPointExtension>
        </extensions>
      </trkpt>
      <trkpt lat="21.32299982942640781402587890625" lon="-86.814700774848461151123046875">
        <ele>0</ele>
        <time>2026-03-19T16:52:33.000Z</time>
        <extensions>
          <ns3:TrackPointExtension>
            <ns3:hr>86</ns3:hr>
          </ns3:TrackPointExtension>
        </extensions>
      </trkpt>
      <trkpt lat="21.32308130152523517608642578125" lon="-86.81496421806514263153076171875">
        <ele>0</ele>
        <time>2026-03-19T16:52:37.000Z</time>
        <extensions>
          <ns3:TrackPointExtension>
            <ns3:hr>88</ns3:hr>
          </ns3:TrackPointExtension>
        </extensions>
      </trkpt>
      <trkpt lat="21.32314433343708515167236328125" lon="-86.8151368014514446258544921875">
        <ele>0</ele>
        <time>2026-03-19T16:52:40.000Z</time>
        <extensions>
          <ns3:TrackPointExtension>
            <ns3:hr>85</ns3:hr>
          </ns3:TrackPointExtension>
        </extensions>
      </trkpt>
      <trkpt lat="21.32316512055695056915283203125" lon="-86.8151877634227275848388671875">
        <ele>0</ele>
        <time>2026-03-19T16:52:41.000Z</time>
        <extensions>
          <ns3:TrackPointExtension>
            <ns3:hr>86</ns3:hr>
          </ns3:TrackPointExtension>
        </extensions>
      </trkpt>
      <trkpt lat="21.3231806270778179168701171875" lon="-86.815237216651439666748046875">
        <ele>0</ele>
        <time>2026-03-19T16:52:42.000Z</time>
        <extensions>
          <ns3:TrackPointExtension>
            <ns3:hr>89</ns3:hr>
          </ns3:TrackPointExtension>
        </extensions>
      </trkpt>
      <trkpt lat="21.32319646887481212615966796875" lon="-86.81528608314692974090576171875">
        <ele>0</ele>
        <time>2026-03-19T16:52:43.000Z</time>
        <extensions>
          <ns3:TrackPointExtension>
            <ns3:hr>86</ns3:hr>
          </ns3:TrackPointExtension>
        </extensions>
      </trkpt>
      <trkpt lat="21.32324961014091968536376953125" lon="-86.81543863378465175628662109375">
        <ele>0</ele>
        <time>2026-03-19T16:52:46.000Z</time>
        <extensions>
          <ns3:TrackPointExtension>
            <ns3:hr>88</ns3:hr>
          </ns3:TrackPointExtension>
        </extensions>
      </trkpt>
      <trkpt lat="21.32333527319133281707763671875" lon="-86.81571305729448795318603515625">
        <ele>0</ele>
        <time>2026-03-19T16:52:51.000Z</time>
        <extensions>
          <ns3:TrackPointExtension>
            <ns3:hr>89</ns3:hr>
          </ns3:TrackPointExtension>
        </extensions>
      </trkpt>
      <trkpt lat="21.32337768562138080596923828125" lon="-86.81582470424473285675048828125">
        <ele>0</ele>
        <time>2026-03-19T16:52:53.000Z</time>
        <extensions>
          <ns3:TrackPointExtension>
            <ns3:hr>90</ns3:hr>
          </ns3:TrackPointExtension>
        </extensions>
      </trkpt>
      <trkpt lat="21.32348547689616680145263671875" lon="-86.8160688690841197967529296875">
        <ele>0</ele>
        <time>2026-03-19T16:52:59.000Z</time>
        <extensions>
          <ns3:TrackPointExtension>
            <ns3:hr>93</ns3:hr>
          </ns3:TrackPointExtension>
        </extensions>
      </trkpt>
      <trkpt lat="21.3234780170023441314697265625" lon="-86.81609250605106353759765625">
        <ele>0</ele>
        <time>2026-03-19T16:53:01.000Z</time>
        <extensions>
          <ns3:TrackPointExtension>
            <ns3:hr>93</ns3:hr>
          </ns3:TrackPointExtension>
        </extensions>
      </trkpt>
      <trkpt lat="21.3234557211399078369140625" lon="-86.81608370505273342132568359375">
        <ele>0</ele>
        <time>2026-03-19T16:53:02.000Z</time>
        <extensions>
          <ns3:TrackPointExtension>
            <ns3:hr>93</ns3:hr>
          </ns3:TrackPointExtension>
        </extensions>
      </trkpt>
      <trkpt lat="21.32341590709984302520751953125" lon="-86.81594406254589557647705078125">
        <ele>0</ele>
        <time>2026-03-19T16:53:05.000Z</time>
        <extensions>
          <ns3:TrackPointExtension>
            <ns3:hr>94</ns3:hr>
          </ns3:TrackPointExtension>
        </extensions>
      </trkpt>
      <trkpt lat="21.32341993041336536407470703125" lon="-86.8158224411308765411376953125">
        <ele>0</ele>
        <time>2026-03-19T16:53:07.000Z</time>
        <extensions>
          <ns3:TrackPointExtension>
            <ns3:hr>95</ns3:hr>
          </ns3:TrackPointExtension>
        </extensions>
      </trkpt>
      <trkpt lat="21.32343015633523464202880859375" lon="-86.8157597444951534271240234375">
        <ele>0</ele>
        <time>2026-03-19T16:53:08.000Z</time>
        <extensions>
          <ns3:TrackPointExtension>
            <ns3:hr>94</ns3:hr>
          </ns3:TrackPointExtension>
        </extensions>
      </trkpt>
      <trkpt lat="21.32346502505242824554443359375" lon="-86.8153778649866580963134765625">
        <ele>0</ele>
        <time>2026-03-19T16:53:14.000Z</time>
        <extensions>
          <ns3:TrackPointExtension>
            <ns3:hr>97</ns3:hr>
          </ns3:TrackPointExtension>
        </extensions>
      </trkpt>
      <trkpt lat="21.32347189821302890777587890625" lon="-86.81531357578933238983154296875">
        <ele>0</ele>
        <time>2026-03-19T16:53:15.000Z</time>
        <extensions>
          <ns3:TrackPointExtension>
            <ns3:hr>94</ns3:hr>
          </ns3:TrackPointExtension>
        </extensions>
      </trkpt>
      <trkpt lat="21.3234927691519260406494140625" lon="-86.815076284110546112060546875">
        <ele>0</ele>
        <time>2026-03-19T16:53:19.000Z</time>
        <extensions>
          <ns3:TrackPointExtension>
            <ns3:hr>92</ns3:hr>
          </ns3:TrackPointExtension>
        </extensions>
      </trkpt>
      <trkpt lat="21.3234746642410755157470703125" lon="-86.81495717726647853851318359375">
        <ele>0</ele>
        <time>2026-03-19T16:53:21.000Z</time>
        <extensions>
          <ns3:TrackPointExtension>
            <ns3:hr>93</ns3:hr>
          </ns3:TrackPointExtension>
        </extensions>
      </trkpt>
      <trkpt lat="21.32344239391386508941650390625" lon="-86.81459759362041950225830078125">
        <ele>0</ele>
        <time>2026-03-19T16:53:26.000Z</time>
        <extensions>
          <ns3:TrackPointExtension>
            <ns3:hr>92</ns3:hr>
          </ns3:TrackPointExtension>
        </extensions>
      </trkpt>
      <trkpt lat="21.32343300618231296539306640625" lon="-86.81410322897136211395263671875">
        <ele>0</ele>
        <time>2026-03-19T16:53:33.000Z</time>
        <extensions>
          <ns3:TrackPointExtension>
            <ns3:hr>93</ns3:hr>
          </ns3:TrackPointExtension>
        </extensions>
      </trkpt>
      <trkpt lat="21.32343225181102752685546875" lon="-86.8140344135463237762451171875">
        <ele>0</ele>
        <time>2026-03-19T16:53:34.000Z</time>
        <extensions>
          <ns3:TrackPointExtension>
            <ns3:hr>93</ns3:hr>
          </ns3:TrackPointExtension>
        </extensions>
      </trkpt>
      <trkpt lat="21.323414482176303863525390625" lon="-86.813538037240505218505859375">
        <ele>0</ele>
        <time>2026-03-19T16:53:41.000Z</time>
        <extensions>
          <ns3:TrackPointExtension>
            <ns3:hr>94</ns3:hr>
          </ns3:TrackPointExtension>
        </extensions>
      </trkpt>
      <trkpt lat="21.32339813746511936187744140625" lon="-86.81310477666556835174560546875">
        <ele>0</ele>
        <time>2026-03-19T16:53:47.000Z</time>
        <extensions>
          <ns3:TrackPointExtension>
            <ns3:hr>90</ns3:hr>
          </ns3:TrackPointExtension>
        </extensions>
      </trkpt>
      <trkpt lat="21.32339461706578731536865234375" lon="-86.81297468952834606170654296875">
        <ele>0</ele>
        <time>2026-03-19T16:53:49.000Z</time>
        <extensions>
          <ns3:TrackPointExtension>
            <ns3:hr>92</ns3:hr>
          </ns3:TrackPointExtension>
        </extensions>
      </trkpt>
      <trkpt lat="21.32338589988648891448974609375" lon="-86.81243724189698696136474609375">
        <ele>0</ele>
        <time>2026-03-19T16:53:57.000Z</time>
        <extensions>
          <ns3:TrackPointExtension>
            <ns3:hr>90</ns3:hr>
          </ns3:TrackPointExtension>
        </extensions>
      </trkpt>
      <trkpt lat="21.32338891737163066864013671875" lon="-86.8123711086809635162353515625">
        <ele>0</ele>
        <time>2026-03-19T16:53:58.000Z</time>
        <extensions>
          <ns3:TrackPointExtension>
            <ns3:hr>93</ns3:hr>
          </ns3:TrackPointExtension>
        </extensions>
      </trkpt>
      <trkpt lat="21.3233952037990093231201171875" lon="-86.81224663741886615753173828125">
        <ele>0</ele>
        <time>2026-03-19T16:54:00.000Z</time>
        <extensions>
          <ns3:TrackPointExtension>
            <ns3:hr>90</ns3:hr>
          </ns3:TrackPointExtension>
        </extensions>
      </trkpt>
      <trkpt lat="21.3234123028814792633056640625" lon="-86.812062822282314300537109375">
        <ele>0</ele>
        <time>2026-03-19T16:54:03.000Z</time>
        <extensions>
          <ns3:TrackPointExtension>
            <ns3:hr>87</ns3:hr>
          </ns3:TrackPointExtension>
        </extensions>
      </trkpt>
      <trkpt lat="21.32341406308114528656005859375" lon="-86.81188705377280712127685546875">
        <ele>0</ele>
        <time>2026-03-19T16:54:06.000Z</time>
        <extensions>
          <ns3:TrackPointExtension>
            <ns3:hr>86</ns3:hr>
          </ns3:TrackPointExtension>
        </extensions>
      </trkpt>
      <trkpt lat="21.3234146498143672943115234375" lon="-86.8116687051951885223388671875">
        <ele>0</ele>
        <time>2026-03-19T16:54:09.000Z</time>
        <extensions>
          <ns3:TrackPointExtension>
            <ns3:hr>91</ns3:hr>
          </ns3:TrackPointExtension>
        </extensions>
      </trkpt>
      <trkpt lat="21.3234210200607776641845703125" lon="-86.811596453189849853515625">
        <ele>0</ele>
        <time>2026-03-19T16:54:10.000Z</time>
        <extensions>
          <ns3:TrackPointExtension>
            <ns3:hr>90</ns3:hr>
          </ns3:TrackPointExtension>
        </extensions>
      </trkpt>
      <trkpt lat="21.32342915050685405731201171875" lon="-86.811527721583843231201171875">
        <ele>0</ele>
        <time>2026-03-19T16:54:11.000Z</time>
        <extensions>
          <ns3:TrackPointExtension>
            <ns3:hr>90</ns3:hr>
          </ns3:TrackPointExtension>
        </extensions>
      </trkpt>
      <trkpt lat="21.3234592415392398834228515625" lon="-86.81118297390639781951904296875">
        <ele>0</ele>
        <time>2026-03-19T16:54:17.000Z</time>
        <extensions>
          <ns3:TrackPointExtension>
            <ns3:hr>91</ns3:hr>
          </ns3:TrackPointExtension>
        </extensions>
      </trkpt>
      <trkpt lat="21.3234542123973369598388671875" lon="-86.81107669137418270111083984375">
        <ele>0</ele>
        <time>2026-03-19T16:54:19.000Z</time>
        <extensions>
          <ns3:TrackPointExtension>
            <ns3:hr>91</ns3:hr>
          </ns3:TrackPointExtension>
        </extensions>
      </trkpt>
      <trkpt lat="21.32342780940234661102294921875" lon="-86.81095414794981479644775390625">
        <ele>0</ele>
        <time>2026-03-19T16:54:21.000Z</time>
        <extensions>
          <ns3:TrackPointExtension>
            <ns3:hr>88</ns3:hr>
          </ns3:TrackPointExtension>
        </extensions>
      </trkpt>
      <trkpt lat="21.323419176042079925537109375" lon="-86.81089027784764766693115234375">
        <ele>0</ele>
        <time>2026-03-19T16:54:22.000Z</time>
        <extensions>
          <ns3:TrackPointExtension>
            <ns3:hr>91</ns3:hr>
          </ns3:TrackPointExtension>
        </extensions>
      </trkpt>
      <trkpt lat="21.323410458862781524658203125" lon="-86.81082389317452907562255859375">
        <ele>0</ele>
        <time>2026-03-19T16:54:23.000Z</time>
        <extensions>
          <ns3:TrackPointExtension>
            <ns3:hr>88</ns3:hr>
          </ns3:TrackPointExtension>
        </extensions>
      </trkpt>
      <trkpt lat="21.3233539648354053497314453125" lon="-86.8103809095919132232666015625">
        <ele>0</ele>
        <time>2026-03-19T16:54:29.000Z</time>
        <extensions>
          <ns3:TrackPointExtension>
            <ns3:hr>91</ns3:hr>
          </ns3:TrackPointExtension>
        </extensions>
      </trkpt>
      <trkpt lat="21.3232969678938388824462890625" lon="-86.80987179279327392578125">
        <ele>0</ele>
        <time>2026-03-19T16:54:36.000Z</time>
        <extensions>
          <ns3:TrackPointExtension>
            <ns3:hr>91</ns3:hr>
          </ns3:TrackPointExtension>
        </extensions>
      </trkpt>
      <trkpt lat="21.32329470477998256683349609375" lon="-86.80980163626372814178466796875">
        <ele>0</ele>
        <time>2026-03-19T16:54:37.000Z</time>
        <extensions>
          <ns3:TrackPointExtension>
            <ns3:hr>91</ns3:hr>
          </ns3:TrackPointExtension>
        </extensions>
      </trkpt>
      <trkpt lat="21.3232617639005184173583984375" lon="-86.8094109557569026947021484375">
        <ele>0</ele>
        <time>2026-03-19T16:54:43.000Z</time>
        <extensions>
          <ns3:TrackPointExtension>
            <ns3:hr>89</ns3:hr>
          </ns3:TrackPointExtension>
        </extensions>
      </trkpt>
      <trkpt lat="21.3231913559138774871826171875" lon="-86.80935001932084560394287109375">
        <ele>0</ele>
        <time>2026-03-19T16:54:45.000Z</time>
        <extensions>
          <ns3:TrackPointExtension>
            <ns3:hr>89</ns3:hr>
          </ns3:TrackPointExtension>
        </extensions>
      </trkpt>
      <trkpt lat="21.32309907115995883941650390625" lon="-86.80932252667844295501708984375">
        <ele>0</ele>
        <time>2026-03-19T16:54:48.000Z</time>
        <extensions>
          <ns3:TrackPointExtension>
            <ns3:hr>90</ns3:hr>
          </ns3:TrackPointExtension>
        </extensions>
      </trkpt>
      <trkpt lat="21.32308431901037693023681640625" lon="-86.8093157373368740081787109375">
        <ele>0</ele>
        <time>2026-03-19T16:54:49.000Z</time>
        <extensions>
          <ns3:TrackPointExtension>
            <ns3:hr>90</ns3:hr>
          </ns3:TrackPointExtension>
        </extensions>
      </trkpt>
      <trkpt lat="21.32308213971555233001708984375" lon="-86.809351779520511627197265625">
        <ele>0</ele>
        <time>2026-03-19T16:54:54.000Z</time>
        <extensions>
          <ns3:TrackPointExtension>
            <ns3:hr>91</ns3:hr>
          </ns3:TrackPointExtension>
        </extensions>
      </trkpt>
      <trkpt lat="21.3230485282838344573974609375" lon="-86.80955738760530948638916015625">
        <ele>0</ele>
        <time>2026-03-19T16:54:58.000Z</time>
        <extensions>
          <ns3:TrackPointExtension>
            <ns3:hr>92</ns3:hr>
          </ns3:TrackPointExtension>
        </extensions>
      </trkpt>
      <trkpt lat="21.3230612687766551971435546875" lon="-86.8098065815865993499755859375">
        <ele>0</ele>
        <time>2026-03-19T16:55:01.000Z</time>
        <extensions>
          <ns3:TrackPointExtension>
            <ns3:hr>93</ns3:hr>
          </ns3:TrackPointExtension>
        </extensions>
      </trkpt>
      <trkpt lat="21.3230726681649684906005859375" lon="-86.80997983552515506744384765625">
        <ele>0</ele>
        <time>2026-03-19T16:55:03.000Z</time>
        <extensions>
          <ns3:TrackPointExtension>
            <ns3:hr>92</ns3:hr>
          </ns3:TrackPointExtension>
        </extensions>
      </trkpt>
      <trkpt lat="21.32308348082005977630615234375" lon="-86.8102397583425045013427734375">
        <ele>0</ele>
        <time>2026-03-19T16:55:06.000Z</time>
        <extensions>
          <ns3:TrackPointExtension>
            <ns3:hr>93</ns3:hr>
          </ns3:TrackPointExtension>
        </extensions>
      </trkpt>
      <trkpt lat="21.32309605367481708526611328125" lon="-86.8103155307471752166748046875">
        <ele>0</ele>
        <time>2026-03-19T16:55:07.000Z</time>
        <extensions>
          <ns3:TrackPointExtension>
            <ns3:hr>93</ns3:hr>
          </ns3:TrackPointExtension>
        </extensions>
      </trkpt>
      <trkpt lat="21.3231424055993556976318359375" lon="-86.810525916516780853271484375">
        <ele>0</ele>
        <time>2026-03-19T16:55:10.000Z</time>
        <extensions>
          <ns3:TrackPointExtension>
            <ns3:hr>94</ns3:hr>
          </ns3:TrackPointExtension>
        </extensions>
      </trkpt>
      <trkpt lat="21.32315070368349552154541015625" lon="-86.81059204973280429840087890625">
        <ele>0</ele>
        <time>2026-03-19T16:55:11.000Z</time>
        <extensions>
          <ns3:TrackPointExtension>
            <ns3:hr>93</ns3:hr>
          </ns3:TrackPointExtension>
        </extensions>
      </trkpt>
      <trkpt lat="21.3231641985476016998291015625" lon="-86.81072649545967578887939453125">
        <ele>0</ele>
        <time>2026-03-19T16:55:13.000Z</time>
        <extensions>
          <ns3:TrackPointExtension>
            <ns3:hr>93</ns3:hr>
          </ns3:TrackPointExtension>
        </extensions>
      </trkpt>
      <trkpt lat="21.323174424469470977783203125" lon="-86.81079153902828693389892578125">
        <ele>0</ele>
        <time>2026-03-19T16:55:14.000Z</time>
        <extensions>
          <ns3:TrackPointExtension>
            <ns3:hr>93</ns3:hr>
          </ns3:TrackPointExtension>
        </extensions>
      </trkpt>
      <trkpt lat="21.32321105338633060455322265625" lon="-86.81098298169672489166259765625">
        <ele>0</ele>
        <time>2026-03-19T16:55:17.000Z</time>
        <extensions>
          <ns3:TrackPointExtension>
            <ns3:hr>94</ns3:hr>
          </ns3:TrackPointExtension>
        </extensions>
      </trkpt>
      <trkpt lat="21.32325564511120319366455078125" lon="-86.81120149791240692138671875">
        <ele>0</ele>
        <time>2026-03-19T16:55:20.000Z</time>
        <extensions>
          <ns3:TrackPointExtension>
            <ns3:hr>94</ns3:hr>
          </ns3:TrackPointExtension>
        </extensions>
      </trkpt>
      <trkpt lat="21.323351450264453887939453125" lon="-86.81150785647332668304443359375">
        <ele>0</ele>
        <time>2026-03-19T16:55:25.000Z</time>
        <extensions>
          <ns3:TrackPointExtension>
            <ns3:hr>93</ns3:hr>
          </ns3:TrackPointExtension>
        </extensions>
      </trkpt>
      <trkpt lat="21.32343627512454986572265625" lon="-86.81183315813541412353515625">
        <ele>0</ele>
        <time>2026-03-19T16:55:31.000Z</time>
        <extensions>
          <ns3:TrackPointExtension>
            <ns3:hr>93</ns3:hr>
          </ns3:TrackPointExtension>
        </extensions>
      </trkpt>
      <trkpt lat="21.32352286018431186676025390625" lon="-86.8123110942542552947998046875">
        <ele>0</ele>
        <time>2026-03-19T16:55:38.000Z</time>
        <extensions>
          <ns3:TrackPointExtension>
            <ns3:hr>94</ns3:hr>
          </ns3:TrackPointExtension>
        </extensions>
      </trkpt>
      <trkpt lat="21.3236419670283794403076171875" lon="-86.812827922403812408447265625">
        <ele>0</ele>
        <time>2026-03-19T16:55:45.000Z</time>
        <extensions>
          <ns3:TrackPointExtension>
            <ns3:hr>93</ns3:hr>
          </ns3:TrackPointExtension>
        </extensions>
      </trkpt>
      <trkpt lat="21.32370315492153167724609375" lon="-86.8130248971283435821533203125">
        <ele>0</ele>
        <time>2026-03-19T16:55:48.000Z</time>
        <extensions>
          <ns3:TrackPointExtension>
            <ns3:hr>96</ns3:hr>
          </ns3:TrackPointExtension>
        </extensions>
      </trkpt>
      <trkpt lat="21.32375906221568584442138671875" lon="-86.8131405673921108245849609375">
        <ele>0</ele>
        <time>2026-03-19T16:55:50.000Z</time>
        <extensions>
          <ns3:TrackPointExtension>
            <ns3:hr>94</ns3:hr>
          </ns3:TrackPointExtension>
        </extensions>
      </trkpt>
      <trkpt lat="21.32378621958196163177490234375" lon="-86.81319379247725009918212890625">
        <ele>0</ele>
        <time>2026-03-19T16:55:51.000Z</time>
        <extensions>
          <ns3:TrackPointExtension>
            <ns3:hr>95</ns3:hr>
          </ns3:TrackPointExtension>
        </extensions>
      </trkpt>
      <trkpt lat="21.323859393596649169921875" lon="-86.81335656903684139251708984375">
        <ele>0</ele>
        <time>2026-03-19T16:55:55.000Z</time>
        <extensions>
          <ns3:TrackPointExtension>
            <ns3:hr>93</ns3:hr>
          </ns3:TrackPointExtension>
        </extensions>
      </trkpt>
      <trkpt lat="21.32384489290416240692138671875" lon="-86.813370399177074432373046875">
        <ele>0</ele>
        <time>2026-03-19T16:55:56.000Z</time>
        <extensions>
          <ns3:TrackPointExtension>
            <ns3:hr>93</ns3:hr>
          </ns3:TrackPointExtension>
        </extensions>
      </trkpt>
      <trkpt lat="21.323802731931209564208984375" lon="-86.81331030093133449554443359375">
        <ele>0</ele>
        <time>2026-03-19T16:55:58.000Z</time>
        <extensions>
          <ns3:TrackPointExtension>
            <ns3:hr>93</ns3:hr>
          </ns3:TrackPointExtension>
        </extensions>
      </trkpt>
      <trkpt lat="21.32379041053354740142822265625" lon="-86.81325607001781463623046875">
        <ele>0</ele>
        <time>2026-03-19T16:55:59.000Z</time>
        <extensions>
          <ns3:TrackPointExtension>
            <ns3:hr>92</ns3:hr>
          </ns3:TrackPointExtension>
        </extensions>
      </trkpt>
      <trkpt lat="21.32377666421234607696533203125" lon="-86.81311869062483310699462890625">
        <ele>0</ele>
        <time>2026-03-19T16:56:01.000Z</time>
        <extensions>
          <ns3:TrackPointExtension>
            <ns3:hr>92</ns3:hr>
          </ns3:TrackPointExtension>
        </extensions>
      </trkpt>
      <trkpt lat="21.3237717188894748687744140625" lon="-86.81282867677509784698486328125">
        <ele>0</ele>
        <time>2026-03-19T16:56:06.000Z</time>
        <extensions>
          <ns3:TrackPointExtension>
            <ns3:hr>91</ns3:hr>
          </ns3:TrackPointExtension>
        </extensions>
      </trkpt>
      <trkpt lat="21.323763169348239898681640625" lon="-86.8127731047570705413818359375">
        <ele>0</ele>
        <time>2026-03-19T16:56:07.000Z</time>
        <extensions>
          <ns3:TrackPointExtension>
            <ns3:hr>89</ns3:hr>
          </ns3:TrackPointExtension>
        </extensions>
      </trkpt>
      <trkpt lat="21.32372486405074596405029296875" lon="-86.8125994317233562469482421875">
        <ele>0</ele>
        <time>2026-03-19T16:56:10.000Z</time>
        <extensions>
          <ns3:TrackPointExtension>
            <ns3:hr>90</ns3:hr>
          </ns3:TrackPointExtension>
        </extensions>
      </trkpt>
      <trkpt lat="21.3236902467906475067138671875" lon="-86.812459118664264678955078125">
        <ele>0</ele>
        <time>2026-03-19T16:56:12.000Z</time>
        <extensions>
          <ns3:TrackPointExtension>
            <ns3:hr>91</ns3:hr>
          </ns3:TrackPointExtension>
        </extensions>
      </trkpt>
      <trkpt lat="21.3236729800701141357421875" lon="-86.81218025274574756622314453125">
        <ele>0</ele>
        <time>2026-03-19T16:56:16.000Z</time>
        <extensions>
          <ns3:TrackPointExtension>
            <ns3:hr>88</ns3:hr>
          </ns3:TrackPointExtension>
        </extensions>
      </trkpt>
      <trkpt lat="21.32367390207946300506591796875" lon="-86.81211504153907299041748046875">
        <ele>0</ele>
        <time>2026-03-19T16:56:17.000Z</time>
        <extensions>
          <ns3:TrackPointExtension>
            <ns3:hr>88</ns3:hr>
          </ns3:TrackPointExtension>
        </extensions>
      </trkpt>
      <trkpt lat="21.3236783444881439208984375" lon="-86.81187833659350872039794921875">
        <ele>0</ele>
        <time>2026-03-19T16:56:21.000Z</time>
        <extensions>
          <ns3:TrackPointExtension>
            <ns3:hr>84</ns3:hr>
          </ns3:TrackPointExtension>
        </extensions>
      </trkpt>
      <trkpt lat="21.323669962584972381591796875" lon="-86.81181597523391246795654296875">
        <ele>0</ele>
        <time>2026-03-19T16:56:22.000Z</time>
        <extensions>
          <ns3:TrackPointExtension>
            <ns3:hr>86</ns3:hr>
          </ns3:TrackPointExtension>
        </extensions>
      </trkpt>
      <trkpt lat="21.32363232783973217010498046875" lon="-86.8113961257040500640869140625">
        <ele>0</ele>
        <time>2026-03-19T16:56:28.000Z</time>
        <extensions>
          <ns3:TrackPointExtension>
            <ns3:hr>88</ns3:hr>
          </ns3:TrackPointExtension>
        </extensions>
      </trkpt>
      <trkpt lat="21.3235812820494174957275390625" lon="-86.81084501557052135467529296875">
        <ele>0</ele>
        <time>2026-03-19T16:56:36.000Z</time>
        <extensions>
          <ns3:TrackPointExtension>
            <ns3:hr>88</ns3:hr>
          </ns3:TrackPointExtension>
        </extensions>
      </trkpt>
      <trkpt lat="21.32357440888881683349609375" lon="-86.81077234447002410888671875">
        <ele>0</ele>
        <time>2026-03-19T16:56:37.000Z</time>
        <extensions>
          <ns3:TrackPointExtension>
            <ns3:hr>89</ns3:hr>
          </ns3:TrackPointExtension>
        </extensions>
      </trkpt>
      <trkpt lat="21.32352487184107303619384765625" lon="-86.81025660596787929534912109375">
        <ele>0</ele>
        <time>2026-03-19T16:56:44.000Z</time>
        <extensions>
          <ns3:TrackPointExtension>
            <ns3:hr>86</ns3:hr>
          </ns3:TrackPointExtension>
        </extensions>
      </trkpt>
      <trkpt lat="21.323517076671123504638671875" lon="-86.81018351577222347259521484375">
        <ele>0</ele>
        <time>2026-03-19T16:56:45.000Z</time>
        <extensions>
          <ns3:TrackPointExtension>
            <ns3:hr>85</ns3:hr>
          </ns3:TrackPointExtension>
        </extensions>
      </trkpt>
      <trkpt lat="21.3234879076480865478515625" lon="-86.80996474809944629669189453125">
        <ele>0</ele>
        <time>2026-03-19T16:56:48.000Z</time>
        <extensions>
          <ns3:TrackPointExtension>
            <ns3:hr>89</ns3:hr>
          </ns3:TrackPointExtension>
        </extensions>
      </trkpt>
      <trkpt lat="21.32347248494625091552734375" lon="-86.80973290465772151947021484375">
        <ele>0</ele>
        <time>2026-03-19T16:56:51.000Z</time>
        <extensions>
          <ns3:TrackPointExtension>
            <ns3:hr>89</ns3:hr>
          </ns3:TrackPointExtension>
        </extensions>
      </trkpt>
      <trkpt lat="21.32345932535827159881591796875" lon="-86.80923082865774631500244140625">
        <ele>0</ele>
        <time>2026-03-19T16:56:58.000Z</time>
        <extensions>
          <ns3:TrackPointExtension>
            <ns3:hr>91</ns3:hr>
          </ns3:TrackPointExtension>
        </extensions>
      </trkpt>
      <trkpt lat="21.3234609179198741912841796875" lon="-86.80916662327945232391357421875">
        <ele>0</ele>
        <time>2026-03-19T16:56:59.000Z</time>
        <extensions>
          <ns3:TrackPointExtension>
            <ns3:hr>90</ns3:hr>
          </ns3:TrackPointExtension>
        </extensions>
      </trkpt>
      <trkpt lat="21.323458068072795867919921875" lon="-86.8091061897575855255126953125">
        <ele>0</ele>
        <time>2026-03-19T16:57:00.000Z</time>
        <extensions>
          <ns3:TrackPointExtension>
            <ns3:hr>88</ns3:hr>
          </ns3:TrackPointExtension>
        </extensions>
      </trkpt>
      <trkpt lat="21.32343585602939128875732421875" lon="-86.80885029025375843048095703125">
        <ele>0</ele>
        <time>2026-03-19T16:57:04.000Z</time>
        <extensions>
          <ns3:TrackPointExtension>
            <ns3:hr>87</ns3:hr>
          </ns3:TrackPointExtension>
        </extensions>
      </trkpt>
      <trkpt lat="21.32343904115259647369384765625" lon="-86.80878457613289356231689453125">
        <ele>0</ele>
        <time>2026-03-19T16:57:05.000Z</time>
        <extensions>
          <ns3:TrackPointExtension>
            <ns3:hr>89</ns3:hr>
          </ns3:TrackPointExtension>
        </extensions>
      </trkpt>
      <trkpt lat="21.32344029843807220458984375" lon="-86.8086425028741359710693359375">
        <ele>0</ele>
        <time>2026-03-19T16:57:08.000Z</time>
        <extensions>
          <ns3:TrackPointExtension>
            <ns3:hr>88</ns3:hr>
          </ns3:TrackPointExtension>
        </extensions>
      </trkpt>
      <trkpt lat="21.32343049161136150360107421875" lon="-86.80864392779767513275146484375">
        <ele>0</ele>
        <time>2026-03-19T16:57:09.000Z</time>
        <extensions>
          <ns3:TrackPointExtension>
            <ns3:hr>87</ns3:hr>
          </ns3:TrackPointExtension>
        </extensions>
      </trkpt>
      <trkpt lat="21.32341942749917507171630859375" lon="-86.808668486773967742919921875">
        <ele>0</ele>
        <time>2026-03-19T16:57:10.000Z</time>
        <extensions>
          <ns3:TrackPointExtension>
            <ns3:hr>89</ns3:hr>
          </ns3:TrackPointExtension>
        </extensions>
      </trkpt>
      <trkpt lat="21.323413141071796417236328125" lon="-86.808703355491161346435546875">
        <ele>0</ele>
        <time>2026-03-19T16:57:11.000Z</time>
        <extensions>
          <ns3:TrackPointExtension>
            <ns3:hr>88</ns3:hr>
          </ns3:TrackPointExtension>
        </extensions>
      </trkpt>
      <trkpt lat="21.32338170893490314483642578125" lon="-86.8087910301983356475830078125">
        <ele>0</ele>
        <time>2026-03-19T16:57:15.000Z</time>
        <extensions>
          <ns3:TrackPointExtension>
            <ns3:hr>87</ns3:hr>
          </ns3:TrackPointExtension>
        </extensions>
      </trkpt>
      <trkpt lat="21.32334348745644092559814453125" lon="-86.8088725022971630096435546875">
        <ele>0</ele>
        <time>2026-03-19T16:57:17.000Z</time>
        <extensions>
          <ns3:TrackPointExtension>
            <ns3:hr>88</ns3:hr>
          </ns3:TrackPointExtension>
        </extensions>
      </trkpt>
      <trkpt lat="21.3233258016407489776611328125" lon="-86.80892505683004856109619140625">
        <ele>0</ele>
        <time>2026-03-19T16:57:18.000Z</time>
        <extensions>
          <ns3:TrackPointExtension>
            <ns3:hr>89</ns3:hr>
          </ns3:TrackPointExtension>
        </extensions>
      </trkpt>
      <trkpt lat="21.323300488293170928955078125" lon="-86.8090180121362209320068359375">
        <ele>0</ele>
        <time>2026-03-19T16:57:20.000Z</time>
        <extensions>
          <ns3:TrackPointExtension>
            <ns3:hr>86</ns3:hr>
          </ns3:TrackPointExtension>
        </extensions>
      </trkpt>
      <trkpt lat="21.3232473470270633697509765625" lon="-86.80922278203070163726806640625">
        <ele>0</ele>
        <time>2026-03-19T16:57:25.000Z</time>
        <extensions>
          <ns3:TrackPointExtension>
            <ns3:hr>85</ns3:hr>
          </ns3:TrackPointExtension>
        </extensions>
      </trkpt>
      <trkpt lat="21.32320719771087169647216796875" lon="-86.809304170310497283935546875">
        <ele>0</ele>
        <time>2026-03-19T16:57:27.000Z</time>
        <extensions>
          <ns3:TrackPointExtension>
            <ns3:hr>88</ns3:hr>
          </ns3:TrackPointExtension>
        </extensions>
      </trkpt>
      <trkpt lat="21.32319278083741664886474609375" lon="-86.809355802834033966064453125">
        <ele>0</ele>
        <time>2026-03-19T16:57:28.000Z</time>
        <extensions>
          <ns3:TrackPointExtension>
            <ns3:hr>89</ns3:hr>
          </ns3:TrackPointExtension>
        </extensions>
      </trkpt>
      <trkpt lat="21.3231826387345790863037109375" lon="-86.80941221304237842559814453125">
        <ele>0</ele>
        <time>2026-03-19T16:57:29.000Z</time>
        <extensions>
          <ns3:TrackPointExtension>
            <ns3:hr>86</ns3:hr>
          </ns3:TrackPointExtension>
        </extensions>
      </trkpt>
      <trkpt lat="21.32316268980503082275390625" lon="-86.80960734374821186065673828125">
        <ele>0</ele>
        <time>2026-03-19T16:57:32.000Z</time>
        <extensions>
          <ns3:TrackPointExtension>
            <ns3:hr>83</ns3:hr>
          </ns3:TrackPointExtension>
        </extensions>
      </trkpt>
      <trkpt lat="21.32316394709050655364990234375" lon="-86.8096768297255039215087890625">
        <ele>0</ele>
        <time>2026-03-19T16:57:33.000Z</time>
        <extensions>
          <ns3:TrackPointExtension>
            <ns3:hr>81</ns3:hr>
          </ns3:TrackPointExtension>
        </extensions>
      </trkpt>
      <trkpt lat="21.3231685571372509002685546875" lon="-86.80974748916923999786376953125">
        <ele>0</ele>
        <time>2026-03-19T16:57:34.000Z</time>
        <extensions>
          <ns3:TrackPointExtension>
            <ns3:hr>83</ns3:hr>
          </ns3:TrackPointExtension>
        </extensions>
      </trkpt>
      <trkpt lat="21.32319848053157329559326171875" lon="-86.809949912130832672119140625">
        <ele>0</ele>
        <time>2026-03-19T16:57:37.000Z</time>
        <extensions>
          <ns3:TrackPointExtension>
            <ns3:hr>84</ns3:hr>
          </ns3:TrackPointExtension>
        </extensions>
      </trkpt>
      <trkpt lat="21.3232315890491008758544921875" lon="-86.810072958469390869140625">
        <ele>0</ele>
        <time>2026-03-19T16:57:39.000Z</time>
        <extensions>
          <ns3:TrackPointExtension>
            <ns3:hr>89</ns3:hr>
          </ns3:TrackPointExtension>
        </extensions>
      </trkpt>
      <trkpt lat="21.32324516773223876953125" lon="-86.8101291172206401824951171875">
        <ele>0</ele>
        <time>2026-03-19T16:57:40.000Z</time>
        <extensions>
          <ns3:TrackPointExtension>
            <ns3:hr>89</ns3:hr>
          </ns3:TrackPointExtension>
        </extensions>
      </trkpt>
      <trkpt lat="21.32334239780902862548828125" lon="-86.81057528592646121978759765625">
        <ele>0</ele>
        <time>2026-03-19T16:57:47.000Z</time>
        <extensions>
          <ns3:TrackPointExtension>
            <ns3:hr>88</ns3:hr>
          </ns3:TrackPointExtension>
        </extensions>
      </trkpt>
      <trkpt lat="21.323384977877140045166015625" lon="-86.81099873967468738555908203125">
        <ele>0</ele>
        <time>2026-03-19T16:57:54.000Z</time>
        <extensions>
          <ns3:TrackPointExtension>
            <ns3:hr>89</ns3:hr>
          </ns3:TrackPointExtension>
        </extensions>
      </trkpt>
      <trkpt lat="21.32338791154325008392333984375" lon="-86.81137475185096263885498046875">
        <ele>0</ele>
        <time>2026-03-19T16:57:59.000Z</time>
        <extensions>
          <ns3:TrackPointExtension>
            <ns3:hr>92</ns3:hr>
          </ns3:TrackPointExtension>
        </extensions>
      </trkpt>
      <trkpt lat="21.3234646059572696685791015625" lon="-86.81186936795711517333984375">
        <ele>0</ele>
        <time>2026-03-19T16:58:06.000Z</time>
        <extensions>
          <ns3:TrackPointExtension>
            <ns3:hr>89</ns3:hr>
          </ns3:TrackPointExtension>
        </extensions>
      </trkpt>
      <trkpt lat="21.32351732812821865081787109375" lon="-86.812161393463611602783203125">
        <ele>0</ele>
        <time>2026-03-19T16:58:10.000Z</time>
        <extensions>
          <ns3:TrackPointExtension>
            <ns3:hr>92</ns3:hr>
          </ns3:TrackPointExtension>
        </extensions>
      </trkpt>
      <trkpt lat="21.323584802448749542236328125" lon="-86.8125424347817897796630859375">
        <ele>0</ele>
        <time>2026-03-19T16:58:15.000Z</time>
        <extensions>
          <ns3:TrackPointExtension>
            <ns3:hr>93</ns3:hr>
          </ns3:TrackPointExtension>
        </extensions>
      </trkpt>
      <trkpt lat="21.32359729148447513580322265625" lon="-86.81300670839846134185791015625">
        <ele>0</ele>
        <time>2026-03-19T16:58:21.000Z</time>
        <extensions>
          <ns3:TrackPointExtension>
            <ns3:hr>93</ns3:hr>
          </ns3:TrackPointExtension>
        </extensions>
      </trkpt>
      <trkpt lat="21.3235842995345592498779296875" lon="-86.8130969814956188201904296875">
        <ele>0</ele>
        <time>2026-03-19T16:58:22.000Z</time>
        <extensions>
          <ns3:TrackPointExtension>
            <ns3:hr>93</ns3:hr>
          </ns3:TrackPointExtension>
        </extensions>
      </trkpt>
      <trkpt lat="21.3235045038163661956787109375" lon="-86.81357449851930141448974609375">
        <ele>0</ele>
        <time>2026-03-19T16:58:27.000Z</time>
        <extensions>
          <ns3:TrackPointExtension>
            <ns3:hr>95</ns3:hr>
          </ns3:TrackPointExtension>
        </extensions>
      </trkpt>
      <trkpt lat="21.323488913476467132568359375" lon="-86.81366653181612491607666015625">
        <ele>0</ele>
        <time>2026-03-19T16:58:28.000Z</time>
        <extensions>
          <ns3:TrackPointExtension>
            <ns3:hr>96</ns3:hr>
          </ns3:TrackPointExtension>
        </extensions>
      </trkpt>
      <trkpt lat="21.3233806192874908447265625" lon="-86.814219653606414794921875">
        <ele>0</ele>
        <time>2026-03-19T16:58:34.000Z</time>
        <extensions>
          <ns3:TrackPointExtension>
            <ns3:hr>92</ns3:hr>
          </ns3:TrackPointExtension>
        </extensions>
      </trkpt>
      <trkpt lat="21.32333074696362018585205078125" lon="-86.81441218592226505279541015625">
        <ele>0</ele>
        <time>2026-03-19T16:58:36.000Z</time>
        <extensions>
          <ns3:TrackPointExtension>
            <ns3:hr>95</ns3:hr>
          </ns3:TrackPointExtension>
        </extensions>
      </trkpt>
      <trkpt lat="21.32329084910452365875244140625" lon="-86.8144977651536464691162109375">
        <ele>0</ele>
        <time>2026-03-19T16:58:37.000Z</time>
        <extensions>
          <ns3:TrackPointExtension>
            <ns3:hr>94</ns3:hr>
          </ns3:TrackPointExtension>
        </extensions>
      </trkpt>
      <trkpt lat="21.32317249663174152374267578125" lon="-86.8146429397165775299072265625">
        <ele>0</ele>
        <time>2026-03-19T16:58:39.000Z</time>
        <extensions>
          <ns3:TrackPointExtension>
            <ns3:hr>93</ns3:hr>
          </ns3:TrackPointExtension>
        </extensions>
      </trkpt>
      <trkpt lat="21.323081217706203460693359375" lon="-86.81478652171790599822998046875">
        <ele>0</ele>
        <time>2026-03-19T16:58:41.000Z</time>
        <extensions>
          <ns3:TrackPointExtension>
            <ns3:hr>93</ns3:hr>
          </ns3:TrackPointExtension>
        </extensions>
      </trkpt>
      <trkpt lat="21.323027573525905609130859375" lon="-86.814954243600368499755859375">
        <ele>0</ele>
        <time>2026-03-19T16:58:43.000Z</time>
        <extensions>
          <ns3:TrackPointExtension>
            <ns3:hr>94</ns3:hr>
          </ns3:TrackPointExtension>
        </extensions>
      </trkpt>
      <trkpt lat="21.32297334261238574981689453125" lon="-86.8154351972043514251708984375">
        <ele>0</ele>
        <time>2026-03-19T16:58:48.000Z</time>
        <extensions>
          <ns3:TrackPointExtension>
            <ns3:hr>94</ns3:hr>
          </ns3:TrackPointExtension>
        </extensions>
      </trkpt>
      <trkpt lat="21.32295347750186920166015625" lon="-86.8155330978333950042724609375">
        <ele>0</ele>
        <time>2026-03-19T16:58:49.000Z</time>
        <extensions>
          <ns3:TrackPointExtension>
            <ns3:hr>94</ns3:hr>
          </ns3:TrackPointExtension>
        </extensions>
      </trkpt>
      <trkpt lat="21.32288030348718166351318359375" lon="-86.81567936204373836517333984375">
        <ele>0</ele>
        <time>2026-03-19T16:58:51.000Z</time>
        <extensions>
          <ns3:TrackPointExtension>
            <ns3:hr>95</ns3:hr>
          </ns3:TrackPointExtension>
        </extensions>
      </trkpt>
      <trkpt lat="21.3227860070765018463134765625" lon="-86.8157755024731159210205078125">
        <ele>0</ele>
        <time>2026-03-19T16:58:53.000Z</time>
        <extensions>
          <ns3:TrackPointExtension>
            <ns3:hr>95</ns3:hr>
          </ns3:TrackPointExtension>
        </extensions>
      </trkpt>
      <trkpt lat="21.32272708229720592498779296875" lon="-86.81582755409181118011474609375">
        <ele>0</ele>
        <time>2026-03-19T16:58:54.000Z</time>
        <extensions>
          <ns3:TrackPointExtension>
            <ns3:hr>96</ns3:hr>
          </ns3:TrackPointExtension>
        </extensions>
      </trkpt>
      <trkpt lat="21.32267586886882781982421875" lon="-86.81589066982269287109375">
        <ele>0</ele>
        <time>2026-03-19T16:58:55.000Z</time>
        <extensions>
          <ns3:TrackPointExtension>
            <ns3:hr>97</ns3:hr>
          </ns3:TrackPointExtension>
        </extensions>
      </trkpt>
      <trkpt lat="21.32259808480739593505859375" lon="-86.8160370178520679473876953125">
        <ele>0</ele>
        <time>2026-03-19T16:58:57.000Z</time>
        <extensions>
          <ns3:TrackPointExtension>
            <ns3:hr>98</ns3:hr>
          </ns3:TrackPointExtension>
        </extensions>
      </trkpt>
      <trkpt lat="21.32251468487083911895751953125" lon="-86.8162448890507221221923828125">
        <ele>0</ele>
        <time>2026-03-19T16:59:00.000Z</time>
        <extensions>
          <ns3:TrackPointExtension>
            <ns3:hr>98</ns3:hr>
          </ns3:TrackPointExtension>
        </extensions>
      </trkpt>
      <trkpt lat="21.32249942980706691741943359375" lon="-86.81632879190146923065185546875">
        <ele>0</ele>
        <time>2026-03-19T16:59:01.000Z</time>
        <extensions>
          <ns3:TrackPointExtension>
            <ns3:hr>97</ns3:hr>
          </ns3:TrackPointExtension>
        </extensions>
      </trkpt>
      <trkpt lat="21.32249892689287662506103515625" lon="-86.81642082519829273223876953125">
        <ele>0</ele>
        <time>2026-03-19T16:59:02.000Z</time>
        <extensions>
          <ns3:TrackPointExtension>
            <ns3:hr>99</ns3:hr>
          </ns3:TrackPointExtension>
        </extensions>
      </trkpt>
      <trkpt lat="21.32251300849020481109619140625" lon="-86.81669734418392181396484375">
        <ele>0</ele>
        <time>2026-03-19T16:59:05.000Z</time>
        <extensions>
          <ns3:TrackPointExtension>
            <ns3:hr>96</ns3:hr>
          </ns3:TrackPointExtension>
        </extensions>
      </trkpt>
      <trkpt lat="21.3225181214511394500732421875" lon="-86.81688568554818630218505859375">
        <ele>0</ele>
        <time>2026-03-19T16:59:07.000Z</time>
        <extensions>
          <ns3:TrackPointExtension>
            <ns3:hr>100</ns3:hr>
          </ns3:TrackPointExtension>
        </extensions>
      </trkpt>
      <trkpt lat="21.322460286319255828857421875" lon="-86.81703530251979827880859375">
        <ele>0</ele>
        <time>2026-03-19T16:59:09.000Z</time>
        <extensions>
          <ns3:TrackPointExtension>
            <ns3:hr>101</ns3:hr>
          </ns3:TrackPointExtension>
        </extensions>
      </trkpt>
      <trkpt lat="21.32236766628921031951904296875" lon="-86.81713881902396678924560546875">
        <ele>0</ele>
        <time>2026-03-19T16:59:11.000Z</time>
        <extensions>
          <ns3:TrackPointExtension>
            <ns3:hr>101</ns3:hr>
          </ns3:TrackPointExtension>
        </extensions>
      </trkpt>
      <trkpt lat="21.32234637625515460968017578125" lon="-86.8171816505491733551025390625">
        <ele>0</ele>
        <time>2026-03-19T16:59:12.000Z</time>
        <extensions>
          <ns3:TrackPointExtension>
            <ns3:hr>101</ns3:hr>
          </ns3:TrackPointExtension>
        </extensions>
      </trkpt>
      <trkpt lat="21.3223179616034030914306640625" lon="-86.81723236106336116790771484375">
        <ele>0</ele>
        <time>2026-03-19T16:59:14.000Z</time>
        <extensions>
          <ns3:TrackPointExtension>
            <ns3:hr>101</ns3:hr>
          </ns3:TrackPointExtension>
        </extensions>
      </trkpt>
      <trkpt lat="21.3222867809236049652099609375" lon="-86.817215345799922943115234375">
        <ele>0</ele>
        <time>2026-03-19T16:59:15.000Z</time>
        <extensions>
          <ns3:TrackPointExtension>
            <ns3:hr>102</ns3:hr>
          </ns3:TrackPointExtension>
        </extensions>
      </trkpt>
      <trkpt lat="21.32224646396934986114501953125" lon="-86.81711853481829166412353515625">
        <ele>0</ele>
        <time>2026-03-19T16:59:17.000Z</time>
        <extensions>
          <ns3:TrackPointExtension>
            <ns3:hr>100</ns3:hr>
          </ns3:TrackPointExtension>
        </extensions>
      </trkpt>
      <trkpt lat="21.32223875261843204498291015625" lon="-86.81705533526837825775146484375">
        <ele>0</ele>
        <time>2026-03-19T16:59:18.000Z</time>
        <extensions>
          <ns3:TrackPointExtension>
            <ns3:hr>100</ns3:hr>
          </ns3:TrackPointExtension>
        </extensions>
      </trkpt>
      <trkpt lat="21.32223690859973430633544921875" lon="-86.8169838376343250274658203125">
        <ele>0</ele>
        <time>2026-03-19T16:59:19.000Z</time>
        <extensions>
          <ns3:TrackPointExtension>
            <ns3:hr>100</ns3:hr>
          </ns3:TrackPointExtension>
        </extensions>
      </trkpt>
      <trkpt lat="21.32224730215966701507568359375" lon="-86.816689632833003997802734375">
        <ele>0</ele>
        <time>2026-03-19T16:59:23.000Z</time>
        <extensions>
          <ns3:TrackPointExtension>
            <ns3:hr>100</ns3:hr>
          </ns3:TrackPointExtension>
        </extensions>
      </trkpt>
      <trkpt lat="21.3222173787653446197509765625" lon="-86.81633516214787960052490234375">
        <ele>0</ele>
        <time>2026-03-19T16:59:28.000Z</time>
        <extensions>
          <ns3:TrackPointExtension>
            <ns3:hr>97</ns3:hr>
          </ns3:TrackPointExtension>
        </extensions>
      </trkpt>
      <trkpt lat="21.322245039045810699462890625" lon="-86.8158606626093387603759765625">
        <ele>0</ele>
        <time>2026-03-19T16:59:34.000Z</time>
        <extensions>
          <ns3:TrackPointExtension>
            <ns3:hr>98</ns3:hr>
          </ns3:TrackPointExtension>
        </extensions>
      </trkpt>
      <trkpt lat="21.3223022036254405975341796875" lon="-86.81544969789683818817138671875">
        <ele>0</ele>
        <time>2026-03-19T16:59:40.000Z</time>
        <extensions>
          <ns3:TrackPointExtension>
            <ns3:hr>99</ns3:hr>
          </ns3:TrackPointExtension>
        </extensions>
      </trkpt>
      <trkpt lat="21.3223075680434703826904296875" lon="-86.81524534709751605987548828125">
        <ele>0</ele>
        <time>2026-03-19T16:59:43.000Z</time>
        <extensions>
          <ns3:TrackPointExtension>
            <ns3:hr>96</ns3:hr>
          </ns3:TrackPointExtension>
        </extensions>
      </trkpt>
      <trkpt lat="21.32230547256767749786376953125" lon="-86.81511073373258113861083984375">
        <ele>0</ele>
        <time>2026-03-19T16:59:45.000Z</time>
        <extensions>
          <ns3:TrackPointExtension>
            <ns3:hr>100</ns3:hr>
          </ns3:TrackPointExtension>
        </extensions>
      </trkpt>
      <trkpt lat="21.32230614311993122100830078125" lon="-86.81497494690120220184326171875">
        <ele>0</ele>
        <time>2026-03-19T16:59:47.000Z</time>
        <extensions>
          <ns3:TrackPointExtension>
            <ns3:hr>98</ns3:hr>
          </ns3:TrackPointExtension>
        </extensions>
      </trkpt>
      <trkpt lat="21.32233715616166591644287109375" lon="-86.81456004269421100616455078125">
        <ele>0</ele>
        <time>2026-03-19T16:59:53.000Z</time>
        <extensions>
          <ns3:TrackPointExtension>
            <ns3:hr>96</ns3:hr>
          </ns3:TrackPointExtension>
        </extensions>
      </trkpt>
      <trkpt lat="21.322340257465839385986328125" lon="-86.8140595592558383941650390625">
        <ele>0</ele>
        <time>2026-03-19T17:00:00.000Z</time>
        <extensions>
          <ns3:TrackPointExtension>
            <ns3:hr>95</ns3:hr>
          </ns3:TrackPointExtension>
        </extensions>
      </trkpt>
      <trkpt lat="21.3223400898277759552001953125" lon="-86.81398755870759487152099609375">
        <ele>0</ele>
        <time>2026-03-19T17:00:01.000Z</time>
        <extensions>
          <ns3:TrackPointExtension>
            <ns3:hr>96</ns3:hr>
          </ns3:TrackPointExtension>
        </extensions>
      </trkpt>
      <trkpt lat="21.3223265111446380615234375" lon="-86.8134262226521968841552734375">
        <ele>0</ele>
        <time>2026-03-19T17:00:08.000Z</time>
        <extensions>
          <ns3:TrackPointExtension>
            <ns3:hr>96</ns3:hr>
          </ns3:TrackPointExtension>
        </extensions>
      </trkpt>
      <trkpt lat="21.32233749143779277801513671875" lon="-86.813247017562389373779296875">
        <ele>0</ele>
        <time>2026-03-19T17:00:10.000Z</time>
        <extensions>
          <ns3:TrackPointExtension>
            <ns3:hr>93</ns3:hr>
          </ns3:TrackPointExtension>
        </extensions>
      </trkpt>
      <trkpt lat="21.32235593162477016448974609375" lon="-86.8130631186068058013916015625">
        <ele>0</ele>
        <time>2026-03-19T17:00:12.000Z</time>
        <extensions>
          <ns3:TrackPointExtension>
            <ns3:hr>96</ns3:hr>
          </ns3:TrackPointExtension>
        </extensions>
      </trkpt>
      <trkpt lat="21.32238350808620452880859375" lon="-86.81288600899279117584228515625">
        <ele>0</ele>
        <time>2026-03-19T17:00:14.000Z</time>
        <extensions>
          <ns3:TrackPointExtension>
            <ns3:hr>93</ns3:hr>
          </ns3:TrackPointExtension>
        </extensions>
      </trkpt>
      <trkpt lat="21.32249892689287662506103515625" lon="-86.81240388192236423492431640625">
        <ele>0</ele>
        <time>2026-03-19T17:00:20.000Z</time>
        <extensions>
          <ns3:TrackPointExtension>
            <ns3:hr>93</ns3:hr>
          </ns3:TrackPointExtension>
        </extensions>
      </trkpt>
      <trkpt lat="21.32256732322275638580322265625" lon="-86.81189476512372493743896484375">
        <ele>0</ele>
        <time>2026-03-19T17:00:27.000Z</time>
        <extensions>
          <ns3:TrackPointExtension>
            <ns3:hr>95</ns3:hr>
          </ns3:TrackPointExtension>
        </extensions>
      </trkpt>
      <trkpt lat="21.32258333265781402587890625" lon="-86.8117471598088741302490234375">
        <ele>0</ele>
        <time>2026-03-19T17:00:29.000Z</time>
        <extensions>
          <ns3:TrackPointExtension>
            <ns3:hr>92</ns3:hr>
          </ns3:TrackPointExtension>
        </extensions>
      </trkpt>
      <trkpt lat="21.322614848613739013671875" lon="-86.81138816289603710174560546875">
        <ele>0</ele>
        <time>2026-03-19T17:00:34.000Z</time>
        <extensions>
          <ns3:TrackPointExtension>
            <ns3:hr>91</ns3:hr>
          </ns3:TrackPointExtension>
        </extensions>
      </trkpt>
      <trkpt lat="21.3226847536861896514892578125" lon="-86.81093486957252025604248046875">
        <ele>0</ele>
        <time>2026-03-19T17:00:41.000Z</time>
        <extensions>
          <ns3:TrackPointExtension>
            <ns3:hr>92</ns3:hr>
          </ns3:TrackPointExtension>
        </extensions>
      </trkpt>
      <trkpt lat="21.3226884417235851287841796875" lon="-86.810869909822940826416015625">
        <ele>0</ele>
        <time>2026-03-19T17:00:42.000Z</time>
        <extensions>
          <ns3:TrackPointExtension>
            <ns3:hr>93</ns3:hr>
          </ns3:TrackPointExtension>
        </extensions>
      </trkpt>
      <trkpt lat="21.32270864211022853851318359375" lon="-86.81062507443130016326904296875">
        <ele>0</ele>
        <time>2026-03-19T17:00:46.000Z</time>
        <extensions>
          <ns3:TrackPointExtension>
            <ns3:hr>90</ns3:hr>
          </ns3:TrackPointExtension>
        </extensions>
      </trkpt>
      <trkpt lat="21.3227387331426143646240234375" lon="-86.81037177331745624542236328125">
        <ele>0</ele>
        <time>2026-03-19T17:00:50.000Z</time>
        <extensions>
          <ns3:TrackPointExtension>
            <ns3:hr>89</ns3:hr>
          </ns3:TrackPointExtension>
        </extensions>
      </trkpt>
      <trkpt lat="21.32275767624378204345703125" lon="-86.8101693503558635711669921875">
        <ele>0</ele>
        <time>2026-03-19T17:00:53.000Z</time>
        <extensions>
          <ns3:TrackPointExtension>
            <ns3:hr>86</ns3:hr>
          </ns3:TrackPointExtension>
        </extensions>
      </trkpt>
      <trkpt lat="21.32281157188117504119873046875" lon="-86.80984430015087127685546875">
        <ele>0</ele>
        <time>2026-03-19T17:00:58.000Z</time>
        <extensions>
          <ns3:TrackPointExtension>
            <ns3:hr>87</ns3:hr>
          </ns3:TrackPointExtension>
        </extensions>
      </trkpt>
      <trkpt lat="21.32281810976564884185791015625" lon="-86.80966232903301715850830078125">
        <ele>0</ele>
        <time>2026-03-19T17:01:01.000Z</time>
        <extensions>
          <ns3:TrackPointExtension>
            <ns3:hr>87</ns3:hr>
          </ns3:TrackPointExtension>
        </extensions>
      </trkpt>
      <trkpt lat="21.3228145055472850799560546875" lon="-86.80954523384571075439453125">
        <ele>0</ele>
        <time>2026-03-19T17:01:03.000Z</time>
        <extensions>
          <ns3:TrackPointExtension>
            <ns3:hr>86</ns3:hr>
          </ns3:TrackPointExtension>
        </extensions>
      </trkpt>
      <trkpt lat="21.322816349565982818603515625" lon="-86.80935152806341648101806640625">
        <ele>0</ele>
        <time>2026-03-19T17:01:06.000Z</time>
        <extensions>
          <ns3:TrackPointExtension>
            <ns3:hr>89</ns3:hr>
          </ns3:TrackPointExtension>
        </extensions>
      </trkpt>
      <trkpt lat="21.32280335761606693267822265625" lon="-86.8092964589595794677734375">
        <ele>0</ele>
        <time>2026-03-19T17:01:07.000Z</time>
        <extensions>
          <ns3:TrackPointExtension>
            <ns3:hr>88</ns3:hr>
          </ns3:TrackPointExtension>
        </extensions>
      </trkpt>
      <trkpt lat="21.32276597432792186737060546875" lon="-86.8092537112534046173095703125">
        <ele>0</ele>
        <time>2026-03-19T17:01:08.000Z</time>
        <extensions>
          <ns3:TrackPointExtension>
            <ns3:hr>87</ns3:hr>
          </ns3:TrackPointExtension>
        </extensions>
      </trkpt>
      <trkpt lat="21.32271618582308292388916015625" lon="-86.80923954583704471588134765625">
        <ele>0.60000002384185791015625</ele>
        <time>2026-03-19T17:01:09.000Z</time>
        <extensions>
          <ns3:TrackPointExtension>
            <ns3:hr>89</ns3:hr>
          </ns3:TrackPointExtension>
        </extensions>
      </trkpt>
      <trkpt lat="21.322672851383686065673828125" lon="-86.80925999768078327178955078125">
        <ele>2</ele>
        <time>2026-03-19T17:01:10.000Z</time>
        <extensions>
          <ns3:TrackPointExtension>
            <ns3:hr>88</ns3:hr>
          </ns3:TrackPointExtension>
        </extensions>
      </trkpt>
      <trkpt lat="21.32263940759003162384033203125" lon="-86.809351444244384765625">
        <ele>0</ele>
        <time>2026-03-19T17:01:12.000Z</time>
        <extensions>
          <ns3:TrackPointExtension>
            <ns3:hr>88</ns3:hr>
          </ns3:TrackPointExtension>
        </extensions>
      </trkpt>
      <trkpt lat="21.322635971009731292724609375" lon="-86.8095244467258453369140625">
        <ele>0</ele>
        <time>2026-03-19T17:01:15.000Z</time>
        <extensions>
          <ns3:TrackPointExtension>
            <ns3:hr>87</ns3:hr>
          </ns3:TrackPointExtension>
        </extensions>
      </trkpt>
      <trkpt lat="21.32265198044478893280029296875" lon="-86.8096241913735866546630859375">
        <ele>0</ele>
        <time>2026-03-19T17:01:17.000Z</time>
        <extensions>
          <ns3:TrackPointExtension>
            <ns3:hr>88</ns3:hr>
          </ns3:TrackPointExtension>
        </extensions>
      </trkpt>
      <trkpt lat="21.32270327769219875335693359375" lon="-86.809933148324489593505859375">
        <ele>0</ele>
        <time>2026-03-19T17:01:23.000Z</time>
        <extensions>
          <ns3:TrackPointExtension>
            <ns3:hr>89</ns3:hr>
          </ns3:TrackPointExtension>
        </extensions>
      </trkpt>
      <trkpt lat="21.3227068819105625152587890625" lon="-86.8099896423518657684326171875">
        <ele>0</ele>
        <time>2026-03-19T17:01:24.000Z</time>
        <extensions>
          <ns3:TrackPointExtension>
            <ns3:hr>90</ns3:hr>
          </ns3:TrackPointExtension>
        </extensions>
      </trkpt>
      <trkpt lat="21.3227269984781742095947265625" lon="-86.81027152575552463531494140625">
        <ele>0</ele>
        <time>2026-03-19T17:01:28.000Z</time>
        <extensions>
          <ns3:TrackPointExtension>
            <ns3:hr>87</ns3:hr>
          </ns3:TrackPointExtension>
        </extensions>
      </trkpt>
      <trkpt lat="21.322793550789356231689453125" lon="-86.8107528984546661376953125">
        <ele>0</ele>
        <time>2026-03-19T17:01:34.000Z</time>
        <extensions>
          <ns3:TrackPointExtension>
            <ns3:hr>88</ns3:hr>
          </ns3:TrackPointExtension>
        </extensions>
      </trkpt>
      <trkpt lat="21.32279799319803714752197265625" lon="-86.8108338676393032073974609375">
        <ele>0</ele>
        <time>2026-03-19T17:01:35.000Z</time>
        <extensions>
          <ns3:TrackPointExtension>
            <ns3:hr>87</ns3:hr>
          </ns3:TrackPointExtension>
        </extensions>
      </trkpt>
      <trkpt lat="21.32276865653693675994873046875" lon="-86.81099119596183300018310546875">
        <ele>0</ele>
        <time>2026-03-19T17:01:37.000Z</time>
        <extensions>
          <ns3:TrackPointExtension>
            <ns3:hr>86</ns3:hr>
          </ns3:TrackPointExtension>
        </extensions>
      </trkpt>
      <trkpt lat="21.32274091243743896484375" lon="-86.811072416603565216064453125">
        <ele>0</ele>
        <time>2026-03-19T17:01:38.000Z</time>
        <extensions>
          <ns3:TrackPointExtension>
            <ns3:hr>86</ns3:hr>
          </ns3:TrackPointExtension>
        </extensions>
      </trkpt>
      <trkpt lat="21.3227216340601444244384765625" lon="-86.8111527152359485626220703125">
        <ele>0</ele>
        <time>2026-03-19T17:01:39.000Z</time>
        <extensions>
          <ns3:TrackPointExtension>
            <ns3:hr>85</ns3:hr>
          </ns3:TrackPointExtension>
        </extensions>
      </trkpt>
      <trkpt lat="21.3227048702538013458251953125" lon="-86.8113116361200809478759765625">
        <ele>0</ele>
        <time>2026-03-19T17:01:41.000Z</time>
        <extensions>
          <ns3:TrackPointExtension>
            <ns3:hr>89</ns3:hr>
          </ns3:TrackPointExtension>
        </extensions>
      </trkpt>
      <trkpt lat="21.3227109052240848541259765625" lon="-86.811391599476337432861328125">
        <ele>0</ele>
        <time>2026-03-19T17:01:42.000Z</time>
        <extensions>
          <ns3:TrackPointExtension>
            <ns3:hr>88</ns3:hr>
          </ns3:TrackPointExtension>
        </extensions>
      </trkpt>
      <trkpt lat="21.322755999863147735595703125" lon="-86.8116140551865100860595703125">
        <ele>0</ele>
        <time>2026-03-19T17:01:45.000Z</time>
        <extensions>
          <ns3:TrackPointExtension>
            <ns3:hr>91</ns3:hr>
          </ns3:TrackPointExtension>
        </extensions>
      </trkpt>
      <trkpt lat="21.32277016527950763702392578125" lon="-86.81174204684793949127197265625">
        <ele>0</ele>
        <time>2026-03-19T17:01:47.000Z</time>
        <extensions>
          <ns3:TrackPointExtension>
            <ns3:hr>92</ns3:hr>
          </ns3:TrackPointExtension>
        </extensions>
      </trkpt>
      <trkpt lat="21.322823055088520050048828125" lon="-86.81215368211269378662109375">
        <ele>0</ele>
        <time>2026-03-19T17:01:53.000Z</time>
        <extensions>
          <ns3:TrackPointExtension>
            <ns3:hr>93</ns3:hr>
          </ns3:TrackPointExtension>
        </extensions>
      </trkpt>
      <trkpt lat="21.32286722771823406219482421875" lon="-86.8125384114682674407958984375">
        <ele>0</ele>
        <time>2026-03-19T17:01:58.000Z</time>
        <extensions>
          <ns3:TrackPointExtension>
            <ns3:hr>92</ns3:hr>
          </ns3:TrackPointExtension>
        </extensions>
      </trkpt>
      <trkpt lat="21.322835125029087066650390625" lon="-86.8126862682402133941650390625">
        <ele>0</ele>
        <time>2026-03-19T17:02:00.000Z</time>
        <extensions>
          <ns3:TrackPointExtension>
            <ns3:hr>91</ns3:hr>
          </ns3:TrackPointExtension>
        </extensions>
      </trkpt>
      <trkpt lat="21.3227958977222442626953125" lon="-86.8127533234655857086181640625">
        <ele>0</ele>
        <time>2026-03-19T17:02:01.000Z</time>
        <extensions>
          <ns3:TrackPointExtension>
            <ns3:hr>92</ns3:hr>
          </ns3:TrackPointExtension>
        </extensions>
      </trkpt>
      <trkpt lat="21.3227494619786739349365234375" lon="-86.81281660683453083038330078125">
        <ele>0</ele>
        <time>2026-03-19T17:02:02.000Z</time>
        <extensions>
          <ns3:TrackPointExtension>
            <ns3:hr>91</ns3:hr>
          </ns3:TrackPointExtension>
        </extensions>
      </trkpt>
      <trkpt lat="21.32270964793860912322998046875" lon="-86.81287980638444423675537109375">
        <ele>0</ele>
        <time>2026-03-19T17:02:03.000Z</time>
        <extensions>
          <ns3:TrackPointExtension>
            <ns3:hr>95</ns3:hr>
          </ns3:TrackPointExtension>
        </extensions>
      </trkpt>
      <trkpt lat="21.3226773776113986968994140625" lon="-86.81294535286724567413330078125">
        <ele>0</ele>
        <time>2026-03-19T17:02:04.000Z</time>
        <extensions>
          <ns3:TrackPointExtension>
            <ns3:hr>92</ns3:hr>
          </ns3:TrackPointExtension>
        </extensions>
      </trkpt>
      <trkpt lat="21.32265030406415462493896484375" lon="-86.813010983169078826904296875">
        <ele>0</ele>
        <time>2026-03-19T17:02:05.000Z</time>
        <extensions>
          <ns3:TrackPointExtension>
            <ns3:hr>92</ns3:hr>
          </ns3:TrackPointExtension>
        </extensions>
      </trkpt>
      <trkpt lat="21.32256430573761463165283203125" lon="-86.81338288821280002593994140625">
        <ele>0</ele>
        <time>2026-03-19T17:02:10.000Z</time>
        <extensions>
          <ns3:TrackPointExtension>
            <ns3:hr>92</ns3:hr>
          </ns3:TrackPointExtension>
        </extensions>
      </trkpt>
      <trkpt lat="21.32256749086081981658935546875" lon="-86.8137514404952526092529296875">
        <ele>0</ele>
        <time>2026-03-19T17:02:14.000Z</time>
        <extensions>
          <ns3:TrackPointExtension>
            <ns3:hr>94</ns3:hr>
          </ns3:TrackPointExtension>
        </extensions>
      </trkpt>
      <trkpt lat="21.322592385113239288330078125" lon="-86.81425812654197216033935546875">
        <ele>0</ele>
        <time>2026-03-19T17:02:20.000Z</time>
        <extensions>
          <ns3:TrackPointExtension>
            <ns3:hr>95</ns3:hr>
          </ns3:TrackPointExtension>
        </extensions>
      </trkpt>
      <trkpt lat="21.32261686027050018310546875" lon="-86.8144114315509796142578125">
        <ele>0</ele>
        <time>2026-03-19T17:02:22.000Z</time>
        <extensions>
          <ns3:TrackPointExtension>
            <ns3:hr>94</ns3:hr>
          </ns3:TrackPointExtension>
        </extensions>
      </trkpt>
      <trkpt lat="21.3226456940174102783203125" lon="-86.81458820588886737823486328125">
        <ele>0</ele>
        <time>2026-03-19T17:02:25.000Z</time>
        <extensions>
          <ns3:TrackPointExtension>
            <ns3:hr>96</ns3:hr>
          </ns3:TrackPointExtension>
        </extensions>
      </trkpt>
      <trkpt lat="21.322601102292537689208984375" lon="-86.81464235298335552215576171875">
        <ele>0</ele>
        <time>2026-03-19T17:02:28.000Z</time>
        <extensions>
          <ns3:TrackPointExtension>
            <ns3:hr>97</ns3:hr>
          </ns3:TrackPointExtension>
        </extensions>
      </trkpt>
      <trkpt lat="21.322565563023090362548828125" lon="-86.8145121820271015167236328125">
        <ele>0</ele>
        <time>2026-03-19T17:02:31.000Z</time>
        <extensions>
          <ns3:TrackPointExtension>
            <ns3:hr>96</ns3:hr>
          </ns3:TrackPointExtension>
        </extensions>
      </trkpt>
      <trkpt lat="21.322597749531269073486328125" lon="-86.81416726671159267425537109375">
        <ele>0</ele>
        <time>2026-03-19T17:02:36.000Z</time>
        <extensions>
          <ns3:TrackPointExtension>
            <ns3:hr>95</ns3:hr>
          </ns3:TrackPointExtension>
        </extensions>
      </trkpt>
      <trkpt lat="21.32263295352458953857421875" lon="-86.81365907192230224609375">
        <ele>0</ele>
        <time>2026-03-19T17:02:43.000Z</time>
        <extensions>
          <ns3:TrackPointExtension>
            <ns3:hr>98</ns3:hr>
          </ns3:TrackPointExtension>
        </extensions>
      </trkpt>
      <trkpt lat="21.32263169623911380767822265625" lon="-86.8136002309620380401611328125">
        <ele>0</ele>
        <time>2026-03-19T17:02:44.000Z</time>
        <extensions>
          <ns3:TrackPointExtension>
            <ns3:hr>98</ns3:hr>
          </ns3:TrackPointExtension>
        </extensions>
      </trkpt>
      <trkpt lat="21.322643347084522247314453125" lon="-86.81323050521314144134521484375">
        <ele>0</ele>
        <time>2026-03-19T17:02:50.000Z</time>
        <extensions>
          <ns3:TrackPointExtension>
            <ns3:hr>99</ns3:hr>
          </ns3:TrackPointExtension>
        </extensions>
      </trkpt>
      <trkpt lat="21.32267276756465435028076171875" lon="-86.813039816915988922119140625">
        <ele>0</ele>
        <time>2026-03-19T17:02:53.000Z</time>
        <extensions>
          <ns3:TrackPointExtension>
            <ns3:hr>96</ns3:hr>
          </ns3:TrackPointExtension>
        </extensions>
      </trkpt>
      <trkpt lat="21.32269020192325115203857421875" lon="-86.81291534565389156341552734375">
        <ele>0</ele>
        <time>2026-03-19T17:02:55.000Z</time>
        <extensions>
          <ns3:TrackPointExtension>
            <ns3:hr>100</ns3:hr>
          </ns3:TrackPointExtension>
        </extensions>
      </trkpt>
      <trkpt lat="21.3226968236267566680908203125" lon="-86.81279364041984081268310546875">
        <ele>0</ele>
        <time>2026-03-19T17:02:57.000Z</time>
        <extensions>
          <ns3:TrackPointExtension>
            <ns3:hr>101</ns3:hr>
          </ns3:TrackPointExtension>
        </extensions>
      </trkpt>
      <trkpt lat="21.32270176894962787628173828125" lon="-86.81263673119246959686279296875">
        <ele>0</ele>
        <time>2026-03-19T17:03:00.000Z</time>
        <extensions>
          <ns3:TrackPointExtension>
            <ns3:hr>98</ns3:hr>
          </ns3:TrackPointExtension>
        </extensions>
      </trkpt>
      <trkpt lat="21.32269464433193206787109375" lon="-86.81252508424222469329833984375">
        <ele>0</ele>
        <time>2026-03-19T17:03:02.000Z</time>
        <extensions>
          <ns3:TrackPointExtension>
            <ns3:hr>99</ns3:hr>
          </ns3:TrackPointExtension>
        </extensions>
      </trkpt>
      <trkpt lat="21.322692297399044036865234375" lon="-86.81246322579681873321533203125">
        <ele>0</ele>
        <time>2026-03-19T17:03:03.000Z</time>
        <extensions>
          <ns3:TrackPointExtension>
            <ns3:hr>102</ns3:hr>
          </ns3:TrackPointExtension>
        </extensions>
      </trkpt>
      <trkpt lat="21.32269321940839290618896484375" lon="-86.81239918805658817291259765625">
        <ele>0</ele>
        <time>2026-03-19T17:03:04.000Z</time>
        <extensions>
          <ns3:TrackPointExtension>
            <ns3:hr>99</ns3:hr>
          </ns3:TrackPointExtension>
        </extensions>
      </trkpt>
      <trkpt lat="21.32272020913660526275634765625" lon="-86.8122068233788013458251953125">
        <ele>0</ele>
        <time>2026-03-19T17:03:07.000Z</time>
        <extensions>
          <ns3:TrackPointExtension>
            <ns3:hr>97</ns3:hr>
          </ns3:TrackPointExtension>
        </extensions>
      </trkpt>
      <trkpt lat="21.322748959064483642578125" lon="-86.812021918594837188720703125">
        <ele>0</ele>
        <time>2026-03-19T17:03:10.000Z</time>
        <extensions>
          <ns3:TrackPointExtension>
            <ns3:hr>100</ns3:hr>
          </ns3:TrackPointExtension>
        </extensions>
      </trkpt>
      <trkpt lat="21.32275809533894062042236328125" lon="-86.8119251914322376251220703125">
        <ele>0</ele>
        <time>2026-03-19T17:03:12.000Z</time>
        <extensions>
          <ns3:TrackPointExtension>
            <ns3:hr>101</ns3:hr>
          </ns3:TrackPointExtension>
        </extensions>
      </trkpt>
      <trkpt lat="21.32274703122675418853759765625" lon="-86.8119060806930065155029296875">
        <ele>0</ele>
        <time>2026-03-19T17:03:13.000Z</time>
        <extensions>
          <ns3:TrackPointExtension>
            <ns3:hr>98</ns3:hr>
          </ns3:TrackPointExtension>
        </extensions>
      </trkpt>
      <trkpt lat="21.32272507064044475555419921875" lon="-86.81190063245594501495361328125">
        <ele>0</ele>
        <time>2026-03-19T17:03:14.000Z</time>
        <extensions>
          <ns3:TrackPointExtension>
            <ns3:hr>98</ns3:hr>
          </ns3:TrackPointExtension>
        </extensions>
      </trkpt>
      <trkpt lat="21.32269841618835926055908203125" lon="-86.81192561052739620208740234375">
        <ele>0</ele>
        <time>2026-03-19T17:03:15.000Z</time>
        <extensions>
          <ns3:TrackPointExtension>
            <ns3:hr>99</ns3:hr>
          </ns3:TrackPointExtension>
        </extensions>
      </trkpt>
      <trkpt lat="21.32267377339303493499755859375" lon="-86.81202418170869350433349609375">
        <ele>0</ele>
        <time>2026-03-19T17:03:17.000Z</time>
        <extensions>
          <ns3:TrackPointExtension>
            <ns3:hr>99</ns3:hr>
          </ns3:TrackPointExtension>
        </extensions>
      </trkpt>
      <trkpt lat="21.32267662324011325836181640625" lon="-86.8120837770402431488037109375">
        <ele>0</ele>
        <time>2026-03-19T17:03:18.000Z</time>
        <extensions>
          <ns3:TrackPointExtension>
            <ns3:hr>98</ns3:hr>
          </ns3:TrackPointExtension>
        </extensions>
      </trkpt>
      <trkpt lat="21.322733871638774871826171875" lon="-86.81239969097077846527099609375">
        <ele>0</ele>
        <time>2026-03-19T17:03:23.000Z</time>
        <extensions>
          <ns3:TrackPointExtension>
            <ns3:hr>99</ns3:hr>
          </ns3:TrackPointExtension>
        </extensions>
      </trkpt>
      <trkpt lat="21.32283654995262622833251953125" lon="-86.812875531613826751708984375">
        <ele>0</ele>
        <time>2026-03-19T17:03:31.000Z</time>
        <extensions>
          <ns3:TrackPointExtension>
            <ns3:hr>98</ns3:hr>
          </ns3:TrackPointExtension>
        </extensions>
      </trkpt>
      <trkpt lat="21.32287527434527873992919921875" lon="-86.81304224766790866851806640625">
        <ele>0</ele>
        <time>2026-03-19T17:03:34.000Z</time>
        <extensions>
          <ns3:TrackPointExtension>
            <ns3:hr>97</ns3:hr>
          </ns3:TrackPointExtension>
        </extensions>
      </trkpt>
      <trkpt lat="21.3229112327098846435546875" lon="-86.81320301257073879241943359375">
        <ele>0</ele>
        <time>2026-03-19T17:03:37.000Z</time>
        <extensions>
          <ns3:TrackPointExtension>
            <ns3:hr>95</ns3:hr>
          </ns3:TrackPointExtension>
        </extensions>
      </trkpt>
      <trkpt lat="21.32291785441339015960693359375" lon="-86.81325875222682952880859375">
        <ele>0</ele>
        <time>2026-03-19T17:03:38.000Z</time>
        <extensions>
          <ns3:TrackPointExtension>
            <ns3:hr>95</ns3:hr>
          </ns3:TrackPointExtension>
        </extensions>
      </trkpt>
      <trkpt lat="21.32293830625712871551513671875" lon="-86.81348481215536594390869140625">
        <ele>0</ele>
        <time>2026-03-19T17:03:42.000Z</time>
        <extensions>
          <ns3:TrackPointExtension>
            <ns3:hr>94</ns3:hr>
          </ns3:TrackPointExtension>
        </extensions>
      </trkpt>
      <trkpt lat="21.3229479454457759857177734375" lon="-86.813549436628818511962890625">
        <ele>0</ele>
        <time>2026-03-19T17:03:43.000Z</time>
        <extensions>
          <ns3:TrackPointExtension>
            <ns3:hr>95</ns3:hr>
          </ns3:TrackPointExtension>
        </extensions>
      </trkpt>
      <trkpt lat="21.32300770841538906097412109375" lon="-86.81384925730526447296142578125">
        <ele>0</ele>
        <time>2026-03-19T17:03:48.000Z</time>
        <extensions>
          <ns3:TrackPointExtension>
            <ns3:hr>95</ns3:hr>
          </ns3:TrackPointExtension>
        </extensions>
      </trkpt>
      <trkpt lat="21.3230183534324169158935546875" lon="-86.81390709243714809417724609375">
        <ele>0</ele>
        <time>2026-03-19T17:03:49.000Z</time>
        <extensions>
          <ns3:TrackPointExtension>
            <ns3:hr>96</ns3:hr>
          </ns3:TrackPointExtension>
        </extensions>
      </trkpt>
      <trkpt lat="21.32306286133825778961181640625" lon="-86.81414597667753696441650390625">
        <ele>0</ele>
        <time>2026-03-19T17:03:53.000Z</time>
        <extensions>
          <ns3:TrackPointExtension>
            <ns3:hr>93</ns3:hr>
          </ns3:TrackPointExtension>
        </extensions>
      </trkpt>
      <trkpt lat="21.32310225628316402435302734375" lon="-86.81437513791024684906005859375">
        <ele>0</ele>
        <time>2026-03-19T17:03:57.000Z</time>
        <extensions>
          <ns3:TrackPointExtension>
            <ns3:hr>95</ns3:hr>
          </ns3:TrackPointExtension>
        </extensions>
      </trkpt>
      <trkpt lat="21.32310728542506694793701171875" lon="-86.81442325003445148468017578125">
        <ele>0</ele>
        <time>2026-03-19T17:03:58.000Z</time>
        <extensions>
          <ns3:TrackPointExtension>
            <ns3:hr>92</ns3:hr>
          </ns3:TrackPointExtension>
        </extensions>
      </trkpt>
      <trkpt lat="21.32313192822039127349853515625" lon="-86.81468032300472259521484375">
        <ele>0</ele>
        <time>2026-03-19T17:04:03.000Z</time>
        <extensions>
          <ns3:TrackPointExtension>
            <ns3:hr>93</ns3:hr>
          </ns3:TrackPointExtension>
        </extensions>
      </trkpt>
      <trkpt lat="21.32313192822039127349853515625" lon="-86.81472860276699066162109375">
        <ele>0</ele>
        <time>2026-03-19T17:04:04.000Z</time>
        <extensions>
          <ns3:TrackPointExtension>
            <ns3:hr>93</ns3:hr>
          </ns3:TrackPointExtension>
        </extensions>
      </trkpt>
      <trkpt lat="21.3231249712407588958740234375" lon="-86.8148933909833431243896484375">
        <ele>0</ele>
        <time>2026-03-19T17:04:07.000Z</time>
        <extensions>
          <ns3:TrackPointExtension>
            <ns3:hr>94</ns3:hr>
          </ns3:TrackPointExtension>
        </extensions>
      </trkpt>
      <trkpt lat="21.3231263123452663421630859375" lon="-86.81495214812457561492919921875">
        <ele>0</ele>
        <time>2026-03-19T17:04:08.000Z</time>
        <extensions>
          <ns3:TrackPointExtension>
            <ns3:hr>94</ns3:hr>
          </ns3:TrackPointExtension>
        </extensions>
      </trkpt>
      <trkpt lat="21.3231150805950164794921875" lon="-86.815047450363636016845703125">
        <ele>0</ele>
        <time>2026-03-19T17:04:10.000Z</time>
        <extensions>
          <ns3:TrackPointExtension>
            <ns3:hr>94</ns3:hr>
          </ns3:TrackPointExtension>
        </extensions>
      </trkpt>
      <trkpt lat="21.32307627238333225250244140625" lon="-86.81509162299335002899169921875">
        <ele>0</ele>
        <time>2026-03-19T17:04:12.000Z</time>
        <extensions>
          <ns3:TrackPointExtension>
            <ns3:hr>94</ns3:hr>
          </ns3:TrackPointExtension>
        </extensions>
      </trkpt>
      <trkpt lat="21.32305732928216457366943359375" lon="-86.81507837958633899688720703125">
        <ele>0</ele>
        <time>2026-03-19T17:04:14.000Z</time>
        <extensions>
          <ns3:TrackPointExtension>
            <ns3:hr>93</ns3:hr>
          </ns3:TrackPointExtension>
        </extensions>
      </trkpt>
      <trkpt lat="21.32305347360670566558837890625" lon="-86.815071590244770050048828125">
        <ele>0</ele>
        <time>2026-03-19T17:04:15.000Z</time>
        <extensions>
          <ns3:TrackPointExtension>
            <ns3:hr>94</ns3:hr>
          </ns3:TrackPointExtension>
        </extensions>
      </trkpt>
      <trkpt lat="21.32304291240870952606201171875" lon="-86.8150221370160579681396484375">
        <ele>0</ele>
        <time>2026-03-19T17:04:19.000Z</time>
        <extensions>
          <ns3:TrackPointExtension>
            <ns3:hr>94</ns3:hr>
          </ns3:TrackPointExtension>
        </extensions>
      </trkpt>
      <trkpt lat="21.32303168065845966339111328125" lon="-86.81498852558434009552001953125">
        <ele>0</ele>
        <time>2026-03-19T17:04:20.000Z</time>
        <extensions>
          <ns3:TrackPointExtension>
            <ns3:hr>95</ns3:hr>
          </ns3:TrackPointExtension>
        </extensions>
      </trkpt>
      <trkpt lat="21.32301382720470428466796875" lon="-86.81484661996364593505859375">
        <ele>0</ele>
        <time>2026-03-19T17:04:23.000Z</time>
        <extensions>
          <ns3:TrackPointExtension>
            <ns3:hr>96</ns3:hr>
          </ns3:TrackPointExtension>
        </extensions>
      </trkpt>
      <trkpt lat="21.3230144977569580078125" lon="-86.81479004211723804473876953125">
        <ele>0</ele>
        <time>2026-03-19T17:04:24.000Z</time>
        <extensions>
          <ns3:TrackPointExtension>
            <ns3:hr>96</ns3:hr>
          </ns3:TrackPointExtension>
        </extensions>
      </trkpt>
      <trkpt lat="21.3230294175446033477783203125" lon="-86.8145457096397876739501953125">
        <ele>0</ele>
        <time>2026-03-19T17:04:28.000Z</time>
        <extensions>
          <ns3:TrackPointExtension>
            <ns3:hr>93</ns3:hr>
          </ns3:TrackPointExtension>
        </extensions>
      </trkpt>
      <trkpt lat="21.3230394758284091949462890625" lon="-86.81425251066684722900390625">
        <ele>0</ele>
        <time>2026-03-19T17:04:33.000Z</time>
        <extensions>
          <ns3:TrackPointExtension>
            <ns3:hr>90</ns3:hr>
          </ns3:TrackPointExtension>
        </extensions>
      </trkpt>
      <trkpt lat="21.32304676808416843414306640625" lon="-86.8141490779817104339599609375">
        <ele>0</ele>
        <time>2026-03-19T17:04:35.000Z</time>
        <extensions>
          <ns3:TrackPointExtension>
            <ns3:hr>90</ns3:hr>
          </ns3:TrackPointExtension>
        </extensions>
      </trkpt>
      <trkpt lat="21.32306185550987720489501953125" lon="-86.81404598057270050048828125">
        <ele>0</ele>
        <time>2026-03-19T17:04:37.000Z</time>
        <extensions>
          <ns3:TrackPointExtension>
            <ns3:hr>87</ns3:hr>
          </ns3:TrackPointExtension>
        </extensions>
      </trkpt>
      <trkpt lat="21.32308951579034328460693359375" lon="-86.81383886374533176422119140625">
        <ele>0</ele>
        <time>2026-03-19T17:04:41.000Z</time>
        <extensions>
          <ns3:TrackPointExtension>
            <ns3:hr>86</ns3:hr>
          </ns3:TrackPointExtension>
        </extensions>
      </trkpt>
      <trkpt lat="21.32312572561204433441162109375" lon="-86.81344784796237945556640625">
        <ele>0</ele>
        <time>2026-03-19T17:04:49.000Z</time>
        <extensions>
          <ns3:TrackPointExtension>
            <ns3:hr>85</ns3:hr>
          </ns3:TrackPointExtension>
        </extensions>
      </trkpt>
      <trkpt lat="21.3231072016060352325439453125" lon="-86.8133068643510341644287109375">
        <ele>0</ele>
        <time>2026-03-19T17:04:52.000Z</time>
        <extensions>
          <ns3:TrackPointExtension>
            <ns3:hr>85</ns3:hr>
          </ns3:TrackPointExtension>
        </extensions>
      </trkpt>
      <trkpt lat="21.32308381609618663787841796875" lon="-86.813181973993778228759765625">
        <ele>0</ele>
        <time>2026-03-19T17:04:54.000Z</time>
        <extensions>
          <ns3:TrackPointExtension>
            <ns3:hr>83</ns3:hr>
          </ns3:TrackPointExtension>
        </extensions>
      </trkpt>
      <trkpt lat="21.3230788707733154296875" lon="-86.8131147511303424835205078125">
        <ele>0</ele>
        <time>2026-03-19T17:04:55.000Z</time>
        <extensions>
          <ns3:TrackPointExtension>
            <ns3:hr>86</ns3:hr>
          </ns3:TrackPointExtension>
        </extensions>
      </trkpt>
      <trkpt lat="21.32307928986847400665283203125" lon="-86.81305012665688991546630859375">
        <ele>0</ele>
        <time>2026-03-19T17:04:56.000Z</time>
        <extensions>
          <ns3:TrackPointExtension>
            <ns3:hr>86</ns3:hr>
          </ns3:TrackPointExtension>
        </extensions>
      </trkpt>
      <trkpt lat="21.32307954132556915283203125" lon="-86.81294350884854793548583984375">
        <ele>0</ele>
        <time>2026-03-19T17:04:58.000Z</time>
        <extensions>
          <ns3:TrackPointExtension>
            <ns3:hr>84</ns3:hr>
          </ns3:TrackPointExtension>
        </extensions>
      </trkpt>
      <trkpt lat="21.32305347360670566558837890625" lon="-86.812768913805484771728515625">
        <ele>0</ele>
        <time>2026-03-19T17:05:01.000Z</time>
        <extensions>
          <ns3:TrackPointExtension>
            <ns3:hr>81</ns3:hr>
          </ns3:TrackPointExtension>
        </extensions>
      </trkpt>
      <trkpt lat="21.32304911501705646514892578125" lon="-86.81263924576342105865478515625">
        <ele>0</ele>
        <time>2026-03-19T17:05:03.000Z</time>
        <extensions>
          <ns3:TrackPointExtension>
            <ns3:hr>82</ns3:hr>
          </ns3:TrackPointExtension>
        </extensions>
      </trkpt>
      <trkpt lat="21.32305808365345001220703125" lon="-86.812461130321025848388671875">
        <ele>0</ele>
        <time>2026-03-19T17:05:06.000Z</time>
        <extensions>
          <ns3:TrackPointExtension>
            <ns3:hr>85</ns3:hr>
          </ns3:TrackPointExtension>
        </extensions>
      </trkpt>
      <trkpt lat="21.32307895459234714508056640625" lon="-86.81230782531201839447021484375">
        <ele>0</ele>
        <time>2026-03-19T17:05:09.000Z</time>
        <extensions>
          <ns3:TrackPointExtension>
            <ns3:hr>83</ns3:hr>
          </ns3:TrackPointExtension>
        </extensions>
      </trkpt>
      <trkpt lat="21.32308398373425006866455078125" lon="-86.81221780367195606231689453125">
        <ele>0</ele>
        <time>2026-03-19T17:05:12.000Z</time>
        <extensions>
          <ns3:TrackPointExtension>
            <ns3:hr>82</ns3:hr>
          </ns3:TrackPointExtension>
        </extensions>
      </trkpt>
      <trkpt lat="21.323063783347606658935546875" lon="-86.812220402061939239501953125">
        <ele>0</ele>
        <time>2026-03-19T17:05:13.000Z</time>
        <extensions>
          <ns3:TrackPointExtension>
            <ns3:hr>82</ns3:hr>
          </ns3:TrackPointExtension>
        </extensions>
      </trkpt>
      <trkpt lat="21.32302866317331790924072265625" lon="-86.81235610507428646087646484375">
        <ele>0</ele>
        <time>2026-03-19T17:05:16.000Z</time>
        <extensions>
          <ns3:TrackPointExtension>
            <ns3:hr>81</ns3:hr>
          </ns3:TrackPointExtension>
        </extensions>
      </trkpt>
      <trkpt lat="21.3230559043586254119873046875" lon="-86.812538243830204010009765625">
        <ele>0</ele>
        <time>2026-03-19T17:05:19.000Z</time>
        <extensions>
          <ns3:TrackPointExtension>
            <ns3:hr>79</ns3:hr>
          </ns3:TrackPointExtension>
        </extensions>
      </trkpt>
      <trkpt lat="21.3230699859559535980224609375" lon="-86.8126009404659271240234375">
        <ele>0</ele>
        <time>2026-03-19T17:05:20.000Z</time>
        <extensions>
          <ns3:TrackPointExtension>
            <ns3:hr>80</ns3:hr>
          </ns3:TrackPointExtension>
        </extensions>
      </trkpt>
      <trkpt lat="21.32309974171221256256103515625" lon="-86.81273639202117919921875">
        <ele>0</ele>
        <time>2026-03-19T17:05:22.000Z</time>
        <extensions>
          <ns3:TrackPointExtension>
            <ns3:hr>83</ns3:hr>
          </ns3:TrackPointExtension>
        </extensions>
      </trkpt>
      <trkpt lat="21.3231085427105426788330078125" lon="-86.81280185468494892120361328125">
        <ele>0</ele>
        <time>2026-03-19T17:05:23.000Z</time>
        <extensions>
          <ns3:TrackPointExtension>
            <ns3:hr>86</ns3:hr>
          </ns3:TrackPointExtension>
        </extensions>
      </trkpt>
      <trkpt lat="21.32314927875995635986328125" lon="-86.81298784911632537841796875">
        <ele>0</ele>
        <time>2026-03-19T17:05:26.000Z</time>
        <extensions>
          <ns3:TrackPointExtension>
            <ns3:hr>95</ns3:hr>
          </ns3:TrackPointExtension>
        </extensions>
      </trkpt>
      <trkpt lat="21.3231652043759822845458984375" lon="-86.81305096484720706939697265625">
        <ele>0</ele>
        <time>2026-03-19T17:05:27.000Z</time>
        <extensions>
          <ns3:TrackPointExtension>
            <ns3:hr>97</ns3:hr>
          </ns3:TrackPointExtension>
        </extensions>
      </trkpt>
      <trkpt lat="21.32323536090552806854248046875" lon="-86.813268475234508514404296875">
        <ele>0</ele>
        <time>2026-03-19T17:05:31.000Z</time>
        <extensions>
          <ns3:TrackPointExtension>
            <ns3:hr>97</ns3:hr>
          </ns3:TrackPointExtension>
        </extensions>
      </trkpt>
      <trkpt lat="21.3232035934925079345703125" lon="-86.8133025057613849639892578125">
        <ele>0</ele>
        <time>2026-03-19T17:05:33.000Z</time>
        <extensions>
          <ns3:TrackPointExtension>
            <ns3:hr>98</ns3:hr>
          </ns3:TrackPointExtension>
        </extensions>
      </trkpt>
      <trkpt lat="21.3231782801449298858642578125" lon="-86.81328280828893184661865234375">
        <ele>0</ele>
        <time>2026-03-19T17:05:34.000Z</time>
        <extensions>
          <ns3:TrackPointExtension>
            <ns3:hr>95</ns3:hr>
          </ns3:TrackPointExtension>
        </extensions>
      </trkpt>
      <trkpt lat="21.32316428236663341522216796875" lon="-86.81324274279177188873291015625">
        <ele>0</ele>
        <time>2026-03-19T17:05:35.000Z</time>
        <extensions>
          <ns3:TrackPointExtension>
            <ns3:hr>98</ns3:hr>
          </ns3:TrackPointExtension>
        </extensions>
      </trkpt>
      <trkpt lat="21.32316025905311107635498046875" lon="-86.81319245137274265289306640625">
        <ele>0</ele>
        <time>2026-03-19T17:05:36.000Z</time>
        <extensions>
          <ns3:TrackPointExtension>
            <ns3:hr>99</ns3:hr>
          </ns3:TrackPointExtension>
        </extensions>
      </trkpt>
      <trkpt lat="21.32316797040402889251708984375" lon="-86.81308432482182979583740234375">
        <ele>0</ele>
        <time>2026-03-19T17:05:38.000Z</time>
        <extensions>
          <ns3:TrackPointExtension>
            <ns3:hr>96</ns3:hr>
          </ns3:TrackPointExtension>
        </extensions>
      </trkpt>
      <trkpt lat="21.32317869924008846282958984375" lon="-86.81297653354704380035400390625">
        <ele>0</ele>
        <time>2026-03-19T17:05:40.000Z</time>
        <extensions>
          <ns3:TrackPointExtension>
            <ns3:hr>99</ns3:hr>
          </ns3:TrackPointExtension>
        </extensions>
      </trkpt>
      <trkpt lat="21.3231846503913402557373046875" lon="-86.81292322464287281036376953125">
        <ele>0</ele>
        <time>2026-03-19T17:05:41.000Z</time>
        <extensions>
          <ns3:TrackPointExtension>
            <ns3:hr>98</ns3:hr>
          </ns3:TrackPointExtension>
        </extensions>
      </trkpt>
      <trkpt lat="21.3231873326003551483154296875" lon="-86.812866143882274627685546875">
        <ele>0</ele>
        <time>2026-03-19T17:05:42.000Z</time>
        <extensions>
          <ns3:TrackPointExtension>
            <ns3:hr>99</ns3:hr>
          </ns3:TrackPointExtension>
        </extensions>
      </trkpt>
      <trkpt lat="21.3231856562197208404541015625" lon="-86.81260957382619380950927734375">
        <ele>0</ele>
        <time>2026-03-19T17:05:47.000Z</time>
        <extensions>
          <ns3:TrackPointExtension>
            <ns3:hr>99</ns3:hr>
          </ns3:TrackPointExtension>
        </extensions>
      </trkpt>
      <trkpt lat="21.323189176619052886962890625" lon="-86.8122608028352260589599609375">
        <ele>0</ele>
        <time>2026-03-19T17:05:53.000Z</time>
        <extensions>
          <ns3:TrackPointExtension>
            <ns3:hr>97</ns3:hr>
          </ns3:TrackPointExtension>
        </extensions>
      </trkpt>
      <trkpt lat="21.32318004034459590911865234375" lon="-86.81185620836913585662841796875">
        <ele>0</ele>
        <time>2026-03-19T17:05:59.000Z</time>
        <extensions>
          <ns3:TrackPointExtension>
            <ns3:hr>96</ns3:hr>
          </ns3:TrackPointExtension>
        </extensions>
      </trkpt>
      <trkpt lat="21.32318909280002117156982421875" lon="-86.8113107979297637939453125">
        <ele>0</ele>
        <time>2026-03-19T17:06:06.000Z</time>
        <extensions>
          <ns3:TrackPointExtension>
            <ns3:hr>94</ns3:hr>
          </ns3:TrackPointExtension>
        </extensions>
      </trkpt>
      <trkpt lat="21.32321407087147235870361328125" lon="-86.81084476411342620849609375">
        <ele>0</ele>
        <time>2026-03-19T17:06:12.000Z</time>
        <extensions>
          <ns3:TrackPointExtension>
            <ns3:hr>97</ns3:hr>
          </ns3:TrackPointExtension>
        </extensions>
      </trkpt>
      <trkpt lat="21.32321608252823352813720703125" lon="-86.8107698298990726470947265625">
        <ele>0</ele>
        <time>2026-03-19T17:06:13.000Z</time>
        <extensions>
          <ns3:TrackPointExtension>
            <ns3:hr>97</ns3:hr>
          </ns3:TrackPointExtension>
        </extensions>
      </trkpt>
      <trkpt lat="21.32319060154259204864501953125" lon="-86.810270436108112335205078125">
        <ele>0</ele>
        <time>2026-03-19T17:06:20.000Z</time>
        <extensions>
          <ns3:TrackPointExtension>
            <ns3:hr>97</ns3:hr>
          </ns3:TrackPointExtension>
        </extensions>
      </trkpt>
      <trkpt lat="21.3232091255486011505126953125" lon="-86.809761822223663330078125">
        <ele>0</ele>
        <time>2026-03-19T17:06:28.000Z</time>
        <extensions>
          <ns3:TrackPointExtension>
            <ns3:hr>95</ns3:hr>
          </ns3:TrackPointExtension>
        </extensions>
      </trkpt>
      <trkpt lat="21.3232062757015228271484375" lon="-86.8096979521214962005615234375">
        <ele>0</ele>
        <time>2026-03-19T17:06:29.000Z</time>
        <extensions>
          <ns3:TrackPointExtension>
            <ns3:hr>94</ns3:hr>
          </ns3:TrackPointExtension>
        </extensions>
      </trkpt>
      <trkpt lat="21.32323251105844974517822265625" lon="-86.8092312477529048919677734375">
        <ele>0</ele>
        <time>2026-03-19T17:06:36.000Z</time>
        <extensions>
          <ns3:TrackPointExtension>
            <ns3:hr>96</ns3:hr>
          </ns3:TrackPointExtension>
        </extensions>
      </trkpt>
      <trkpt lat="21.32330325432121753692626953125" lon="-86.80885280482470989227294921875">
        <ele>0</ele>
        <time>2026-03-19T17:06:42.000Z</time>
        <extensions>
          <ns3:TrackPointExtension>
            <ns3:hr>93</ns3:hr>
          </ns3:TrackPointExtension>
        </extensions>
      </trkpt>
      <trkpt lat="21.32331280969083309173583984375" lon="-86.80881558917462825775146484375">
        <ele>0</ele>
        <time>2026-03-19T17:06:43.000Z</time>
        <extensions>
          <ns3:TrackPointExtension>
            <ns3:hr>93</ns3:hr>
          </ns3:TrackPointExtension>
        </extensions>
      </trkpt>
      <trkpt lat="21.32331155240535736083984375" lon="-86.8087977357208728790283203125">
        <ele>0</ele>
        <time>2026-03-19T17:06:44.000Z</time>
        <extensions>
          <ns3:TrackPointExtension>
            <ns3:hr>92</ns3:hr>
          </ns3:TrackPointExtension>
        </extensions>
      </trkpt>
      <trkpt lat="21.32329889573156833648681640625" lon="-86.80880083702504634857177734375">
        <ele>0</ele>
        <time>2026-03-19T17:06:45.000Z</time>
        <extensions>
          <ns3:TrackPointExtension>
            <ns3:hr>90</ns3:hr>
          </ns3:TrackPointExtension>
        </extensions>
      </trkpt>
      <trkpt lat="21.3232599198818206787109375" lon="-86.80891365744173526763916015625">
        <ele>0</ele>
        <time>2026-03-19T17:06:48.000Z</time>
        <extensions>
          <ns3:TrackPointExtension>
            <ns3:hr>89</ns3:hr>
          </ns3:TrackPointExtension>
        </extensions>
      </trkpt>
      <trkpt lat="21.3232480175793170928955078125" lon="-86.80910711176693439483642578125">
        <ele>0</ele>
        <time>2026-03-19T17:06:52.000Z</time>
        <extensions>
          <ns3:TrackPointExtension>
            <ns3:hr>85</ns3:hr>
          </ns3:TrackPointExtension>
        </extensions>
      </trkpt>
      <trkpt lat="21.3232372887432575225830078125" lon="-86.80916997604072093963623046875">
        <ele>0</ele>
        <time>2026-03-19T17:06:53.000Z</time>
        <extensions>
          <ns3:TrackPointExtension>
            <ns3:hr>86</ns3:hr>
          </ns3:TrackPointExtension>
        </extensions>
      </trkpt>
      <trkpt lat="21.3232144899666309356689453125" lon="-86.8094810284674167633056640625">
        <ele>0</ele>
        <time>2026-03-19T17:06:57.000Z</time>
        <extensions>
          <ns3:TrackPointExtension>
            <ns3:hr>87</ns3:hr>
          </ns3:TrackPointExtension>
        </extensions>
      </trkpt>
      <trkpt lat="21.32322815246880054473876953125" lon="-86.8099832721054553985595703125">
        <ele>0</ele>
        <time>2026-03-19T17:07:03.000Z</time>
        <extensions>
          <ns3:TrackPointExtension>
            <ns3:hr>85</ns3:hr>
          </ns3:TrackPointExtension>
        </extensions>
      </trkpt>
      <trkpt lat="21.32322899065911769866943359375" lon="-86.8100704438984394073486328125">
        <ele>0</ele>
        <time>2026-03-19T17:07:04.000Z</time>
        <extensions>
          <ns3:TrackPointExtension>
            <ns3:hr>88</ns3:hr>
          </ns3:TrackPointExtension>
        </extensions>
      </trkpt>
      <trkpt lat="21.32322044111788272857666015625" lon="-86.81015082634985446929931640625">
        <ele>0</ele>
        <time>2026-03-19T17:07:05.000Z</time>
        <extensions>
          <ns3:TrackPointExtension>
            <ns3:hr>86</ns3:hr>
          </ns3:TrackPointExtension>
        </extensions>
      </trkpt>
      <trkpt lat="21.32317207753658294677734375" lon="-86.81030404753983020782470703125">
        <ele>0</ele>
        <time>2026-03-19T17:07:07.000Z</time>
        <extensions>
          <ns3:TrackPointExtension>
            <ns3:hr>86</ns3:hr>
          </ns3:TrackPointExtension>
        </extensions>
      </trkpt>
      <trkpt lat="21.32315732538700103759765625" lon="-86.810375042259693145751953125">
        <ele>0</ele>
        <time>2026-03-19T17:07:08.000Z</time>
        <extensions>
          <ns3:TrackPointExtension>
            <ns3:hr>86</ns3:hr>
          </ns3:TrackPointExtension>
        </extensions>
      </trkpt>
      <trkpt lat="21.3231481052935123443603515625" lon="-86.81057922542095184326171875">
        <ele>0</ele>
        <time>2026-03-19T17:07:11.000Z</time>
        <extensions>
          <ns3:TrackPointExtension>
            <ns3:hr>89</ns3:hr>
          </ns3:TrackPointExtension>
        </extensions>
      </trkpt>
      <trkpt lat="21.3232034258544445037841796875" lon="-86.81101986207067966461181640625">
        <ele>0</ele>
        <time>2026-03-19T17:07:17.000Z</time>
        <extensions>
          <ns3:TrackPointExtension>
            <ns3:hr>90</ns3:hr>
          </ns3:TrackPointExtension>
        </extensions>
      </trkpt>
      <trkpt lat="21.32320032455027103424072265625" lon="-86.8111701495945453643798828125">
        <ele>0</ele>
        <time>2026-03-19T17:07:19.000Z</time>
        <extensions>
          <ns3:TrackPointExtension>
            <ns3:hr>90</ns3:hr>
          </ns3:TrackPointExtension>
        </extensions>
      </trkpt>
      <trkpt lat="21.3231869973242282867431640625" lon="-86.81128942407667636871337890625">
        <ele>0</ele>
        <time>2026-03-19T17:07:21.000Z</time>
        <extensions>
          <ns3:TrackPointExtension>
            <ns3:hr>90</ns3:hr>
          </ns3:TrackPointExtension>
        </extensions>
      </trkpt>
      <trkpt lat="21.323195211589336395263671875" lon="-86.8113357760012149810791015625">
        <ele>0</ele>
        <time>2026-03-19T17:07:23.000Z</time>
        <extensions>
          <ns3:TrackPointExtension>
            <ns3:hr>89</ns3:hr>
          </ns3:TrackPointExtension>
        </extensions>
      </trkpt>
      <trkpt lat="21.3231953792273998260498046875" lon="-86.81134105660021305084228515625">
        <ele>0</ele>
        <time>2026-03-19T17:07:24.000Z</time>
        <extensions>
          <ns3:TrackPointExtension>
            <ns3:hr>91</ns3:hr>
          </ns3:TrackPointExtension>
        </extensions>
      </trkpt>
      <trkpt lat="21.32315707392990589141845703125" lon="-86.8113054335117340087890625">
        <ele>0</ele>
        <time>2026-03-19T17:07:26.000Z</time>
        <extensions>
          <ns3:TrackPointExtension>
            <ns3:hr>91</ns3:hr>
          </ns3:TrackPointExtension>
        </extensions>
      </trkpt>
      <trkpt lat="21.32313628681004047393798828125" lon="-86.811254136264324188232421875">
        <ele>0</ele>
        <time>2026-03-19T17:07:27.000Z</time>
        <extensions>
          <ns3:TrackPointExtension>
            <ns3:hr>88</ns3:hr>
          </ns3:TrackPointExtension>
        </extensions>
      </trkpt>
      <trkpt lat="21.3231204450130462646484375" lon="-86.8111151643097400665283203125">
        <ele>0</ele>
        <time>2026-03-19T17:07:29.000Z</time>
        <extensions>
          <ns3:TrackPointExtension>
            <ns3:hr>89</ns3:hr>
          </ns3:TrackPointExtension>
        </extensions>
      </trkpt>
      <trkpt lat="21.32315204478800296783447265625" lon="-86.810839064419269561767578125">
        <ele>0</ele>
        <time>2026-03-19T17:07:33.000Z</time>
        <extensions>
          <ns3:TrackPointExtension>
            <ns3:hr>92</ns3:hr>
          </ns3:TrackPointExtension>
        </extensions>
      </trkpt>
      <trkpt lat="21.323156319558620452880859375" lon="-86.810770332813262939453125">
        <ele>0</ele>
        <time>2026-03-19T17:07:34.000Z</time>
        <extensions>
          <ns3:TrackPointExtension>
            <ns3:hr>90</ns3:hr>
          </ns3:TrackPointExtension>
        </extensions>
      </trkpt>
      <trkpt lat="21.32316403090953826904296875" lon="-86.8104892037808895111083984375">
        <ele>0</ele>
        <time>2026-03-19T17:07:38.000Z</time>
        <extensions>
          <ns3:TrackPointExtension>
            <ns3:hr>87</ns3:hr>
          </ns3:TrackPointExtension>
        </extensions>
      </trkpt>
      <trkpt lat="21.32317651994526386260986328125" lon="-86.8102853558957576751708984375">
        <ele>0</ele>
        <time>2026-03-19T17:07:41.000Z</time>
        <extensions>
          <ns3:TrackPointExtension>
            <ns3:hr>87</ns3:hr>
          </ns3:TrackPointExtension>
        </extensions>
      </trkpt>
      <trkpt lat="21.323177106678485870361328125" lon="-86.8097328208386898040771484375">
        <ele>0</ele>
        <time>2026-03-19T17:07:49.000Z</time>
        <extensions>
          <ns3:TrackPointExtension>
            <ns3:hr>87</ns3:hr>
          </ns3:TrackPointExtension>
        </extensions>
      </trkpt>
      <trkpt lat="21.32321340031921863555908203125" lon="-86.80941841565072536468505859375">
        <ele>0</ele>
        <time>2026-03-19T17:07:54.000Z</time>
        <extensions>
          <ns3:TrackPointExtension>
            <ns3:hr>92</ns3:hr>
          </ns3:TrackPointExtension>
        </extensions>
      </trkpt>
      <trkpt lat="21.32322169840335845947265625" lon="-86.80936829186975955963134765625">
        <ele>0</ele>
        <time>2026-03-19T17:07:55.000Z</time>
        <extensions>
          <ns3:TrackPointExtension>
            <ns3:hr>91</ns3:hr>
          </ns3:TrackPointExtension>
        </extensions>
      </trkpt>
      <trkpt lat="21.32325631566345691680908203125" lon="-86.8090129829943180084228515625">
        <ele>0</ele>
        <time>2026-03-19T17:08:01.000Z</time>
        <extensions>
          <ns3:TrackPointExtension>
            <ns3:hr>94</ns3:hr>
          </ns3:TrackPointExtension>
        </extensions>
      </trkpt>
      <trkpt lat="21.3232009112834930419921875" lon="-86.8089764378964900970458984375">
        <ele>0</ele>
        <time>2026-03-19T17:08:03.000Z</time>
        <extensions>
          <ns3:TrackPointExtension>
            <ns3:hr>92</ns3:hr>
          </ns3:TrackPointExtension>
        </extensions>
      </trkpt>
      <trkpt lat="21.32314885966479778289794921875" lon="-86.8090528808534145355224609375">
        <ele>0</ele>
        <time>2026-03-19T17:08:05.000Z</time>
        <extensions>
          <ns3:TrackPointExtension>
            <ns3:hr>92</ns3:hr>
          </ns3:TrackPointExtension>
        </extensions>
      </trkpt>
      <trkpt lat="21.32313947193324565887451171875" lon="-86.8091132305562496185302734375">
        <ele>0</ele>
        <time>2026-03-19T17:08:06.000Z</time>
        <extensions>
          <ns3:TrackPointExtension>
            <ns3:hr>91</ns3:hr>
          </ns3:TrackPointExtension>
        </extensions>
      </trkpt>
      <trkpt lat="21.32312773726880550384521484375" lon="-86.80934566073119640350341796875">
        <ele>0</ele>
        <time>2026-03-19T17:08:09.000Z</time>
        <extensions>
          <ns3:TrackPointExtension>
            <ns3:hr>93</ns3:hr>
          </ns3:TrackPointExtension>
        </extensions>
      </trkpt>
      <trkpt lat="21.3231682218611240386962890625" lon="-86.8098776601254940032958984375">
        <ele>0</ele>
        <time>2026-03-19T17:08:15.000Z</time>
        <extensions>
          <ns3:TrackPointExtension>
            <ns3:hr>95</ns3:hr>
          </ns3:TrackPointExtension>
        </extensions>
      </trkpt>
      <trkpt lat="21.32319219410419464111328125" lon="-86.8101515807211399078369140625">
        <ele>0</ele>
        <time>2026-03-19T17:08:18.000Z</time>
        <extensions>
          <ns3:TrackPointExtension>
            <ns3:hr>92</ns3:hr>
          </ns3:TrackPointExtension>
        </extensions>
      </trkpt>
      <trkpt lat="21.32320987991988658905029296875" lon="-86.81041871197521686553955078125">
        <ele>0</ele>
        <time>2026-03-19T17:08:21.000Z</time>
        <extensions>
          <ns3:TrackPointExtension>
            <ns3:hr>93</ns3:hr>
          </ns3:TrackPointExtension>
        </extensions>
      </trkpt>
      <trkpt lat="21.3232017494738101959228515625" lon="-86.810855828225612640380859375">
        <ele>0</ele>
        <time>2026-03-19T17:08:26.000Z</time>
        <extensions>
          <ns3:TrackPointExtension>
            <ns3:hr>96</ns3:hr>
          </ns3:TrackPointExtension>
        </extensions>
      </trkpt>
      <trkpt lat="21.32318825460970401763916015625" lon="-86.81112061254680156707763671875">
        <ele>0</ele>
        <time>2026-03-19T17:08:29.000Z</time>
        <extensions>
          <ns3:TrackPointExtension>
            <ns3:hr>93</ns3:hr>
          </ns3:TrackPointExtension>
        </extensions>
      </trkpt>
      <trkpt lat="21.32319043390452861785888671875" lon="-86.81120820343494415283203125">
        <ele>0</ele>
        <time>2026-03-19T17:08:30.000Z</time>
        <extensions>
          <ns3:TrackPointExtension>
            <ns3:hr>93</ns3:hr>
          </ns3:TrackPointExtension>
        </extensions>
      </trkpt>
      <trkpt lat="21.3232051022350788116455078125" lon="-86.81136310100555419921875">
        <ele>0</ele>
        <time>2026-03-19T17:08:32.000Z</time>
        <extensions>
          <ns3:TrackPointExtension>
            <ns3:hr>90</ns3:hr>
          </ns3:TrackPointExtension>
        </extensions>
      </trkpt>
      <trkpt lat="21.32321365177631378173828125" lon="-86.81143661029636859893798828125">
        <ele>0</ele>
        <time>2026-03-19T17:08:33.000Z</time>
        <extensions>
          <ns3:TrackPointExtension>
            <ns3:hr>92</ns3:hr>
          </ns3:TrackPointExtension>
        </extensions>
      </trkpt>
      <trkpt lat="21.32322848774492740631103515625" lon="-86.81179133243858814239501953125">
        <ele>0</ele>
        <time>2026-03-19T17:08:38.000Z</time>
        <extensions>
          <ns3:TrackPointExtension>
            <ns3:hr>93</ns3:hr>
          </ns3:TrackPointExtension>
        </extensions>
      </trkpt>
      <trkpt lat="21.32325866259634494781494140625" lon="-86.81221076287329196929931640625">
        <ele>0</ele>
        <time>2026-03-19T17:08:43.000Z</time>
        <extensions>
          <ns3:TrackPointExtension>
            <ns3:hr>91</ns3:hr>
          </ns3:TrackPointExtension>
        </extensions>
      </trkpt>
      <trkpt lat="21.32329721935093402862548828125" lon="-86.81250127963721752166748046875">
        <ele>0</ele>
        <time>2026-03-19T17:08:47.000Z</time>
        <extensions>
          <ns3:TrackPointExtension>
            <ns3:hr>94</ns3:hr>
          </ns3:TrackPointExtension>
        </extensions>
      </trkpt>
      <trkpt lat="21.323310546576976776123046875" lon="-86.8125655688345432281494140625">
        <ele>0</ele>
        <time>2026-03-19T17:08:48.000Z</time>
        <extensions>
          <ns3:TrackPointExtension>
            <ns3:hr>92</ns3:hr>
          </ns3:TrackPointExtension>
        </extensions>
      </trkpt>
      <trkpt lat="21.3233901746571063995361328125" lon="-86.81290847249329090118408203125">
        <ele>0</ele>
        <time>2026-03-19T17:08:54.000Z</time>
        <extensions>
          <ns3:TrackPointExtension>
            <ns3:hr>93</ns3:hr>
          </ns3:TrackPointExtension>
        </extensions>
      </trkpt>
      <trkpt lat="21.3234636001288890838623046875" lon="-86.8132897652685642242431640625">
        <ele>0</ele>
        <time>2026-03-19T17:09:00.000Z</time>
        <extensions>
          <ns3:TrackPointExtension>
            <ns3:hr>93</ns3:hr>
          </ns3:TrackPointExtension>
        </extensions>
      </trkpt>
      <trkpt lat="21.32354968227446079254150390625" lon="-86.813776753842830657958984375">
        <ele>0</ele>
        <time>2026-03-19T17:09:07.000Z</time>
        <extensions>
          <ns3:TrackPointExtension>
            <ns3:hr>94</ns3:hr>
          </ns3:TrackPointExtension>
        </extensions>
      </trkpt>
      <trkpt lat="21.3235601596534252166748046875" lon="-86.81384749710559844970703125">
        <ele>0</ele>
        <time>2026-03-19T17:09:08.000Z</time>
        <extensions>
          <ns3:TrackPointExtension>
            <ns3:hr>94</ns3:hr>
          </ns3:TrackPointExtension>
        </extensions>
      </trkpt>
      <trkpt lat="21.3235859759151935577392578125" lon="-86.81405846960842609405517578125">
        <ele>0</ele>
        <time>2026-03-19T17:09:11.000Z</time>
        <extensions>
          <ns3:TrackPointExtension>
            <ns3:hr>90</ns3:hr>
          </ns3:TrackPointExtension>
        </extensions>
      </trkpt>
      <trkpt lat="21.3236112892627716064453125" lon="-86.81435468606650829315185546875">
        <ele>0</ele>
        <time>2026-03-19T17:09:15.000Z</time>
        <extensions>
          <ns3:TrackPointExtension>
            <ns3:hr>87</ns3:hr>
          </ns3:TrackPointExtension>
        </extensions>
      </trkpt>
      <trkpt lat="21.32361992262303829193115234375" lon="-86.8144307099282741546630859375">
        <ele>0</ele>
        <time>2026-03-19T17:09:16.000Z</time>
        <extensions>
          <ns3:TrackPointExtension>
            <ns3:hr>89</ns3:hr>
          </ns3:TrackPointExtension>
        </extensions>
      </trkpt>
      <trkpt lat="21.323631070554256439208984375" lon="-86.81450237520039081573486328125">
        <ele>0</ele>
        <time>2026-03-19T17:09:17.000Z</time>
        <extensions>
          <ns3:TrackPointExtension>
            <ns3:hr>84</ns3:hr>
          </ns3:TrackPointExtension>
        </extensions>
      </trkpt>
      <trkpt lat="21.32370625622570514678955078125" lon="-86.81488274596631526947021484375">
        <ele>0</ele>
        <time>2026-03-19T17:09:23.000Z</time>
        <extensions>
          <ns3:TrackPointExtension>
            <ns3:hr>85</ns3:hr>
          </ns3:TrackPointExtension>
        </extensions>
      </trkpt>
      <trkpt lat="21.323708184063434600830078125" lon="-86.81493622250854969024658203125">
        <ele>0</ele>
        <time>2026-03-19T17:09:24.000Z</time>
        <extensions>
          <ns3:TrackPointExtension>
            <ns3:hr>86</ns3:hr>
          </ns3:TrackPointExtension>
        </extensions>
      </trkpt>
      <trkpt lat="21.3236768357455730438232421875" lon="-86.8150087259709835052490234375">
        <ele>0</ele>
        <time>2026-03-19T17:09:26.000Z</time>
        <extensions>
          <ns3:TrackPointExtension>
            <ns3:hr>86</ns3:hr>
          </ns3:TrackPointExtension>
        </extensions>
      </trkpt>
      <trkpt lat="21.32365345023572444915771484375" lon="-86.8149922974407672882080078125">
        <ele>0</ele>
        <time>2026-03-19T17:09:28.000Z</time>
        <extensions>
          <ns3:TrackPointExtension>
            <ns3:hr>87</ns3:hr>
          </ns3:TrackPointExtension>
        </extensions>
      </trkpt>
      <trkpt lat="21.3236382789909839630126953125" lon="-86.8149450235068798065185546875">
        <ele>0</ele>
        <time>2026-03-19T17:09:31.000Z</time>
        <extensions>
          <ns3:TrackPointExtension>
            <ns3:hr>86</ns3:hr>
          </ns3:TrackPointExtension>
        </extensions>
      </trkpt>
      <trkpt lat="21.32358849048614501953125" lon="-86.8148746155202388763427734375">
        <ele>0</ele>
        <time>2026-03-19T17:09:33.000Z</time>
        <extensions>
          <ns3:TrackPointExtension>
            <ns3:hr>86</ns3:hr>
          </ns3:TrackPointExtension>
        </extensions>
      </trkpt>
      <trkpt lat="21.32357164286077022552490234375" lon="-86.8148253299295902252197265625">
        <ele>0</ele>
        <time>2026-03-19T17:09:34.000Z</time>
        <extensions>
          <ns3:TrackPointExtension>
            <ns3:hr>87</ns3:hr>
          </ns3:TrackPointExtension>
        </extensions>
      </trkpt>
      <trkpt lat="21.3235725648701190948486328125" lon="-86.8147220648825168609619140625">
        <ele>0</ele>
        <time>2026-03-19T17:09:36.000Z</time>
        <extensions>
          <ns3:TrackPointExtension>
            <ns3:hr>86</ns3:hr>
          </ns3:TrackPointExtension>
        </extensions>
      </trkpt>
      <trkpt lat="21.323552615940570831298828125" lon="-86.81452115066349506378173828125">
        <ele>0</ele>
        <time>2026-03-19T17:09:40.000Z</time>
        <extensions>
          <ns3:TrackPointExtension>
            <ns3:hr>83</ns3:hr>
          </ns3:TrackPointExtension>
        </extensions>
      </trkpt>
      <trkpt lat="21.3235509395599365234375" lon="-86.81446096859872341156005859375">
        <ele>0</ele>
        <time>2026-03-19T17:09:41.000Z</time>
        <extensions>
          <ns3:TrackPointExtension>
            <ns3:hr>85</ns3:hr>
          </ns3:TrackPointExtension>
        </extensions>
      </trkpt>
      <trkpt lat="21.32355605252087116241455078125" lon="-86.8140344135463237762451171875">
        <ele>0</ele>
        <time>2026-03-19T17:09:48.000Z</time>
        <extensions>
          <ns3:TrackPointExtension>
            <ns3:hr>88</ns3:hr>
          </ns3:TrackPointExtension>
        </extensions>
      </trkpt>
      <trkpt lat="21.323557309806346893310546875" lon="-86.8139851279556751251220703125">
        <ele>0</ele>
        <time>2026-03-19T17:09:49.000Z</time>
        <extensions>
          <ns3:TrackPointExtension>
            <ns3:hr>89</ns3:hr>
          </ns3:TrackPointExtension>
        </extensions>
      </trkpt>
      <trkpt lat="21.32353845052421092987060546875" lon="-86.81380751542747020721435546875">
        <ele>0</ele>
        <time>2026-03-19T17:09:53.000Z</time>
        <extensions>
          <ns3:TrackPointExtension>
            <ns3:hr>88</ns3:hr>
          </ns3:TrackPointExtension>
        </extensions>
      </trkpt>
      <trkpt lat="21.3235216028988361358642578125" lon="-86.81375571526587009429931640625">
        <ele>0</ele>
        <time>2026-03-19T17:09:54.000Z</time>
        <extensions>
          <ns3:TrackPointExtension>
            <ns3:hr>88</ns3:hr>
          </ns3:TrackPointExtension>
        </extensions>
      </trkpt>
      <trkpt lat="21.3235093653202056884765625" lon="-86.813697628676891326904296875">
        <ele>0</ele>
        <time>2026-03-19T17:09:55.000Z</time>
        <extensions>
          <ns3:TrackPointExtension>
            <ns3:hr>89</ns3:hr>
          </ns3:TrackPointExtension>
        </extensions>
      </trkpt>
      <trkpt lat="21.32349972613155841827392578125" lon="-86.8135375343263149261474609375">
        <ele>0</ele>
        <time>2026-03-19T17:09:58.000Z</time>
        <extensions>
          <ns3:TrackPointExtension>
            <ns3:hr>90</ns3:hr>
          </ns3:TrackPointExtension>
        </extensions>
      </trkpt>
      <trkpt lat="21.3234920985996723175048828125" lon="-86.81344994343817234039306640625">
        <ele>0</ele>
        <time>2026-03-19T17:10:00.000Z</time>
        <extensions>
          <ns3:TrackPointExtension>
            <ns3:hr>87</ns3:hr>
          </ns3:TrackPointExtension>
        </extensions>
      </trkpt>
      <trkpt lat="21.32345714606344699859619140625" lon="-86.8132817186415195465087890625">
        <ele>0</ele>
        <time>2026-03-19T17:10:04.000Z</time>
        <extensions>
          <ns3:TrackPointExtension>
            <ns3:hr>86</ns3:hr>
          </ns3:TrackPointExtension>
        </extensions>
      </trkpt>
      <trkpt lat="21.323359496891498565673828125" lon="-86.813060939311981201171875">
        <ele>0</ele>
        <time>2026-03-19T17:10:08.000Z</time>
        <extensions>
          <ns3:TrackPointExtension>
            <ns3:hr>87</ns3:hr>
          </ns3:TrackPointExtension>
        </extensions>
      </trkpt>
      <trkpt lat="21.32330358959734439849853515625" lon="-86.81269347667694091796875">
        <ele>0</ele>
        <time>2026-03-19T17:10:13.000Z</time>
        <extensions>
          <ns3:TrackPointExtension>
            <ns3:hr>89</ns3:hr>
          </ns3:TrackPointExtension>
        </extensions>
      </trkpt>
      <trkpt lat="21.3232999853789806365966796875" lon="-86.81254754774272441864013671875">
        <ele>0</ele>
        <time>2026-03-19T17:10:15.000Z</time>
        <extensions>
          <ns3:TrackPointExtension>
            <ns3:hr>95</ns3:hr>
          </ns3:TrackPointExtension>
        </extensions>
      </trkpt>
      <trkpt lat="21.3232966326177120208740234375" lon="-86.81247881613671779632568359375">
        <ele>0</ele>
        <time>2026-03-19T17:10:16.000Z</time>
        <extensions>
          <ns3:TrackPointExtension>
            <ns3:hr>92</ns3:hr>
          </ns3:TrackPointExtension>
        </extensions>
      </trkpt>
      <trkpt lat="21.32325849495828151702880859375" lon="-86.81220858357846736907958984375">
        <ele>0</ele>
        <time>2026-03-19T17:10:20.000Z</time>
        <extensions>
          <ns3:TrackPointExtension>
            <ns3:hr>93</ns3:hr>
          </ns3:TrackPointExtension>
        </extensions>
      </trkpt>
      <trkpt lat="21.3232009112834930419921875" lon="-86.81175545789301395416259765625">
        <ele>0</ele>
        <time>2026-03-19T17:10:27.000Z</time>
        <extensions>
          <ns3:TrackPointExtension>
            <ns3:hr>96</ns3:hr>
          </ns3:TrackPointExtension>
        </extensions>
      </trkpt>
      <trkpt lat="21.323181129992008209228515625" lon="-86.8115805275738239288330078125">
        <ele>0</ele>
        <time>2026-03-19T17:10:30.000Z</time>
        <extensions>
          <ns3:TrackPointExtension>
            <ns3:hr>95</ns3:hr>
          </ns3:TrackPointExtension>
        </extensions>
      </trkpt>
      <trkpt lat="21.3231511227786540985107421875" lon="-86.81144817732274532318115234375">
        <ele>0</ele>
        <time>2026-03-19T17:10:32.000Z</time>
        <extensions>
          <ns3:TrackPointExtension>
            <ns3:hr>96</ns3:hr>
          </ns3:TrackPointExtension>
        </extensions>
      </trkpt>
      <trkpt lat="21.32311298511922359466552734375" lon="-86.81108104996383190155029296875">
        <ele>0</ele>
        <time>2026-03-19T17:10:37.000Z</time>
        <extensions>
          <ns3:TrackPointExtension>
            <ns3:hr>99</ns3:hr>
          </ns3:TrackPointExtension>
        </extensions>
      </trkpt>
      <trkpt lat="21.3231078721582889556884765625" lon="-86.81100460700690746307373046875">
        <ele>0</ele>
        <time>2026-03-19T17:10:38.000Z</time>
        <extensions>
          <ns3:TrackPointExtension>
            <ns3:hr>96</ns3:hr>
          </ns3:TrackPointExtension>
        </extensions>
      </trkpt>
      <trkpt lat="21.32311952300369739532470703125" lon="-86.81064971722662448883056640625">
        <ele>0</ele>
        <time>2026-03-19T17:10:43.000Z</time>
        <extensions>
          <ns3:TrackPointExtension>
            <ns3:hr>96</ns3:hr>
          </ns3:TrackPointExtension>
        </extensions>
      </trkpt>
      <trkpt lat="21.323138214647769927978515625" lon="-86.8102754652500152587890625">
        <ele>0</ele>
        <time>2026-03-19T17:10:49.000Z</time>
        <extensions>
          <ns3:TrackPointExtension>
            <ns3:hr>96</ns3:hr>
          </ns3:TrackPointExtension>
        </extensions>
      </trkpt>
      <trkpt lat="21.32313611917197704315185546875" lon="-86.8100607208907604217529296875">
        <ele>0</ele>
        <time>2026-03-19T17:10:53.000Z</time>
        <extensions>
          <ns3:TrackPointExtension>
            <ns3:hr>96</ns3:hr>
          </ns3:TrackPointExtension>
        </extensions>
      </trkpt>
      <trkpt lat="21.32312639616429805755615234375" lon="-86.8099460564553737640380859375">
        <ele>0</ele>
        <time>2026-03-19T17:10:55.000Z</time>
        <extensions>
          <ns3:TrackPointExtension>
            <ns3:hr>98</ns3:hr>
          </ns3:TrackPointExtension>
        </extensions>
      </trkpt>
      <trkpt lat="21.32312019355595111846923828125" lon="-86.809879839420318603515625">
        <ele>0</ele>
        <time>2026-03-19T17:10:56.000Z</time>
        <extensions>
          <ns3:TrackPointExtension>
            <ns3:hr>95</ns3:hr>
          </ns3:TrackPointExtension>
        </extensions>
      </trkpt>
      <trkpt lat="21.32311047054827213287353515625" lon="-86.80960801430046558380126953125">
        <ele>0</ele>
        <time>2026-03-19T17:11:00.000Z</time>
        <extensions>
          <ns3:TrackPointExtension>
            <ns3:hr>95</ns3:hr>
          </ns3:TrackPointExtension>
        </extensions>
      </trkpt>
      <trkpt lat="21.3231051899492740631103515625" lon="-86.80941103957593441009521484375">
        <ele>0</ele>
        <time>2026-03-19T17:11:03.000Z</time>
        <extensions>
          <ns3:TrackPointExtension>
            <ns3:hr>94</ns3:hr>
          </ns3:TrackPointExtension>
        </extensions>
      </trkpt>
      <trkpt lat="21.3230666331946849822998046875" lon="-86.8093489296734333038330078125">
        <ele>0</ele>
        <time>2026-03-19T17:11:05.000Z</time>
        <extensions>
          <ns3:TrackPointExtension>
            <ns3:hr>94</ns3:hr>
          </ns3:TrackPointExtension>
        </extensions>
      </trkpt>
      <trkpt lat="21.323018185794353485107421875" lon="-86.80939896963536739349365234375">
        <ele>0</ele>
        <time>2026-03-19T17:11:07.000Z</time>
        <extensions>
          <ns3:TrackPointExtension>
            <ns3:hr>94</ns3:hr>
          </ns3:TrackPointExtension>
        </extensions>
      </trkpt>
      <trkpt lat="21.32300770841538906097412109375" lon="-86.80949033237993717193603515625">
        <ele>0</ele>
        <time>2026-03-19T17:11:09.000Z</time>
        <extensions>
          <ns3:TrackPointExtension>
            <ns3:hr>93</ns3:hr>
          </ns3:TrackPointExtension>
        </extensions>
      </trkpt>
      <trkpt lat="21.3230144977569580078125" lon="-86.80958052165806293487548828125">
        <ele>0</ele>
        <time>2026-03-19T17:11:11.000Z</time>
        <extensions>
          <ns3:TrackPointExtension>
            <ns3:hr>95</ns3:hr>
          </ns3:TrackPointExtension>
        </extensions>
      </trkpt>
      <trkpt lat="21.32301919162273406982421875" lon="-86.80962980724871158599853515625">
        <ele>0</ele>
        <time>2026-03-19T17:11:12.000Z</time>
        <extensions>
          <ns3:TrackPointExtension>
            <ns3:hr>95</ns3:hr>
          </ns3:TrackPointExtension>
        </extensions>
      </trkpt>
      <trkpt lat="21.3230143301188945770263671875" lon="-86.80983918718993663787841796875">
        <ele>0</ele>
        <time>2026-03-19T17:11:16.000Z</time>
        <extensions>
          <ns3:TrackPointExtension>
            <ns3:hr>92</ns3:hr>
          </ns3:TrackPointExtension>
        </extensions>
      </trkpt>
      <trkpt lat="21.323004774749279022216796875" lon="-86.8100302107632160186767578125">
        <ele>0</ele>
        <time>2026-03-19T17:11:19.000Z</time>
        <extensions>
          <ns3:TrackPointExtension>
            <ns3:hr>91</ns3:hr>
          </ns3:TrackPointExtension>
        </extensions>
      </trkpt>
      <trkpt lat="21.32300519384443759918212890625" lon="-86.81009802035987377166748046875">
        <ele>0</ele>
        <time>2026-03-19T17:11:20.000Z</time>
        <extensions>
          <ns3:TrackPointExtension>
            <ns3:hr>92</ns3:hr>
          </ns3:TrackPointExtension>
        </extensions>
      </trkpt>
      <trkpt lat="21.32300653494894504547119140625" lon="-86.8105316162109375">
        <ele>0</ele>
        <time>2026-03-19T17:11:26.000Z</time>
        <extensions>
          <ns3:TrackPointExtension>
            <ns3:hr>92</ns3:hr>
          </ns3:TrackPointExtension>
        </extensions>
      </trkpt>
      <trkpt lat="21.3229586742818355560302734375" lon="-86.81089748628437519073486328125">
        <ele>0</ele>
        <time>2026-03-19T17:11:31.000Z</time>
        <extensions>
          <ns3:TrackPointExtension>
            <ns3:hr>92</ns3:hr>
          </ns3:TrackPointExtension>
        </extensions>
      </trkpt>
      <trkpt lat="21.322954483330249786376953125" lon="-86.81112639605998992919921875">
        <ele>0</ele>
        <time>2026-03-19T17:11:34.000Z</time>
        <extensions>
          <ns3:TrackPointExtension>
            <ns3:hr>93</ns3:hr>
          </ns3:TrackPointExtension>
        </extensions>
      </trkpt>
      <trkpt lat="21.32291483692824840545654296875" lon="-86.8112356960773468017578125">
        <ele>0</ele>
        <time>2026-03-19T17:11:36.000Z</time>
        <extensions>
          <ns3:TrackPointExtension>
            <ns3:hr>93</ns3:hr>
          </ns3:TrackPointExtension>
        </extensions>
      </trkpt>
      <trkpt lat="21.32287309505045413970947265625" lon="-86.8113790266215801239013671875">
        <ele>0</ele>
        <time>2026-03-19T17:11:39.000Z</time>
        <extensions>
          <ns3:TrackPointExtension>
            <ns3:hr>92</ns3:hr>
          </ns3:TrackPointExtension>
        </extensions>
      </trkpt>
      <trkpt lat="21.322887428104877471923828125" lon="-86.8115463294088840484619140625">
        <ele>0</ele>
        <time>2026-03-19T17:11:42.000Z</time>
        <extensions>
          <ns3:TrackPointExtension>
            <ns3:hr>93</ns3:hr>
          </ns3:TrackPointExtension>
        </extensions>
      </trkpt>
      <trkpt lat="21.32290377281606197357177734375" lon="-86.8115982972085475921630859375">
        <ele>0</ele>
        <time>2026-03-19T17:11:43.000Z</time>
        <extensions>
          <ns3:TrackPointExtension>
            <ns3:hr>92</ns3:hr>
          </ns3:TrackPointExtension>
        </extensions>
      </trkpt>
      <trkpt lat="21.32295255549252033233642578125" lon="-86.8117008917033672332763671875">
        <ele>0</ele>
        <time>2026-03-19T17:11:47.000Z</time>
        <extensions>
          <ns3:TrackPointExtension>
            <ns3:hr>92</ns3:hr>
          </ns3:TrackPointExtension>
        </extensions>
      </trkpt>
      <trkpt lat="21.3229455985128879547119140625" lon="-86.81170349009335041046142578125">
        <ele>0</ele>
        <time>2026-03-19T17:11:48.000Z</time>
        <extensions>
          <ns3:TrackPointExtension>
            <ns3:hr>92</ns3:hr>
          </ns3:TrackPointExtension>
        </extensions>
      </trkpt>
      <trkpt lat="21.32290779612958431243896484375" lon="-86.8116573058068752288818359375">
        <ele>0</ele>
        <time>2026-03-19T17:11:50.000Z</time>
        <extensions>
          <ns3:TrackPointExtension>
            <ns3:hr>95</ns3:hr>
          </ns3:TrackPointExtension>
        </extensions>
      </trkpt>
      <trkpt lat="21.3228862546384334564208984375" lon="-86.81156669743359088897705078125">
        <ele>0</ele>
        <time>2026-03-19T17:11:52.000Z</time>
        <extensions>
          <ns3:TrackPointExtension>
            <ns3:hr>92</ns3:hr>
          </ns3:TrackPointExtension>
        </extensions>
      </trkpt>
      <trkpt lat="21.32287024520337581634521484375" lon="-86.8114742450416088104248046875">
        <ele>0</ele>
        <time>2026-03-19T17:11:54.000Z</time>
        <extensions>
          <ns3:TrackPointExtension>
            <ns3:hr>92</ns3:hr>
          </ns3:TrackPointExtension>
        </extensions>
      </trkpt>
      <trkpt lat="21.32280905731022357940673828125" lon="-86.81127659976482391357421875">
        <ele>0</ele>
        <time>2026-03-19T17:11:58.000Z</time>
        <extensions>
          <ns3:TrackPointExtension>
            <ns3:hr>93</ns3:hr>
          </ns3:TrackPointExtension>
        </extensions>
      </trkpt>
      <trkpt lat="21.3227762840688228607177734375" lon="-86.8111634440720081329345703125">
        <ele>0</ele>
        <time>2026-03-19T17:12:00.000Z</time>
        <extensions>
          <ns3:TrackPointExtension>
            <ns3:hr>92</ns3:hr>
          </ns3:TrackPointExtension>
        </extensions>
      </trkpt>
      <trkpt lat="21.32275524549186229705810546875" lon="-86.81089094839990139007568359375">
        <ele>0</ele>
        <time>2026-03-19T17:12:05.000Z</time>
        <extensions>
          <ns3:TrackPointExtension>
            <ns3:hr>91</ns3:hr>
          </ns3:TrackPointExtension>
        </extensions>
      </trkpt>
      <trkpt lat="21.322738565504550933837890625" lon="-86.81079606525599956512451171875">
        <ele>0</ele>
        <time>2026-03-19T17:12:07.000Z</time>
        <extensions>
          <ns3:TrackPointExtension>
            <ns3:hr>88</ns3:hr>
          </ns3:TrackPointExtension>
        </extensions>
      </trkpt>
      <trkpt lat="21.32272456772625446319580078125" lon="-86.81061132811009883880615234375">
        <ele>0</ele>
        <time>2026-03-19T17:12:10.000Z</time>
        <extensions>
          <ns3:TrackPointExtension>
            <ns3:hr>84</ns3:hr>
          </ns3:TrackPointExtension>
        </extensions>
      </trkpt>
      <trkpt lat="21.32272624410688877105712890625" lon="-86.8105515651404857635498046875">
        <ele>0</ele>
        <time>2026-03-19T17:12:11.000Z</time>
        <extensions>
          <ns3:TrackPointExtension>
            <ns3:hr>83</ns3:hr>
          </ns3:TrackPointExtension>
        </extensions>
      </trkpt>
      <trkpt lat="21.32273395545780658721923828125" lon="-86.81037697009742259979248046875">
        <ele>0</ele>
        <time>2026-03-19T17:12:14.000Z</time>
        <extensions>
          <ns3:TrackPointExtension>
            <ns3:hr>82</ns3:hr>
          </ns3:TrackPointExtension>
        </extensions>
      </trkpt>
      <trkpt lat="21.3227340392768383026123046875" lon="-86.8103131838142871856689453125">
        <ele>0</ele>
        <time>2026-03-19T17:12:16.000Z</time>
        <extensions>
          <ns3:TrackPointExtension>
            <ns3:hr>82</ns3:hr>
          </ns3:TrackPointExtension>
        </extensions>
      </trkpt>
      <trkpt lat="21.322709061205387115478515625" lon="-86.8103309534490108489990234375">
        <ele>0</ele>
        <time>2026-03-19T17:12:18.000Z</time>
        <extensions>
          <ns3:TrackPointExtension>
            <ns3:hr>82</ns3:hr>
          </ns3:TrackPointExtension>
        </extensions>
      </trkpt>
      <trkpt lat="21.32270813919603824615478515625" lon="-86.8104301951825618743896484375">
        <ele>0</ele>
        <time>2026-03-19T17:12:22.000Z</time>
        <extensions>
          <ns3:TrackPointExtension>
            <ns3:hr>83</ns3:hr>
          </ns3:TrackPointExtension>
        </extensions>
      </trkpt>
      <trkpt lat="21.32266874425113201141357421875" lon="-86.81053228676319122314453125">
        <ele>0</ele>
        <time>2026-03-19T17:12:27.000Z</time>
        <extensions>
          <ns3:TrackPointExtension>
            <ns3:hr>83</ns3:hr>
          </ns3:TrackPointExtension>
        </extensions>
      </trkpt>
      <trkpt lat="21.32264577783644199371337890625" lon="-86.810530610382556915283203125">
        <ele>0</ele>
        <time>2026-03-19T17:12:28.000Z</time>
        <extensions>
          <ns3:TrackPointExtension>
            <ns3:hr>86</ns3:hr>
          </ns3:TrackPointExtension>
        </extensions>
      </trkpt>
      <trkpt lat="21.32261929102241992950439453125" lon="-86.8105012737214565277099609375">
        <ele>0</ele>
        <time>2026-03-19T17:12:29.000Z</time>
        <extensions>
          <ns3:TrackPointExtension>
            <ns3:hr>83</ns3:hr>
          </ns3:TrackPointExtension>
        </extensions>
      </trkpt>
      <trkpt lat="21.32259783335030078887939453125" lon="-86.81045986711978912353515625">
        <ele>0</ele>
        <time>2026-03-19T17:12:30.000Z</time>
        <extensions>
          <ns3:TrackPointExtension>
            <ns3:hr>84</ns3:hr>
          </ns3:TrackPointExtension>
        </extensions>
      </trkpt>
      <trkpt lat="21.3225840032100677490234375" lon="-86.81034930981695652008056640625">
        <ele>0</ele>
        <time>2026-03-19T17:12:32.000Z</time>
        <extensions>
          <ns3:TrackPointExtension>
            <ns3:hr>84</ns3:hr>
          </ns3:TrackPointExtension>
        </extensions>
      </trkpt>
      <trkpt lat="21.32259003818035125732421875" lon="-86.81029357016086578369140625">
        <ele>0</ele>
        <time>2026-03-19T17:12:33.000Z</time>
        <extensions>
          <ns3:TrackPointExtension>
            <ns3:hr>84</ns3:hr>
          </ns3:TrackPointExtension>
        </extensions>
      </trkpt>
      <trkpt lat="21.3225928880274295806884765625" lon="-86.8102541752159595489501953125">
        <ele>0</ele>
        <time>2026-03-19T17:12:34.000Z</time>
        <extensions>
          <ns3:TrackPointExtension>
            <ns3:hr>85</ns3:hr>
          </ns3:TrackPointExtension>
        </extensions>
      </trkpt>
      <trkpt lat="21.3225791417062282562255859375" lon="-86.810238920152187347412109375">
        <ele>0</ele>
        <time>2026-03-19T17:12:35.000Z</time>
        <extensions>
          <ns3:TrackPointExtension>
            <ns3:hr>82</ns3:hr>
          </ns3:TrackPointExtension>
        </extensions>
      </trkpt>
      <trkpt lat="21.32256346754729747772216796875" lon="-86.81025224737823009490966796875">
        <ele>0</ele>
        <time>2026-03-19T17:12:36.000Z</time>
        <extensions>
          <ns3:TrackPointExtension>
            <ns3:hr>85</ns3:hr>
          </ns3:TrackPointExtension>
        </extensions>
      </trkpt>
      <trkpt lat="21.3225674070417881011962890625" lon="-86.81031578220427036285400390625">
        <ele>0</ele>
        <time>2026-03-19T17:12:39.000Z</time>
        <extensions>
          <ns3:TrackPointExtension>
            <ns3:hr>84</ns3:hr>
          </ns3:TrackPointExtension>
        </extensions>
      </trkpt>
      <trkpt lat="21.322526000440120697021484375" lon="-86.8104469589889049530029296875">
        <ele>0</ele>
        <time>2026-03-19T17:12:44.000Z</time>
        <extensions>
          <ns3:TrackPointExtension>
            <ns3:hr>84</ns3:hr>
          </ns3:TrackPointExtension>
        </extensions>
      </trkpt>
      <trkpt lat="21.322501860558986663818359375" lon="-86.81061518378555774688720703125">
        <ele>0</ele>
        <time>2026-03-19T17:12:48.000Z</time>
        <extensions>
          <ns3:TrackPointExtension>
            <ns3:hr>84</ns3:hr>
          </ns3:TrackPointExtension>
        </extensions>
      </trkpt>
      <trkpt lat="21.32250563241541385650634765625" lon="-86.81071358732879161834716796875">
        <ele>0</ele>
        <time>2026-03-19T17:12:50.000Z</time>
        <extensions>
          <ns3:TrackPointExtension>
            <ns3:hr>85</ns3:hr>
          </ns3:TrackPointExtension>
        </extensions>
      </trkpt>
      <trkpt lat="21.32250479422509670257568359375" lon="-86.810809560120105743408203125">
        <ele>0</ele>
        <time>2026-03-19T17:12:52.000Z</time>
        <extensions>
          <ns3:TrackPointExtension>
            <ns3:hr>86</ns3:hr>
          </ns3:TrackPointExtension>
        </extensions>
      </trkpt>
      <trkpt lat="21.32249892689287662506103515625" lon="-86.810867898166179656982421875">
        <ele>0</ele>
        <time>2026-03-19T17:12:53.000Z</time>
        <extensions>
          <ns3:TrackPointExtension>
            <ns3:hr>86</ns3:hr>
          </ns3:TrackPointExtension>
        </extensions>
      </trkpt>
      <trkpt lat="21.32250127382576465606689453125" lon="-86.81106931529939174652099609375">
        <ele>0</ele>
        <time>2026-03-19T17:12:56.000Z</time>
        <extensions>
          <ns3:TrackPointExtension>
            <ns3:hr>86</ns3:hr>
          </ns3:TrackPointExtension>
        </extensions>
      </trkpt>
      <trkpt lat="21.32251183502376079559326171875" lon="-86.811133436858654022216796875">
        <ele>0</ele>
        <time>2026-03-19T17:12:57.000Z</time>
        <extensions>
          <ns3:TrackPointExtension>
            <ns3:hr>86</ns3:hr>
          </ns3:TrackPointExtension>
        </extensions>
      </trkpt>
      <trkpt lat="21.32253798656165599822998046875" lon="-86.81146435439586639404296875">
        <ele>0</ele>
        <time>2026-03-19T17:13:02.000Z</time>
        <extensions>
          <ns3:TrackPointExtension>
            <ns3:hr>86</ns3:hr>
          </ns3:TrackPointExtension>
        </extensions>
      </trkpt>
      <trkpt lat="21.32255525328218936920166015625" lon="-86.81192032992839813232421875">
        <ele>0</ele>
        <time>2026-03-19T17:13:07.000Z</time>
        <extensions>
          <ns3:TrackPointExtension>
            <ns3:hr>87</ns3:hr>
          </ns3:TrackPointExtension>
        </extensions>
      </trkpt>
      <trkpt lat="21.3225838355720043182373046875" lon="-86.81232810951769351959228515625">
        <ele>0</ele>
        <time>2026-03-19T17:13:12.000Z</time>
        <extensions>
          <ns3:TrackPointExtension>
            <ns3:hr>86</ns3:hr>
          </ns3:TrackPointExtension>
        </extensions>
      </trkpt>
      <trkpt lat="21.32257260382175445556640625" lon="-86.8126158602535724639892578125">
        <ele>0</ele>
        <time>2026-03-19T17:13:16.000Z</time>
        <extensions>
          <ns3:TrackPointExtension>
            <ns3:hr>83</ns3:hr>
          </ns3:TrackPointExtension>
        </extensions>
      </trkpt>
      <trkpt lat="21.32257687859237194061279296875" lon="-86.81276480667293071746826171875">
        <ele>0</ele>
        <time>2026-03-19T17:13:18.000Z</time>
        <extensions>
          <ns3:TrackPointExtension>
            <ns3:hr>83</ns3:hr>
          </ns3:TrackPointExtension>
        </extensions>
      </trkpt>
      <trkpt lat="21.32259833626449108123779296875" lon="-86.812980137765407562255859375">
        <ele>0</ele>
        <time>2026-03-19T17:13:21.000Z</time>
        <extensions>
          <ns3:TrackPointExtension>
            <ns3:hr>82</ns3:hr>
          </ns3:TrackPointExtension>
        </extensions>
      </trkpt>
      <trkpt lat="21.32263923995196819305419921875" lon="-86.81316479109227657318115234375">
        <ele>0</ele>
        <time>2026-03-19T17:13:24.000Z</time>
        <extensions>
          <ns3:TrackPointExtension>
            <ns3:hr>86</ns3:hr>
          </ns3:TrackPointExtension>
        </extensions>
      </trkpt>
      <trkpt lat="21.3226495496928691864013671875" lon="-86.81321759708225727081298828125">
        <ele>0</ele>
        <time>2026-03-19T17:13:25.000Z</time>
        <extensions>
          <ns3:TrackPointExtension>
            <ns3:hr>85</ns3:hr>
          </ns3:TrackPointExtension>
        </extensions>
      </trkpt>
      <trkpt lat="21.32265969179570674896240234375" lon="-86.8133326806128025054931640625">
        <ele>0</ele>
        <time>2026-03-19T17:13:28.000Z</time>
        <extensions>
          <ns3:TrackPointExtension>
            <ns3:hr>85</ns3:hr>
          </ns3:TrackPointExtension>
        </extensions>
      </trkpt>
      <trkpt lat="21.32261945866048336029052734375" lon="-86.8133103847503662109375">
        <ele>0</ele>
        <time>2026-03-19T17:13:30.000Z</time>
        <extensions>
          <ns3:TrackPointExtension>
            <ns3:hr>86</ns3:hr>
          </ns3:TrackPointExtension>
        </extensions>
      </trkpt>
      <trkpt lat="21.3226166926324367523193359375" lon="-86.81320234201848506927490234375">
        <ele>0</ele>
        <time>2026-03-19T17:13:32.000Z</time>
        <extensions>
          <ns3:TrackPointExtension>
            <ns3:hr>86</ns3:hr>
          </ns3:TrackPointExtension>
        </extensions>
      </trkpt>
      <trkpt lat="21.32262465544044971466064453125" lon="-86.81313377805054187774658203125">
        <ele>0</ele>
        <time>2026-03-19T17:13:33.000Z</time>
        <extensions>
          <ns3:TrackPointExtension>
            <ns3:hr>85</ns3:hr>
          </ns3:TrackPointExtension>
        </extensions>
      </trkpt>
      <trkpt lat="21.32267662324011325836181640625" lon="-86.8127583526074886322021484375">
        <ele>0</ele>
        <time>2026-03-19T17:13:38.000Z</time>
        <extensions>
          <ns3:TrackPointExtension>
            <ns3:hr>86</ns3:hr>
          </ns3:TrackPointExtension>
        </extensions>
      </trkpt>
      <trkpt lat="21.32271199487149715423583984375" lon="-86.81253262795507907867431640625">
        <ele>0</ele>
        <time>2026-03-19T17:13:41.000Z</time>
        <extensions>
          <ns3:TrackPointExtension>
            <ns3:hr>89</ns3:hr>
          </ns3:TrackPointExtension>
        </extensions>
      </trkpt>
      <trkpt lat="21.32270914502441883087158203125" lon="-86.81237756274640560150146484375">
        <ele>0</ele>
        <time>2026-03-19T17:13:43.000Z</time>
        <extensions>
          <ns3:TrackPointExtension>
            <ns3:hr>89</ns3:hr>
          </ns3:TrackPointExtension>
        </extensions>
      </trkpt>
      <trkpt lat="21.32273630239069461822509765625" lon="-86.811990402638912200927734375">
        <ele>0</ele>
        <time>2026-03-19T17:13:48.000Z</time>
        <extensions>
          <ns3:TrackPointExtension>
            <ns3:hr>89</ns3:hr>
          </ns3:TrackPointExtension>
        </extensions>
      </trkpt>
      <trkpt lat="21.3227878510951995849609375" lon="-86.8117109499871730804443359375">
        <ele>0</ele>
        <time>2026-03-19T17:13:52.000Z</time>
        <extensions>
          <ns3:TrackPointExtension>
            <ns3:hr>88</ns3:hr>
          </ns3:TrackPointExtension>
        </extensions>
      </trkpt>
      <trkpt lat="21.32282179780304431915283203125" lon="-86.81150383315980434417724609375">
        <ele>0</ele>
        <time>2026-03-19T17:13:55.000Z</time>
        <extensions>
          <ns3:TrackPointExtension>
            <ns3:hr>88</ns3:hr>
          </ns3:TrackPointExtension>
        </extensions>
      </trkpt>
      <trkpt lat="21.32282615639269351959228515625" lon="-86.8114336766302585601806640625">
        <ele>0</ele>
        <time>2026-03-19T17:13:56.000Z</time>
        <extensions>
          <ns3:TrackPointExtension>
            <ns3:hr>88</ns3:hr>
          </ns3:TrackPointExtension>
        </extensions>
      </trkpt>
      <trkpt lat="21.32282070815563201904296875" lon="-86.8111939541995525360107421875">
        <ele>0</ele>
        <time>2026-03-19T17:13:59.000Z</time>
        <extensions>
          <ns3:TrackPointExtension>
            <ns3:hr>89</ns3:hr>
          </ns3:TrackPointExtension>
        </extensions>
      </trkpt>
      <trkpt lat="21.3228741846978664398193359375" lon="-86.81070000864565372467041015625">
        <ele>0</ele>
        <time>2026-03-19T17:14:05.000Z</time>
        <extensions>
          <ns3:TrackPointExtension>
            <ns3:hr>88</ns3:hr>
          </ns3:TrackPointExtension>
        </extensions>
      </trkpt>
      <trkpt lat="21.3228870928287506103515625" lon="-86.810620464384555816650390625">
        <ele>0</ele>
        <time>2026-03-19T17:14:06.000Z</time>
        <extensions>
          <ns3:TrackPointExtension>
            <ns3:hr>88</ns3:hr>
          </ns3:TrackPointExtension>
        </extensions>
      </trkpt>
      <trkpt lat="21.32292925380170345306396484375" lon="-86.810237579047679901123046875">
        <ele>0</ele>
        <time>2026-03-19T17:14:11.000Z</time>
        <extensions>
          <ns3:TrackPointExtension>
            <ns3:hr>89</ns3:hr>
          </ns3:TrackPointExtension>
        </extensions>
      </trkpt>
      <trkpt lat="21.32297082804143428802490234375" lon="-86.80986114777624607086181640625">
        <ele>0</ele>
        <time>2026-03-19T17:14:16.000Z</time>
        <extensions>
          <ns3:TrackPointExtension>
            <ns3:hr>92</ns3:hr>
          </ns3:TrackPointExtension>
        </extensions>
      </trkpt>
      <trkpt lat="21.323026232421398162841796875" lon="-86.80958420969545841217041015625">
        <ele>0</ele>
        <time>2026-03-19T17:14:20.000Z</time>
        <extensions>
          <ns3:TrackPointExtension>
            <ns3:hr>91</ns3:hr>
          </ns3:TrackPointExtension>
        </extensions>
      </trkpt>
      <trkpt lat="21.3230897672474384307861328125" lon="-86.80917584337294101715087890625">
        <ele>0</ele>
        <time>2026-03-19T17:14:26.000Z</time>
        <extensions>
          <ns3:TrackPointExtension>
            <ns3:hr>92</ns3:hr>
          </ns3:TrackPointExtension>
        </extensions>
      </trkpt>
      <trkpt lat="21.3231070339679718017578125" lon="-86.80910593830049037933349609375">
        <ele>0</ele>
        <time>2026-03-19T17:14:27.000Z</time>
        <extensions>
          <ns3:TrackPointExtension>
            <ns3:hr>91</ns3:hr>
          </ns3:TrackPointExtension>
        </extensions>
      </trkpt>
      <trkpt lat="21.3231625221669673919677734375" lon="-86.80892991833388805389404296875">
        <ele>0</ele>
        <time>2026-03-19T17:14:30.000Z</time>
        <extensions>
          <ns3:TrackPointExtension>
            <ns3:hr>89</ns3:hr>
          </ns3:TrackPointExtension>
        </extensions>
      </trkpt>
      <trkpt lat="21.3231514580547809600830078125" lon="-86.8088999949395656585693359375">
        <ele>0</ele>
        <time>2026-03-19T17:14:31.000Z</time>
        <extensions>
          <ns3:TrackPointExtension>
            <ns3:hr>90</ns3:hr>
          </ns3:TrackPointExtension>
        </extensions>
      </trkpt>
      <trkpt lat="21.323083899915218353271484375" lon="-86.80892321281135082244873046875">
        <ele>0</ele>
        <time>2026-03-19T17:14:33.000Z</time>
        <extensions>
          <ns3:TrackPointExtension>
            <ns3:hr>89</ns3:hr>
          </ns3:TrackPointExtension>
        </extensions>
      </trkpt>
      <trkpt lat="21.323059089481830596923828125" lon="-86.80897668935358524322509765625">
        <ele>0</ele>
        <time>2026-03-19T17:14:34.000Z</time>
        <extensions>
          <ns3:TrackPointExtension>
            <ns3:hr>90</ns3:hr>
          </ns3:TrackPointExtension>
        </extensions>
      </trkpt>
      <trkpt lat="21.32304308004677295684814453125" lon="-86.80904273875057697296142578125">
        <ele>0</ele>
        <time>2026-03-19T17:14:35.000Z</time>
        <extensions>
          <ns3:TrackPointExtension>
            <ns3:hr>90</ns3:hr>
          </ns3:TrackPointExtension>
        </extensions>
      </trkpt>
      <trkpt lat="21.32302983663976192474365234375" lon="-86.809112727642059326171875">
        <ele>0</ele>
        <time>2026-03-19T17:14:36.000Z</time>
        <extensions>
          <ns3:TrackPointExtension>
            <ns3:hr>91</ns3:hr>
          </ns3:TrackPointExtension>
        </extensions>
      </trkpt>
      <trkpt lat="21.3229543156921863555908203125" lon="-86.80952134542167186737060546875">
        <ele>0</ele>
        <time>2026-03-19T17:14:41.000Z</time>
        <extensions>
          <ns3:TrackPointExtension>
            <ns3:hr>90</ns3:hr>
          </ns3:TrackPointExtension>
        </extensions>
      </trkpt>
      <trkpt lat="21.32291349582374095916748046875" lon="-86.8096741475164890289306640625">
        <ele>0</ele>
        <time>2026-03-19T17:14:43.000Z</time>
        <extensions>
          <ns3:TrackPointExtension>
            <ns3:hr>93</ns3:hr>
          </ns3:TrackPointExtension>
        </extensions>
      </trkpt>
      <trkpt lat="21.32284325547516345977783203125" lon="-86.80980146862566471099853515625">
        <ele>0</ele>
        <time>2026-03-19T17:14:45.000Z</time>
        <extensions>
          <ns3:TrackPointExtension>
            <ns3:hr>94</ns3:hr>
          </ns3:TrackPointExtension>
        </extensions>
      </trkpt>
      <trkpt lat="21.3228155113756656646728515625" lon="-86.8099071644246578216552734375">
        <ele>0</ele>
        <time>2026-03-19T17:14:47.000Z</time>
        <extensions>
          <ns3:TrackPointExtension>
            <ns3:hr>92</ns3:hr>
          </ns3:TrackPointExtension>
        </extensions>
      </trkpt>
      <trkpt lat="21.32281006313860416412353515625" lon="-86.809960305690765380859375">
        <ele>0</ele>
        <time>2026-03-19T17:14:48.000Z</time>
        <extensions>
          <ns3:TrackPointExtension>
            <ns3:hr>92</ns3:hr>
          </ns3:TrackPointExtension>
        </extensions>
      </trkpt>
      <trkpt lat="21.32281132042407989501953125" lon="-86.81001730263233184814453125">
        <ele>0</ele>
        <time>2026-03-19T17:14:49.000Z</time>
        <extensions>
          <ns3:TrackPointExtension>
            <ns3:hr>93</ns3:hr>
          </ns3:TrackPointExtension>
        </extensions>
      </trkpt>
      <trkpt lat="21.32283856160938739776611328125" lon="-86.810210086405277252197265625">
        <ele>0</ele>
        <time>2026-03-19T17:14:52.000Z</time>
        <extensions>
          <ns3:TrackPointExtension>
            <ns3:hr>93</ns3:hr>
          </ns3:TrackPointExtension>
        </extensions>
      </trkpt>
      <trkpt lat="21.32284895516932010650634765625" lon="-86.81033992208540439605712890625">
        <ele>0</ele>
        <time>2026-03-19T17:14:54.000Z</time>
        <extensions>
          <ns3:TrackPointExtension>
            <ns3:hr>96</ns3:hr>
          </ns3:TrackPointExtension>
        </extensions>
      </trkpt>
      <trkpt lat="21.32284912280738353729248046875" lon="-86.81054796092212200164794921875">
        <ele>0</ele>
        <time>2026-03-19T17:14:57.000Z</time>
        <extensions>
          <ns3:TrackPointExtension>
            <ns3:hr>93</ns3:hr>
          </ns3:TrackPointExtension>
        </extensions>
      </trkpt>
      <trkpt lat="21.3228513859212398529052734375" lon="-86.8106246553361415863037109375">
        <ele>0</ele>
        <time>2026-03-19T17:14:58.000Z</time>
        <extensions>
          <ns3:TrackPointExtension>
            <ns3:hr>93</ns3:hr>
          </ns3:TrackPointExtension>
        </extensions>
      </trkpt>
      <trkpt lat="21.32280235178768634796142578125" lon="-86.81091626174747943878173828125">
        <ele>0</ele>
        <time>2026-03-19T17:15:02.000Z</time>
        <extensions>
          <ns3:TrackPointExtension>
            <ns3:hr>92</ns3:hr>
          </ns3:TrackPointExtension>
        </extensions>
      </trkpt>
      <trkpt lat="21.322785504162311553955078125" lon="-86.81097426451742649078369140625">
        <ele>0</ele>
        <time>2026-03-19T17:15:03.000Z</time>
        <extensions>
          <ns3:TrackPointExtension>
            <ns3:hr>92</ns3:hr>
          </ns3:TrackPointExtension>
        </extensions>
      </trkpt>
      <trkpt lat="21.3227605260908603668212890625" lon="-86.8111014179885387420654296875">
        <ele>0</ele>
        <time>2026-03-19T17:15:05.000Z</time>
        <extensions>
          <ns3:TrackPointExtension>
            <ns3:hr>92</ns3:hr>
          </ns3:TrackPointExtension>
        </extensions>
      </trkpt>
      <trkpt lat="21.32276278920471668243408203125" lon="-86.811232008039951324462890625">
        <ele>0</ele>
        <time>2026-03-19T17:15:07.000Z</time>
        <extensions>
          <ns3:TrackPointExtension>
            <ns3:hr>93</ns3:hr>
          </ns3:TrackPointExtension>
        </extensions>
      </trkpt>
      <trkpt lat="21.322766728699207305908203125" lon="-86.81156585924327373504638671875">
        <ele>0</ele>
        <time>2026-03-19T17:15:12.000Z</time>
        <extensions>
          <ns3:TrackPointExtension>
            <ns3:hr>92</ns3:hr>
          </ns3:TrackPointExtension>
        </extensions>
      </trkpt>
      <trkpt lat="21.32274954579770565032958984375" lon="-86.8116361834108829498291015625">
        <ele>0</ele>
        <time>2026-03-19T17:15:13.000Z</time>
        <extensions>
          <ns3:TrackPointExtension>
            <ns3:hr>94</ns3:hr>
          </ns3:TrackPointExtension>
        </extensions>
      </trkpt>
      <trkpt lat="21.32272222079336643218994140625" lon="-86.81170642375946044921875">
        <ele>0</ele>
        <time>2026-03-19T17:15:14.000Z</time>
        <extensions>
          <ns3:TrackPointExtension>
            <ns3:hr>94</ns3:hr>
          </ns3:TrackPointExtension>
        </extensions>
      </trkpt>
      <trkpt lat="21.32265348918735980987548828125" lon="-86.81193550117313861846923828125">
        <ele>0</ele>
        <time>2026-03-19T17:15:17.000Z</time>
        <extensions>
          <ns3:TrackPointExtension>
            <ns3:hr>93</ns3:hr>
          </ns3:TrackPointExtension>
        </extensions>
      </trkpt>
      <trkpt lat="21.32260554470121860504150390625" lon="-86.81233095936477184295654296875">
        <ele>0</ele>
        <time>2026-03-19T17:15:22.000Z</time>
        <extensions>
          <ns3:TrackPointExtension>
            <ns3:hr>94</ns3:hr>
          </ns3:TrackPointExtension>
        </extensions>
      </trkpt>
      <trkpt lat="21.32258458994328975677490234375" lon="-86.81282691657543182373046875">
        <ele>0</ele>
        <time>2026-03-19T17:15:29.000Z</time>
        <extensions>
          <ns3:TrackPointExtension>
            <ns3:hr>94</ns3:hr>
          </ns3:TrackPointExtension>
        </extensions>
      </trkpt>
      <trkpt lat="21.3226046226918697357177734375" lon="-86.81312673725187778472900390625">
        <ele>0</ele>
        <time>2026-03-19T17:15:34.000Z</time>
        <extensions>
          <ns3:TrackPointExtension>
            <ns3:hr>93</ns3:hr>
          </ns3:TrackPointExtension>
        </extensions>
      </trkpt>
      <trkpt lat="21.3226693309843540191650390625" lon="-86.81339462287724018096923828125">
        <ele>0</ele>
        <time>2026-03-19T17:15:39.000Z</time>
        <extensions>
          <ns3:TrackPointExtension>
            <ns3:hr>92</ns3:hr>
          </ns3:TrackPointExtension>
        </extensions>
      </trkpt>
      <trkpt lat="21.32264510728418827056884765625" lon="-86.81341926567256450653076171875">
        <ele>0</ele>
        <time>2026-03-19T17:15:41.000Z</time>
        <extensions>
          <ns3:TrackPointExtension>
            <ns3:hr>90</ns3:hr>
          </ns3:TrackPointExtension>
        </extensions>
      </trkpt>
      <trkpt lat="21.32260722108185291290283203125" lon="-86.813339553773403167724609375">
        <ele>0</ele>
        <time>2026-03-19T17:15:43.000Z</time>
        <extensions>
          <ns3:TrackPointExtension>
            <ns3:hr>90</ns3:hr>
          </ns3:TrackPointExtension>
        </extensions>
      </trkpt>
      <trkpt lat="21.32260571233928203582763671875" lon="-86.81328012607991695404052734375">
        <ele>0</ele>
        <time>2026-03-19T17:15:44.000Z</time>
        <extensions>
          <ns3:TrackPointExtension>
            <ns3:hr>90</ns3:hr>
          </ns3:TrackPointExtension>
        </extensions>
      </trkpt>
      <trkpt lat="21.32263119332492351531982421875" lon="-86.81313361041247844696044921875">
        <ele>0</ele>
        <time>2026-03-19T17:15:46.000Z</time>
        <extensions>
          <ns3:TrackPointExtension>
            <ns3:hr>89</ns3:hr>
          </ns3:TrackPointExtension>
        </extensions>
      </trkpt>
      <trkpt lat="21.32268534041941165924072265625" lon="-86.812719963490962982177734375">
        <ele>0</ele>
        <time>2026-03-19T17:15:51.000Z</time>
        <extensions>
          <ns3:TrackPointExtension>
            <ns3:hr>90</ns3:hr>
          </ns3:TrackPointExtension>
        </extensions>
      </trkpt>
      <trkpt lat="21.32278609089553356170654296875" lon="-86.8122710287570953369140625">
        <ele>0</ele>
        <time>2026-03-19T17:15:57.000Z</time>
        <extensions>
          <ns3:TrackPointExtension>
            <ns3:hr>91</ns3:hr>
          </ns3:TrackPointExtension>
        </extensions>
      </trkpt>
      <trkpt lat="21.32286471314728260040283203125" lon="-86.8119952641427516937255859375">
        <ele>0</ele>
        <time>2026-03-19T17:16:01.000Z</time>
        <extensions>
          <ns3:TrackPointExtension>
            <ns3:hr>88</ns3:hr>
          </ns3:TrackPointExtension>
        </extensions>
      </trkpt>
      <trkpt lat="21.32290997542440891265869140625" lon="-86.81187339127063751220703125">
        <ele>0</ele>
        <time>2026-03-19T17:16:03.000Z</time>
        <extensions>
          <ns3:TrackPointExtension>
            <ns3:hr>85</ns3:hr>
          </ns3:TrackPointExtension>
        </extensions>
      </trkpt>
      <trkpt lat="21.32293059490621089935302734375" lon="-86.811817400157451629638671875">
        <ele>0</ele>
        <time>2026-03-19T17:16:04.000Z</time>
        <extensions>
          <ns3:TrackPointExtension>
            <ns3:hr>84</ns3:hr>
          </ns3:TrackPointExtension>
        </extensions>
      </trkpt>
      <trkpt lat="21.32296227850019931793212890625" lon="-86.8116997182369232177734375">
        <ele>0</ele>
        <time>2026-03-19T17:16:06.000Z</time>
        <extensions>
          <ns3:TrackPointExtension>
            <ns3:hr>81</ns3:hr>
          </ns3:TrackPointExtension>
        </extensions>
      </trkpt>
      <trkpt lat="21.3230247236788272857666015625" lon="-86.811434514820575714111328125">
        <ele>0</ele>
        <time>2026-03-19T17:16:10.000Z</time>
        <extensions>
          <ns3:TrackPointExtension>
            <ns3:hr>84</ns3:hr>
          </ns3:TrackPointExtension>
        </extensions>
      </trkpt>
      <trkpt lat="21.323122121393680572509765625" lon="-86.81094995699822902679443359375">
        <ele>0</ele>
        <time>2026-03-19T17:16:17.000Z</time>
        <extensions>
          <ns3:TrackPointExtension>
            <ns3:hr>83</ns3:hr>
          </ns3:TrackPointExtension>
        </extensions>
      </trkpt>
      <trkpt lat="21.32312857545912265777587890625" lon="-86.81087787263095378875732421875">
        <ele>0</ele>
        <time>2026-03-19T17:16:18.000Z</time>
        <extensions>
          <ns3:TrackPointExtension>
            <ns3:hr>84</ns3:hr>
          </ns3:TrackPointExtension>
        </extensions>
      </trkpt>
      <trkpt lat="21.32319780997931957244873046875" lon="-86.81035802699625492095947265625">
        <ele>0</ele>
        <time>2026-03-19T17:16:25.000Z</time>
        <extensions>
          <ns3:TrackPointExtension>
            <ns3:hr>84</ns3:hr>
          </ns3:TrackPointExtension>
        </extensions>
      </trkpt>
      <trkpt lat="21.3232939504086971282958984375" lon="-86.80991613306105136871337890625">
        <ele>0</ele>
        <time>2026-03-19T17:16:31.000Z</time>
        <extensions>
          <ns3:TrackPointExtension>
            <ns3:hr>88</ns3:hr>
          </ns3:TrackPointExtension>
        </extensions>
      </trkpt>
      <trkpt lat="21.323306858539581298828125" lon="-86.809845305979251861572265625">
        <ele>0</ele>
        <time>2026-03-19T17:16:32.000Z</time>
        <extensions>
          <ns3:TrackPointExtension>
            <ns3:hr>90</ns3:hr>
          </ns3:TrackPointExtension>
        </extensions>
      </trkpt>
      <trkpt lat="21.32330962456762790679931640625" lon="-86.80977179668843746185302734375">
        <ele>0</ele>
        <time>2026-03-19T17:16:33.000Z</time>
        <extensions>
          <ns3:TrackPointExtension>
            <ns3:hr>90</ns3:hr>
          </ns3:TrackPointExtension>
        </extensions>
      </trkpt>
      <trkpt lat="21.32329520769417285919189453125" lon="-86.80963735096156597137451171875">
        <ele>0</ele>
        <time>2026-03-19T17:16:35.000Z</time>
        <extensions>
          <ns3:TrackPointExtension>
            <ns3:hr>93</ns3:hr>
          </ns3:TrackPointExtension>
        </extensions>
      </trkpt>
      <trkpt lat="21.32327911444008350372314453125" lon="-86.809573061764240264892578125">
        <ele>0</ele>
        <time>2026-03-19T17:16:36.000Z</time>
        <extensions>
          <ns3:TrackPointExtension>
            <ns3:hr>93</ns3:hr>
          </ns3:TrackPointExtension>
        </extensions>
      </trkpt>
      <trkpt lat="21.32323837839066982269287109375" lon="-86.80952620692551136016845703125">
        <ele>0</ele>
        <time>2026-03-19T17:16:39.000Z</time>
        <extensions>
          <ns3:TrackPointExtension>
            <ns3:hr>95</ns3:hr>
          </ns3:TrackPointExtension>
        </extensions>
      </trkpt>
      <trkpt lat="21.32317283190786838531494140625" lon="-86.809594519436359405517578125">
        <ele>0</ele>
        <time>2026-03-19T17:16:41.000Z</time>
        <extensions>
          <ns3:TrackPointExtension>
            <ns3:hr>95</ns3:hr>
          </ns3:TrackPointExtension>
        </extensions>
      </trkpt>
      <trkpt lat="21.323142908513545989990234375" lon="-86.80965025909245014190673828125">
        <ele>0</ele>
        <time>2026-03-19T17:16:42.000Z</time>
        <extensions>
          <ns3:TrackPointExtension>
            <ns3:hr>95</ns3:hr>
          </ns3:TrackPointExtension>
        </extensions>
      </trkpt>
      <trkpt lat="21.3230857439339160919189453125" lon="-86.8097941763699054718017578125">
        <ele>0</ele>
        <time>2026-03-19T17:16:44.000Z</time>
        <extensions>
          <ns3:TrackPointExtension>
            <ns3:hr>95</ns3:hr>
          </ns3:TrackPointExtension>
        </extensions>
      </trkpt>
      <trkpt lat="21.32306210696697235107421875" lon="-86.80987338535487651824951171875">
        <ele>0</ele>
        <time>2026-03-19T17:16:45.000Z</time>
        <extensions>
          <ns3:TrackPointExtension>
            <ns3:hr>96</ns3:hr>
          </ns3:TrackPointExtension>
        </extensions>
      </trkpt>
      <trkpt lat="21.32300603203475475311279296875" lon="-86.810029707849025726318359375">
        <ele>0</ele>
        <time>2026-03-19T17:16:47.000Z</time>
        <extensions>
          <ns3:TrackPointExtension>
            <ns3:hr>94</ns3:hr>
          </ns3:TrackPointExtension>
        </extensions>
      </trkpt>
      <trkpt lat="21.322892792522907257080078125" lon="-86.8102856911718845367431640625">
        <ele>0</ele>
        <time>2026-03-19T17:16:50.000Z</time>
        <extensions>
          <ns3:TrackPointExtension>
            <ns3:hr>96</ns3:hr>
          </ns3:TrackPointExtension>
        </extensions>
      </trkpt>
      <trkpt lat="21.322815008461475372314453125" lon="-86.81057193316519260406494140625">
        <ele>0</ele>
        <time>2026-03-19T17:16:53.000Z</time>
        <extensions>
          <ns3:TrackPointExtension>
            <ns3:hr>95</ns3:hr>
          </ns3:TrackPointExtension>
        </extensions>
      </trkpt>
      <trkpt lat="21.3227786310017108917236328125" lon="-86.81076471693813800811767578125">
        <ele>0</ele>
        <time>2026-03-19T17:16:55.000Z</time>
        <extensions>
          <ns3:TrackPointExtension>
            <ns3:hr>95</ns3:hr>
          </ns3:TrackPointExtension>
        </extensions>
      </trkpt>
      <trkpt lat="21.3226988352835178375244140625" lon="-86.81130937300622463226318359375">
        <ele>0</ele>
        <time>2026-03-19T17:17:01.000Z</time>
        <extensions>
          <ns3:TrackPointExtension>
            <ns3:hr>96</ns3:hr>
          </ns3:TrackPointExtension>
        </extensions>
      </trkpt>
      <trkpt lat="21.3226944766938686370849609375" lon="-86.81139956228435039520263671875">
        <ele>0</ele>
        <time>2026-03-19T17:17:02.000Z</time>
        <extensions>
          <ns3:TrackPointExtension>
            <ns3:hr>96</ns3:hr>
          </ns3:TrackPointExtension>
        </extensions>
      </trkpt>
      <trkpt lat="21.32268366403877735137939453125" lon="-86.81148556061089038848876953125">
        <ele>0</ele>
        <time>2026-03-19T17:17:03.000Z</time>
        <extensions>
          <ns3:TrackPointExtension>
            <ns3:hr>96</ns3:hr>
          </ns3:TrackPointExtension>
        </extensions>
      </trkpt>
      <trkpt lat="21.32266757078468799591064453125" lon="-86.81156837381422519683837890625">
        <ele>0</ele>
        <time>2026-03-19T17:17:04.000Z</time>
        <extensions>
          <ns3:TrackPointExtension>
            <ns3:hr>93</ns3:hr>
          </ns3:TrackPointExtension>
        </extensions>
      </trkpt>
      <trkpt lat="21.32264611311256885528564453125" lon="-86.8116474151611328125">
        <ele>0</ele>
        <time>2026-03-19T17:17:05.000Z</time>
        <extensions>
          <ns3:TrackPointExtension>
            <ns3:hr>97</ns3:hr>
          </ns3:TrackPointExtension>
        </extensions>
      </trkpt>
      <trkpt lat="21.32262314669787883758544921875" lon="-86.81172310374677181243896484375">
        <ele>0</ele>
        <time>2026-03-19T17:17:06.000Z</time>
        <extensions>
          <ns3:TrackPointExtension>
            <ns3:hr>96</ns3:hr>
          </ns3:TrackPointExtension>
        </extensions>
      </trkpt>
      <trkpt lat="21.32249624468386173248291015625" lon="-86.81213532574474811553955078125">
        <ele>0</ele>
        <time>2026-03-19T17:17:12.000Z</time>
        <extensions>
          <ns3:TrackPointExtension>
            <ns3:hr>95</ns3:hr>
          </ns3:TrackPointExtension>
        </extensions>
      </trkpt>
      <trkpt lat="21.32246891967952251434326171875" lon="-86.81221269071102142333984375">
        <ele>0</ele>
        <time>2026-03-19T17:17:15.000Z</time>
        <extensions>
          <ns3:TrackPointExtension>
            <ns3:hr>96</ns3:hr>
          </ns3:TrackPointExtension>
        </extensions>
      </trkpt>
      <trkpt lat="21.32244343869388103485107421875" lon="-86.81213222444057464599609375">
        <ele>0</ele>
        <time>2026-03-19T17:17:18.000Z</time>
        <extensions>
          <ns3:TrackPointExtension>
            <ns3:hr>94</ns3:hr>
          </ns3:TrackPointExtension>
        </extensions>
      </trkpt>
      <trkpt lat="21.32244863547384738922119140625" lon="-86.81207849644124507904052734375">
        <ele>0</ele>
        <time>2026-03-19T17:17:19.000Z</time>
        <extensions>
          <ns3:TrackPointExtension>
            <ns3:hr>96</ns3:hr>
          </ns3:TrackPointExtension>
        </extensions>
      </trkpt>
      <trkpt lat="21.32247914560139179229736328125" lon="-86.8119523487985134124755859375">
        <ele>0</ele>
        <time>2026-03-19T17:17:21.000Z</time>
        <extensions>
          <ns3:TrackPointExtension>
            <ns3:hr>94</ns3:hr>
          </ns3:TrackPointExtension>
        </extensions>
      </trkpt>
      <trkpt lat="21.32256179116666316986083984375" lon="-86.81159033440053462982177734375">
        <ele>0</ele>
        <time>2026-03-19T17:17:26.000Z</time>
        <extensions>
          <ns3:TrackPointExtension>
            <ns3:hr>93</ns3:hr>
          </ns3:TrackPointExtension>
        </extensions>
      </trkpt>
      <trkpt lat="21.32264100015163421630859375" lon="-86.81103360839188098907470703125">
        <ele>0</ele>
        <time>2026-03-19T17:17:33.000Z</time>
        <extensions>
          <ns3:TrackPointExtension>
            <ns3:hr>92</ns3:hr>
          </ns3:TrackPointExtension>
        </extensions>
      </trkpt>
      <trkpt lat="21.32270445115864276885986328125" lon="-86.810648627579212188720703125">
        <ele>0</ele>
        <time>2026-03-19T17:17:38.000Z</time>
        <extensions>
          <ns3:TrackPointExtension>
            <ns3:hr>96</ns3:hr>
          </ns3:TrackPointExtension>
        </extensions>
      </trkpt>
      <trkpt lat="21.3227652199566364288330078125" lon="-86.8102585338056087493896484375">
        <ele>0</ele>
        <time>2026-03-19T17:17:43.000Z</time>
        <extensions>
          <ns3:TrackPointExtension>
            <ns3:hr>96</ns3:hr>
          </ns3:TrackPointExtension>
        </extensions>
      </trkpt>
      <trkpt lat="21.32283286191523075103759765625" lon="-86.80987791158258914947509765625">
        <ele>0</ele>
        <time>2026-03-19T17:17:48.000Z</time>
        <extensions>
          <ns3:TrackPointExtension>
            <ns3:hr>99</ns3:hr>
          </ns3:TrackPointExtension>
        </extensions>
      </trkpt>
      <trkpt lat="21.3228621147572994232177734375" lon="-86.80966769345104694366455078125">
        <ele>0</ele>
        <time>2026-03-19T17:17:51.000Z</time>
        <extensions>
          <ns3:TrackPointExtension>
            <ns3:hr>99</ns3:hr>
          </ns3:TrackPointExtension>
        </extensions>
      </trkpt>
      <trkpt lat="21.32287560962140560150146484375" lon="-86.80952402763068675994873046875">
        <ele>0</ele>
        <time>2026-03-19T17:17:53.000Z</time>
        <extensions>
          <ns3:TrackPointExtension>
            <ns3:hr>102</ns3:hr>
          </ns3:TrackPointExtension>
        </extensions>
      </trkpt>
      <trkpt lat="21.32290360517799854278564453125" lon="-86.8092446587979793548583984375">
        <ele>0</ele>
        <time>2026-03-19T17:17:57.000Z</time>
        <extensions>
          <ns3:TrackPointExtension>
            <ns3:hr>98</ns3:hr>
          </ns3:TrackPointExtension>
        </extensions>
      </trkpt>
      <trkpt lat="21.32293210364878177642822265625" lon="-86.80911540985107421875">
        <ele>0</ele>
        <time>2026-03-19T17:17:59.000Z</time>
        <extensions>
          <ns3:TrackPointExtension>
            <ns3:hr>100</ns3:hr>
          </ns3:TrackPointExtension>
        </extensions>
      </trkpt>
      <trkpt lat="21.32295389659702777862548828125" lon="-86.809003092348575592041015625">
        <ele>0</ele>
        <time>2026-03-19T17:18:01.000Z</time>
        <extensions>
          <ns3:TrackPointExtension>
            <ns3:hr>99</ns3:hr>
          </ns3:TrackPointExtension>
        </extensions>
      </trkpt>
      <trkpt lat="21.32293897680938243865966796875" lon="-86.80897853337228298187255859375">
        <ele>0</ele>
        <time>2026-03-19T17:18:02.000Z</time>
        <extensions>
          <ns3:TrackPointExtension>
            <ns3:hr>100</ns3:hr>
          </ns3:TrackPointExtension>
        </extensions>
      </trkpt>
      <trkpt lat="21.3229080475866794586181640625" lon="-86.80899135768413543701171875">
        <ele>0</ele>
        <time>2026-03-19T17:18:03.000Z</time>
        <extensions>
          <ns3:TrackPointExtension>
            <ns3:hr>96</ns3:hr>
          </ns3:TrackPointExtension>
        </extensions>
      </trkpt>
      <trkpt lat="21.3228788785636425018310546875" lon="-86.80902999825775623321533203125">
        <ele>0</ele>
        <time>2026-03-19T17:18:04.000Z</time>
        <extensions>
          <ns3:TrackPointExtension>
            <ns3:hr>96</ns3:hr>
          </ns3:TrackPointExtension>
        </extensions>
      </trkpt>
      <trkpt lat="21.3228590972721576690673828125" lon="-86.80908464826643466949462890625">
        <ele>0</ele>
        <time>2026-03-19T17:18:05.000Z</time>
        <extensions>
          <ns3:TrackPointExtension>
            <ns3:hr>96</ns3:hr>
          </ns3:TrackPointExtension>
        </extensions>
      </trkpt>
      <trkpt lat="21.32283437065780162811279296875" lon="-86.80921456776559352874755859375">
        <ele>0</ele>
        <time>2026-03-19T17:18:07.000Z</time>
        <extensions>
          <ns3:TrackPointExtension>
            <ns3:hr>95</ns3:hr>
          </ns3:TrackPointExtension>
        </extensions>
      </trkpt>
      <trkpt lat="21.32281308062374591827392578125" lon="-86.80960851721465587615966796875">
        <ele>0</ele>
        <time>2026-03-19T17:18:12.000Z</time>
        <extensions>
          <ns3:TrackPointExtension>
            <ns3:hr>95</ns3:hr>
          </ns3:TrackPointExtension>
        </extensions>
      </trkpt>
      <trkpt lat="21.32278625853359699249267578125" lon="-86.81016256101429462432861328125">
        <ele>0</ele>
        <time>2026-03-19T17:18:19.000Z</time>
        <extensions>
          <ns3:TrackPointExtension>
            <ns3:hr>95</ns3:hr>
          </ns3:TrackPointExtension>
        </extensions>
      </trkpt>
      <trkpt lat="21.32274183444678783416748046875" lon="-86.81046632118523120880126953125">
        <ele>0</ele>
        <time>2026-03-19T17:18:23.000Z</time>
        <extensions>
          <ns3:TrackPointExtension>
            <ns3:hr>96</ns3:hr>
          </ns3:TrackPointExtension>
        </extensions>
      </trkpt>
      <trkpt lat="21.322706043720245361328125" lon="-86.81061635725200176239013671875">
        <ele>0</ele>
        <time>2026-03-19T17:18:25.000Z</time>
        <extensions>
          <ns3:TrackPointExtension>
            <ns3:hr>96</ns3:hr>
          </ns3:TrackPointExtension>
        </extensions>
      </trkpt>
      <trkpt lat="21.32269690744578838348388671875" lon="-86.8106900341808795928955078125">
        <ele>0</ele>
        <time>2026-03-19T17:18:26.000Z</time>
        <extensions>
          <ns3:TrackPointExtension>
            <ns3:hr>95</ns3:hr>
          </ns3:TrackPointExtension>
        </extensions>
      </trkpt>
      <trkpt lat="21.32267259992659091949462890625" lon="-86.8110506236553192138671875">
        <ele>0</ele>
        <time>2026-03-19T17:18:31.000Z</time>
        <extensions>
          <ns3:TrackPointExtension>
            <ns3:hr>92</ns3:hr>
          </ns3:TrackPointExtension>
        </extensions>
      </trkpt>
      <trkpt lat="21.3226468674838542938232421875" lon="-86.8115490116178989410400390625">
        <ele>0</ele>
        <time>2026-03-19T17:18:37.000Z</time>
        <extensions>
          <ns3:TrackPointExtension>
            <ns3:hr>94</ns3:hr>
          </ns3:TrackPointExtension>
        </extensions>
      </trkpt>
      <trkpt lat="21.32263052277266979217529296875" lon="-86.81163408793509006500244140625">
        <ele>0</ele>
        <time>2026-03-19T17:18:38.000Z</time>
        <extensions>
          <ns3:TrackPointExtension>
            <ns3:hr>94</ns3:hr>
          </ns3:TrackPointExtension>
        </extensions>
      </trkpt>
      <trkpt lat="21.3225570134818553924560546875" lon="-86.81178244762122631072998046875">
        <ele>0</ele>
        <time>2026-03-19T17:18:40.000Z</time>
        <extensions>
          <ns3:TrackPointExtension>
            <ns3:hr>96</ns3:hr>
          </ns3:TrackPointExtension>
        </extensions>
      </trkpt>
      <trkpt lat="21.3225161097943782806396484375" lon="-86.8118472397327423095703125">
        <ele>0</ele>
        <time>2026-03-19T17:18:41.000Z</time>
        <extensions>
          <ns3:TrackPointExtension>
            <ns3:hr>93</ns3:hr>
          </ns3:TrackPointExtension>
        </extensions>
      </trkpt>
      <trkpt lat="21.322489790618419647216796875" lon="-86.811901219189167022705078125">
        <ele>0</ele>
        <time>2026-03-19T17:18:42.000Z</time>
        <extensions>
          <ns3:TrackPointExtension>
            <ns3:hr>92</ns3:hr>
          </ns3:TrackPointExtension>
        </extensions>
      </trkpt>
      <trkpt lat="21.32247411645948886871337890625" lon="-86.81193449534475803375244140625">
        <ele>0</ele>
        <time>2026-03-19T17:18:43.000Z</time>
        <extensions>
          <ns3:TrackPointExtension>
            <ns3:hr>92</ns3:hr>
          </ns3:TrackPointExtension>
        </extensions>
      </trkpt>
      <trkpt lat="21.32246070541441440582275390625" lon="-86.81194589473307132720947265625">
        <ele>0</ele>
        <time>2026-03-19T17:18:44.000Z</time>
        <extensions>
          <ns3:TrackPointExtension>
            <ns3:hr>93</ns3:hr>
          </ns3:TrackPointExtension>
        </extensions>
      </trkpt>
      <trkpt lat="21.32244612090289592742919921875" lon="-86.81192192249000072479248046875">
        <ele>0</ele>
        <time>2026-03-19T17:18:45.000Z</time>
        <extensions>
          <ns3:TrackPointExtension>
            <ns3:hr>92</ns3:hr>
          </ns3:TrackPointExtension>
        </extensions>
      </trkpt>
      <trkpt lat="21.3224351406097412109375" lon="-86.81181765161454677581787109375">
        <ele>0</ele>
        <time>2026-03-19T17:18:47.000Z</time>
        <extensions>
          <ns3:TrackPointExtension>
            <ns3:hr>93</ns3:hr>
          </ns3:TrackPointExtension>
        </extensions>
      </trkpt>
      <trkpt lat="21.32244545035064220428466796875" lon="-86.81175227276980876922607421875">
        <ele>0</ele>
        <time>2026-03-19T17:18:48.000Z</time>
        <extensions>
          <ns3:TrackPointExtension>
            <ns3:hr>92</ns3:hr>
          </ns3:TrackPointExtension>
        </extensions>
      </trkpt>
      <trkpt lat="21.32246657274663448333740234375" lon="-86.8116770870983600616455078125">
        <ele>0</ele>
        <time>2026-03-19T17:18:49.000Z</time>
        <extensions>
          <ns3:TrackPointExtension>
            <ns3:hr>92</ns3:hr>
          </ns3:TrackPointExtension>
        </extensions>
      </trkpt>
      <trkpt lat="21.3224993459880352020263671875" lon="-86.81154406629502773284912109375">
        <ele>0</ele>
        <time>2026-03-19T17:18:51.000Z</time>
        <extensions>
          <ns3:TrackPointExtension>
            <ns3:hr>90</ns3:hr>
          </ns3:TrackPointExtension>
        </extensions>
      </trkpt>
      <trkpt lat="21.32250697351992130279541015625" lon="-86.81141532026231288909912109375">
        <ele>0</ele>
        <time>2026-03-19T17:18:53.000Z</time>
        <extensions>
          <ns3:TrackPointExtension>
            <ns3:hr>90</ns3:hr>
          </ns3:TrackPointExtension>
        </extensions>
      </trkpt>
      <trkpt lat="21.32249641232192516326904296875" lon="-86.81101399473845958709716796875">
        <ele>0</ele>
        <time>2026-03-19T17:18:58.000Z</time>
        <extensions>
          <ns3:TrackPointExtension>
            <ns3:hr>89</ns3:hr>
          </ns3:TrackPointExtension>
        </extensions>
      </trkpt>
      <trkpt lat="21.32254150696098804473876953125" lon="-86.8105244077742099761962890625">
        <ele>0</ele>
        <time>2026-03-19T17:19:05.000Z</time>
        <extensions>
          <ns3:TrackPointExtension>
            <ns3:hr>89</ns3:hr>
          </ns3:TrackPointExtension>
        </extensions>
      </trkpt>
      <trkpt lat="21.32259850390255451202392578125" lon="-86.8101636506617069244384765625">
        <ele>0</ele>
        <time>2026-03-19T17:19:11.000Z</time>
        <extensions>
          <ns3:TrackPointExtension>
            <ns3:hr>89</ns3:hr>
          </ns3:TrackPointExtension>
        </extensions>
      </trkpt>
      <trkpt lat="21.32266723550856113433837890625" lon="-86.8096370995044708251953125">
        <ele>0</ele>
        <time>2026-03-19T17:19:19.000Z</time>
        <extensions>
          <ns3:TrackPointExtension>
            <ns3:hr>88</ns3:hr>
          </ns3:TrackPointExtension>
        </extensions>
      </trkpt>
      <trkpt lat="21.322680898010730743408203125" lon="-86.809573061764240264892578125">
        <ele>0</ele>
        <time>2026-03-19T17:19:20.000Z</time>
        <extensions>
          <ns3:TrackPointExtension>
            <ns3:hr>89</ns3:hr>
          </ns3:TrackPointExtension>
        </extensions>
      </trkpt>
      <trkpt lat="21.3227288424968719482421875" lon="-86.80923770181834697723388671875">
        <ele>0</ele>
        <time>2026-03-19T17:19:25.000Z</time>
        <extensions>
          <ns3:TrackPointExtension>
            <ns3:hr>92</ns3:hr>
          </ns3:TrackPointExtension>
        </extensions>
      </trkpt>
      <trkpt lat="21.32274082861840724945068359375" lon="-86.8091779388487339019775390625">
        <ele>0</ele>
        <time>2026-03-19T17:19:26.000Z</time>
        <extensions>
          <ns3:TrackPointExtension>
            <ns3:hr>89</ns3:hr>
          </ns3:TrackPointExtension>
        </extensions>
      </trkpt>
      <trkpt lat="21.3227528147399425506591796875" lon="-86.809118427336215972900390625">
        <ele>0</ele>
        <time>2026-03-19T17:19:27.000Z</time>
        <extensions>
          <ns3:TrackPointExtension>
            <ns3:hr>90</ns3:hr>
          </ns3:TrackPointExtension>
        </extensions>
      </trkpt>
      <trkpt lat="21.3228414952754974365234375" lon="-86.80879547260701656341552734375">
        <ele>0.20000000298023223876953125</ele>
        <time>2026-03-19T17:19:33.000Z</time>
        <extensions>
          <ns3:TrackPointExtension>
            <ns3:hr>93</ns3:hr>
          </ns3:TrackPointExtension>
        </extensions>
      </trkpt>
      <trkpt lat="21.32284945808351039886474609375" lon="-86.80876714177429676055908203125">
        <ele>0.4000000059604644775390625</ele>
        <time>2026-03-19T17:19:34.000Z</time>
        <extensions>
          <ns3:TrackPointExtension>
            <ns3:hr>94</ns3:hr>
          </ns3:TrackPointExtension>
        </extensions>
      </trkpt>
      <trkpt lat="21.3228175230324268341064453125" lon="-86.808747611939907073974609375">
        <ele>0.4000000059604644775390625</ele>
        <time>2026-03-19T17:19:36.000Z</time>
        <extensions>
          <ns3:TrackPointExtension>
            <ns3:hr>94</ns3:hr>
          </ns3:TrackPointExtension>
        </extensions>
      </trkpt>
      <trkpt lat="21.3227870129048824310302734375" lon="-86.80881123058497905731201171875">
        <ele>0.4000000059604644775390625</ele>
        <time>2026-03-19T17:19:38.000Z</time>
        <extensions>
          <ns3:TrackPointExtension>
            <ns3:hr>95</ns3:hr>
          </ns3:TrackPointExtension>
        </extensions>
      </trkpt>
      <trkpt lat="21.3227823190391063690185546875" lon="-86.80885230191051959991455078125">
        <ele>0.20000000298023223876953125</ele>
        <time>2026-03-19T17:19:39.000Z</time>
        <extensions>
          <ns3:TrackPointExtension>
            <ns3:hr>96</ns3:hr>
          </ns3:TrackPointExtension>
        </extensions>
      </trkpt>
      <trkpt lat="21.322751976549625396728515625" lon="-86.809147931635379791259765625">
        <ele>0</ele>
        <time>2026-03-19T17:19:44.000Z</time>
        <extensions>
          <ns3:TrackPointExtension>
            <ns3:hr>95</ns3:hr>
          </ns3:TrackPointExtension>
        </extensions>
      </trkpt>
      <trkpt lat="21.32274786941707134246826171875" lon="-86.80955319665372371673583984375">
        <ele>0</ele>
        <time>2026-03-19T17:19:49.000Z</time>
        <extensions>
          <ns3:TrackPointExtension>
            <ns3:hr>93</ns3:hr>
          </ns3:TrackPointExtension>
        </extensions>
      </trkpt>
      <trkpt lat="21.3227062113583087921142578125" lon="-86.8096131272614002227783203125">
        <ele>0</ele>
        <time>2026-03-19T17:19:50.000Z</time>
        <extensions>
          <ns3:TrackPointExtension>
            <ns3:hr>96</ns3:hr>
          </ns3:TrackPointExtension>
        </extensions>
      </trkpt>
      <trkpt lat="21.32266111671924591064453125" lon="-86.80964841507375240325927734375">
        <ele>0</ele>
        <time>2026-03-19T17:19:51.000Z</time>
        <extensions>
          <ns3:TrackPointExtension>
            <ns3:hr>95</ns3:hr>
          </ns3:TrackPointExtension>
        </extensions>
      </trkpt>
      <trkpt lat="21.322628594934940338134765625" lon="-86.80966584943234920501708984375">
        <ele>0</ele>
        <time>2026-03-19T17:19:52.000Z</time>
        <extensions>
          <ns3:TrackPointExtension>
            <ns3:hr>96</ns3:hr>
          </ns3:TrackPointExtension>
        </extensions>
      </trkpt>
      <trkpt lat="21.3226108253002166748046875" lon="-86.80967959575355052947998046875">
        <ele>0</ele>
        <time>2026-03-19T17:19:54.000Z</time>
        <extensions>
          <ns3:TrackPointExtension>
            <ns3:hr>96</ns3:hr>
          </ns3:TrackPointExtension>
        </extensions>
      </trkpt>
      <trkpt lat="21.32261308841407299041748046875" lon="-86.80967087857425212860107421875">
        <ele>0</ele>
        <time>2026-03-19T17:19:59.000Z</time>
        <extensions>
          <ns3:TrackPointExtension>
            <ns3:hr>96</ns3:hr>
          </ns3:TrackPointExtension>
        </extensions>
      </trkpt>
      <trkpt lat="21.3225871883332729339599609375" lon="-86.8096667714416980743408203125">
        <ele>0</ele>
        <time>2026-03-19T17:20:05.000Z</time>
        <extensions>
          <ns3:TrackPointExtension>
            <ns3:hr>95</ns3:hr>
          </ns3:TrackPointExtension>
        </extensions>
      </trkpt>
      <trkpt lat="21.3225598633289337158203125" lon="-86.809675656259059906005859375">
        <ele>0</ele>
        <time>2026-03-19T17:20:15.000Z</time>
        <extensions>
          <ns3:TrackPointExtension>
            <ns3:hr>94</ns3:hr>
          </ns3:TrackPointExtension>
        </extensions>
      </trkpt>
      <trkpt lat="21.32255944423377513885498046875" lon="-86.80967858992516994476318359375">
        <ele>0</ele>
        <time>2026-03-19T17:20:23.000Z</time>
        <extensions>
          <ns3:TrackPointExtension>
            <ns3:hr>93</ns3:hr>
          </ns3:TrackPointExtension>
        </extensions>
      </trkpt>
      <trkpt lat="21.32255944423377513885498046875" lon="-86.80967858992516994476318359375">
        <ele>0</ele>
        <time>2026-03-19T17:20:26.000Z</time>
        <extensions>
          <ns3:TrackPointExtension>
            <ns3:hr>89</ns3:hr>
          </ns3:TrackPointExtension>
        </extensions>
      </trkpt>
      <trkpt lat="21.32255676202476024627685546875" lon="-86.8096748180687427520751953125">
        <ele>0</ele>
        <time>2026-03-19T17:20:29.000Z</time>
        <extensions>
          <ns3:TrackPointExtension>
            <ns3:hr>91</ns3:hr>
          </ns3:TrackPointExtension>
        </extensions>
      </trkpt>
      <trkpt lat="21.3225459493696689605712890625" lon="-86.80964983999729156494140625">
        <ele>0</ele>
        <time>2026-03-19T17:20:32.000Z</time>
        <extensions>
          <ns3:TrackPointExtension>
            <ns3:hr>90</ns3:hr>
          </ns3:TrackPointExtension>
        </extensions>
      </trkpt>
      <trkpt lat="21.322484426200389862060546875" lon="-86.8095712177455425262451171875">
        <ele>0</ele>
        <time>2026-03-19T17:20:42.000Z</time>
        <extensions>
          <ns3:TrackPointExtension>
            <ns3:hr>89</ns3:hr>
          </ns3:TrackPointExtension>
        </extensions>
      </trkpt>
      <trkpt lat="21.3224289380013942718505859375" lon="-86.8097120337188243865966796875">
        <ele>0</ele>
        <time>2026-03-19T17:21:10.000Z</time>
        <extensions>
          <ns3:TrackPointExtension>
            <ns3:hr>100</ns3:hr>
          </ns3:TrackPointExtension>
        </extensions>
      </trkpt>
      <trkpt lat="21.3223866932094097137451171875" lon="-86.80971697904169559478759765625">
        <ele>0</ele>
        <time>2026-03-19T17:21:15.000Z</time>
        <extensions>
          <ns3:TrackPointExtension>
            <ns3:hr>99</ns3:hr>
          </ns3:TrackPointExtension>
        </extensions>
      </trkpt>
      <trkpt lat="21.32237738929688930511474609375" lon="-86.80978084914386272430419921875">
        <ele>0</ele>
        <time>2026-03-19T17:21:19.000Z</time>
        <extensions>
          <ns3:TrackPointExtension>
            <ns3:hr>102</ns3:hr>
          </ns3:TrackPointExtension>
        </extensions>
      </trkpt>
      <trkpt lat="21.3223575241863727569580078125" lon="-86.8097953498363494873046875">
        <ele>0</ele>
        <time>2026-03-19T17:21:22.000Z</time>
        <extensions>
          <ns3:TrackPointExtension>
            <ns3:hr>102</ns3:hr>
          </ns3:TrackPointExtension>
        </extensions>
      </trkpt>
      <trkpt lat="21.32232475094497203826904296875" lon="-86.8098323978483676910400390625">
        <ele>0</ele>
        <time>2026-03-19T17:21:24.000Z</time>
        <extensions>
          <ns3:TrackPointExtension>
            <ns3:hr>103</ns3:hr>
          </ns3:TrackPointExtension>
        </extensions>
      </trkpt>
      <trkpt lat="21.322302035987377166748046875" lon="-86.80987740866839885711669921875">
        <ele>0</ele>
        <time>2026-03-19T17:21:26.000Z</time>
        <extensions>
          <ns3:TrackPointExtension>
            <ns3:hr>102</ns3:hr>
          </ns3:TrackPointExtension>
        </extensions>
      </trkpt>
      <trkpt lat="21.32228887639939785003662109375" lon="-86.80989517830312252044677734375">
        <ele>0</ele>
        <time>2026-03-19T17:21:27.000Z</time>
        <extensions>
          <ns3:TrackPointExtension>
            <ns3:hr>101</ns3:hr>
          </ns3:TrackPointExtension>
        </extensions>
      </trkpt>
      <trkpt lat="21.32219751365482807159423828125" lon="-86.8100013770163059234619140625">
        <ele>0</ele>
        <time>2026-03-19T17:21:30.000Z</time>
        <extensions>
          <ns3:TrackPointExtension>
            <ns3:hr>100</ns3:hr>
          </ns3:TrackPointExtension>
        </extensions>
      </trkpt>
      <trkpt lat="21.322175972163677215576171875" lon="-86.81012484245002269744873046875">
        <ele>0</ele>
        <time>2026-03-19T17:21:32.000Z</time>
        <extensions>
          <ns3:TrackPointExtension>
            <ns3:hr>99</ns3:hr>
          </ns3:TrackPointExtension>
        </extensions>
      </trkpt>
      <trkpt lat="21.32216666825115680694580078125" lon="-86.810190640389919281005859375">
        <ele>0</ele>
        <time>2026-03-19T17:21:33.000Z</time>
        <extensions>
          <ns3:TrackPointExtension>
            <ns3:hr>98</ns3:hr>
          </ns3:TrackPointExtension>
        </extensions>
      </trkpt>
      <trkpt lat="21.32215627469122409820556640625" lon="-86.81055567227303981781005859375">
        <ele>0</ele>
        <time>2026-03-19T17:21:38.000Z</time>
        <extensions>
          <ns3:TrackPointExtension>
            <ns3:hr>97</ns3:hr>
          </ns3:TrackPointExtension>
        </extensions>
      </trkpt>
      <trkpt lat="21.32215275429189205169677734375" lon="-86.81100125424563884735107421875">
        <ele>0</ele>
        <time>2026-03-19T17:21:45.000Z</time>
        <extensions>
          <ns3:TrackPointExtension>
            <ns3:hr>99</ns3:hr>
          </ns3:TrackPointExtension>
        </extensions>
      </trkpt>
      <trkpt lat="21.322147138416767120361328125" lon="-86.8110561557114124298095703125">
        <ele>0</ele>
        <time>2026-03-19T17:21:46.000Z</time>
        <extensions>
          <ns3:TrackPointExtension>
            <ns3:hr>96</ns3:hr>
          </ns3:TrackPointExtension>
        </extensions>
      </trkpt>
      <trkpt lat="21.3221144489943981170654296875" lon="-86.811443902552127838134765625">
        <ele>0</ele>
        <time>2026-03-19T17:21:52.000Z</time>
        <extensions>
          <ns3:TrackPointExtension>
            <ns3:hr>97</ns3:hr>
          </ns3:TrackPointExtension>
        </extensions>
      </trkpt>
      <trkpt lat="21.32212241180241107940673828125" lon="-86.81174732744693756103515625">
        <ele>0</ele>
        <time>2026-03-19T17:21:57.000Z</time>
        <extensions>
          <ns3:TrackPointExtension>
            <ns3:hr>98</ns3:hr>
          </ns3:TrackPointExtension>
        </extensions>
      </trkpt>
      <trkpt lat="21.32213850505650043487548828125" lon="-86.811998449265956878662109375">
        <ele>0</ele>
        <time>2026-03-19T17:22:02.000Z</time>
        <extensions>
          <ns3:TrackPointExtension>
            <ns3:hr>99</ns3:hr>
          </ns3:TrackPointExtension>
        </extensions>
      </trkpt>
      <trkpt lat="21.3222039677202701568603515625" lon="-86.8122621439397335052490234375">
        <ele>0</ele>
        <time>2026-03-19T17:22:07.000Z</time>
        <extensions>
          <ns3:TrackPointExtension>
            <ns3:hr>98</ns3:hr>
          </ns3:TrackPointExtension>
        </extensions>
      </trkpt>
      <trkpt lat="21.32219441235065460205078125" lon="-86.81241041980683803558349609375">
        <ele>0</ele>
        <time>2026-03-19T17:22:12.000Z</time>
        <extensions>
          <ns3:TrackPointExtension>
            <ns3:hr>96</ns3:hr>
          </ns3:TrackPointExtension>
        </extensions>
      </trkpt>
      <trkpt lat="21.32215728051960468292236328125" lon="-86.8123546801507472991943359375">
        <ele>0</ele>
        <time>2026-03-19T17:22:14.000Z</time>
        <extensions>
          <ns3:TrackPointExtension>
            <ns3:hr>97</ns3:hr>
          </ns3:TrackPointExtension>
        </extensions>
      </trkpt>
      <trkpt lat="21.3221387565135955810546875" lon="-86.8121843598783016204833984375">
        <ele>0</ele>
        <time>2026-03-19T17:22:17.000Z</time>
        <extensions>
          <ns3:TrackPointExtension>
            <ns3:hr>97</ns3:hr>
          </ns3:TrackPointExtension>
        </extensions>
      </trkpt>
      <trkpt lat="21.32213833741843700408935546875" lon="-86.81211881339550018310546875">
        <ele>0</ele>
        <time>2026-03-19T17:22:18.000Z</time>
        <extensions>
          <ns3:TrackPointExtension>
            <ns3:hr>97</ns3:hr>
          </ns3:TrackPointExtension>
        </extensions>
      </trkpt>
      <trkpt lat="21.322149820625782012939453125" lon="-86.81171203963458538055419921875">
        <ele>0</ele>
        <time>2026-03-19T17:22:24.000Z</time>
        <extensions>
          <ns3:TrackPointExtension>
            <ns3:hr>98</ns3:hr>
          </ns3:TrackPointExtension>
        </extensions>
      </trkpt>
      <trkpt lat="21.32223338820040225982666015625" lon="-86.81132278405129909515380859375">
        <ele>0</ele>
        <time>2026-03-19T17:22:30.000Z</time>
        <extensions>
          <ns3:TrackPointExtension>
            <ns3:hr>98</ns3:hr>
          </ns3:TrackPointExtension>
        </extensions>
      </trkpt>
      <trkpt lat="21.32233397103846073150634765625" lon="-86.8109770305454730987548828125">
        <ele>0</ele>
        <time>2026-03-19T17:22:36.000Z</time>
        <extensions>
          <ns3:TrackPointExtension>
            <ns3:hr>98</ns3:hr>
          </ns3:TrackPointExtension>
        </extensions>
      </trkpt>
      <trkpt lat="21.32239851169288158416748046875" lon="-86.81060629896819591522216796875">
        <ele>0</ele>
        <time>2026-03-19T17:22:42.000Z</time>
        <extensions>
          <ns3:TrackPointExtension>
            <ns3:hr>97</ns3:hr>
          </ns3:TrackPointExtension>
        </extensions>
      </trkpt>
      <trkpt lat="21.3224614597856998443603515625" lon="-86.810183264315128326416015625">
        <ele>0</ele>
        <time>2026-03-19T17:22:48.000Z</time>
        <extensions>
          <ns3:TrackPointExtension>
            <ns3:hr>98</ns3:hr>
          </ns3:TrackPointExtension>
        </extensions>
      </trkpt>
      <trkpt lat="21.32247495464980602264404296875" lon="-86.81012501008808612823486328125">
        <ele>0</ele>
        <time>2026-03-19T17:22:49.000Z</time>
        <extensions>
          <ns3:TrackPointExtension>
            <ns3:hr>97</ns3:hr>
          </ns3:TrackPointExtension>
        </extensions>
      </trkpt>
      <trkpt lat="21.32249657995998859405517578125" lon="-86.8100379221141338348388671875">
        <ele>0</ele>
        <time>2026-03-19T17:22:52.000Z</time>
        <extensions>
          <ns3:TrackPointExtension>
            <ns3:hr>97</ns3:hr>
          </ns3:TrackPointExtension>
        </extensions>
      </trkpt>
      <trkpt lat="21.32249088026583194732666015625" lon="-86.81002694182097911834716796875">
        <ele>0</ele>
        <time>2026-03-19T17:22:53.000Z</time>
        <extensions>
          <ns3:TrackPointExtension>
            <ns3:hr>97</ns3:hr>
          </ns3:TrackPointExtension>
        </extensions>
      </trkpt>
      <trkpt lat="21.3224579393863677978515625" lon="-86.8099520914256572723388671875">
        <ele>0</ele>
        <time>2026-03-19T17:22:56.000Z</time>
        <extensions>
          <ns3:TrackPointExtension>
            <ns3:hr>97</ns3:hr>
          </ns3:TrackPointExtension>
        </extensions>
      </trkpt>
      <trkpt lat="21.32244519889354705810546875" lon="-86.809828542172908782958984375">
        <ele>0</ele>
        <time>2026-03-19T17:23:01.000Z</time>
        <extensions>
          <ns3:TrackPointExtension>
            <ns3:hr>100</ns3:hr>
          </ns3:TrackPointExtension>
        </extensions>
      </trkpt>
      <trkpt lat="21.32244813255965709686279296875" lon="-86.8098186515271663665771484375">
        <ele>0</ele>
        <time>2026-03-19T17:23:02.000Z</time>
        <extensions>
          <ns3:TrackPointExtension>
            <ns3:hr>99</ns3:hr>
          </ns3:TrackPointExtension>
        </extensions>
      </trkpt>
      <trkpt lat="21.3224349729716777801513671875" lon="-86.809796355664730072021484375">
        <ele>0</ele>
        <time>2026-03-19T17:23:07.000Z</time>
        <extensions>
          <ns3:TrackPointExtension>
            <ns3:hr>97</ns3:hr>
          </ns3:TrackPointExtension>
        </extensions>
      </trkpt>
      <trkpt lat="21.32241343148052692413330078125" lon="-86.80981437675654888153076171875">
        <ele>0</ele>
        <time>2026-03-19T17:23:09.000Z</time>
        <extensions>
          <ns3:TrackPointExtension>
            <ns3:hr>95</ns3:hr>
          </ns3:TrackPointExtension>
        </extensions>
      </trkpt>
      <trkpt lat="21.32241108454763889312744140625" lon="-86.80986818857491016387939453125">
        <ele>0</ele>
        <time>2026-03-19T17:23:11.000Z</time>
        <extensions>
          <ns3:TrackPointExtension>
            <ns3:hr>93</ns3:hr>
          </ns3:TrackPointExtension>
        </extensions>
      </trkpt>
      <trkpt lat="21.322400607168674468994140625" lon="-86.80988159961998462677001953125">
        <ele>0</ele>
        <time>2026-03-19T17:23:12.000Z</time>
        <extensions>
          <ns3:TrackPointExtension>
            <ns3:hr>93</ns3:hr>
          </ns3:TrackPointExtension>
        </extensions>
      </trkpt>
      <trkpt lat="21.3223665766417980194091796875" lon="-86.8098474852740764617919921875">
        <ele>0</ele>
        <time>2026-03-19T17:23:14.000Z</time>
        <extensions>
          <ns3:TrackPointExtension>
            <ns3:hr>92</ns3:hr>
          </ns3:TrackPointExtension>
        </extensions>
      </trkpt>
      <trkpt lat="21.32234386168420314788818359375" lon="-86.80975452996790409088134765625">
        <ele>0</ele>
        <time>2026-03-19T17:23:18.000Z</time>
        <extensions>
          <ns3:TrackPointExtension>
            <ns3:hr>92</ns3:hr>
          </ns3:TrackPointExtension>
        </extensions>
      </trkpt>
      <trkpt lat="21.32231536321341991424560546875" lon="-86.809718906879425048828125">
        <ele>0</ele>
        <time>2026-03-19T17:23:21.000Z</time>
        <extensions>
          <ns3:TrackPointExtension>
            <ns3:hr>90</ns3:hr>
          </ns3:TrackPointExtension>
        </extensions>
      </trkpt>
      <trkpt lat="21.32229625247418880462646484375" lon="-86.8096600659191608428955078125">
        <ele>0</ele>
        <time>2026-03-19T17:23:23.000Z</time>
        <extensions>
          <ns3:TrackPointExtension>
            <ns3:hr>92</ns3:hr>
          </ns3:TrackPointExtension>
        </extensions>
      </trkpt>
      <trkpt lat="21.32228602655231952667236328125" lon="-86.8095926754176616668701171875">
        <ele>0</ele>
        <time>2026-03-19T17:23:27.000Z</time>
        <extensions>
          <ns3:TrackPointExtension>
            <ns3:hr>93</ns3:hr>
          </ns3:TrackPointExtension>
        </extensions>
      </trkpt>
      <trkpt lat="21.3222716934978961944580078125" lon="-86.80959762074053287506103515625">
        <ele>0</ele>
        <time>2026-03-19T17:23:28.000Z</time>
        <extensions>
          <ns3:TrackPointExtension>
            <ns3:hr>93</ns3:hr>
          </ns3:TrackPointExtension>
        </extensions>
      </trkpt>
      <trkpt lat="21.32223506458103656768798828125" lon="-86.80966551415622234344482421875">
        <ele>0</ele>
        <time>2026-03-19T17:23:30.000Z</time>
        <extensions>
          <ns3:TrackPointExtension>
            <ns3:hr>93</ns3:hr>
          </ns3:TrackPointExtension>
        </extensions>
      </trkpt>
      <trkpt lat="21.322224922478199005126953125" lon="-86.80970842950046062469482421875">
        <ele>0</ele>
        <time>2026-03-19T17:23:31.000Z</time>
        <extensions>
          <ns3:TrackPointExtension>
            <ns3:hr>93</ns3:hr>
          </ns3:TrackPointExtension>
        </extensions>
      </trkpt>
      <trkpt lat="21.32218611426651477813720703125" lon="-86.8099400214850902557373046875">
        <ele>0</ele>
        <time>2026-03-19T17:23:37.000Z</time>
        <extensions>
          <ns3:TrackPointExtension>
            <ns3:hr>93</ns3:hr>
          </ns3:TrackPointExtension>
        </extensions>
      </trkpt>
      <trkpt lat="21.3221811689436435699462890625" lon="-86.8100184760987758636474609375">
        <ele>0</ele>
        <time>2026-03-19T17:23:40.000Z</time>
        <extensions>
          <ns3:TrackPointExtension>
            <ns3:hr>93</ns3:hr>
          </ns3:TrackPointExtension>
        </extensions>
      </trkpt>
      <trkpt lat="21.32215644232928752899169921875" lon="-86.81004856713116168975830078125">
        <ele>0</ele>
        <time>2026-03-19T17:23:42.000Z</time>
        <extensions>
          <ns3:TrackPointExtension>
            <ns3:hr>94</ns3:hr>
          </ns3:TrackPointExtension>
        </extensions>
      </trkpt>
      <trkpt lat="21.32214303128421306610107421875" lon="-86.81008142419159412384033203125">
        <ele>0</ele>
        <time>2026-03-19T17:23:43.000Z</time>
        <extensions>
          <ns3:TrackPointExtension>
            <ns3:hr>93</ns3:hr>
          </ns3:TrackPointExtension>
        </extensions>
      </trkpt>
      <trkpt lat="21.3221315480768680572509765625" lon="-86.8101502396166324615478515625">
        <ele>0</ele>
        <time>2026-03-19T17:23:45.000Z</time>
        <extensions>
          <ns3:TrackPointExtension>
            <ns3:hr>94</ns3:hr>
          </ns3:TrackPointExtension>
        </extensions>
      </trkpt>
      <trkpt lat="21.32211889140307903289794921875" lon="-86.81035819463431835174560546875">
        <ele>0</ele>
        <time>2026-03-19T17:23:51.000Z</time>
        <extensions>
          <ns3:TrackPointExtension>
            <ns3:hr>92</ns3:hr>
          </ns3:TrackPointExtension>
        </extensions>
      </trkpt>
      <trkpt lat="21.3221012055873870849609375" lon="-86.8103762157261371612548828125">
        <ele>0</ele>
        <time>2026-03-19T17:23:52.000Z</time>
        <extensions>
          <ns3:TrackPointExtension>
            <ns3:hr>92</ns3:hr>
          </ns3:TrackPointExtension>
        </extensions>
      </trkpt>
      <trkpt lat="21.32207513786852359771728515625" lon="-86.8103693425655364990234375">
        <ele>0</ele>
        <time>2026-03-19T17:23:53.000Z</time>
        <extensions>
          <ns3:TrackPointExtension>
            <ns3:hr>92</ns3:hr>
          </ns3:TrackPointExtension>
        </extensions>
      </trkpt>
      <trkpt lat="21.32204286754131317138671875" lon="-86.81027420796453952789306640625">
        <ele>0</ele>
        <time>2026-03-19T17:23:56.000Z</time>
        <extensions>
          <ns3:TrackPointExtension>
            <ns3:hr>93</ns3:hr>
          </ns3:TrackPointExtension>
        </extensions>
      </trkpt>
      <trkpt lat="21.322030127048492431640625" lon="-86.8101988546550273895263671875">
        <ele>0</ele>
        <time>2026-03-19T17:24:00.000Z</time>
        <extensions>
          <ns3:TrackPointExtension>
            <ns3:hr>92</ns3:hr>
          </ns3:TrackPointExtension>
        </extensions>
      </trkpt>
      <trkpt lat="21.322015710175037384033203125" lon="-86.81022525765001773834228515625">
        <ele>0</ele>
        <time>2026-03-19T17:24:01.000Z</time>
        <extensions>
          <ns3:TrackPointExtension>
            <ns3:hr>92</ns3:hr>
          </ns3:TrackPointExtension>
        </extensions>
      </trkpt>
      <trkpt lat="21.3219927437603473663330078125" lon="-86.8103017844259738922119140625">
        <ele>0</ele>
        <time>2026-03-19T17:24:03.000Z</time>
        <extensions>
          <ns3:TrackPointExtension>
            <ns3:hr>93</ns3:hr>
          </ns3:TrackPointExtension>
        </extensions>
      </trkpt>
      <trkpt lat="21.321990899741649627685546875" lon="-86.81033221073448657989501953125">
        <ele>0</ele>
        <time>2026-03-19T17:24:04.000Z</time>
        <extensions>
          <ns3:TrackPointExtension>
            <ns3:hr>94</ns3:hr>
          </ns3:TrackPointExtension>
        </extensions>
      </trkpt>
      <trkpt lat="21.3219682686030864715576171875" lon="-86.810430698096752166748046875">
        <ele>0</ele>
        <time>2026-03-19T17:24:08.000Z</time>
        <extensions>
          <ns3:TrackPointExtension>
            <ns3:hr>89</ns3:hr>
          </ns3:TrackPointExtension>
        </extensions>
      </trkpt>
      <trkpt lat="21.32196910679340362548828125" lon="-86.8104684166610240936279296875">
        <ele>0</ele>
        <time>2026-03-19T17:24:09.000Z</time>
        <extensions>
          <ns3:TrackPointExtension>
            <ns3:hr>92</ns3:hr>
          </ns3:TrackPointExtension>
        </extensions>
      </trkpt>
      <trkpt lat="21.32197388447821140289306640625" lon="-86.810540668666362762451171875">
        <ele>0</ele>
        <time>2026-03-19T17:24:13.000Z</time>
        <extensions>
          <ns3:TrackPointExtension>
            <ns3:hr>89</ns3:hr>
          </ns3:TrackPointExtension>
        </extensions>
      </trkpt>
      <trkpt lat="21.32194639183580875396728515625" lon="-86.81053974665701389312744140625">
        <ele>0</ele>
        <time>2026-03-19T17:24:16.000Z</time>
        <extensions>
          <ns3:TrackPointExtension>
            <ns3:hr>92</ns3:hr>
          </ns3:TrackPointExtension>
        </extensions>
      </trkpt>
      <trkpt lat="21.32192929275333881378173828125" lon="-86.81055642664432525634765625">
        <ele>0</ele>
        <time>2026-03-19T17:24:17.000Z</time>
        <extensions>
          <ns3:TrackPointExtension>
            <ns3:hr>90</ns3:hr>
          </ns3:TrackPointExtension>
        </extensions>
      </trkpt>
      <trkpt lat="21.321901716291904449462890625" lon="-86.81061048991978168487548828125">
        <ele>0</ele>
        <time>2026-03-19T17:24:19.000Z</time>
        <extensions>
          <ns3:TrackPointExtension>
            <ns3:hr>93</ns3:hr>
          </ns3:TrackPointExtension>
        </extensions>
      </trkpt>
      <trkpt lat="21.32188403047621250152587890625" lon="-86.810673773288726806640625">
        <ele>0</ele>
        <time>2026-03-19T17:24:21.000Z</time>
        <extensions>
          <ns3:TrackPointExtension>
            <ns3:hr>92</ns3:hr>
          </ns3:TrackPointExtension>
        </extensions>
      </trkpt>
      <trkpt lat="21.32187246344983577728271484375" lon="-86.810759939253330230712890625">
        <ele>0</ele>
        <time>2026-03-19T17:24:23.000Z</time>
        <extensions>
          <ns3:TrackPointExtension>
            <ns3:hr>89</ns3:hr>
          </ns3:TrackPointExtension>
        </extensions>
      </trkpt>
      <trkpt lat="21.32185645401477813720703125" lon="-86.8109233863651752471923828125">
        <ele>0</ele>
        <time>2026-03-19T17:24:26.000Z</time>
        <extensions>
          <ns3:TrackPointExtension>
            <ns3:hr>89</ns3:hr>
          </ns3:TrackPointExtension>
        </extensions>
      </trkpt>
      <trkpt lat="21.32187682203948497772216796875" lon="-86.81124634109437465667724609375">
        <ele>0</ele>
        <time>2026-03-19T17:24:31.000Z</time>
        <extensions>
          <ns3:TrackPointExtension>
            <ns3:hr>90</ns3:hr>
          </ns3:TrackPointExtension>
        </extensions>
      </trkpt>
      <trkpt lat="21.32188403047621250152587890625" lon="-86.81136737577617168426513671875">
        <ele>0</ele>
        <time>2026-03-19T17:24:33.000Z</time>
        <extensions>
          <ns3:TrackPointExtension>
            <ns3:hr>90</ns3:hr>
          </ns3:TrackPointExtension>
        </extensions>
      </trkpt>
      <trkpt lat="21.3218871317803859710693359375" lon="-86.811494864523410797119140625">
        <ele>0</ele>
        <time>2026-03-19T17:24:35.000Z</time>
        <extensions>
          <ns3:TrackPointExtension>
            <ns3:hr>90</ns3:hr>
          </ns3:TrackPointExtension>
        </extensions>
      </trkpt>
      <trkpt lat="21.32188704796135425567626953125" lon="-86.8118621595203876495361328125">
        <ele>0</ele>
        <time>2026-03-19T17:24:40.000Z</time>
        <extensions>
          <ns3:TrackPointExtension>
            <ns3:hr>90</ns3:hr>
          </ns3:TrackPointExtension>
        </extensions>
      </trkpt>
      <trkpt lat="21.321960724890232086181640625" lon="-86.812165416777133941650390625">
        <ele>0</ele>
        <time>2026-03-19T17:24:44.000Z</time>
        <extensions>
          <ns3:TrackPointExtension>
            <ns3:hr>88</ns3:hr>
          </ns3:TrackPointExtension>
        </extensions>
      </trkpt>
      <trkpt lat="21.32198545150458812713623046875" lon="-86.812223754823207855224609375">
        <ele>0</ele>
        <time>2026-03-19T17:24:45.000Z</time>
        <extensions>
          <ns3:TrackPointExtension>
            <ns3:hr>88</ns3:hr>
          </ns3:TrackPointExtension>
        </extensions>
      </trkpt>
      <trkpt lat="21.32200523279607295989990234375" lon="-86.81227413006126880645751953125">
        <ele>0</ele>
        <time>2026-03-19T17:24:46.000Z</time>
        <extensions>
          <ns3:TrackPointExtension>
            <ns3:hr>91</ns3:hr>
          </ns3:TrackPointExtension>
        </extensions>
      </trkpt>
      <trkpt lat="21.32201604545116424560546875" lon="-86.81232006289064884185791015625">
        <ele>0</ele>
        <time>2026-03-19T17:24:47.000Z</time>
        <extensions>
          <ns3:TrackPointExtension>
            <ns3:hr>88</ns3:hr>
          </ns3:TrackPointExtension>
        </extensions>
      </trkpt>
      <trkpt lat="21.322020404040813446044921875" lon="-86.812368929386138916015625">
        <ele>0</ele>
        <time>2026-03-19T17:24:48.000Z</time>
        <extensions>
          <ns3:TrackPointExtension>
            <ns3:hr>88</ns3:hr>
          </ns3:TrackPointExtension>
        </extensions>
      </trkpt>
      <trkpt lat="21.3220034725964069366455078125" lon="-86.8125588633120059967041015625">
        <ele>0</ele>
        <time>2026-03-19T17:24:53.000Z</time>
        <extensions>
          <ns3:TrackPointExtension>
            <ns3:hr>88</ns3:hr>
          </ns3:TrackPointExtension>
        </extensions>
      </trkpt>
      <trkpt lat="21.3219937495887279510498046875" lon="-86.812680065631866455078125">
        <ele>0</ele>
        <time>2026-03-19T17:24:55.000Z</time>
        <extensions>
          <ns3:TrackPointExtension>
            <ns3:hr>88</ns3:hr>
          </ns3:TrackPointExtension>
        </extensions>
      </trkpt>
      <trkpt lat="21.3220011256635189056396484375" lon="-86.8127519823610782623291015625">
        <ele>0</ele>
        <time>2026-03-19T17:24:56.000Z</time>
        <extensions>
          <ns3:TrackPointExtension>
            <ns3:hr>87</ns3:hr>
          </ns3:TrackPointExtension>
        </extensions>
      </trkpt>
      <trkpt lat="21.32207279093563556671142578125" lon="-86.81327844969928264617919921875">
        <ele>0</ele>
        <time>2026-03-19T17:25:03.000Z</time>
        <extensions>
          <ns3:TrackPointExtension>
            <ns3:hr>87</ns3:hr>
          </ns3:TrackPointExtension>
        </extensions>
      </trkpt>
      <trkpt lat="21.32210992276668548583984375" lon="-86.8135432340204715728759765625">
        <ele>0</ele>
        <time>2026-03-19T17:25:07.000Z</time>
        <extensions>
          <ns3:TrackPointExtension>
            <ns3:hr>84</ns3:hr>
          </ns3:TrackPointExtension>
        </extensions>
      </trkpt>
      <trkpt lat="21.32211637683212757110595703125" lon="-86.81367843411862850189208984375">
        <ele>0</ele>
        <time>2026-03-19T17:25:09.000Z</time>
        <extensions>
          <ns3:TrackPointExtension>
            <ns3:hr>88</ns3:hr>
          </ns3:TrackPointExtension>
        </extensions>
      </trkpt>
      <trkpt lat="21.32215275429189205169677734375" lon="-86.81401957757771015167236328125">
        <ele>0</ele>
        <time>2026-03-19T17:25:14.000Z</time>
        <extensions>
          <ns3:TrackPointExtension>
            <ns3:hr>85</ns3:hr>
          </ns3:TrackPointExtension>
        </extensions>
      </trkpt>
      <trkpt lat="21.3221607170999050140380859375" lon="-86.81408487260341644287109375">
        <ele>0</ele>
        <time>2026-03-19T17:25:15.000Z</time>
        <extensions>
          <ns3:TrackPointExtension>
            <ns3:hr>88</ns3:hr>
          </ns3:TrackPointExtension>
        </extensions>
      </trkpt>
      <trkpt lat="21.32216465659439563751220703125" lon="-86.8141514249145984649658203125">
        <ele>0</ele>
        <time>2026-03-19T17:25:16.000Z</time>
        <extensions>
          <ns3:TrackPointExtension>
            <ns3:hr>84</ns3:hr>
          </ns3:TrackPointExtension>
        </extensions>
      </trkpt>
      <trkpt lat="21.3221674226224422454833984375" lon="-86.81421990506350994110107421875">
        <ele>0</ele>
        <time>2026-03-19T17:25:17.000Z</time>
        <extensions>
          <ns3:TrackPointExtension>
            <ns3:hr>81</ns3:hr>
          </ns3:TrackPointExtension>
        </extensions>
      </trkpt>
      <trkpt lat="21.322171948850154876708984375" lon="-86.814290396869182586669921875">
        <ele>0</ele>
        <time>2026-03-19T17:25:18.000Z</time>
        <extensions>
          <ns3:TrackPointExtension>
            <ns3:hr>80</ns3:hr>
          </ns3:TrackPointExtension>
        </extensions>
      </trkpt>
      <trkpt lat="21.3222049735486507415771484375" lon="-86.814691722393035888671875">
        <ele>0</ele>
        <time>2026-03-19T17:25:24.000Z</time>
        <extensions>
          <ns3:TrackPointExtension>
            <ns3:hr>77</ns3:hr>
          </ns3:TrackPointExtension>
        </extensions>
      </trkpt>
      <trkpt lat="21.32222366519272327423095703125" lon="-86.8148110806941986083984375">
        <ele>0</ele>
        <time>2026-03-19T17:25:26.000Z</time>
        <extensions>
          <ns3:TrackPointExtension>
            <ns3:hr>76</ns3:hr>
          </ns3:TrackPointExtension>
        </extensions>
      </trkpt>
      <trkpt lat="21.322236321866512298583984375" lon="-86.81510268710553646087646484375">
        <ele>0</ele>
        <time>2026-03-19T17:25:31.000Z</time>
        <extensions>
          <ns3:TrackPointExtension>
            <ns3:hr>76</ns3:hr>
          </ns3:TrackPointExtension>
        </extensions>
      </trkpt>
      <trkpt lat="21.32224135100841522216796875" lon="-86.81548289023339748382568359375">
        <ele>0</ele>
        <time>2026-03-19T17:25:37.000Z</time>
        <extensions>
          <ns3:TrackPointExtension>
            <ns3:hr>77</ns3:hr>
          </ns3:TrackPointExtension>
        </extensions>
      </trkpt>
      <trkpt lat="21.3222353160381317138671875" lon="-86.81559386663138866424560546875">
        <ele>0</ele>
        <time>2026-03-19T17:25:39.000Z</time>
        <extensions>
          <ns3:TrackPointExtension>
            <ns3:hr>77</ns3:hr>
          </ns3:TrackPointExtension>
        </extensions>
      </trkpt>
      <trkpt lat="21.3222006149590015411376953125" lon="-86.81579670868813991546630859375">
        <ele>0</ele>
        <time>2026-03-19T17:25:42.000Z</time>
        <extensions>
          <ns3:TrackPointExtension>
            <ns3:hr>77</ns3:hr>
          </ns3:TrackPointExtension>
        </extensions>
      </trkpt>
      <trkpt lat="21.32219349034130573272705078125" lon="-86.81618160568177700042724609375">
        <ele>0</ele>
        <time>2026-03-19T17:25:47.000Z</time>
        <extensions>
          <ns3:TrackPointExtension>
            <ns3:hr>77</ns3:hr>
          </ns3:TrackPointExtension>
        </extensions>
      </trkpt>
      <trkpt lat="21.32222282700240612030029296875" lon="-86.8166532553732395172119140625">
        <ele>0</ele>
        <time>2026-03-19T17:25:53.000Z</time>
        <extensions>
          <ns3:TrackPointExtension>
            <ns3:hr>77</ns3:hr>
          </ns3:TrackPointExtension>
        </extensions>
      </trkpt>
      <trkpt lat="21.32226473651826381683349609375" lon="-86.816944442689418792724609375">
        <ele>0</ele>
        <time>2026-03-19T17:25:58.000Z</time>
        <extensions>
          <ns3:TrackPointExtension>
            <ns3:hr>77</ns3:hr>
          </ns3:TrackPointExtension>
        </extensions>
      </trkpt>
      <trkpt lat="21.32224579341709613800048828125" lon="-86.8169798143208026885986328125">
        <ele>0</ele>
        <time>2026-03-19T17:26:00.000Z</time>
        <extensions>
          <ns3:TrackPointExtension>
            <ns3:hr>79</ns3:hr>
          </ns3:TrackPointExtension>
        </extensions>
      </trkpt>
      <trkpt lat="21.32219701074063777923583984375" lon="-86.81686271913349628448486328125">
        <ele>0</ele>
        <time>2026-03-19T17:26:03.000Z</time>
        <extensions>
          <ns3:TrackPointExtension>
            <ns3:hr>80</ns3:hr>
          </ns3:TrackPointExtension>
        </extensions>
      </trkpt>
      <trkpt lat="21.322184018790721893310546875" lon="-86.81658460758626461029052734375">
        <ele>0</ele>
        <time>2026-03-19T17:26:08.000Z</time>
        <extensions>
          <ns3:TrackPointExtension>
            <ns3:hr>80</ns3:hr>
          </ns3:TrackPointExtension>
        </extensions>
      </trkpt>
      <trkpt lat="21.32219064049422740936279296875" lon="-86.8162559531629085540771484375">
        <ele>0</ele>
        <time>2026-03-19T17:26:12.000Z</time>
        <extensions>
          <ns3:TrackPointExtension>
            <ns3:hr>81</ns3:hr>
          </ns3:TrackPointExtension>
        </extensions>
      </trkpt>
      <trkpt lat="21.322234980762004852294921875" lon="-86.8158871494233608245849609375">
        <ele>0</ele>
        <time>2026-03-19T17:26:17.000Z</time>
        <extensions>
          <ns3:TrackPointExtension>
            <ns3:hr>82</ns3:hr>
          </ns3:TrackPointExtension>
        </extensions>
      </trkpt>
      <trkpt lat="21.32226012647151947021484375" lon="-86.815608702600002288818359375">
        <ele>0</ele>
        <time>2026-03-19T17:26:21.000Z</time>
        <extensions>
          <ns3:TrackPointExtension>
            <ns3:hr>85</ns3:hr>
          </ns3:TrackPointExtension>
        </extensions>
      </trkpt>
      <trkpt lat="21.32228703238070011138916015625" lon="-86.8153614364564418792724609375">
        <ele>0</ele>
        <time>2026-03-19T17:26:25.000Z</time>
        <extensions>
          <ns3:TrackPointExtension>
            <ns3:hr>88</ns3:hr>
          </ns3:TrackPointExtension>
        </extensions>
      </trkpt>
      <trkpt lat="21.3223095797002315521240234375" lon="-86.81507385335862636566162109375">
        <ele>0</ele>
        <time>2026-03-19T17:26:30.000Z</time>
        <extensions>
          <ns3:TrackPointExtension>
            <ns3:hr>90</ns3:hr>
          </ns3:TrackPointExtension>
        </extensions>
      </trkpt>
      <trkpt lat="21.32233615033328533172607421875" lon="-86.81483589112758636474609375">
        <ele>0</ele>
        <time>2026-03-19T17:26:34.000Z</time>
        <extensions>
          <ns3:TrackPointExtension>
            <ns3:hr>92</ns3:hr>
          </ns3:TrackPointExtension>
        </extensions>
      </trkpt>
      <trkpt lat="21.3223514892160892486572265625" lon="-86.814750395715236663818359375">
        <ele>0</ele>
        <time>2026-03-19T17:26:36.000Z</time>
        <extensions>
          <ns3:TrackPointExtension>
            <ns3:hr>94</ns3:hr>
          </ns3:TrackPointExtension>
        </extensions>
      </trkpt>
      <trkpt lat="21.32235928438603878021240234375" lon="-86.81460245512425899505615234375">
        <ele>0</ele>
        <time>2026-03-19T17:26:40.000Z</time>
        <extensions>
          <ns3:TrackPointExtension>
            <ns3:hr>96</ns3:hr>
          </ns3:TrackPointExtension>
        </extensions>
      </trkpt>
      <trkpt lat="21.32234989665448665618896484375" lon="-86.8144194781780242919921875">
        <ele>0</ele>
        <time>2026-03-19T17:26:45.000Z</time>
        <extensions>
          <ns3:TrackPointExtension>
            <ns3:hr>95</ns3:hr>
          </ns3:TrackPointExtension>
        </extensions>
      </trkpt>
      <trkpt lat="21.32233296521008014678955078125" lon="-86.8143173865973949432373046875">
        <ele>0</ele>
        <time>2026-03-19T17:26:47.000Z</time>
        <extensions>
          <ns3:TrackPointExtension>
            <ns3:hr>95</ns3:hr>
          </ns3:TrackPointExtension>
        </extensions>
      </trkpt>
      <trkpt lat="21.32233581505715847015380859375" lon="-86.81420733220875263214111328125">
        <ele>0</ele>
        <time>2026-03-19T17:26:49.000Z</time>
        <extensions>
          <ns3:TrackPointExtension>
            <ns3:hr>98</ns3:hr>
          </ns3:TrackPointExtension>
        </extensions>
      </trkpt>
      <trkpt lat="21.32237009704113006591796875" lon="-86.81372143328189849853515625">
        <ele>0</ele>
        <time>2026-03-19T17:26:57.000Z</time>
        <extensions>
          <ns3:TrackPointExtension>
            <ns3:hr>97</ns3:hr>
          </ns3:TrackPointExtension>
        </extensions>
      </trkpt>
      <trkpt lat="21.32237789221107959747314453125" lon="-86.81366384960711002349853515625">
        <ele>0</ele>
        <time>2026-03-19T17:26:58.000Z</time>
        <extensions>
          <ns3:TrackPointExtension>
            <ns3:hr>97</ns3:hr>
          </ns3:TrackPointExtension>
        </extensions>
      </trkpt>
      <trkpt lat="21.32240035571157932281494140625" lon="-86.81348699145019054412841796875">
        <ele>0</ele>
        <time>2026-03-19T17:27:02.000Z</time>
        <extensions>
          <ns3:TrackPointExtension>
            <ns3:hr>94</ns3:hr>
          </ns3:TrackPointExtension>
        </extensions>
      </trkpt>
      <trkpt lat="21.3223994337022304534912109375" lon="-86.81345849297940731048583984375">
        <ele>0</ele>
        <time>2026-03-19T17:27:03.000Z</time>
        <extensions>
          <ns3:TrackPointExtension>
            <ns3:hr>96</ns3:hr>
          </ns3:TrackPointExtension>
        </extensions>
      </trkpt>
      <trkpt lat="21.32235308177769184112548828125" lon="-86.8132807128131389617919921875">
        <ele>0</ele>
        <time>2026-03-19T17:27:08.000Z</time>
        <extensions>
          <ns3:TrackPointExtension>
            <ns3:hr>96</ns3:hr>
          </ns3:TrackPointExtension>
        </extensions>
      </trkpt>
      <trkpt lat="21.32234059274196624755859375" lon="-86.81325498037040233612060546875">
        <ele>0</ele>
        <time>2026-03-19T17:27:09.000Z</time>
        <extensions>
          <ns3:TrackPointExtension>
            <ns3:hr>92</ns3:hr>
          </ns3:TrackPointExtension>
        </extensions>
      </trkpt>
      <trkpt lat="21.32232340984046459197998046875" lon="-86.81322212330996990203857421875">
        <ele>0</ele>
        <time>2026-03-19T17:27:10.000Z</time>
        <extensions>
          <ns3:TrackPointExtension>
            <ns3:hr>97</ns3:hr>
          </ns3:TrackPointExtension>
        </extensions>
      </trkpt>
      <trkpt lat="21.32230765186250209808349609375" lon="-86.8131829798221588134765625">
        <ele>0</ele>
        <time>2026-03-19T17:27:11.000Z</time>
        <extensions>
          <ns3:TrackPointExtension>
            <ns3:hr>97</ns3:hr>
          </ns3:TrackPointExtension>
        </extensions>
      </trkpt>
      <trkpt lat="21.32228015922009944915771484375" lon="-86.81308264844119548797607421875">
        <ele>0</ele>
        <time>2026-03-19T17:27:13.000Z</time>
        <extensions>
          <ns3:TrackPointExtension>
            <ns3:hr>98</ns3:hr>
          </ns3:TrackPointExtension>
        </extensions>
      </trkpt>
      <trkpt lat="21.32222366519272327423095703125" lon="-86.81276480667293071746826171875">
        <ele>0</ele>
        <time>2026-03-19T17:27:18.000Z</time>
        <extensions>
          <ns3:TrackPointExtension>
            <ns3:hr>99</ns3:hr>
          </ns3:TrackPointExtension>
        </extensions>
      </trkpt>
      <trkpt lat="21.322196424007415771484375" lon="-86.81237739510834217071533203125">
        <ele>0</ele>
        <time>2026-03-19T17:27:24.000Z</time>
        <extensions>
          <ns3:TrackPointExtension>
            <ns3:hr>100</ns3:hr>
          </ns3:TrackPointExtension>
        </extensions>
      </trkpt>
      <trkpt lat="21.32220170460641384124755859375" lon="-86.81214270181953907012939453125">
        <ele>0</ele>
        <time>2026-03-19T17:27:29.000Z</time>
        <extensions>
          <ns3:TrackPointExtension>
            <ns3:hr>100</ns3:hr>
          </ns3:TrackPointExtension>
        </extensions>
      </trkpt>
      <trkpt lat="21.32216700352728366851806640625" lon="-86.81197539903223514556884765625">
        <ele>0</ele>
        <time>2026-03-19T17:27:34.000Z</time>
        <extensions>
          <ns3:TrackPointExtension>
            <ns3:hr>100</ns3:hr>
          </ns3:TrackPointExtension>
        </extensions>
      </trkpt>
      <trkpt lat="21.32211654447019100189208984375" lon="-86.8116449005901813507080078125">
        <ele>0</ele>
        <time>2026-03-19T17:27:40.000Z</time>
        <extensions>
          <ns3:TrackPointExtension>
            <ns3:hr>99</ns3:hr>
          </ns3:TrackPointExtension>
        </extensions>
      </trkpt>
      <trkpt lat="21.3221134431660175323486328125" lon="-86.81153006851673126220703125">
        <ele>0</ele>
        <time>2026-03-19T17:27:42.000Z</time>
        <extensions>
          <ns3:TrackPointExtension>
            <ns3:hr>100</ns3:hr>
          </ns3:TrackPointExtension>
        </extensions>
      </trkpt>
      <trkpt lat="21.32209223695099353790283203125" lon="-86.8113622628152370452880859375">
        <ele>0</ele>
        <time>2026-03-19T17:27:45.000Z</time>
        <extensions>
          <ns3:TrackPointExtension>
            <ns3:hr>100</ns3:hr>
          </ns3:TrackPointExtension>
        </extensions>
      </trkpt>
      <trkpt lat="21.32208150811493396759033203125" lon="-86.81110627949237823486328125">
        <ele>0</ele>
        <time>2026-03-19T17:27:50.000Z</time>
        <extensions>
          <ns3:TrackPointExtension>
            <ns3:hr>103</ns3:hr>
          </ns3:TrackPointExtension>
        </extensions>
      </trkpt>
      <trkpt lat="21.32207212038338184356689453125" lon="-86.81097510270774364471435546875">
        <ele>0</ele>
        <time>2026-03-19T17:27:53.000Z</time>
        <extensions>
          <ns3:TrackPointExtension>
            <ns3:hr>104</ns3:hr>
          </ns3:TrackPointExtension>
        </extensions>
      </trkpt>
      <trkpt lat="21.32201914675533771514892578125" lon="-86.81068374775350093841552734375">
        <ele>0</ele>
        <time>2026-03-19T17:27:59.000Z</time>
        <extensions>
          <ns3:TrackPointExtension>
            <ns3:hr>105</ns3:hr>
          </ns3:TrackPointExtension>
        </extensions>
      </trkpt>
      <trkpt lat="21.32197421975433826446533203125" lon="-86.8104147724807262420654296875">
        <ele>0</ele>
        <time>2026-03-19T17:28:06.000Z</time>
        <extensions>
          <ns3:TrackPointExtension>
            <ns3:hr>104</ns3:hr>
          </ns3:TrackPointExtension>
        </extensions>
      </trkpt>
      <trkpt lat="21.32197354920208454132080078125" lon="-86.810351908206939697265625">
        <ele>0</ele>
        <time>2026-03-19T17:28:10.000Z</time>
        <extensions>
          <ns3:TrackPointExtension>
            <ns3:hr>101</ns3:hr>
          </ns3:TrackPointExtension>
        </extensions>
      </trkpt>
      <trkpt lat="21.321942619979381561279296875" lon="-86.810399182140827178955078125">
        <ele>0</ele>
        <time>2026-03-19T17:28:13.000Z</time>
        <extensions>
          <ns3:TrackPointExtension>
            <ns3:hr>100</ns3:hr>
          </ns3:TrackPointExtension>
        </extensions>
      </trkpt>
      <trkpt lat="21.321937926113605499267578125" lon="-86.81044511497020721435546875">
        <ele>0</ele>
        <time>2026-03-19T17:28:14.000Z</time>
        <extensions>
          <ns3:TrackPointExtension>
            <ns3:hr>100</ns3:hr>
          </ns3:TrackPointExtension>
        </extensions>
      </trkpt>
      <trkpt lat="21.321945972740650177001953125" lon="-86.81049850769340991973876953125">
        <ele>0</ele>
        <time>2026-03-19T17:28:15.000Z</time>
        <extensions>
          <ns3:TrackPointExtension>
            <ns3:hr>99</ns3:hr>
          </ns3:TrackPointExtension>
        </extensions>
      </trkpt>
      <trkpt lat="21.321988217532634735107421875" lon="-86.81065566837787628173828125">
        <ele>0</ele>
        <time>2026-03-19T17:28:18.000Z</time>
        <extensions>
          <ns3:TrackPointExtension>
            <ns3:hr>97</ns3:hr>
          </ns3:TrackPointExtension>
        </extensions>
      </trkpt>
      <trkpt lat="21.32203993387520313262939453125" lon="-86.810890026390552520751953125">
        <ele>0</ele>
        <time>2026-03-19T17:28:22.000Z</time>
        <extensions>
          <ns3:TrackPointExtension>
            <ns3:hr>94</ns3:hr>
          </ns3:TrackPointExtension>
        </extensions>
      </trkpt>
      <trkpt lat="21.32205837406218051910400390625" lon="-86.8109575845301151275634765625">
        <ele>0</ele>
        <time>2026-03-19T17:28:23.000Z</time>
        <extensions>
          <ns3:TrackPointExtension>
            <ns3:hr>95</ns3:hr>
          </ns3:TrackPointExtension>
        </extensions>
      </trkpt>
      <trkpt lat="21.32210195995867252349853515625" lon="-86.8111015856266021728515625">
        <ele>0</ele>
        <time>2026-03-19T17:28:25.000Z</time>
        <extensions>
          <ns3:TrackPointExtension>
            <ns3:hr>92</ns3:hr>
          </ns3:TrackPointExtension>
        </extensions>
      </trkpt>
      <trkpt lat="21.32213062606751918792724609375" lon="-86.8111740052700042724609375">
        <ele>0</ele>
        <time>2026-03-19T17:28:26.000Z</time>
        <extensions>
          <ns3:TrackPointExtension>
            <ns3:hr>94</ns3:hr>
          </ns3:TrackPointExtension>
        </extensions>
      </trkpt>
      <trkpt lat="21.322158873081207275390625" lon="-86.81124198250472545623779296875">
        <ele>0</ele>
        <time>2026-03-19T17:28:27.000Z</time>
        <extensions>
          <ns3:TrackPointExtension>
            <ns3:hr>91</ns3:hr>
          </ns3:TrackPointExtension>
        </extensions>
      </trkpt>
      <trkpt lat="21.322182677686214447021484375" lon="-86.81130610406398773193359375">
        <ele>0</ele>
        <time>2026-03-19T17:28:28.000Z</time>
        <extensions>
          <ns3:TrackPointExtension>
            <ns3:hr>92</ns3:hr>
          </ns3:TrackPointExtension>
        </extensions>
      </trkpt>
      <trkpt lat="21.322201788425445556640625" lon="-86.81137039326131343841552734375">
        <ele>0</ele>
        <time>2026-03-19T17:28:29.000Z</time>
        <extensions>
          <ns3:TrackPointExtension>
            <ns3:hr>92</ns3:hr>
          </ns3:TrackPointExtension>
        </extensions>
      </trkpt>
      <trkpt lat="21.322267167270183563232421875" lon="-86.8115761689841747283935546875">
        <ele>0</ele>
        <time>2026-03-19T17:28:32.000Z</time>
        <extensions>
          <ns3:TrackPointExtension>
            <ns3:hr>90</ns3:hr>
          </ns3:TrackPointExtension>
        </extensions>
      </trkpt>
      <trkpt lat="21.3223873637616634368896484375" lon="-86.811905913054943084716796875">
        <ele>0</ele>
        <time>2026-03-19T17:28:37.000Z</time>
        <extensions>
          <ns3:TrackPointExtension>
            <ns3:hr>87</ns3:hr>
          </ns3:TrackPointExtension>
        </extensions>
      </trkpt>
      <trkpt lat="21.32245182059705257415771484375" lon="-86.81207246147096157073974609375">
        <ele>0</ele>
        <time>2026-03-19T17:28:40.000Z</time>
        <extensions>
          <ns3:TrackPointExtension>
            <ns3:hr>86</ns3:hr>
          </ns3:TrackPointExtension>
        </extensions>
      </trkpt>
      <trkpt lat="21.32263488136231899261474609375" lon="-86.81246205233037471771240234375">
        <ele>0</ele>
        <time>2026-03-19T17:28:47.000Z</time>
        <extensions>
          <ns3:TrackPointExtension>
            <ns3:hr>86</ns3:hr>
          </ns3:TrackPointExtension>
        </extensions>
      </trkpt>
      <trkpt lat="21.3226760365068912506103515625" lon="-86.81257302872836589813232421875">
        <ele>0</ele>
        <time>2026-03-19T17:28:51.000Z</time>
        <extensions>
          <ns3:TrackPointExtension>
            <ns3:hr>87</ns3:hr>
          </ns3:TrackPointExtension>
        </extensions>
      </trkpt>
      <trkpt lat="21.32263823412358760833740234375" lon="-86.81253279559314250946044921875">
        <ele>0</ele>
        <time>2026-03-19T17:28:53.000Z</time>
        <extensions>
          <ns3:TrackPointExtension>
            <ns3:hr>88</ns3:hr>
          </ns3:TrackPointExtension>
        </extensions>
      </trkpt>
      <trkpt lat="21.322598755359649658203125" lon="-86.8123890459537506103515625">
        <ele>0</ele>
        <time>2026-03-19T17:28:57.000Z</time>
        <extensions>
          <ns3:TrackPointExtension>
            <ns3:hr>86</ns3:hr>
          </ns3:TrackPointExtension>
        </extensions>
      </trkpt>
      <trkpt lat="21.32255039177834987640380859375" lon="-86.812296174466609954833984375">
        <ele>0</ele>
        <time>2026-03-19T17:28:59.000Z</time>
        <extensions>
          <ns3:TrackPointExtension>
            <ns3:hr>86</ns3:hr>
          </ns3:TrackPointExtension>
        </extensions>
      </trkpt>
      <trkpt lat="21.32251359522342681884765625" lon="-86.81217656470835208892822265625">
        <ele>0</ele>
        <time>2026-03-19T17:29:01.000Z</time>
        <extensions>
          <ns3:TrackPointExtension>
            <ns3:hr>86</ns3:hr>
          </ns3:TrackPointExtension>
        </extensions>
      </trkpt>
      <trkpt lat="21.3224165327847003936767578125" lon="-86.8117314018309116363525390625">
        <ele>0</ele>
        <time>2026-03-19T17:29:08.000Z</time>
        <extensions>
          <ns3:TrackPointExtension>
            <ns3:hr>89</ns3:hr>
          </ns3:TrackPointExtension>
        </extensions>
      </trkpt>
      <trkpt lat="21.322391219437122344970703125" lon="-86.8116147257387638092041015625">
        <ele>0</ele>
        <time>2026-03-19T17:29:10.000Z</time>
        <extensions>
          <ns3:TrackPointExtension>
            <ns3:hr>88</ns3:hr>
          </ns3:TrackPointExtension>
        </extensions>
      </trkpt>
      <trkpt lat="21.32235073484480381011962890625" lon="-86.8113805353641510009765625">
        <ele>0</ele>
        <time>2026-03-19T17:29:14.000Z</time>
        <extensions>
          <ns3:TrackPointExtension>
            <ns3:hr>89</ns3:hr>
          </ns3:TrackPointExtension>
        </extensions>
      </trkpt>
      <trkpt lat="21.3223377428948879241943359375" lon="-86.81132211349904537200927734375">
        <ele>0</ele>
        <time>2026-03-19T17:29:15.000Z</time>
        <extensions>
          <ns3:TrackPointExtension>
            <ns3:hr>89</ns3:hr>
          </ns3:TrackPointExtension>
        </extensions>
      </trkpt>
      <trkpt lat="21.322315447032451629638671875" lon="-86.81121113710105419158935546875">
        <ele>0</ele>
        <time>2026-03-19T17:29:17.000Z</time>
        <extensions>
          <ns3:TrackPointExtension>
            <ns3:hr>92</ns3:hr>
          </ns3:TrackPointExtension>
        </extensions>
      </trkpt>
      <trkpt lat="21.322285942733287811279296875" lon="-86.8110336922109127044677734375">
        <ele>0</ele>
        <time>2026-03-19T17:29:20.000Z</time>
        <extensions>
          <ns3:TrackPointExtension>
            <ns3:hr>90</ns3:hr>
          </ns3:TrackPointExtension>
        </extensions>
      </trkpt>
      <trkpt lat="21.32222383283078670501708984375" lon="-86.81059104390442371368408203125">
        <ele>0</ele>
        <time>2026-03-19T17:29:28.000Z</time>
        <extensions>
          <ns3:TrackPointExtension>
            <ns3:hr>89</ns3:hr>
          </ns3:TrackPointExtension>
        </extensions>
      </trkpt>
      <trkpt lat="21.32220455445349216461181640625" lon="-86.81036188267171382904052734375">
        <ele>0</ele>
        <time>2026-03-19T17:29:32.000Z</time>
        <extensions>
          <ns3:TrackPointExtension>
            <ns3:hr>84</ns3:hr>
          </ns3:TrackPointExtension>
        </extensions>
      </trkpt>
      <trkpt lat="21.32219801656901836395263671875" lon="-86.8102340586483478546142578125">
        <ele>0</ele>
        <time>2026-03-19T17:29:35.000Z</time>
        <extensions>
          <ns3:TrackPointExtension>
            <ns3:hr>86</ns3:hr>
          </ns3:TrackPointExtension>
        </extensions>
      </trkpt>
      <trkpt lat="21.3221724517643451690673828125" lon="-86.8101059831678867340087890625">
        <ele>0</ele>
        <time>2026-03-19T17:29:38.000Z</time>
        <extensions>
          <ns3:TrackPointExtension>
            <ns3:hr>87</ns3:hr>
          </ns3:TrackPointExtension>
        </extensions>
      </trkpt>
      <trkpt lat="21.32216465659439563751220703125" lon="-86.8100080825388431549072265625">
        <ele>0</ele>
        <time>2026-03-19T17:29:40.000Z</time>
        <extensions>
          <ns3:TrackPointExtension>
            <ns3:hr>90</ns3:hr>
          </ns3:TrackPointExtension>
        </extensions>
      </trkpt>
      <trkpt lat="21.3221613876521587371826171875" lon="-86.8099638260900974273681640625">
        <ele>0</ele>
        <time>2026-03-19T17:29:41.000Z</time>
        <extensions>
          <ns3:TrackPointExtension>
            <ns3:hr>94</ns3:hr>
          </ns3:TrackPointExtension>
        </extensions>
      </trkpt>
      <trkpt lat="21.32215376012027263641357421875" lon="-86.809833236038684844970703125">
        <ele>0</ele>
        <time>2026-03-19T17:29:44.000Z</time>
        <extensions>
          <ns3:TrackPointExtension>
            <ns3:hr>97</ns3:hr>
          </ns3:TrackPointExtension>
        </extensions>
      </trkpt>
      <trkpt lat="21.3221540115773677825927734375" lon="-86.80979224853217601776123046875">
        <ele>0</ele>
        <time>2026-03-19T17:29:45.000Z</time>
        <extensions>
          <ns3:TrackPointExtension>
            <ns3:hr>97</ns3:hr>
          </ns3:TrackPointExtension>
        </extensions>
      </trkpt>
      <trkpt lat="21.3221536763012409210205078125" lon="-86.80972167290747165679931640625">
        <ele>0</ele>
        <time>2026-03-19T17:29:47.000Z</time>
        <extensions>
          <ns3:TrackPointExtension>
            <ns3:hr>97</ns3:hr>
          </ns3:TrackPointExtension>
        </extensions>
      </trkpt>
      <trkpt lat="21.3221593759953975677490234375" lon="-86.80961857549846172332763671875">
        <ele>0</ele>
        <time>2026-03-19T17:29:51.000Z</time>
        <extensions>
          <ns3:TrackPointExtension>
            <ns3:hr>100</ns3:hr>
          </ns3:TrackPointExtension>
        </extensions>
      </trkpt>
      <trkpt lat="21.32216013036668300628662109375" lon="-86.80960197933018207550048828125">
        <ele>0</ele>
        <time>2026-03-19T17:29:52.000Z</time>
        <extensions>
          <ns3:TrackPointExtension>
            <ns3:hr>95</ns3:hr>
          </ns3:TrackPointExtension>
        </extensions>
      </trkpt>
      <trkpt lat="21.32216013036668300628662109375" lon="-86.80959326215088367462158203125">
        <ele>0</ele>
        <time>2026-03-19T17:29:53.000Z</time>
        <extensions>
          <ns3:TrackPointExtension>
            <ns3:hr>96</ns3:hr>
          </ns3:TrackPointExtension>
        </extensions>
      </trkpt>
      <trkpt lat="21.32217421196401119232177734375" lon="-86.8095789290964603424072265625">
        <ele>0</ele>
        <time>2026-03-19T17:29:58.000Z</time>
        <extensions>
          <ns3:TrackPointExtension>
            <ns3:hr>94</ns3:hr>
          </ns3:TrackPointExtension>
        </extensions>
      </trkpt>
      <trkpt lat="21.322255097329616546630859375" lon="-86.809534169733524322509765625">
        <ele>0</ele>
        <time>2026-03-19T17:30:11.000Z</time>
        <extensions>
          <ns3:TrackPointExtension>
            <ns3:hr>94</ns3:hr>
          </ns3:TrackPointExtension>
        </extensions>
      </trkpt>
      <trkpt lat="21.32229172624647617340087890625" lon="-86.8095162324607372283935546875">
        <ele>0.60000002384185791015625</ele>
        <time>2026-03-19T17:30:18.000Z</time>
        <extensions>
          <ns3:TrackPointExtension>
            <ns3:hr>92</ns3:hr>
          </ns3:TrackPointExtension>
        </extensions>
      </trkpt>
      <trkpt lat="21.32232223637402057647705078125" lon="-86.80949921719729900360107421875">
        <ele>1.39999997615814208984375</ele>
        <time>2026-03-19T17:30:26.000Z</time>
        <extensions>
          <ns3:TrackPointExtension>
            <ns3:hr>93</ns3:hr>
          </ns3:TrackPointExtension>
        </extensions>
      </trkpt>
      <trkpt lat="21.32232961244881153106689453125" lon="-86.80951078422367572784423828125">
        <ele>0.800000011920928955078125</ele>
        <time>2026-03-19T17:30:32.000Z</time>
        <extensions>
          <ns3:TrackPointExtension>
            <ns3:hr>92</ns3:hr>
          </ns3:TrackPointExtension>
        </extensions>
      </trkpt>
      <trkpt lat="21.32230304181575775146484375" lon="-86.8095591478049755096435546875">
        <ele>0</ele>
        <time>2026-03-19T17:30:36.000Z</time>
        <extensions>
          <ns3:TrackPointExtension>
            <ns3:hr>92</ns3:hr>
          </ns3:TrackPointExtension>
        </extensions>
      </trkpt>
      <trkpt lat="21.32230178453028202056884765625" lon="-86.80960650555789470672607421875">
        <ele>0</ele>
        <time>2026-03-19T17:30:37.000Z</time>
        <extensions>
          <ns3:TrackPointExtension>
            <ns3:hr>91</ns3:hr>
          </ns3:TrackPointExtension>
        </extensions>
      </trkpt>
      <trkpt lat="21.3223052211105823516845703125" lon="-86.80965813808143138885498046875">
        <ele>0</ele>
        <time>2026-03-19T17:30:38.000Z</time>
        <extensions>
          <ns3:TrackPointExtension>
            <ns3:hr>93</ns3:hr>
          </ns3:TrackPointExtension>
        </extensions>
      </trkpt>
      <trkpt lat="21.3223347254097461700439453125" lon="-86.8098384328186511993408203125">
        <ele>0</ele>
        <time>2026-03-19T17:30:41.000Z</time>
        <extensions>
          <ns3:TrackPointExtension>
            <ns3:hr>93</ns3:hr>
          </ns3:TrackPointExtension>
        </extensions>
      </trkpt>
      <trkpt lat="21.32244578562676906585693359375" lon="-86.8102109245955944061279296875">
        <ele>0</ele>
        <time>2026-03-19T17:30:46.000Z</time>
        <extensions>
          <ns3:TrackPointExtension>
            <ns3:hr>95</ns3:hr>
          </ns3:TrackPointExtension>
        </extensions>
      </trkpt>
      <trkpt lat="21.32250010035932064056396484375" lon="-86.81035635061562061309814453125">
        <ele>0</ele>
        <time>2026-03-19T17:30:48.000Z</time>
        <extensions>
          <ns3:TrackPointExtension>
            <ns3:hr>92</ns3:hr>
          </ns3:TrackPointExtension>
        </extensions>
      </trkpt>
      <trkpt lat="21.32261283695697784423828125" lon="-86.81069078855216503143310546875">
        <ele>0</ele>
        <time>2026-03-19T17:30:53.000Z</time>
        <extensions>
          <ns3:TrackPointExtension>
            <ns3:hr>91</ns3:hr>
          </ns3:TrackPointExtension>
        </extensions>
      </trkpt>
      <trkpt lat="21.32276128046214580535888671875" lon="-86.811207868158817291259765625">
        <ele>0</ele>
        <time>2026-03-19T17:31:01.000Z</time>
        <extensions>
          <ns3:TrackPointExtension>
            <ns3:hr>91</ns3:hr>
          </ns3:TrackPointExtension>
        </extensions>
      </trkpt>
      <trkpt lat="21.3227739371359348297119140625" lon="-86.81126595474779605865478515625">
        <ele>0</ele>
        <time>2026-03-19T17:31:02.000Z</time>
        <extensions>
          <ns3:TrackPointExtension>
            <ns3:hr>91</ns3:hr>
          </ns3:TrackPointExtension>
        </extensions>
      </trkpt>
      <trkpt lat="21.322831772267818450927734375" lon="-86.8115040846168994903564453125">
        <ele>0</ele>
        <time>2026-03-19T17:31:06.000Z</time>
        <extensions>
          <ns3:TrackPointExtension>
            <ns3:hr>92</ns3:hr>
          </ns3:TrackPointExtension>
        </extensions>
      </trkpt>
      <trkpt lat="21.322876028716564178466796875" lon="-86.81180926971137523651123046875">
        <ele>0</ele>
        <time>2026-03-19T17:31:12.000Z</time>
        <extensions>
          <ns3:TrackPointExtension>
            <ns3:hr>92</ns3:hr>
          </ns3:TrackPointExtension>
        </extensions>
      </trkpt>
      <trkpt lat="21.32288365624845027923583984375" lon="-86.81194572709500789642333984375">
        <ele>0</ele>
        <time>2026-03-19T17:31:15.000Z</time>
        <extensions>
          <ns3:TrackPointExtension>
            <ns3:hr>94</ns3:hr>
          </ns3:TrackPointExtension>
        </extensions>
      </trkpt>
      <trkpt lat="21.32289773784577846527099609375" lon="-86.81203574873507022857666015625">
        <ele>0</ele>
        <time>2026-03-19T17:31:17.000Z</time>
        <extensions>
          <ns3:TrackPointExtension>
            <ns3:hr>96</ns3:hr>
          </ns3:TrackPointExtension>
        </extensions>
      </trkpt>
      <trkpt lat="21.32297200150787830352783203125" lon="-86.81250563822686672210693359375">
        <ele>0</ele>
        <time>2026-03-19T17:31:26.000Z</time>
        <extensions>
          <ns3:TrackPointExtension>
            <ns3:hr>97</ns3:hr>
          </ns3:TrackPointExtension>
        </extensions>
      </trkpt>
      <trkpt lat="21.32300821132957935333251953125" lon="-86.81261678226292133331298828125">
        <ele>0</ele>
        <time>2026-03-19T17:31:28.000Z</time>
        <extensions>
          <ns3:TrackPointExtension>
            <ns3:hr>100</ns3:hr>
          </ns3:TrackPointExtension>
        </extensions>
      </trkpt>
      <trkpt lat="21.3230505399405956268310546875" lon="-86.8127647228538990020751953125">
        <ele>0</ele>
        <time>2026-03-19T17:31:31.000Z</time>
        <extensions>
          <ns3:TrackPointExtension>
            <ns3:hr>98</ns3:hr>
          </ns3:TrackPointExtension>
        </extensions>
      </trkpt>
      <trkpt lat="21.3230572454631328582763671875" lon="-86.81281191296875476837158203125">
        <ele>0</ele>
        <time>2026-03-19T17:31:32.000Z</time>
        <extensions>
          <ns3:TrackPointExtension>
            <ns3:hr>98</ns3:hr>
          </ns3:TrackPointExtension>
        </extensions>
      </trkpt>
      <trkpt lat="21.32306344807147979736328125" lon="-86.8129950575530529022216796875">
        <ele>0</ele>
        <time>2026-03-19T17:31:36.000Z</time>
        <extensions>
          <ns3:TrackPointExtension>
            <ns3:hr>96</ns3:hr>
          </ns3:TrackPointExtension>
        </extensions>
      </trkpt>
      <trkpt lat="21.323060430586338043212890625" lon="-86.8131070397794246673583984375">
        <ele>0</ele>
        <time>2026-03-19T17:31:38.000Z</time>
        <extensions>
          <ns3:TrackPointExtension>
            <ns3:hr>96</ns3:hr>
          </ns3:TrackPointExtension>
        </extensions>
      </trkpt>
      <trkpt lat="21.32308867760002613067626953125" lon="-86.81344424374401569366455078125">
        <ele>0</ele>
        <time>2026-03-19T17:31:43.000Z</time>
        <extensions>
          <ns3:TrackPointExtension>
            <ns3:hr>94</ns3:hr>
          </ns3:TrackPointExtension>
        </extensions>
      </trkpt>
      <trkpt lat="21.32312991656363010406494140625" lon="-86.81367357261478900909423828125">
        <ele>0</ele>
        <time>2026-03-19T17:31:47.000Z</time>
        <extensions>
          <ns3:TrackPointExtension>
            <ns3:hr>93</ns3:hr>
          </ns3:TrackPointExtension>
        </extensions>
      </trkpt>
      <trkpt lat="21.32313041947782039642333984375" lon="-86.81372872553765773773193359375">
        <ele>0</ele>
        <time>2026-03-19T17:31:48.000Z</time>
        <extensions>
          <ns3:TrackPointExtension>
            <ns3:hr>93</ns3:hr>
          </ns3:TrackPointExtension>
        </extensions>
      </trkpt>
      <trkpt lat="21.323143579065799713134765625" lon="-86.8140501715242862701416015625">
        <ele>0</ele>
        <time>2026-03-19T17:31:53.000Z</time>
        <extensions>
          <ns3:TrackPointExtension>
            <ns3:hr>94</ns3:hr>
          </ns3:TrackPointExtension>
        </extensions>
      </trkpt>
      <trkpt lat="21.32316411472856998443603515625" lon="-86.814540512859821319580078125">
        <ele>0</ele>
        <time>2026-03-19T17:32:00.000Z</time>
        <extensions>
          <ns3:TrackPointExtension>
            <ns3:hr>96</ns3:hr>
          </ns3:TrackPointExtension>
        </extensions>
      </trkpt>
      <trkpt lat="21.323218680918216705322265625" lon="-86.8149017728865146636962890625">
        <ele>0</ele>
        <time>2026-03-19T17:32:06.000Z</time>
        <extensions>
          <ns3:TrackPointExtension>
            <ns3:hr>97</ns3:hr>
          </ns3:TrackPointExtension>
        </extensions>
      </trkpt>
      <trkpt lat="21.3232530467212200164794921875" lon="-86.8151056207716464996337890625">
        <ele>0</ele>
        <time>2026-03-19T17:32:10.000Z</time>
        <extensions>
          <ns3:TrackPointExtension>
            <ns3:hr>99</ns3:hr>
          </ns3:TrackPointExtension>
        </extensions>
      </trkpt>
      <trkpt lat="21.323241479694843292236328125" lon="-86.81513495743274688720703125">
        <ele>0</ele>
        <time>2026-03-19T17:32:11.000Z</time>
        <extensions>
          <ns3:TrackPointExtension>
            <ns3:hr>98</ns3:hr>
          </ns3:TrackPointExtension>
        </extensions>
      </trkpt>
      <trkpt lat="21.3231943733990192413330078125" lon="-86.8151267431676387786865234375">
        <ele>0</ele>
        <time>2026-03-19T17:32:13.000Z</time>
        <extensions>
          <ns3:TrackPointExtension>
            <ns3:hr>98</ns3:hr>
          </ns3:TrackPointExtension>
        </extensions>
      </trkpt>
      <trkpt lat="21.3231772743165493011474609375" lon="-86.81508860550820827484130859375">
        <ele>0</ele>
        <time>2026-03-19T17:32:14.000Z</time>
        <extensions>
          <ns3:TrackPointExtension>
            <ns3:hr>97</ns3:hr>
          </ns3:TrackPointExtension>
        </extensions>
      </trkpt>
      <trkpt lat="21.3231615163385868072509765625" lon="-86.81498718447983264923095703125">
        <ele>0</ele>
        <time>2026-03-19T17:32:16.000Z</time>
        <extensions>
          <ns3:TrackPointExtension>
            <ns3:hr>97</ns3:hr>
          </ns3:TrackPointExtension>
        </extensions>
      </trkpt>
      <trkpt lat="21.32317207753658294677734375" lon="-86.81478886865079402923583984375">
        <ele>0</ele>
        <time>2026-03-19T17:32:19.000Z</time>
        <extensions>
          <ns3:TrackPointExtension>
            <ns3:hr>99</ns3:hr>
          </ns3:TrackPointExtension>
        </extensions>
      </trkpt>
      <trkpt lat="21.32321105338633060455322265625" lon="-86.81431713514029979705810546875">
        <ele>0</ele>
        <time>2026-03-19T17:32:26.000Z</time>
        <extensions>
          <ns3:TrackPointExtension>
            <ns3:hr>96</ns3:hr>
          </ns3:TrackPointExtension>
        </extensions>
      </trkpt>
      <trkpt lat="21.32322060875594615936279296875" lon="-86.814134828746318817138671875">
        <ele>0</ele>
        <time>2026-03-19T17:32:29.000Z</time>
        <extensions>
          <ns3:TrackPointExtension>
            <ns3:hr>98</ns3:hr>
          </ns3:TrackPointExtension>
        </extensions>
      </trkpt>
      <trkpt lat="21.3232208602130413055419921875" lon="-86.81373140774667263031005859375">
        <ele>0</ele>
        <time>2026-03-19T17:32:36.000Z</time>
        <extensions>
          <ns3:TrackPointExtension>
            <ns3:hr>100</ns3:hr>
          </ns3:TrackPointExtension>
        </extensions>
      </trkpt>
      <trkpt lat="21.32316076196730136871337890625" lon="-86.8134216964244842529296875">
        <ele>0</ele>
        <time>2026-03-19T17:32:41.000Z</time>
        <extensions>
          <ns3:TrackPointExtension>
            <ns3:hr>99</ns3:hr>
          </ns3:TrackPointExtension>
        </extensions>
      </trkpt>
      <trkpt lat="21.32314483635127544403076171875" lon="-86.81301726959645748138427734375">
        <ele>0</ele>
        <time>2026-03-19T17:32:47.000Z</time>
        <extensions>
          <ns3:TrackPointExtension>
            <ns3:hr>97</ns3:hr>
          </ns3:TrackPointExtension>
        </extensions>
      </trkpt>
      <trkpt lat="21.32312606088817119598388671875" lon="-86.81275575421750545501708984375">
        <ele>0</ele>
        <time>2026-03-19T17:32:52.000Z</time>
        <extensions>
          <ns3:TrackPointExtension>
            <ns3:hr>99</ns3:hr>
          </ns3:TrackPointExtension>
        </extensions>
      </trkpt>
      <trkpt lat="21.32311482913792133331298828125" lon="-86.81270194239914417266845703125">
        <ele>0</ele>
        <time>2026-03-19T17:32:53.000Z</time>
        <extensions>
          <ns3:TrackPointExtension>
            <ns3:hr>97</ns3:hr>
          </ns3:TrackPointExtension>
        </extensions>
      </trkpt>
      <trkpt lat="21.32306872867047786712646484375" lon="-86.81237957440316677093505859375">
        <ele>0</ele>
        <time>2026-03-19T17:32:58.000Z</time>
        <extensions>
          <ns3:TrackPointExtension>
            <ns3:hr>96</ns3:hr>
          </ns3:TrackPointExtension>
        </extensions>
      </trkpt>
      <trkpt lat="21.32299597375094890594482421875" lon="-86.811941452324390411376953125">
        <ele>0</ele>
        <time>2026-03-19T17:33:05.000Z</time>
        <extensions>
          <ns3:TrackPointExtension>
            <ns3:hr>97</ns3:hr>
          </ns3:TrackPointExtension>
        </extensions>
      </trkpt>
      <trkpt lat="21.32296714000403881072998046875" lon="-86.81164548732340335845947265625">
        <ele>0</ele>
        <time>2026-03-19T17:33:10.000Z</time>
        <extensions>
          <ns3:TrackPointExtension>
            <ns3:hr>97</ns3:hr>
          </ns3:TrackPointExtension>
        </extensions>
      </trkpt>
      <trkpt lat="21.32295750081539154052734375" lon="-86.811592765152454376220703125">
        <ele>0</ele>
        <time>2026-03-19T17:33:11.000Z</time>
        <extensions>
          <ns3:TrackPointExtension>
            <ns3:hr>97</ns3:hr>
          </ns3:TrackPointExtension>
        </extensions>
      </trkpt>
      <trkpt lat="21.32287946529686450958251953125" lon="-86.81116528809070587158203125">
        <ele>0</ele>
        <time>2026-03-19T17:33:18.000Z</time>
        <extensions>
          <ns3:TrackPointExtension>
            <ns3:hr>96</ns3:hr>
          </ns3:TrackPointExtension>
        </extensions>
      </trkpt>
      <trkpt lat="21.32284124381840229034423828125" lon="-86.8108067102730274200439453125">
        <ele>0</ele>
        <time>2026-03-19T17:33:24.000Z</time>
        <extensions>
          <ns3:TrackPointExtension>
            <ns3:hr>97</ns3:hr>
          </ns3:TrackPointExtension>
        </extensions>
      </trkpt>
      <trkpt lat="21.322791539132595062255859375" lon="-86.810519881546497344970703125">
        <ele>0</ele>
        <time>2026-03-19T17:33:30.000Z</time>
        <extensions>
          <ns3:TrackPointExtension>
            <ns3:hr>99</ns3:hr>
          </ns3:TrackPointExtension>
        </extensions>
      </trkpt>
      <trkpt lat="21.322770081460475921630859375" lon="-86.810466237366199493408203125">
        <ele>0</ele>
        <time>2026-03-19T17:33:31.000Z</time>
        <extensions>
          <ns3:TrackPointExtension>
            <ns3:hr>98</ns3:hr>
          </ns3:TrackPointExtension>
        </extensions>
      </trkpt>
      <trkpt lat="21.32269171066582202911376953125" lon="-86.81020078249275684356689453125">
        <ele>0</ele>
        <time>2026-03-19T17:33:35.000Z</time>
        <extensions>
          <ns3:TrackPointExtension>
            <ns3:hr>100</ns3:hr>
          </ns3:TrackPointExtension>
        </extensions>
      </trkpt>
      <trkpt lat="21.3226371444761753082275390625" lon="-86.8099195696413516998291015625">
        <ele>0</ele>
        <time>2026-03-19T17:33:39.000Z</time>
        <extensions>
          <ns3:TrackPointExtension>
            <ns3:hr>103</ns3:hr>
          </ns3:TrackPointExtension>
        </extensions>
      </trkpt>
      <trkpt lat="21.32261560298502445220947265625" lon="-86.80972184054553508758544921875">
        <ele>0</ele>
        <time>2026-03-19T17:33:42.000Z</time>
        <extensions>
          <ns3:TrackPointExtension>
            <ns3:hr>104</ns3:hr>
          </ns3:TrackPointExtension>
        </extensions>
      </trkpt>
      <trkpt lat="21.322596408426761627197265625" lon="-86.80950256995856761932373046875">
        <ele>0</ele>
        <time>2026-03-19T17:33:46.000Z</time>
        <extensions>
          <ns3:TrackPointExtension>
            <ns3:hr>103</ns3:hr>
          </ns3:TrackPointExtension>
        </extensions>
      </trkpt>
      <trkpt lat="21.32258526049554347991943359375" lon="-86.809454374015331268310546875">
        <ele>0</ele>
        <time>2026-03-19T17:33:47.000Z</time>
        <extensions>
          <ns3:TrackPointExtension>
            <ns3:hr>103</ns3:hr>
          </ns3:TrackPointExtension>
        </extensions>
      </trkpt>
      <trkpt lat="21.32254586555063724517822265625" lon="-86.80922177620232105255126953125">
        <ele>7.80000019073486328125</ele>
        <time>2026-03-19T17:33:51.000Z</time>
        <extensions>
          <ns3:TrackPointExtension>
            <ns3:hr>106</ns3:hr>
          </ns3:TrackPointExtension>
        </extensions>
      </trkpt>
      <trkpt lat="21.3225368969142436981201171875" lon="-86.80910157971084117889404296875">
        <ele>6.599999904632568359375</ele>
        <time>2026-03-19T17:33:53.000Z</time>
        <extensions>
          <ns3:TrackPointExtension>
            <ns3:hr>103</ns3:hr>
          </ns3:TrackPointExtension>
        </extensions>
      </trkpt>
      <trkpt lat="21.3225355558097362518310546875" lon="-86.80904324166476726531982421875">
        <ele>5.19999980926513671875</ele>
        <time>2026-03-19T17:33:54.000Z</time>
        <extensions>
          <ns3:TrackPointExtension>
            <ns3:hr>102</ns3:hr>
          </ns3:TrackPointExtension>
        </extensions>
      </trkpt>
      <trkpt lat="21.3225332088768482208251953125" lon="-86.8088198639452457427978515625">
        <ele>3.2000000476837158203125</ele>
        <time>2026-03-19T17:33:59.000Z</time>
        <extensions>
          <ns3:TrackPointExtension>
            <ns3:hr>101</ns3:hr>
          </ns3:TrackPointExtension>
        </extensions>
      </trkpt>
      <trkpt lat="21.32251837290823459625244140625" lon="-86.80882145650684833526611328125">
        <ele>3.400000095367431640625</ele>
        <time>2026-03-19T17:34:00.000Z</time>
        <extensions>
          <ns3:TrackPointExtension>
            <ns3:hr>100</ns3:hr>
          </ns3:TrackPointExtension>
        </extensions>
      </trkpt>
      <trkpt lat="21.32249808870255947113037109375" lon="-86.8089305050671100616455078125">
        <ele>4.400000095367431640625</ele>
        <time>2026-03-19T17:34:03.000Z</time>
        <extensions>
          <ns3:TrackPointExtension>
            <ns3:hr>100</ns3:hr>
          </ns3:TrackPointExtension>
        </extensions>
      </trkpt>
      <trkpt lat="21.3225062191486358642578125" lon="-86.80897853337228298187255859375">
        <ele>4</ele>
        <time>2026-03-19T17:34:04.000Z</time>
        <extensions>
          <ns3:TrackPointExtension>
            <ns3:hr>100</ns3:hr>
          </ns3:TrackPointExtension>
        </extensions>
      </trkpt>
      <trkpt lat="21.3225144334137439727783203125" lon="-86.809023879468441009521484375">
        <ele>5</ele>
        <time>2026-03-19T17:34:05.000Z</time>
        <extensions>
          <ns3:TrackPointExtension>
            <ns3:hr>103</ns3:hr>
          </ns3:TrackPointExtension>
        </extensions>
      </trkpt>
      <trkpt lat="21.32252256385982036590576171875" lon="-86.80911473929882049560546875">
        <ele>7.19999980926513671875</ele>
        <time>2026-03-19T17:34:07.000Z</time>
        <extensions>
          <ns3:TrackPointExtension>
            <ns3:hr>99</ns3:hr>
          </ns3:TrackPointExtension>
        </extensions>
      </trkpt>
      <trkpt lat="21.32252910174429416656494140625" lon="-86.8091675452888011932373046875">
        <ele>8.3999996185302734375</ele>
        <time>2026-03-19T17:34:08.000Z</time>
        <extensions>
          <ns3:TrackPointExtension>
            <ns3:hr>99</ns3:hr>
          </ns3:TrackPointExtension>
        </extensions>
      </trkpt>
      <trkpt lat="21.32258408702909946441650390625" lon="-86.80947440676391124725341796875">
        <ele>0</ele>
        <time>2026-03-19T17:34:13.000Z</time>
        <extensions>
          <ns3:TrackPointExtension>
            <ns3:hr>100</ns3:hr>
          </ns3:TrackPointExtension>
        </extensions>
      </trkpt>
      <trkpt lat="21.32261090911924839019775390625" lon="-86.80966534651815891265869140625">
        <ele>0</ele>
        <time>2026-03-19T17:34:16.000Z</time>
        <extensions>
          <ns3:TrackPointExtension>
            <ns3:hr>97</ns3:hr>
          </ns3:TrackPointExtension>
        </extensions>
      </trkpt>
      <trkpt lat="21.32261727936565876007080078125" lon="-86.8097988702356815338134765625">
        <ele>0</ele>
        <time>2026-03-19T17:34:18.000Z</time>
        <extensions>
          <ns3:TrackPointExtension>
            <ns3:hr>99</ns3:hr>
          </ns3:TrackPointExtension>
        </extensions>
      </trkpt>
      <trkpt lat="21.3226368092000484466552734375" lon="-86.8100074119865894317626953125">
        <ele>0</ele>
        <time>2026-03-19T17:34:21.000Z</time>
        <extensions>
          <ns3:TrackPointExtension>
            <ns3:hr>98</ns3:hr>
          </ns3:TrackPointExtension>
        </extensions>
      </trkpt>
      <trkpt lat="21.3226361386477947235107421875" lon="-86.810078322887420654296875">
        <ele>0</ele>
        <time>2026-03-19T17:34:22.000Z</time>
        <extensions>
          <ns3:TrackPointExtension>
            <ns3:hr>98</ns3:hr>
          </ns3:TrackPointExtension>
        </extensions>
      </trkpt>
      <trkpt lat="21.32265147753059864044189453125" lon="-86.8103735335171222686767578125">
        <ele>0</ele>
        <time>2026-03-19T17:34:26.000Z</time>
        <extensions>
          <ns3:TrackPointExtension>
            <ns3:hr>97</ns3:hr>
          </ns3:TrackPointExtension>
        </extensions>
      </trkpt>
      <trkpt lat="21.3226475380361080169677734375" lon="-86.81044469587504863739013671875">
        <ele>0</ele>
        <time>2026-03-19T17:34:27.000Z</time>
        <extensions>
          <ns3:TrackPointExtension>
            <ns3:hr>96</ns3:hr>
          </ns3:TrackPointExtension>
        </extensions>
      </trkpt>
      <trkpt lat="21.32265332154929637908935546875" lon="-86.81068207137286663055419921875">
        <ele>0</ele>
        <time>2026-03-19T17:34:30.000Z</time>
        <extensions>
          <ns3:TrackPointExtension>
            <ns3:hr>97</ns3:hr>
          </ns3:TrackPointExtension>
        </extensions>
      </trkpt>
      <trkpt lat="21.322676204144954681396484375" lon="-86.8108630366623401641845703125">
        <ele>0</ele>
        <time>2026-03-19T17:34:32.000Z</time>
        <extensions>
          <ns3:TrackPointExtension>
            <ns3:hr>97</ns3:hr>
          </ns3:TrackPointExtension>
        </extensions>
      </trkpt>
      <trkpt lat="21.32277150638401508331298828125" lon="-86.8113947845995426177978515625">
        <ele>0</ele>
        <time>2026-03-19T17:34:38.000Z</time>
        <extensions>
          <ns3:TrackPointExtension>
            <ns3:hr>97</ns3:hr>
          </ns3:TrackPointExtension>
        </extensions>
      </trkpt>
      <trkpt lat="21.32289421744644641876220703125" lon="-86.811885125935077667236328125">
        <ele>0</ele>
        <time>2026-03-19T17:34:44.000Z</time>
        <extensions>
          <ns3:TrackPointExtension>
            <ns3:hr>97</ns3:hr>
          </ns3:TrackPointExtension>
        </extensions>
      </trkpt>
      <trkpt lat="21.32295641116797924041748046875" lon="-86.8122017942368984222412109375">
        <ele>0</ele>
        <time>2026-03-19T17:34:48.000Z</time>
        <extensions>
          <ns3:TrackPointExtension>
            <ns3:hr>95</ns3:hr>
          </ns3:TrackPointExtension>
        </extensions>
      </trkpt>
      <trkpt lat="21.3229546509683132171630859375" lon="-86.81228117085993289947509765625">
        <ele>0</ele>
        <time>2026-03-19T17:34:49.000Z</time>
        <extensions>
          <ns3:TrackPointExtension>
            <ns3:hr>97</ns3:hr>
          </ns3:TrackPointExtension>
        </extensions>
      </trkpt>
      <trkpt lat="21.32293662987649440765380859375" lon="-86.81235878728330135345458984375">
        <ele>0</ele>
        <time>2026-03-19T17:34:50.000Z</time>
        <extensions>
          <ns3:TrackPointExtension>
            <ns3:hr>96</ns3:hr>
          </ns3:TrackPointExtension>
        </extensions>
      </trkpt>
      <trkpt lat="21.3228684850037097930908203125" lon="-86.81250379420816898345947265625">
        <ele>0</ele>
        <time>2026-03-19T17:34:52.000Z</time>
        <extensions>
          <ns3:TrackPointExtension>
            <ns3:hr>97</ns3:hr>
          </ns3:TrackPointExtension>
        </extensions>
      </trkpt>
      <trkpt lat="21.32284292019903659820556640625" lon="-86.8126599490642547607421875">
        <ele>0</ele>
        <time>2026-03-19T17:34:55.000Z</time>
        <extensions>
          <ns3:TrackPointExtension>
            <ns3:hr>98</ns3:hr>
          </ns3:TrackPointExtension>
        </extensions>
      </trkpt>
      <trkpt lat="21.3228227198123931884765625" lon="-86.81271032430231571197509765625">
        <ele>0</ele>
        <time>2026-03-19T17:34:57.000Z</time>
        <extensions>
          <ns3:TrackPointExtension>
            <ns3:hr>98</ns3:hr>
          </ns3:TrackPointExtension>
        </extensions>
      </trkpt>
      <trkpt lat="21.32280059158802032470703125" lon="-86.81269389577209949493408203125">
        <ele>0</ele>
        <time>2026-03-19T17:34:58.000Z</time>
        <extensions>
          <ns3:TrackPointExtension>
            <ns3:hr>97</ns3:hr>
          </ns3:TrackPointExtension>
        </extensions>
      </trkpt>
      <trkpt lat="21.3227585144340991973876953125" lon="-86.8125541694462299346923828125">
        <ele>0</ele>
        <time>2026-03-19T17:35:01.000Z</time>
        <extensions>
          <ns3:TrackPointExtension>
            <ns3:hr>97</ns3:hr>
          </ns3:TrackPointExtension>
        </extensions>
      </trkpt>
      <trkpt lat="21.3227035291492938995361328125" lon="-86.8122400157153606414794921875">
        <ele>0</ele>
        <time>2026-03-19T17:35:06.000Z</time>
        <extensions>
          <ns3:TrackPointExtension>
            <ns3:hr>100</ns3:hr>
          </ns3:TrackPointExtension>
        </extensions>
      </trkpt>
      <trkpt lat="21.322671510279178619384765625" lon="-86.81179250590503215789794921875">
        <ele>0</ele>
        <time>2026-03-19T17:35:12.000Z</time>
        <extensions>
          <ns3:TrackPointExtension>
            <ns3:hr>100</ns3:hr>
          </ns3:TrackPointExtension>
        </extensions>
      </trkpt>
      <trkpt lat="21.322682239115238189697265625" lon="-86.81147231720387935638427734375">
        <ele>0</ele>
        <time>2026-03-19T17:35:17.000Z</time>
        <extensions>
          <ns3:TrackPointExtension>
            <ns3:hr>97</ns3:hr>
          </ns3:TrackPointExtension>
        </extensions>
      </trkpt>
      <trkpt lat="21.3226820714771747589111328125" lon="-86.81142101995646953582763671875">
        <ele>0</ele>
        <time>2026-03-19T17:35:18.000Z</time>
        <extensions>
          <ns3:TrackPointExtension>
            <ns3:hr>99</ns3:hr>
          </ns3:TrackPointExtension>
        </extensions>
      </trkpt>
      <trkpt lat="21.322679221630096435546875" lon="-86.8113713152706623077392578125">
        <ele>0</ele>
        <time>2026-03-19T17:35:19.000Z</time>
        <extensions>
          <ns3:TrackPointExtension>
            <ns3:hr>100</ns3:hr>
          </ns3:TrackPointExtension>
        </extensions>
      </trkpt>
      <trkpt lat="21.322661451995372772216796875" lon="-86.81127048097550868988037109375">
        <ele>0</ele>
        <time>2026-03-19T17:35:21.000Z</time>
        <extensions>
          <ns3:TrackPointExtension>
            <ns3:hr>99</ns3:hr>
          </ns3:TrackPointExtension>
        </extensions>
      </trkpt>
      <trkpt lat="21.3226361386477947235107421875" lon="-86.81116017512977123260498046875">
        <ele>0</ele>
        <time>2026-03-19T17:35:23.000Z</time>
        <extensions>
          <ns3:TrackPointExtension>
            <ns3:hr>99</ns3:hr>
          </ns3:TrackPointExtension>
        </extensions>
      </trkpt>
      <trkpt lat="21.3226054608821868896484375" lon="-86.8107648007571697235107421875">
        <ele>0</ele>
        <time>2026-03-19T17:35:29.000Z</time>
        <extensions>
          <ns3:TrackPointExtension>
            <ns3:hr>99</ns3:hr>
          </ns3:TrackPointExtension>
        </extensions>
      </trkpt>
      <trkpt lat="21.32258861325681209564208984375" lon="-86.81033640168607234954833984375">
        <ele>0</ele>
        <time>2026-03-19T17:35:36.000Z</time>
        <extensions>
          <ns3:TrackPointExtension>
            <ns3:hr>98</ns3:hr>
          </ns3:TrackPointExtension>
        </extensions>
      </trkpt>
      <trkpt lat="21.3225436024367809295654296875" lon="-86.80987053550779819488525390625">
        <ele>0</ele>
        <time>2026-03-19T17:35:43.000Z</time>
        <extensions>
          <ns3:TrackPointExtension>
            <ns3:hr>95</ns3:hr>
          </ns3:TrackPointExtension>
        </extensions>
      </trkpt>
      <trkpt lat="21.3225389085710048675537109375" lon="-86.80980783887207508087158203125">
        <ele>0</ele>
        <time>2026-03-19T17:35:44.000Z</time>
        <extensions>
          <ns3:TrackPointExtension>
            <ns3:hr>96</ns3:hr>
          </ns3:TrackPointExtension>
        </extensions>
      </trkpt>
      <trkpt lat="21.3225209712982177734375" lon="-86.809369213879108428955078125">
        <ele>4</ele>
        <time>2026-03-19T17:35:51.000Z</time>
        <extensions>
          <ns3:TrackPointExtension>
            <ns3:hr>94</ns3:hr>
          </ns3:TrackPointExtension>
        </extensions>
      </trkpt>
      <trkpt lat="21.32251569069921970367431640625" lon="-86.809208951890468597412109375">
        <ele>9.19999980926513671875</ele>
        <time>2026-03-19T17:35:54.000Z</time>
        <extensions>
          <ns3:TrackPointExtension>
            <ns3:hr>95</ns3:hr>
          </ns3:TrackPointExtension>
        </extensions>
      </trkpt>
      <trkpt lat="21.32250445894896984100341796875" lon="-86.80914985947310924530029296875">
        <ele>8.3999996185302734375</ele>
        <time>2026-03-19T17:35:55.000Z</time>
        <extensions>
          <ns3:TrackPointExtension>
            <ns3:hr>95</ns3:hr>
          </ns3:TrackPointExtension>
        </extensions>
      </trkpt>
      <trkpt lat="21.3224966637790203094482421875" lon="-86.8090832233428955078125">
        <ele>7</ele>
        <time>2026-03-19T17:35:56.000Z</time>
        <extensions>
          <ns3:TrackPointExtension>
            <ns3:hr>96</ns3:hr>
          </ns3:TrackPointExtension>
        </extensions>
      </trkpt>
      <trkpt lat="21.322473026812076568603515625" lon="-86.8089174292981624603271484375">
        <ele>4.400000095367431640625</ele>
        <time>2026-03-19T17:35:59.000Z</time>
        <extensions>
          <ns3:TrackPointExtension>
            <ns3:hr>97</ns3:hr>
          </ns3:TrackPointExtension>
        </extensions>
      </trkpt>
      <trkpt lat="21.3224296085536479949951171875" lon="-86.80889588780701160430908203125">
        <ele>4.400000095367431640625</ele>
        <time>2026-03-19T17:36:01.000Z</time>
        <extensions>
          <ns3:TrackPointExtension>
            <ns3:hr>97</ns3:hr>
          </ns3:TrackPointExtension>
        </extensions>
      </trkpt>
      <trkpt lat="21.32240974344313144683837890625" lon="-86.808958165347576141357421875">
        <ele>4.80000019073486328125</ele>
        <time>2026-03-19T17:36:03.000Z</time>
        <extensions>
          <ns3:TrackPointExtension>
            <ns3:hr>96</ns3:hr>
          </ns3:TrackPointExtension>
        </extensions>
      </trkpt>
      <trkpt lat="21.32239951752126216888427734375" lon="-86.80900719948112964630126953125">
        <ele>5.80000019073486328125</ele>
        <time>2026-03-19T17:36:04.000Z</time>
        <extensions>
          <ns3:TrackPointExtension>
            <ns3:hr>96</ns3:hr>
          </ns3:TrackPointExtension>
        </extensions>
      </trkpt>
      <trkpt lat="21.32240052334964275360107421875" lon="-86.80906168185174465179443359375">
        <ele>7.400000095367431640625</ele>
        <time>2026-03-19T17:36:05.000Z</time>
        <extensions>
          <ns3:TrackPointExtension>
            <ns3:hr>96</ns3:hr>
          </ns3:TrackPointExtension>
        </extensions>
      </trkpt>
      <trkpt lat="21.32241711951792240142822265625" lon="-86.8092449940741062164306640625">
        <ele>12</ele>
        <time>2026-03-19T17:36:08.000Z</time>
        <extensions>
          <ns3:TrackPointExtension>
            <ns3:hr>94</ns3:hr>
          </ns3:TrackPointExtension>
        </extensions>
      </trkpt>
      <trkpt lat="21.32242977619171142578125" lon="-86.80930861271917819976806640625">
        <ele>9.6000003814697265625</ele>
        <time>2026-03-19T17:36:09.000Z</time>
        <extensions>
          <ns3:TrackPointExtension>
            <ns3:hr>95</ns3:hr>
          </ns3:TrackPointExtension>
        </extensions>
      </trkpt>
      <trkpt lat="21.322493143379688262939453125" lon="-86.80960214696824550628662109375">
        <ele>0</ele>
        <time>2026-03-19T17:36:13.000Z</time>
        <extensions>
          <ns3:TrackPointExtension>
            <ns3:hr>95</ns3:hr>
          </ns3:TrackPointExtension>
        </extensions>
      </trkpt>
      <trkpt lat="21.32252591662108898162841796875" lon="-86.80976877920329570770263671875">
        <ele>0</ele>
        <time>2026-03-19T17:36:15.000Z</time>
        <extensions>
          <ns3:TrackPointExtension>
            <ns3:hr>92</ns3:hr>
          </ns3:TrackPointExtension>
        </extensions>
      </trkpt>
      <trkpt lat="21.32257620804011821746826171875" lon="-86.810007579624652862548828125">
        <ele>0</ele>
        <time>2026-03-19T17:36:18.000Z</time>
        <extensions>
          <ns3:TrackPointExtension>
            <ns3:hr>92</ns3:hr>
          </ns3:TrackPointExtension>
        </extensions>
      </trkpt>
      <trkpt lat="21.3227098993957042694091796875" lon="-86.81045450270175933837890625">
        <ele>0</ele>
        <time>2026-03-19T17:36:24.000Z</time>
        <extensions>
          <ns3:TrackPointExtension>
            <ns3:hr>90</ns3:hr>
          </ns3:TrackPointExtension>
        </extensions>
      </trkpt>
      <trkpt lat="21.32273110561072826385498046875" lon="-86.81051351130008697509765625">
        <ele>0</ele>
        <time>2026-03-19T17:36:25.000Z</time>
        <extensions>
          <ns3:TrackPointExtension>
            <ns3:hr>89</ns3:hr>
          </ns3:TrackPointExtension>
        </extensions>
      </trkpt>
      <trkpt lat="21.322783492505550384521484375" lon="-86.81070721708238124847412109375">
        <ele>0</ele>
        <time>2026-03-19T17:36:28.000Z</time>
        <extensions>
          <ns3:TrackPointExtension>
            <ns3:hr>90</ns3:hr>
          </ns3:TrackPointExtension>
        </extensions>
      </trkpt>
      <trkpt lat="21.3229031860828399658203125" lon="-86.8112093769013881683349609375">
        <ele>0</ele>
        <time>2026-03-19T17:36:35.000Z</time>
        <extensions>
          <ns3:TrackPointExtension>
            <ns3:hr>90</ns3:hr>
          </ns3:TrackPointExtension>
        </extensions>
      </trkpt>
      <trkpt lat="21.3229251466691493988037109375" lon="-86.81127869524061679840087890625">
        <ele>0</ele>
        <time>2026-03-19T17:36:36.000Z</time>
        <extensions>
          <ns3:TrackPointExtension>
            <ns3:hr>91</ns3:hr>
          </ns3:TrackPointExtension>
        </extensions>
      </trkpt>
      <trkpt lat="21.3230780325829982757568359375" lon="-86.81170315481722354888916015625">
        <ele>0</ele>
        <time>2026-03-19T17:36:43.000Z</time>
        <extensions>
          <ns3:TrackPointExtension>
            <ns3:hr>92</ns3:hr>
          </ns3:TrackPointExtension>
        </extensions>
      </trkpt>
      <trkpt lat="21.32321340031921863555908203125" lon="-86.81210699491202831268310546875">
        <ele>0</ele>
        <time>2026-03-19T17:36:50.000Z</time>
        <extensions>
          <ns3:TrackPointExtension>
            <ns3:hr>92</ns3:hr>
          </ns3:TrackPointExtension>
        </extensions>
      </trkpt>
      <trkpt lat="21.3232289068400859832763671875" lon="-86.81216499768197536468505859375">
        <ele>0</ele>
        <time>2026-03-19T17:36:51.000Z</time>
        <extensions>
          <ns3:TrackPointExtension>
            <ns3:hr>95</ns3:hr>
          </ns3:TrackPointExtension>
        </extensions>
      </trkpt>
      <trkpt lat="21.32326603867113590240478515625" lon="-86.81228821165859699249267578125">
        <ele>0</ele>
        <time>2026-03-19T17:36:53.000Z</time>
        <extensions>
          <ns3:TrackPointExtension>
            <ns3:hr>92</ns3:hr>
          </ns3:TrackPointExtension>
        </extensions>
      </trkpt>
      <trkpt lat="21.323336027562618255615234375" lon="-86.8125555105507373809814453125">
        <ele>0</ele>
        <time>2026-03-19T17:36:57.000Z</time>
        <extensions>
          <ns3:TrackPointExtension>
            <ns3:hr>90</ns3:hr>
          </ns3:TrackPointExtension>
        </extensions>
      </trkpt>
      <trkpt lat="21.32336243055760860443115234375" lon="-86.81276388466358184814453125">
        <ele>0</ele>
        <time>2026-03-19T17:37:00.000Z</time>
        <extensions>
          <ns3:TrackPointExtension>
            <ns3:hr>89</ns3:hr>
          </ns3:TrackPointExtension>
        </extensions>
      </trkpt>
      <trkpt lat="21.32333166897296905517578125" lon="-86.8128812313079833984375">
        <ele>0</ele>
        <time>2026-03-19T17:37:02.000Z</time>
        <extensions>
          <ns3:TrackPointExtension>
            <ns3:hr>91</ns3:hr>
          </ns3:TrackPointExtension>
        </extensions>
      </trkpt>
      <trkpt lat="21.3232912681996822357177734375" lon="-86.81292121298611164093017578125">
        <ele>0</ele>
        <time>2026-03-19T17:37:05.000Z</time>
        <extensions>
          <ns3:TrackPointExtension>
            <ns3:hr>91</ns3:hr>
          </ns3:TrackPointExtension>
        </extensions>
      </trkpt>
      <trkpt lat="21.32325120270252227783203125" lon="-86.8128894455730915069580078125">
        <ele>0</ele>
        <time>2026-03-19T17:37:07.000Z</time>
        <extensions>
          <ns3:TrackPointExtension>
            <ns3:hr>91</ns3:hr>
          </ns3:TrackPointExtension>
        </extensions>
      </trkpt>
      <trkpt lat="21.32321231067180633544921875" lon="-86.812798418104648590087890625">
        <ele>0</ele>
        <time>2026-03-19T17:37:09.000Z</time>
        <extensions>
          <ns3:TrackPointExtension>
            <ns3:hr>91</ns3:hr>
          </ns3:TrackPointExtension>
        </extensions>
      </trkpt>
      <trkpt lat="21.3231709040701389312744140625" lon="-86.812675036489963531494140625">
        <ele>0</ele>
        <time>2026-03-19T17:37:11.000Z</time>
        <extensions>
          <ns3:TrackPointExtension>
            <ns3:hr>90</ns3:hr>
          </ns3:TrackPointExtension>
        </extensions>
      </trkpt>
      <trkpt lat="21.323148272931575775146484375" lon="-86.81252592243254184722900390625">
        <ele>0</ele>
        <time>2026-03-19T17:37:13.000Z</time>
        <extensions>
          <ns3:TrackPointExtension>
            <ns3:hr>91</ns3:hr>
          </ns3:TrackPointExtension>
        </extensions>
      </trkpt>
      <trkpt lat="21.32310904562473297119140625" lon="-86.812088303267955780029296875">
        <ele>0</ele>
        <time>2026-03-19T17:37:19.000Z</time>
        <extensions>
          <ns3:TrackPointExtension>
            <ns3:hr>89</ns3:hr>
          </ns3:TrackPointExtension>
        </extensions>
      </trkpt>
      <trkpt lat="21.32309957407414913177490234375" lon="-86.81194505654275417327880859375">
        <ele>0</ele>
        <time>2026-03-19T17:37:21.000Z</time>
        <extensions>
          <ns3:TrackPointExtension>
            <ns3:hr>85</ns3:hr>
          </ns3:TrackPointExtension>
        </extensions>
      </trkpt>
      <trkpt lat="21.32309488020837306976318359375" lon="-86.811808682978153228759765625">
        <ele>0</ele>
        <time>2026-03-19T17:37:23.000Z</time>
        <extensions>
          <ns3:TrackPointExtension>
            <ns3:hr>82</ns3:hr>
          </ns3:TrackPointExtension>
        </extensions>
      </trkpt>
      <trkpt lat="21.32309454493224620819091796875" lon="-86.81161497719585895538330078125">
        <ele>0</ele>
        <time>2026-03-19T17:37:26.000Z</time>
        <extensions>
          <ns3:TrackPointExtension>
            <ns3:hr>79</ns3:hr>
          </ns3:TrackPointExtension>
        </extensions>
      </trkpt>
      <trkpt lat="21.32309689186513423919677734375" lon="-86.8115570582449436187744140625">
        <ele>0</ele>
        <time>2026-03-19T17:37:27.000Z</time>
        <extensions>
          <ns3:TrackPointExtension>
            <ns3:hr>78</ns3:hr>
          </ns3:TrackPointExtension>
        </extensions>
      </trkpt>
      <trkpt lat="21.32310778833925724029541015625" lon="-86.81117677129805088043212890625">
        <ele>0</ele>
        <time>2026-03-19T17:37:34.000Z</time>
        <extensions>
          <ns3:TrackPointExtension>
            <ns3:hr>76</ns3:hr>
          </ns3:TrackPointExtension>
        </extensions>
      </trkpt>
      <trkpt lat="21.323106698691844940185546875" lon="-86.81078843772411346435546875">
        <ele>0</ele>
        <time>2026-03-19T17:37:40.000Z</time>
        <extensions>
          <ns3:TrackPointExtension>
            <ns3:hr>76</ns3:hr>
          </ns3:TrackPointExtension>
        </extensions>
      </trkpt>
      <trkpt lat="21.32309253327548503875732421875" lon="-86.8104570172727108001708984375">
        <ele>0</ele>
        <time>2026-03-19T17:37:45.000Z</time>
        <extensions>
          <ns3:TrackPointExtension>
            <ns3:hr>79</ns3:hr>
          </ns3:TrackPointExtension>
        </extensions>
      </trkpt>
      <trkpt lat="21.3230914436280727386474609375" lon="-86.810392476618289947509765625">
        <ele>0</ele>
        <time>2026-03-19T17:37:46.000Z</time>
        <extensions>
          <ns3:TrackPointExtension>
            <ns3:hr>79</ns3:hr>
          </ns3:TrackPointExtension>
        </extensions>
      </trkpt>
      <trkpt lat="21.32306654937565326690673828125" lon="-86.81002610363066196441650390625">
        <ele>0</ele>
        <time>2026-03-19T17:37:52.000Z</time>
        <extensions>
          <ns3:TrackPointExtension>
            <ns3:hr>80</ns3:hr>
          </ns3:TrackPointExtension>
        </extensions>
      </trkpt>
      <trkpt lat="21.32305280305445194244384765625" lon="-86.8098293803632259368896484375">
        <ele>0</ele>
        <time>2026-03-19T17:37:56.000Z</time>
        <extensions>
          <ns3:TrackPointExtension>
            <ns3:hr>81</ns3:hr>
          </ns3:TrackPointExtension>
        </extensions>
      </trkpt>
      <trkpt lat="21.32303922437131404876708984375" lon="-86.80978269316256046295166015625">
        <ele>0</ele>
        <time>2026-03-19T17:37:57.000Z</time>
        <extensions>
          <ns3:TrackPointExtension>
            <ns3:hr>81</ns3:hr>
          </ns3:TrackPointExtension>
        </extensions>
      </trkpt>
      <trkpt lat="21.323017515242099761962890625" lon="-86.80973877198994159698486328125">
        <ele>0</ele>
        <time>2026-03-19T17:37:58.000Z</time>
        <extensions>
          <ns3:TrackPointExtension>
            <ns3:hr>81</ns3:hr>
          </ns3:TrackPointExtension>
        </extensions>
      </trkpt>
      <trkpt lat="21.32296026684343814849853515625" lon="-86.80963533930480480194091796875">
        <ele>0</ele>
        <time>2026-03-19T17:38:00.000Z</time>
        <extensions>
          <ns3:TrackPointExtension>
            <ns3:hr>82</ns3:hr>
          </ns3:TrackPointExtension>
        </extensions>
      </trkpt>
      <trkpt lat="21.32294098846614360809326171875" lon="-86.80957742035388946533203125">
        <ele>0</ele>
        <time>2026-03-19T17:38:01.000Z</time>
        <extensions>
          <ns3:TrackPointExtension>
            <ns3:hr>82</ns3:hr>
          </ns3:TrackPointExtension>
        </extensions>
      </trkpt>
      <trkpt lat="21.32293201982975006103515625" lon="-86.80951413698494434356689453125">
        <ele>0</ele>
        <time>2026-03-19T17:38:02.000Z</time>
        <extensions>
          <ns3:TrackPointExtension>
            <ns3:hr>83</ns3:hr>
          </ns3:TrackPointExtension>
        </extensions>
      </trkpt>
      <trkpt lat="21.3229264877736568450927734375" lon="-86.8093975447118282318115234375">
        <ele>0</ele>
        <time>2026-03-19T17:38:04.000Z</time>
        <extensions>
          <ns3:TrackPointExtension>
            <ns3:hr>83</ns3:hr>
          </ns3:TrackPointExtension>
        </extensions>
      </trkpt>
      <trkpt lat="21.322911567986011505126953125" lon="-86.80934616364538669586181640625">
        <ele>0</ele>
        <time>2026-03-19T17:38:05.000Z</time>
        <extensions>
          <ns3:TrackPointExtension>
            <ns3:hr>83</ns3:hr>
          </ns3:TrackPointExtension>
        </extensions>
      </trkpt>
      <trkpt lat="21.3228842429816722869873046875" lon="-86.80930794216692447662353515625">
        <ele>0</ele>
        <time>2026-03-19T17:38:06.000Z</time>
        <extensions>
          <ns3:TrackPointExtension>
            <ns3:hr>83</ns3:hr>
          </ns3:TrackPointExtension>
        </extensions>
      </trkpt>
      <trkpt lat="21.3228321075439453125" lon="-86.80931364186108112335205078125">
        <ele>0</ele>
        <time>2026-03-19T17:38:08.000Z</time>
        <extensions>
          <ns3:TrackPointExtension>
            <ns3:hr>83</ns3:hr>
          </ns3:TrackPointExtension>
        </extensions>
      </trkpt>
      <trkpt lat="21.32281668484210968017578125" lon="-86.809451021254062652587890625">
        <ele>0</ele>
        <time>2026-03-19T17:38:11.000Z</time>
        <extensions>
          <ns3:TrackPointExtension>
            <ns3:hr>83</ns3:hr>
          </ns3:TrackPointExtension>
        </extensions>
      </trkpt>
      <trkpt lat="21.322832442820072174072265625" lon="-86.8096319027245044708251953125">
        <ele>0</ele>
        <time>2026-03-19T17:38:14.000Z</time>
        <extensions>
          <ns3:TrackPointExtension>
            <ns3:hr>86</ns3:hr>
          </ns3:TrackPointExtension>
        </extensions>
      </trkpt>
      <trkpt lat="21.32284543476998805999755859375" lon="-86.8097754009068012237548828125">
        <ele>0</ele>
        <time>2026-03-19T17:38:16.000Z</time>
        <extensions>
          <ns3:TrackPointExtension>
            <ns3:hr>84</ns3:hr>
          </ns3:TrackPointExtension>
        </extensions>
      </trkpt>
      <trkpt lat="21.32285683415830135345458984375" lon="-86.80990624241530895233154296875">
        <ele>0</ele>
        <time>2026-03-19T17:38:18.000Z</time>
        <extensions>
          <ns3:TrackPointExtension>
            <ns3:hr>85</ns3:hr>
          </ns3:TrackPointExtension>
        </extensions>
      </trkpt>
      <trkpt lat="21.322857253253459930419921875" lon="-86.8100533448159694671630859375">
        <ele>0</ele>
        <time>2026-03-19T17:38:20.000Z</time>
        <extensions>
          <ns3:TrackPointExtension>
            <ns3:hr>86</ns3:hr>
          </ns3:TrackPointExtension>
        </extensions>
      </trkpt>
      <trkpt lat="21.32286898791790008544921875" lon="-86.81013238616287708282470703125">
        <ele>0</ele>
        <time>2026-03-19T17:38:21.000Z</time>
        <extensions>
          <ns3:TrackPointExtension>
            <ns3:hr>86</ns3:hr>
          </ns3:TrackPointExtension>
        </extensions>
      </trkpt>
      <trkpt lat="21.32288114167749881744384765625" lon="-86.81027881801128387451171875">
        <ele>0</ele>
        <time>2026-03-19T17:38:23.000Z</time>
        <extensions>
          <ns3:TrackPointExtension>
            <ns3:hr>86</ns3:hr>
          </ns3:TrackPointExtension>
        </extensions>
      </trkpt>
      <trkpt lat="21.32284577004611492156982421875" lon="-86.8103913031518459320068359375">
        <ele>0</ele>
        <time>2026-03-19T17:38:25.000Z</time>
        <extensions>
          <ns3:TrackPointExtension>
            <ns3:hr>85</ns3:hr>
          </ns3:TrackPointExtension>
        </extensions>
      </trkpt>
      <trkpt lat="21.322813667356967926025390625" lon="-86.8104566819965839385986328125">
        <ele>0</ele>
        <time>2026-03-19T17:38:28.000Z</time>
        <extensions>
          <ns3:TrackPointExtension>
            <ns3:hr>84</ns3:hr>
          </ns3:TrackPointExtension>
        </extensions>
      </trkpt>
      <trkpt lat="21.32280771620571613311767578125" lon="-86.8104714341461658477783203125">
        <ele>0</ele>
        <time>2026-03-19T17:38:31.000Z</time>
        <extensions>
          <ns3:TrackPointExtension>
            <ns3:hr>85</ns3:hr>
          </ns3:TrackPointExtension>
        </extensions>
      </trkpt>
      <trkpt lat="21.322766058146953582763671875" lon="-86.8104630522429943084716796875">
        <ele>0</ele>
        <time>2026-03-19T17:38:34.000Z</time>
        <extensions>
          <ns3:TrackPointExtension>
            <ns3:hr>84</ns3:hr>
          </ns3:TrackPointExtension>
        </extensions>
      </trkpt>
      <trkpt lat="21.3227202929556369781494140625" lon="-86.8104576878249645233154296875">
        <ele>0</ele>
        <time>2026-03-19T17:38:36.000Z</time>
        <extensions>
          <ns3:TrackPointExtension>
            <ns3:hr>85</ns3:hr>
          </ns3:TrackPointExtension>
        </extensions>
      </trkpt>
      <trkpt lat="21.32270311005413532257080078125" lon="-86.81046699173748493194580078125">
        <ele>0</ele>
        <time>2026-03-19T17:38:37.000Z</time>
        <extensions>
          <ns3:TrackPointExtension>
            <ns3:hr>85</ns3:hr>
          </ns3:TrackPointExtension>
        </extensions>
      </trkpt>
      <trkpt lat="21.32269891910254955291748046875" lon="-86.8105029501020908355712890625">
        <ele>0</ele>
        <time>2026-03-19T17:38:39.000Z</time>
        <extensions>
          <ns3:TrackPointExtension>
            <ns3:hr>84</ns3:hr>
          </ns3:TrackPointExtension>
        </extensions>
      </trkpt>
      <trkpt lat="21.322701685130596160888671875" lon="-86.8105337955057621002197265625">
        <ele>0</ele>
        <time>2026-03-19T17:38:41.000Z</time>
        <extensions>
          <ns3:TrackPointExtension>
            <ns3:hr>85</ns3:hr>
          </ns3:TrackPointExtension>
        </extensions>
      </trkpt>
      <trkpt lat="21.32268852554261684417724609375" lon="-86.81056891568005084991455078125">
        <ele>0</ele>
        <time>2026-03-19T17:38:43.000Z</time>
        <extensions>
          <ns3:TrackPointExtension>
            <ns3:hr>85</ns3:hr>
          </ns3:TrackPointExtension>
        </extensions>
      </trkpt>
      <trkpt lat="21.322689950466156005859375" lon="-86.81068140082061290740966796875">
        <ele>0</ele>
        <time>2026-03-19T17:38:47.000Z</time>
        <extensions>
          <ns3:TrackPointExtension>
            <ns3:hr>87</ns3:hr>
          </ns3:TrackPointExtension>
        </extensions>
      </trkpt>
      <trkpt lat="21.3226817362010478973388671875" lon="-86.81070101447403430938720703125">
        <ele>0</ele>
        <time>2026-03-19T17:38:48.000Z</time>
        <extensions>
          <ns3:TrackPointExtension>
            <ns3:hr>88</ns3:hr>
          </ns3:TrackPointExtension>
        </extensions>
      </trkpt>
      <trkpt lat="21.3226545788347721099853515625" lon="-86.8107594363391399383544921875">
        <ele>0</ele>
        <time>2026-03-19T17:38:50.000Z</time>
        <extensions>
          <ns3:TrackPointExtension>
            <ns3:hr>88</ns3:hr>
          </ns3:TrackPointExtension>
        </extensions>
      </trkpt>
      <trkpt lat="21.32265038788318634033203125" lon="-86.81080461479723453521728515625">
        <ele>0</ele>
        <time>2026-03-19T17:38:51.000Z</time>
        <extensions>
          <ns3:TrackPointExtension>
            <ns3:hr>87</ns3:hr>
          </ns3:TrackPointExtension>
        </extensions>
      </trkpt>
      <trkpt lat="21.32265030406415462493896484375" lon="-86.81088692508637905120849609375">
        <ele>0</ele>
        <time>2026-03-19T17:38:53.000Z</time>
        <extensions>
          <ns3:TrackPointExtension>
            <ns3:hr>84</ns3:hr>
          </ns3:TrackPointExtension>
        </extensions>
      </trkpt>
      <trkpt lat="21.3226468674838542938232421875" lon="-86.810967810451984405517578125">
        <ele>0</ele>
        <time>2026-03-19T17:38:55.000Z</time>
        <extensions>
          <ns3:TrackPointExtension>
            <ns3:hr>87</ns3:hr>
          </ns3:TrackPointExtension>
        </extensions>
      </trkpt>
      <trkpt lat="21.32264661602675914764404296875" lon="-86.8110155873000621795654296875">
        <ele>0</ele>
        <time>2026-03-19T17:38:56.000Z</time>
        <extensions>
          <ns3:TrackPointExtension>
            <ns3:hr>87</ns3:hr>
          </ns3:TrackPointExtension>
        </extensions>
      </trkpt>
      <trkpt lat="21.322644688189029693603515625" lon="-86.81110636331140995025634765625">
        <ele>0</ele>
        <time>2026-03-19T17:38:58.000Z</time>
        <extensions>
          <ns3:TrackPointExtension>
            <ns3:hr>87</ns3:hr>
          </ns3:TrackPointExtension>
        </extensions>
      </trkpt>
      <trkpt lat="21.32263035513460636138916015625" lon="-86.81125958450138568878173828125">
        <ele>0</ele>
        <time>2026-03-19T17:39:01.000Z</time>
        <extensions>
          <ns3:TrackPointExtension>
            <ns3:hr>88</ns3:hr>
          </ns3:TrackPointExtension>
        </extensions>
      </trkpt>
      <trkpt lat="21.32262566126883029937744140625" lon="-86.811362095177173614501953125">
        <ele>0</ele>
        <time>2026-03-19T17:39:03.000Z</time>
        <extensions>
          <ns3:TrackPointExtension>
            <ns3:hr>88</ns3:hr>
          </ns3:TrackPointExtension>
        </extensions>
      </trkpt>
      <trkpt lat="21.32259397767484188079833984375" lon="-86.81155445985496044158935546875">
        <ele>0</ele>
        <time>2026-03-19T17:39:06.000Z</time>
        <extensions>
          <ns3:TrackPointExtension>
            <ns3:hr>88</ns3:hr>
          </ns3:TrackPointExtension>
        </extensions>
      </trkpt>
      <trkpt lat="21.32258559577167034149169921875" lon="-86.81194178760051727294921875">
        <ele>0</ele>
        <time>2026-03-19T17:39:11.000Z</time>
        <extensions>
          <ns3:TrackPointExtension>
            <ns3:hr>91</ns3:hr>
          </ns3:TrackPointExtension>
        </extensions>
      </trkpt>
      <trkpt lat="21.322639323770999908447265625" lon="-86.812412180006504058837890625">
        <ele>0</ele>
        <time>2026-03-19T17:39:17.000Z</time>
        <extensions>
          <ns3:TrackPointExtension>
            <ns3:hr>92</ns3:hr>
          </ns3:TrackPointExtension>
        </extensions>
      </trkpt>
      <trkpt lat="21.3226539082825183868408203125" lon="-86.812744438648223876953125">
        <ele>0</ele>
        <time>2026-03-19T17:39:21.000Z</time>
        <extensions>
          <ns3:TrackPointExtension>
            <ns3:hr>89</ns3:hr>
          </ns3:TrackPointExtension>
        </extensions>
      </trkpt>
      <trkpt lat="21.322671510279178619384765625" lon="-86.81289707310497760772705078125">
        <ele>0</ele>
        <time>2026-03-19T17:39:23.000Z</time>
        <extensions>
          <ns3:TrackPointExtension>
            <ns3:hr>90</ns3:hr>
          </ns3:TrackPointExtension>
        </extensions>
      </trkpt>
      <trkpt lat="21.32268601097166538238525390625" lon="-86.81302615441381931304931640625">
        <ele>0</ele>
        <time>2026-03-19T17:39:25.000Z</time>
        <extensions>
          <ns3:TrackPointExtension>
            <ns3:hr>92</ns3:hr>
          </ns3:TrackPointExtension>
        </extensions>
      </trkpt>
      <trkpt lat="21.32270512171089649200439453125" lon="-86.8131445907056331634521484375">
        <ele>0</ele>
        <time>2026-03-19T17:39:27.000Z</time>
        <extensions>
          <ns3:TrackPointExtension>
            <ns3:hr>91</ns3:hr>
          </ns3:TrackPointExtension>
        </extensions>
      </trkpt>
      <trkpt lat="21.32270403206348419189453125" lon="-86.81323134340345859527587890625">
        <ele>0</ele>
        <time>2026-03-19T17:39:29.000Z</time>
        <extensions>
          <ns3:TrackPointExtension>
            <ns3:hr>89</ns3:hr>
          </ns3:TrackPointExtension>
        </extensions>
      </trkpt>
      <trkpt lat="21.3226847536861896514892578125" lon="-86.8132458440959453582763671875">
        <ele>0</ele>
        <time>2026-03-19T17:39:30.000Z</time>
        <extensions>
          <ns3:TrackPointExtension>
            <ns3:hr>87</ns3:hr>
          </ns3:TrackPointExtension>
        </extensions>
      </trkpt>
      <trkpt lat="21.3226317800581455230712890625" lon="-86.813188008964061737060546875">
        <ele>0</ele>
        <time>2026-03-19T17:39:32.000Z</time>
        <extensions>
          <ns3:TrackPointExtension>
            <ns3:hr>87</ns3:hr>
          </ns3:TrackPointExtension>
        </extensions>
      </trkpt>
      <trkpt lat="21.3226099871098995208740234375" lon="-86.8131331913173198699951171875">
        <ele>0</ele>
        <time>2026-03-19T17:39:33.000Z</time>
        <extensions>
          <ns3:TrackPointExtension>
            <ns3:hr>86</ns3:hr>
          </ns3:TrackPointExtension>
        </extensions>
      </trkpt>
      <trkpt lat="21.32258811034262180328369140625" lon="-86.81300603784620761871337890625">
        <ele>0</ele>
        <time>2026-03-19T17:39:35.000Z</time>
        <extensions>
          <ns3:TrackPointExtension>
            <ns3:hr>87</ns3:hr>
          </ns3:TrackPointExtension>
        </extensions>
      </trkpt>
      <trkpt lat="21.32258693687617778778076171875" lon="-86.812715269625186920166015625">
        <ele>0</ele>
        <time>2026-03-19T17:39:39.000Z</time>
        <extensions>
          <ns3:TrackPointExtension>
            <ns3:hr>86</ns3:hr>
          </ns3:TrackPointExtension>
        </extensions>
      </trkpt>
      <trkpt lat="21.322601102292537689208984375" lon="-86.8123734556138515472412109375">
        <ele>0</ele>
        <time>2026-03-19T17:39:44.000Z</time>
        <extensions>
          <ns3:TrackPointExtension>
            <ns3:hr>83</ns3:hr>
          </ns3:TrackPointExtension>
        </extensions>
      </trkpt>
      <trkpt lat="21.32260655052959918975830078125" lon="-86.81218461133539676666259765625">
        <ele>0</ele>
        <time>2026-03-19T17:39:47.000Z</time>
        <extensions>
          <ns3:TrackPointExtension>
            <ns3:hr>84</ns3:hr>
          </ns3:TrackPointExtension>
        </extensions>
      </trkpt>
      <trkpt lat="21.32260118611156940460205078125" lon="-86.8121216632425785064697265625">
        <ele>0</ele>
        <time>2026-03-19T17:39:48.000Z</time>
        <extensions>
          <ns3:TrackPointExtension>
            <ns3:hr>84</ns3:hr>
          </ns3:TrackPointExtension>
        </extensions>
      </trkpt>
      <trkpt lat="21.32257134653627872467041015625" lon="-86.81179150007665157318115234375">
        <ele>0</ele>
        <time>2026-03-19T17:39:53.000Z</time>
        <extensions>
          <ns3:TrackPointExtension>
            <ns3:hr>84</ns3:hr>
          </ns3:TrackPointExtension>
        </extensions>
      </trkpt>
      <trkpt lat="21.3225647248327732086181640625" lon="-86.81126411072909832000732421875">
        <ele>0</ele>
        <time>2026-03-19T17:40:01.000Z</time>
        <extensions>
          <ns3:TrackPointExtension>
            <ns3:hr>83</ns3:hr>
          </ns3:TrackPointExtension>
        </extensions>
      </trkpt>
      <trkpt lat="21.32256179116666316986083984375" lon="-86.81119604967534542083740234375">
        <ele>0</ele>
        <time>2026-03-19T17:40:02.000Z</time>
        <extensions>
          <ns3:TrackPointExtension>
            <ns3:hr>83</ns3:hr>
          </ns3:TrackPointExtension>
        </extensions>
      </trkpt>
      <trkpt lat="21.32257268764078617095947265625" lon="-86.81067234836518764495849609375">
        <ele>0</ele>
        <time>2026-03-19T17:40:10.000Z</time>
        <extensions>
          <ns3:TrackPointExtension>
            <ns3:hr>83</ns3:hr>
          </ns3:TrackPointExtension>
        </extensions>
      </trkpt>
      <trkpt lat="21.3225650601089000701904296875" lon="-86.81028761900961399078369140625">
        <ele>0</ele>
        <time>2026-03-19T17:40:16.000Z</time>
        <extensions>
          <ns3:TrackPointExtension>
            <ns3:hr>80</ns3:hr>
          </ns3:TrackPointExtension>
        </extensions>
      </trkpt>
      <trkpt lat="21.3225707598030567169189453125" lon="-86.81008980609476566314697265625">
        <ele>0</ele>
        <time>2026-03-19T17:40:19.000Z</time>
        <extensions>
          <ns3:TrackPointExtension>
            <ns3:hr>81</ns3:hr>
          </ns3:TrackPointExtension>
        </extensions>
      </trkpt>
      <trkpt lat="21.322590373456478118896484375" lon="-86.80991311557590961456298828125">
        <ele>0</ele>
        <time>2026-03-19T17:40:22.000Z</time>
        <extensions>
          <ns3:TrackPointExtension>
            <ns3:hr>84</ns3:hr>
          </ns3:TrackPointExtension>
        </extensions>
      </trkpt>
      <trkpt lat="21.32259632460772991180419921875" lon="-86.80980599485337734222412109375">
        <ele>0</ele>
        <time>2026-03-19T17:40:24.000Z</time>
        <extensions>
          <ns3:TrackPointExtension>
            <ns3:hr>81</ns3:hr>
          </ns3:TrackPointExtension>
        </extensions>
      </trkpt>
      <trkpt lat="21.32258945144712924957275390625" lon="-86.80969686247408390045166015625">
        <ele>0</ele>
        <time>2026-03-19T17:40:26.000Z</time>
        <extensions>
          <ns3:TrackPointExtension>
            <ns3:hr>82</ns3:hr>
          </ns3:TrackPointExtension>
        </extensions>
      </trkpt>
      <trkpt lat="21.32256698794662952423095703125" lon="-86.809197552502155303955078125">
        <ele>7</ele>
        <time>2026-03-19T17:40:34.000Z</time>
        <extensions>
          <ns3:TrackPointExtension>
            <ns3:hr>82</ns3:hr>
          </ns3:TrackPointExtension>
        </extensions>
      </trkpt>
      <trkpt lat="21.32256899960339069366455078125" lon="-86.809086240828037261962890625">
        <ele>5.599999904632568359375</ele>
        <time>2026-03-19T17:40:36.000Z</time>
        <extensions>
          <ns3:TrackPointExtension>
            <ns3:hr>83</ns3:hr>
          </ns3:TrackPointExtension>
        </extensions>
      </trkpt>
      <trkpt lat="21.32255944423377513885498046875" lon="-86.80901147425174713134765625">
        <ele>4</ele>
        <time>2026-03-19T17:40:38.000Z</time>
        <extensions>
          <ns3:TrackPointExtension>
            <ns3:hr>83</ns3:hr>
          </ns3:TrackPointExtension>
        </extensions>
      </trkpt>
      <trkpt lat="21.3225392438471317291259765625" lon="-86.8089861609041690826416015625">
        <ele>3.599999904632568359375</ele>
        <time>2026-03-19T17:40:41.000Z</time>
        <extensions>
          <ns3:TrackPointExtension>
            <ns3:hr>83</ns3:hr>
          </ns3:TrackPointExtension>
        </extensions>
      </trkpt>
      <trkpt lat="21.3225110806524753570556640625" lon="-86.8089539743959903717041015625">
        <ele>4</ele>
        <time>2026-03-19T17:40:48.000Z</time>
        <extensions>
          <ns3:TrackPointExtension>
            <ns3:hr>86</ns3:hr>
          </ns3:TrackPointExtension>
        </extensions>
      </trkpt>
      <trkpt lat="21.32250948809087276458740234375" lon="-86.80894986726343631744384765625">
        <ele>4</ele>
        <time>2026-03-19T17:40:49.000Z</time>
        <extensions>
          <ns3:TrackPointExtension>
            <ns3:hr>83</ns3:hr>
          </ns3:TrackPointExtension>
        </extensions>
      </trkpt>
      <trkpt lat="21.3224916346371173858642578125" lon="-86.80891969241201877593994140625">
        <ele>4.400000095367431640625</ele>
        <time>2026-03-19T17:40:55.000Z</time>
        <extensions>
          <ns3:TrackPointExtension>
            <ns3:hr>83</ns3:hr>
          </ns3:TrackPointExtension>
        </extensions>
      </trkpt>
      <trkpt lat="21.3224842585623264312744140625" lon="-86.8088725022971630096435546875">
        <ele>4</ele>
        <time>2026-03-19T17:41:05.000Z</time>
        <extensions>
          <ns3:TrackPointExtension>
            <ns3:hr>81</ns3:hr>
          </ns3:TrackPointExtension>
        </extensions>
      </trkpt>
      <trkpt lat="21.322476379573345184326171875" lon="-86.80882883258163928985595703125">
        <ele>3.7999999523162841796875</ele>
        <time>2026-03-19T17:41:12.000Z</time>
        <extensions>
          <ns3:TrackPointExtension>
            <ns3:hr>82</ns3:hr>
          </ns3:TrackPointExtension>
        </extensions>
      </trkpt>
      <trkpt lat="21.3224606215953826904296875" lon="-86.80882908403873443603515625">
        <ele>3.7999999523162841796875</ele>
        <time>2026-03-19T17:41:18.000Z</time>
        <extensions>
          <ns3:TrackPointExtension>
            <ns3:hr>80</ns3:hr>
          </ns3:TrackPointExtension>
        </extensions>
      </trkpt>
      <trkpt lat="21.32246439345180988311767578125" lon="-86.80880335159599781036376953125">
        <ele>3.599999904632568359375</ele>
        <time>2026-03-19T17:41:25.000Z</time>
        <extensions>
          <ns3:TrackPointExtension>
            <ns3:hr>80</ns3:hr>
          </ns3:TrackPointExtension>
        </extensions>
      </trkpt>
      <trkpt lat="21.32246397435665130615234375" lon="-86.80880033411085605621337890625">
        <ele>3.599999904632568359375</ele>
        <time>2026-03-19T17:41:36.000Z</time>
        <extensions>
          <ns3:TrackPointExtension>
            <ns3:hr>79</ns3:hr>
          </ns3:TrackPointExtension>
        </extensions>
      </trkpt>
      <trkpt lat="21.32246397435665130615234375" lon="-86.80880033411085605621337890625">
        <ele>3.599999904632568359375</ele>
        <time>2026-03-19T17:41:42.000Z</time>
        <extensions>
          <ns3:TrackPointExtension>
            <ns3:hr>82</ns3:hr>
          </ns3:TrackPointExtension>
        </extensions>
      </trkpt>
      <trkpt lat="21.32246397435665130615234375" lon="-86.80880033411085605621337890625">
        <ele>3.599999904632568359375</ele>
        <time>2026-03-19T17:41:44.000Z</time>
        <extensions>
          <ns3:TrackPointExtension>
            <ns3:hr>79</ns3:hr>
          </ns3:TrackPointExtension>
        </extensions>
      </trkpt>
      <trkpt lat="21.32246397435665130615234375" lon="-86.80879195220768451690673828125">
        <ele>3.599999904632568359375</ele>
        <time>2026-03-19T17:41:52.000Z</time>
        <extensions>
          <ns3:TrackPointExtension>
            <ns3:hr>84</ns3:hr>
          </ns3:TrackPointExtension>
        </extensions>
      </trkpt>
      <trkpt lat="21.32246439345180988311767578125" lon="-86.80879195220768451690673828125">
        <ele>3.599999904632568359375</ele>
        <time>2026-03-19T17:41:53.000Z</time>
        <extensions>
          <ns3:TrackPointExtension>
            <ns3:hr>81</ns3:hr>
          </ns3:TrackPointExtension>
        </extensions>
      </trkpt>
      <trkpt lat="21.32246422581374645233154296875" lon="-86.8087960593402385711669921875">
        <ele>3.599999904632568359375</ele>
        <time>2026-03-19T17:42:08.000Z</time>
        <extensions>
          <ns3:TrackPointExtension>
            <ns3:hr>78</ns3:hr>
          </ns3:TrackPointExtension>
        </extensions>
      </trkpt>
      <trkpt lat="21.32246422581374645233154296875" lon="-86.80879614315927028656005859375">
        <ele>3.599999904632568359375</ele>
        <time>2026-03-19T17:42:12.000Z</time>
        <extensions>
          <ns3:TrackPointExtension>
            <ns3:hr>81</ns3:hr>
          </ns3:TrackPointExtension>
        </extensions>
      </trkpt>
      <trkpt lat="21.322438828647136688232421875" lon="-86.80881290696561336517333984375">
        <ele>3.7999999523162841796875</ele>
        <time>2026-03-19T17:42:30.000Z</time>
        <extensions>
          <ns3:TrackPointExtension>
            <ns3:hr>85</ns3:hr>
          </ns3:TrackPointExtension>
        </extensions>
      </trkpt>
      <trkpt lat="21.322403959929943084716796875" lon="-86.80883117951452732086181640625">
        <ele>3.7999999523162841796875</ele>
        <time>2026-03-19T17:42:33.000Z</time>
        <extensions>
          <ns3:TrackPointExtension>
            <ns3:hr>86</ns3:hr>
          </ns3:TrackPointExtension>
        </extensions>
      </trkpt>
      <trkpt lat="21.3223819993436336517333984375" lon="-86.8088565766811370849609375">
        <ele>4</ele>
        <time>2026-03-19T17:42:35.000Z</time>
        <extensions>
          <ns3:TrackPointExtension>
            <ns3:hr>87</ns3:hr>
          </ns3:TrackPointExtension>
        </extensions>
      </trkpt>
      <trkpt lat="21.32236984558403491973876953125" lon="-86.80888314731419086456298828125">
        <ele>4</ele>
        <time>2026-03-19T17:42:38.000Z</time>
        <extensions>
          <ns3:TrackPointExtension>
            <ns3:hr>85</ns3:hr>
          </ns3:TrackPointExtension>
        </extensions>
      </trkpt>
      <trkpt lat="21.3223721086978912353515625" lon="-86.8088833987712860107421875">
        <ele>4</ele>
        <time>2026-03-19T17:42:39.000Z</time>
        <extensions>
          <ns3:TrackPointExtension>
            <ns3:hr>82</ns3:hr>
          </ns3:TrackPointExtension>
        </extensions>
      </trkpt>
      <trkpt lat="21.32237319834530353546142578125" lon="-86.8088842369616031646728515625">
        <ele>4</ele>
        <time>2026-03-19T17:42:40.000Z</time>
        <extensions>
          <ns3:TrackPointExtension>
            <ns3:hr>82</ns3:hr>
          </ns3:TrackPointExtension>
        </extensions>
      </trkpt>
      <trkpt lat="21.3223665766417980194091796875" lon="-86.80886219255626201629638671875">
        <ele>3.7999999523162841796875</ele>
        <time>2026-03-19T17:42:45.000Z</time>
        <extensions>
          <ns3:TrackPointExtension>
            <ns3:hr>82</ns3:hr>
          </ns3:TrackPointExtension>
        </extensions>
      </trkpt>
      <trkpt lat="21.322362720966339111328125" lon="-86.8088523857295513153076171875">
        <ele>3.7999999523162841796875</ele>
        <time>2026-03-19T17:42:46.000Z</time>
        <extensions>
          <ns3:TrackPointExtension>
            <ns3:hr>83</ns3:hr>
          </ns3:TrackPointExtension>
        </extensions>
      </trkpt>
      <trkpt lat="21.32235073484480381011962890625" lon="-86.80881299078464508056640625">
        <ele>3.400000095367431640625</ele>
        <time>2026-03-19T17:42:54.000Z</time>
        <extensions>
          <ns3:TrackPointExtension>
            <ns3:hr>84</ns3:hr>
          </ns3:TrackPointExtension>
        </extensions>
      </trkpt>
      <trkpt lat="21.32235073484480381011962890625" lon="-86.80881299078464508056640625">
        <ele>3.400000095367431640625</ele>
        <time>2026-03-19T17:43:02.000Z</time>
        <extensions>
          <ns3:TrackPointExtension>
            <ns3:hr>81</ns3:hr>
          </ns3:TrackPointExtension>
        </extensions>
      </trkpt>
      <trkpt lat="21.32235073484480381011962890625" lon="-86.80881299078464508056640625">
        <ele>3.400000095367431640625</ele>
        <time>2026-03-19T17:43:04.000Z</time>
        <extensions>
          <ns3:TrackPointExtension>
            <ns3:hr>78</ns3:hr>
          </ns3:TrackPointExtension>
        </extensions>
      </trkpt>
      <trkpt lat="21.32235073484480381011962890625" lon="-86.80881299078464508056640625">
        <ele>3.400000095367431640625</ele>
        <time>2026-03-19T17:43:09.000Z</time>
        <extensions>
          <ns3:TrackPointExtension>
            <ns3:hr>81</ns3:hr>
          </ns3:TrackPointExtension>
        </extensions>
      </trkpt>
      <trkpt lat="21.32234084419906139373779296875" lon="-86.80881089530885219573974609375">
        <ele>3.400000095367431640625</ele>
        <time>2026-03-19T17:43:15.000Z</time>
        <extensions>
          <ns3:TrackPointExtension>
            <ns3:hr>84</ns3:hr>
          </ns3:TrackPointExtension>
        </extensions>
      </trkpt>
      <trkpt lat="21.32227915339171886444091796875" lon="-86.80872984230518341064453125">
        <ele>3.2000000476837158203125</ele>
        <time>2026-03-19T17:43:39.000Z</time>
        <extensions>
          <ns3:TrackPointExtension>
            <ns3:hr>81</ns3:hr>
          </ns3:TrackPointExtension>
        </extensions>
      </trkpt>
      <trkpt lat="21.32227865047752857208251953125" lon="-86.80870838463306427001953125">
        <ele>3</ele>
        <time>2026-03-19T17:43:45.000Z</time>
        <extensions>
          <ns3:TrackPointExtension>
            <ns3:hr>84</ns3:hr>
          </ns3:TrackPointExtension>
        </extensions>
      </trkpt>
      <trkpt lat="21.3222834281623363494873046875" lon="-86.80865415371954441070556640625">
        <ele>2.7999999523162841796875</ele>
        <time>2026-03-19T17:44:11.000Z</time>
        <extensions>
          <ns3:TrackPointExtension>
            <ns3:hr>87</ns3:hr>
          </ns3:TrackPointExtension>
        </extensions>
      </trkpt>
      <trkpt lat="21.322276890277862548828125" lon="-86.80864074267446994781494140625">
        <ele>2.7999999523162841796875</ele>
        <time>2026-03-19T17:44:15.000Z</time>
        <extensions>
          <ns3:TrackPointExtension>
            <ns3:hr>87</ns3:hr>
          </ns3:TrackPointExtension>
        </extensions>
      </trkpt>
      <trkpt lat="21.32226708345115184783935546875" lon="-86.80863730609416961669921875">
        <ele>2.7999999523162841796875</ele>
        <time>2026-03-19T17:44:17.000Z</time>
        <extensions>
          <ns3:TrackPointExtension>
            <ns3:hr>87</ns3:hr>
          </ns3:TrackPointExtension>
        </extensions>
      </trkpt>
      <trkpt lat="21.3222804106771945953369140625" lon="-86.8086247332394123077392578125">
        <ele>2.7999999523162841796875</ele>
        <time>2026-03-19T17:44:23.000Z</time>
        <extensions>
          <ns3:TrackPointExtension>
            <ns3:hr>88</ns3:hr>
          </ns3:TrackPointExtension>
        </extensions>
      </trkpt>
      <trkpt lat="21.32228535600006580352783203125" lon="-86.80862850509583950042724609375">
        <ele>2.7999999523162841796875</ele>
        <time>2026-03-19T17:44:28.000Z</time>
        <extensions>
          <ns3:TrackPointExtension>
            <ns3:hr>84</ns3:hr>
          </ns3:TrackPointExtension>
        </extensions>
      </trkpt>
      <trkpt lat="21.32228535600006580352783203125" lon="-86.80862850509583950042724609375">
        <ele>2.7999999523162841796875</ele>
        <time>2026-03-19T17:44:29.000Z</time>
        <extensions>
          <ns3:TrackPointExtension>
            <ns3:hr>83</ns3:hr>
          </ns3:TrackPointExtension>
        </extensions>
      </trkpt>
      <trkpt lat="21.32228158414363861083984375" lon="-86.80862850509583950042724609375">
        <ele>2.7999999523162841796875</ele>
        <time>2026-03-19T17:44:39.000Z</time>
        <extensions>
          <ns3:TrackPointExtension>
            <ns3:hr>86</ns3:hr>
          </ns3:TrackPointExtension>
        </extensions>
      </trkpt>
    </trkseg>
  </trk>
</gpx>
