<?xml version="1.0" encoding="UTF-8"?>
<gpx creator="Garmin Connect" version="1.1"
  xsi:schemaLocation="http://www.topografix.com/GPX/1/1 http://www.topografix.com/GPX/11.xsd"
  xmlns:ns3="http://www.garmin.com/xmlschemas/TrackPointExtension/v1"
  xmlns="http://www.topografix.com/GPX/1/1"
  xmlns:xsi="http://www.w3.org/2001/XMLSchema-instance" xmlns:ns2="http://www.garmin.com/xmlschemas/GpxExtensions/v3">
  <metadata>
    <link href="connect.garmin.com">
      <text>Garmin Connect</text>
    </link>
    <time>2026-03-16T16:32:16.000Z</time>
  </metadata>
  <trk>
    <name>Kite</name>
    <desc></desc>
    <type>kiteboarding_v2</type>
    <trkseg>
      <trkpt lat="21.3359174318611621856689453125" lon="-86.8026336841285228729248046875">
        <ele>0</ele>
        <time>2026-03-16T16:32:16.000Z</time>
        <extensions>
          <ns3:TrackPointExtension>
            <ns3:hr>112</ns3:hr>
          </ns3:TrackPointExtension>
        </extensions>
      </trkpt>
      <trkpt lat="21.335929334163665771484375" lon="-86.80265170522034168243408203125">
        <ele>0</ele>
        <time>2026-03-16T16:32:17.000Z</time>
        <extensions>
          <ns3:TrackPointExtension>
            <ns3:hr>112</ns3:hr>
          </ns3:TrackPointExtension>
        </extensions>
      </trkpt>
      <trkpt lat="21.3359184376895427703857421875" lon="-86.80270291864871978759765625">
        <ele>0</ele>
        <time>2026-03-16T16:32:21.000Z</time>
        <extensions>
          <ns3:TrackPointExtension>
            <ns3:hr>110</ns3:hr>
          </ns3:TrackPointExtension>
        </extensions>
      </trkpt>
      <trkpt lat="21.33591969497501850128173828125" lon="-86.80272948928177356719970703125">
        <ele>0</ele>
        <time>2026-03-16T16:32:26.000Z</time>
        <extensions>
          <ns3:TrackPointExtension>
            <ns3:hr>107</ns3:hr>
          </ns3:TrackPointExtension>
        </extensions>
      </trkpt>
      <trkpt lat="21.33591969497501850128173828125" lon="-86.80273133330047130584716796875">
        <ele>0</ele>
        <time>2026-03-16T16:32:27.000Z</time>
        <extensions>
          <ns3:TrackPointExtension>
            <ns3:hr>107</ns3:hr>
          </ns3:TrackPointExtension>
        </extensions>
      </trkpt>
      <trkpt lat="21.3359331898391246795654296875" lon="-86.8027708120644092559814453125">
        <ele>0</ele>
        <time>2026-03-16T16:32:36.000Z</time>
        <extensions>
          <ns3:TrackPointExtension>
            <ns3:hr>104</ns3:hr>
          </ns3:TrackPointExtension>
        </extensions>
      </trkpt>
      <trkpt lat="21.33593981154263019561767578125" lon="-86.8027812056243419647216796875">
        <ele>0</ele>
        <time>2026-03-16T16:32:37.000Z</time>
        <extensions>
          <ns3:TrackPointExtension>
            <ns3:hr>107</ns3:hr>
          </ns3:TrackPointExtension>
        </extensions>
      </trkpt>
      <trkpt lat="21.33596311323344707489013671875" lon="-86.8027865700423717498779296875">
        <ele>0</ele>
        <time>2026-03-16T16:32:38.000Z</time>
        <extensions>
          <ns3:TrackPointExtension>
            <ns3:hr>107</ns3:hr>
          </ns3:TrackPointExtension>
        </extensions>
      </trkpt>
      <trkpt lat="21.3360250554978847503662109375" lon="-86.8027325905859470367431640625">
        <ele>0</ele>
        <time>2026-03-16T16:32:40.000Z</time>
        <extensions>
          <ns3:TrackPointExtension>
            <ns3:hr>107</ns3:hr>
          </ns3:TrackPointExtension>
        </extensions>
      </trkpt>
      <trkpt lat="21.33604994975030422210693359375" lon="-86.8026869930326938629150390625">
        <ele>0</ele>
        <time>2026-03-16T16:32:41.000Z</time>
        <extensions>
          <ns3:TrackPointExtension>
            <ns3:hr>107</ns3:hr>
          </ns3:TrackPointExtension>
        </extensions>
      </trkpt>
      <trkpt lat="21.3361279852688312530517578125" lon="-86.8025180138647556304931640625">
        <ele>0</ele>
        <time>2026-03-16T16:32:44.000Z</time>
        <extensions>
          <ns3:TrackPointExtension>
            <ns3:hr>107</ns3:hr>
          </ns3:TrackPointExtension>
        </extensions>
      </trkpt>
      <trkpt lat="21.33630107156932353973388671875" lon="-86.80217796005308628082275390625">
        <ele>0</ele>
        <time>2026-03-16T16:32:49.000Z</time>
        <extensions>
          <ns3:TrackPointExtension>
            <ns3:hr>109</ns3:hr>
          </ns3:TrackPointExtension>
        </extensions>
      </trkpt>
      <trkpt lat="21.33637349121272563934326171875" lon="-86.80204586125910282135009765625">
        <ele>0</ele>
        <time>2026-03-16T16:32:51.000Z</time>
        <extensions>
          <ns3:TrackPointExtension>
            <ns3:hr>110</ns3:hr>
          </ns3:TrackPointExtension>
        </extensions>
      </trkpt>
      <trkpt lat="21.33652118034660816192626953125" lon="-86.80184402503073215484619140625">
        <ele>0</ele>
        <time>2026-03-16T16:32:54.000Z</time>
        <extensions>
          <ns3:TrackPointExtension>
            <ns3:hr>109</ns3:hr>
          </ns3:TrackPointExtension>
        </extensions>
      </trkpt>
      <trkpt lat="21.33664623834192752838134765625" lon="-86.8016419373452663421630859375">
        <ele>0</ele>
        <time>2026-03-16T16:32:57.000Z</time>
        <extensions>
          <ns3:TrackPointExtension>
            <ns3:hr>109</ns3:hr>
          </ns3:TrackPointExtension>
        </extensions>
      </trkpt>
      <trkpt lat="21.3367259502410888671875" lon="-86.80153372697532176971435546875">
        <ele>0</ele>
        <time>2026-03-16T16:32:59.000Z</time>
        <extensions>
          <ns3:TrackPointExtension>
            <ns3:hr>107</ns3:hr>
          </ns3:TrackPointExtension>
        </extensions>
      </trkpt>
      <trkpt lat="21.33691512979567050933837890625" lon="-86.80112577974796295166015625">
        <ele>0</ele>
        <time>2026-03-16T16:33:05.000Z</time>
        <extensions>
          <ns3:TrackPointExtension>
            <ns3:hr>108</ns3:hr>
          </ns3:TrackPointExtension>
        </extensions>
      </trkpt>
      <trkpt lat="21.33700280450284481048583984375" lon="-86.8007769249379634857177734375">
        <ele>0</ele>
        <time>2026-03-16T16:33:10.000Z</time>
        <extensions>
          <ns3:TrackPointExtension>
            <ns3:hr>107</ns3:hr>
          </ns3:TrackPointExtension>
        </extensions>
      </trkpt>
      <trkpt lat="21.3370255194604396820068359375" lon="-86.80071665905416011810302734375">
        <ele>0</ele>
        <time>2026-03-16T16:33:11.000Z</time>
        <extensions>
          <ns3:TrackPointExtension>
            <ns3:hr>108</ns3:hr>
          </ns3:TrackPointExtension>
        </extensions>
      </trkpt>
      <trkpt lat="21.33713138289749622344970703125" lon="-86.8004339374601840972900390625">
        <ele>0</ele>
        <time>2026-03-16T16:33:15.000Z</time>
        <extensions>
          <ns3:TrackPointExtension>
            <ns3:hr>106</ns3:hr>
          </ns3:TrackPointExtension>
        </extensions>
      </trkpt>
      <trkpt lat="21.33722425438463687896728515625" lon="-86.80005650036036968231201171875">
        <ele>0</ele>
        <time>2026-03-16T16:33:20.000Z</time>
        <extensions>
          <ns3:TrackPointExtension>
            <ns3:hr>103</ns3:hr>
          </ns3:TrackPointExtension>
        </extensions>
      </trkpt>
      <trkpt lat="21.33725543506443500518798828125" lon="-86.7999112419784069061279296875">
        <ele>0</ele>
        <time>2026-03-16T16:33:22.000Z</time>
        <extensions>
          <ns3:TrackPointExtension>
            <ns3:hr>102</ns3:hr>
          </ns3:TrackPointExtension>
        </extensions>
      </trkpt>
      <trkpt lat="21.33727773092687129974365234375" lon="-86.79983823560178279876708984375">
        <ele>0</ele>
        <time>2026-03-16T16:33:23.000Z</time>
        <extensions>
          <ns3:TrackPointExtension>
            <ns3:hr>101</ns3:hr>
          </ns3:TrackPointExtension>
        </extensions>
      </trkpt>
      <trkpt lat="21.33735551498830318450927734375" lon="-86.7995494790375232696533203125">
        <ele>0</ele>
        <time>2026-03-16T16:33:28.000Z</time>
        <extensions>
          <ns3:TrackPointExtension>
            <ns3:hr>101</ns3:hr>
          </ns3:TrackPointExtension>
        </extensions>
      </trkpt>
      <trkpt lat="21.33745484054088592529296875" lon="-86.79910364560782909393310546875">
        <ele>0</ele>
        <time>2026-03-16T16:33:34.000Z</time>
        <extensions>
          <ns3:TrackPointExtension>
            <ns3:hr>98</ns3:hr>
          </ns3:TrackPointExtension>
        </extensions>
      </trkpt>
      <trkpt lat="21.3374717719852924346923828125" lon="-86.79903365671634674072265625">
        <ele>0</ele>
        <time>2026-03-16T16:33:35.000Z</time>
        <extensions>
          <ns3:TrackPointExtension>
            <ns3:hr>98</ns3:hr>
          </ns3:TrackPointExtension>
        </extensions>
      </trkpt>
      <trkpt lat="21.33760931901633739471435546875" lon="-86.79854507558047771453857421875">
        <ele>0</ele>
        <time>2026-03-16T16:33:42.000Z</time>
        <extensions>
          <ns3:TrackPointExtension>
            <ns3:hr>100</ns3:hr>
          </ns3:TrackPointExtension>
        </extensions>
      </trkpt>
      <trkpt lat="21.33784485049545764923095703125" lon="-86.7980652116239070892333984375">
        <ele>0</ele>
        <time>2026-03-16T16:33:49.000Z</time>
        <extensions>
          <ns3:TrackPointExtension>
            <ns3:hr>102</ns3:hr>
          </ns3:TrackPointExtension>
        </extensions>
      </trkpt>
      <trkpt lat="21.3378791324794292449951171875" lon="-86.79801785387098789215087890625">
        <ele>0</ele>
        <time>2026-03-16T16:33:50.000Z</time>
        <extensions>
          <ns3:TrackPointExtension>
            <ns3:hr>102</ns3:hr>
          </ns3:TrackPointExtension>
        </extensions>
      </trkpt>
      <trkpt lat="21.33796135894954204559326171875" lon="-86.797954402863979339599609375">
        <ele>0</ele>
        <time>2026-03-16T16:33:52.000Z</time>
        <extensions>
          <ns3:TrackPointExtension>
            <ns3:hr>103</ns3:hr>
          </ns3:TrackPointExtension>
        </extensions>
      </trkpt>
      <trkpt lat="21.33800058625638484954833984375" lon="-86.797917522490024566650390625">
        <ele>0</ele>
        <time>2026-03-16T16:33:53.000Z</time>
        <extensions>
          <ns3:TrackPointExtension>
            <ns3:hr>104</ns3:hr>
          </ns3:TrackPointExtension>
        </extensions>
      </trkpt>
      <trkpt lat="21.3380796276032924652099609375" lon="-86.79783563129603862762451171875">
        <ele>0</ele>
        <time>2026-03-16T16:33:55.000Z</time>
        <extensions>
          <ns3:TrackPointExtension>
            <ns3:hr>105</ns3:hr>
          </ns3:TrackPointExtension>
        </extensions>
      </trkpt>
      <trkpt lat="21.33815892040729522705078125" lon="-86.797732450067996978759765625">
        <ele>0</ele>
        <time>2026-03-16T16:33:57.000Z</time>
        <extensions>
          <ns3:TrackPointExtension>
            <ns3:hr>105</ns3:hr>
          </ns3:TrackPointExtension>
        </extensions>
      </trkpt>
      <trkpt lat="21.338226981461048126220703125" lon="-86.797616444528102874755859375">
        <ele>0</ele>
        <time>2026-03-16T16:33:59.000Z</time>
        <extensions>
          <ns3:TrackPointExtension>
            <ns3:hr>107</ns3:hr>
          </ns3:TrackPointExtension>
        </extensions>
      </trkpt>
      <trkpt lat="21.338286660611629486083984375" lon="-86.7975334636867046356201171875">
        <ele>0</ele>
        <time>2026-03-16T16:34:01.000Z</time>
        <extensions>
          <ns3:TrackPointExtension>
            <ns3:hr>108</ns3:hr>
          </ns3:TrackPointExtension>
        </extensions>
      </trkpt>
      <trkpt lat="21.3383555598556995391845703125" lon="-86.79752013646066188812255859375">
        <ele>0</ele>
        <time>2026-03-16T16:34:04.000Z</time>
        <extensions>
          <ns3:TrackPointExtension>
            <ns3:hr>109</ns3:hr>
          </ns3:TrackPointExtension>
        </extensions>
      </trkpt>
      <trkpt lat="21.33834575302898883819580078125" lon="-86.79755307734012603759765625">
        <ele>0</ele>
        <time>2026-03-16T16:34:08.000Z</time>
        <extensions>
          <ns3:TrackPointExtension>
            <ns3:hr>110</ns3:hr>
          </ns3:TrackPointExtension>
        </extensions>
      </trkpt>
      <trkpt lat="21.33833267726004123687744140625" lon="-86.79757981561124324798583984375">
        <ele>0</ele>
        <time>2026-03-16T16:34:10.000Z</time>
        <extensions>
          <ns3:TrackPointExtension>
            <ns3:hr>110</ns3:hr>
          </ns3:TrackPointExtension>
        </extensions>
      </trkpt>
      <trkpt lat="21.33831775747239589691162109375" lon="-86.79761166684329509735107421875">
        <ele>0</ele>
        <time>2026-03-16T16:34:13.000Z</time>
        <extensions>
          <ns3:TrackPointExtension>
            <ns3:hr>109</ns3:hr>
          </ns3:TrackPointExtension>
        </extensions>
      </trkpt>
      <trkpt lat="21.33830719627439975738525390625" lon="-86.7977227270603179931640625">
        <ele>0</ele>
        <time>2026-03-16T16:34:18.000Z</time>
        <extensions>
          <ns3:TrackPointExtension>
            <ns3:hr>110</ns3:hr>
          </ns3:TrackPointExtension>
        </extensions>
      </trkpt>
      <trkpt lat="21.33827802725136280059814453125" lon="-86.7978352122008800506591796875">
        <ele>0</ele>
        <time>2026-03-16T16:34:23.000Z</time>
        <extensions>
          <ns3:TrackPointExtension>
            <ns3:hr>112</ns3:hr>
          </ns3:TrackPointExtension>
        </extensions>
      </trkpt>
      <trkpt lat="21.338293366134166717529296875" lon="-86.79799069650471210479736328125">
        <ele>0</ele>
        <time>2026-03-16T16:34:27.000Z</time>
        <extensions>
          <ns3:TrackPointExtension>
            <ns3:hr>111</ns3:hr>
          </ns3:TrackPointExtension>
        </extensions>
      </trkpt>
      <trkpt lat="21.33824131451547145843505859375" lon="-86.7983314208686351776123046875">
        <ele>0</ele>
        <time>2026-03-16T16:34:33.000Z</time>
        <extensions>
          <ns3:TrackPointExtension>
            <ns3:hr>112</ns3:hr>
          </ns3:TrackPointExtension>
        </extensions>
      </trkpt>
      <trkpt lat="21.33819705806672573089599609375" lon="-86.79846762679517269134521484375">
        <ele>0</ele>
        <time>2026-03-16T16:34:35.000Z</time>
        <extensions>
          <ns3:TrackPointExtension>
            <ns3:hr>112</ns3:hr>
          </ns3:TrackPointExtension>
        </extensions>
      </trkpt>
      <trkpt lat="21.33813318796455860137939453125" lon="-86.79859452880918979644775390625">
        <ele>0</ele>
        <time>2026-03-16T16:34:37.000Z</time>
        <extensions>
          <ns3:TrackPointExtension>
            <ns3:hr>112</ns3:hr>
          </ns3:TrackPointExtension>
        </extensions>
      </trkpt>
      <trkpt lat="21.33798055350780487060546875" lon="-86.79894975386559963226318359375">
        <ele>0</ele>
        <time>2026-03-16T16:34:43.000Z</time>
        <extensions>
          <ns3:TrackPointExtension>
            <ns3:hr>112</ns3:hr>
          </ns3:TrackPointExtension>
        </extensions>
      </trkpt>
      <trkpt lat="21.33790905587375164031982421875" lon="-86.79908822290599346160888671875">
        <ele>0</ele>
        <time>2026-03-16T16:34:46.000Z</time>
        <extensions>
          <ns3:TrackPointExtension>
            <ns3:hr>112</ns3:hr>
          </ns3:TrackPointExtension>
        </extensions>
      </trkpt>
      <trkpt lat="21.33786479942500591278076171875" lon="-86.79918712936341762542724609375">
        <ele>0</ele>
        <time>2026-03-16T16:34:48.000Z</time>
        <extensions>
          <ns3:TrackPointExtension>
            <ns3:hr>112</ns3:hr>
          </ns3:TrackPointExtension>
        </extensions>
      </trkpt>
      <trkpt lat="21.33780411444604396820068359375" lon="-86.799314953386783599853515625">
        <ele>0</ele>
        <time>2026-03-16T16:34:51.000Z</time>
        <extensions>
          <ns3:TrackPointExtension>
            <ns3:hr>112</ns3:hr>
          </ns3:TrackPointExtension>
        </extensions>
      </trkpt>
      <trkpt lat="21.33778852410614490509033203125" lon="-86.7993615567684173583984375">
        <ele>0</ele>
        <time>2026-03-16T16:34:52.000Z</time>
        <extensions>
          <ns3:TrackPointExtension>
            <ns3:hr>111</ns3:hr>
          </ns3:TrackPointExtension>
        </extensions>
      </trkpt>
      <trkpt lat="21.3376816548407077789306640625" lon="-86.79971736855804920196533203125">
        <ele>0</ele>
        <time>2026-03-16T16:34:58.000Z</time>
        <extensions>
          <ns3:TrackPointExtension>
            <ns3:hr>108</ns3:hr>
          </ns3:TrackPointExtension>
        </extensions>
      </trkpt>
      <trkpt lat="21.33761317469179630279541015625" lon="-86.8001402355730533599853515625">
        <ele>0</ele>
        <time>2026-03-16T16:35:04.000Z</time>
        <extensions>
          <ns3:TrackPointExtension>
            <ns3:hr>106</ns3:hr>
          </ns3:TrackPointExtension>
        </extensions>
      </trkpt>
      <trkpt lat="21.3374809920787811279296875" lon="-86.80052270181477069854736328125">
        <ele>0</ele>
        <time>2026-03-16T16:35:10.000Z</time>
        <extensions>
          <ns3:TrackPointExtension>
            <ns3:hr>105</ns3:hr>
          </ns3:TrackPointExtension>
        </extensions>
      </trkpt>
      <trkpt lat="21.33736641146242618560791015625" lon="-86.80083551444113254547119140625">
        <ele>0</ele>
        <time>2026-03-16T16:35:15.000Z</time>
        <extensions>
          <ns3:TrackPointExtension>
            <ns3:hr>104</ns3:hr>
          </ns3:TrackPointExtension>
        </extensions>
      </trkpt>
      <trkpt lat="21.337338499724864959716796875" lon="-86.80087759159505367279052734375">
        <ele>0</ele>
        <time>2026-03-16T16:35:16.000Z</time>
        <extensions>
          <ns3:TrackPointExtension>
            <ns3:hr>103</ns3:hr>
          </ns3:TrackPointExtension>
        </extensions>
      </trkpt>
      <trkpt lat="21.33729550056159496307373046875" lon="-86.80095420219004154205322265625">
        <ele>0</ele>
        <time>2026-03-16T16:35:18.000Z</time>
        <extensions>
          <ns3:TrackPointExtension>
            <ns3:hr>102</ns3:hr>
          </ns3:TrackPointExtension>
        </extensions>
      </trkpt>
      <trkpt lat="21.33726465515792369842529296875" lon="-86.8010273762047290802001953125">
        <ele>0</ele>
        <time>2026-03-16T16:35:20.000Z</time>
        <extensions>
          <ns3:TrackPointExtension>
            <ns3:hr>101</ns3:hr>
          </ns3:TrackPointExtension>
        </extensions>
      </trkpt>
      <trkpt lat="21.33723481558263301849365234375" lon="-86.8011108599603176116943359375">
        <ele>0</ele>
        <time>2026-03-16T16:35:22.000Z</time>
        <extensions>
          <ns3:TrackPointExtension>
            <ns3:hr>101</ns3:hr>
          </ns3:TrackPointExtension>
        </extensions>
      </trkpt>
      <trkpt lat="21.337163150310516357421875" lon="-86.8013143725693225860595703125">
        <ele>0</ele>
        <time>2026-03-16T16:35:26.000Z</time>
        <extensions>
          <ns3:TrackPointExtension>
            <ns3:hr>99</ns3:hr>
          </ns3:TrackPointExtension>
        </extensions>
      </trkpt>
      <trkpt lat="21.337142027914524078369140625" lon="-86.80137178860604763031005859375">
        <ele>0</ele>
        <time>2026-03-16T16:35:27.000Z</time>
        <extensions>
          <ns3:TrackPointExtension>
            <ns3:hr>99</ns3:hr>
          </ns3:TrackPointExtension>
        </extensions>
      </trkpt>
      <trkpt lat="21.3370276987552642822265625" lon="-86.80160447023808956146240234375">
        <ele>0</ele>
        <time>2026-03-16T16:35:31.000Z</time>
        <extensions>
          <ns3:TrackPointExtension>
            <ns3:hr>99</ns3:hr>
          </ns3:TrackPointExtension>
        </extensions>
      </trkpt>
      <trkpt lat="21.33696173317730426788330078125" lon="-86.8017016164958477020263671875">
        <ele>0</ele>
        <time>2026-03-16T16:35:33.000Z</time>
        <extensions>
          <ns3:TrackPointExtension>
            <ns3:hr>99</ns3:hr>
          </ns3:TrackPointExtension>
        </extensions>
      </trkpt>
      <trkpt lat="21.33691479451954364776611328125" lon="-86.8017824180424213409423828125">
        <ele>0</ele>
        <time>2026-03-16T16:35:35.000Z</time>
        <extensions>
          <ns3:TrackPointExtension>
            <ns3:hr>99</ns3:hr>
          </ns3:TrackPointExtension>
        </extensions>
      </trkpt>
      <trkpt lat="21.33691965602338314056396484375" lon="-86.80183480493724346160888671875">
        <ele>0</ele>
        <time>2026-03-16T16:35:37.000Z</time>
        <extensions>
          <ns3:TrackPointExtension>
            <ns3:hr>99</ns3:hr>
          </ns3:TrackPointExtension>
        </extensions>
      </trkpt>
      <trkpt lat="21.3369259424507617950439453125" lon="-86.80183681659400463104248046875">
        <ele>0</ele>
        <time>2026-03-16T16:35:38.000Z</time>
        <extensions>
          <ns3:TrackPointExtension>
            <ns3:hr>99</ns3:hr>
          </ns3:TrackPointExtension>
        </extensions>
      </trkpt>
      <trkpt lat="21.33696977980434894561767578125" lon="-86.80178250186145305633544921875">
        <ele>0</ele>
        <time>2026-03-16T16:35:42.000Z</time>
        <extensions>
          <ns3:TrackPointExtension>
            <ns3:hr>100</ns3:hr>
          </ns3:TrackPointExtension>
        </extensions>
      </trkpt>
      <trkpt lat="21.3369862921535968780517578125" lon="-86.80174595676362514495849609375">
        <ele>0</ele>
        <time>2026-03-16T16:35:43.000Z</time>
        <extensions>
          <ns3:TrackPointExtension>
            <ns3:hr>100</ns3:hr>
          </ns3:TrackPointExtension>
        </extensions>
      </trkpt>
      <trkpt lat="21.337033398449420928955078125" lon="-86.80159114301204681396484375">
        <ele>0</ele>
        <time>2026-03-16T16:35:46.000Z</time>
        <extensions>
          <ns3:TrackPointExtension>
            <ns3:hr>101</ns3:hr>
          </ns3:TrackPointExtension>
        </extensions>
      </trkpt>
      <trkpt lat="21.33705309592187404632568359375" lon="-86.80147312581539154052734375">
        <ele>0</ele>
        <time>2026-03-16T16:35:48.000Z</time>
        <extensions>
          <ns3:TrackPointExtension>
            <ns3:hr>101</ns3:hr>
          </ns3:TrackPointExtension>
        </extensions>
      </trkpt>
      <trkpt lat="21.33707723580300807952880859375" lon="-86.80123549886047840118408203125">
        <ele>0</ele>
        <time>2026-03-16T16:35:53.000Z</time>
        <extensions>
          <ns3:TrackPointExtension>
            <ns3:hr>98</ns3:hr>
          </ns3:TrackPointExtension>
        </extensions>
      </trkpt>
      <trkpt lat="21.3371133618056774139404296875" lon="-86.80108697153627872467041015625">
        <ele>0</ele>
        <time>2026-03-16T16:35:58.000Z</time>
        <extensions>
          <ns3:TrackPointExtension>
            <ns3:hr>97</ns3:hr>
          </ns3:TrackPointExtension>
        </extensions>
      </trkpt>
      <trkpt lat="21.33715443313121795654296875" lon="-86.80099074728786945343017578125">
        <ele>0</ele>
        <time>2026-03-16T16:36:03.000Z</time>
        <extensions>
          <ns3:TrackPointExtension>
            <ns3:hr>98</ns3:hr>
          </ns3:TrackPointExtension>
        </extensions>
      </trkpt>
      <trkpt lat="21.3371485657989978790283203125" lon="-86.80102963931858539581298828125">
        <ele>0</ele>
        <time>2026-03-16T16:36:06.000Z</time>
        <extensions>
          <ns3:TrackPointExtension>
            <ns3:hr>97</ns3:hr>
          </ns3:TrackPointExtension>
        </extensions>
      </trkpt>
      <trkpt lat="21.3371398486196994781494140625" lon="-86.801060400903224945068359375">
        <ele>0</ele>
        <time>2026-03-16T16:36:07.000Z</time>
        <extensions>
          <ns3:TrackPointExtension>
            <ns3:hr>97</ns3:hr>
          </ns3:TrackPointExtension>
        </extensions>
      </trkpt>
      <trkpt lat="21.3370768167078495025634765625" lon="-86.8012127839028835296630859375">
        <ele>0</ele>
        <time>2026-03-16T16:36:11.000Z</time>
        <extensions>
          <ns3:TrackPointExtension>
            <ns3:hr>98</ns3:hr>
          </ns3:TrackPointExtension>
        </extensions>
      </trkpt>
      <trkpt lat="21.33705242536962032318115234375" lon="-86.80125896818935871124267578125">
        <ele>0</ele>
        <time>2026-03-16T16:36:12.000Z</time>
        <extensions>
          <ns3:TrackPointExtension>
            <ns3:hr>98</ns3:hr>
          </ns3:TrackPointExtension>
        </extensions>
      </trkpt>
      <trkpt lat="21.33699953556060791015625" lon="-86.80134379304945468902587890625">
        <ele>0</ele>
        <time>2026-03-16T16:36:14.000Z</time>
        <extensions>
          <ns3:TrackPointExtension>
            <ns3:hr>98</ns3:hr>
          </ns3:TrackPointExtension>
        </extensions>
      </trkpt>
      <trkpt lat="21.336927115917205810546875" lon="-86.80144337005913257598876953125">
        <ele>0</ele>
        <time>2026-03-16T16:36:17.000Z</time>
        <extensions>
          <ns3:TrackPointExtension>
            <ns3:hr>98</ns3:hr>
          </ns3:TrackPointExtension>
        </extensions>
      </trkpt>
      <trkpt lat="21.336914040148258209228515625" lon="-86.8014840222895145416259765625">
        <ele>0</ele>
        <time>2026-03-16T16:36:19.000Z</time>
        <extensions>
          <ns3:TrackPointExtension>
            <ns3:hr>99</ns3:hr>
          </ns3:TrackPointExtension>
        </extensions>
      </trkpt>
      <trkpt lat="21.3369299657642841339111328125" lon="-86.8014910630881786346435546875">
        <ele>0</ele>
        <time>2026-03-16T16:36:20.000Z</time>
        <extensions>
          <ns3:TrackPointExtension>
            <ns3:hr>99</ns3:hr>
          </ns3:TrackPointExtension>
        </extensions>
      </trkpt>
      <trkpt lat="21.33700883947312831878662109375" lon="-86.8014545179903507232666015625">
        <ele>0</ele>
        <time>2026-03-16T16:36:22.000Z</time>
        <extensions>
          <ns3:TrackPointExtension>
            <ns3:hr>100</ns3:hr>
          </ns3:TrackPointExtension>
        </extensions>
      </trkpt>
      <trkpt lat="21.33704840205609798431396484375" lon="-86.80141143500804901123046875">
        <ele>0</ele>
        <time>2026-03-16T16:36:23.000Z</time>
        <extensions>
          <ns3:TrackPointExtension>
            <ns3:hr>100</ns3:hr>
          </ns3:TrackPointExtension>
        </extensions>
      </trkpt>
      <trkpt lat="21.33712803013622760772705078125" lon="-86.8012992851436138153076171875">
        <ele>0</ele>
        <time>2026-03-16T16:36:25.000Z</time>
        <extensions>
          <ns3:TrackPointExtension>
            <ns3:hr>101</ns3:hr>
          </ns3:TrackPointExtension>
        </extensions>
      </trkpt>
      <trkpt lat="21.337202377617359161376953125" lon="-86.80116324685513973236083984375">
        <ele>0</ele>
        <time>2026-03-16T16:36:27.000Z</time>
        <extensions>
          <ns3:TrackPointExtension>
            <ns3:hr>101</ns3:hr>
          </ns3:TrackPointExtension>
        </extensions>
      </trkpt>
      <trkpt lat="21.3374285213649272918701171875" lon="-86.8007625080645084381103515625">
        <ele>0</ele>
        <time>2026-03-16T16:36:33.000Z</time>
        <extensions>
          <ns3:TrackPointExtension>
            <ns3:hr>102</ns3:hr>
          </ns3:TrackPointExtension>
        </extensions>
      </trkpt>
      <trkpt lat="21.33766178973019123077392578125" lon="-86.8003424070775508880615234375">
        <ele>0</ele>
        <time>2026-03-16T16:36:39.000Z</time>
        <extensions>
          <ns3:TrackPointExtension>
            <ns3:hr>100</ns3:hr>
          </ns3:TrackPointExtension>
        </extensions>
      </trkpt>
      <trkpt lat="21.337697915732860565185546875" lon="-86.800266467034816741943359375">
        <ele>0</ele>
        <time>2026-03-16T16:36:40.000Z</time>
        <extensions>
          <ns3:TrackPointExtension>
            <ns3:hr>99</ns3:hr>
          </ns3:TrackPointExtension>
        </extensions>
      </trkpt>
      <trkpt lat="21.3378439284861087799072265625" lon="-86.79988123476505279541015625">
        <ele>0</ele>
        <time>2026-03-16T16:36:45.000Z</time>
        <extensions>
          <ns3:TrackPointExtension>
            <ns3:hr>97</ns3:hr>
          </ns3:TrackPointExtension>
        </extensions>
      </trkpt>
      <trkpt lat="21.337882317602634429931640625" lon="-86.79981887340545654296875">
        <ele>0</ele>
        <time>2026-03-16T16:36:46.000Z</time>
        <extensions>
          <ns3:TrackPointExtension>
            <ns3:hr>97</ns3:hr>
          </ns3:TrackPointExtension>
        </extensions>
      </trkpt>
      <trkpt lat="21.33793487213551998138427734375" lon="-86.7997657321393489837646484375">
        <ele>0</ele>
        <time>2026-03-16T16:36:47.000Z</time>
        <extensions>
          <ns3:TrackPointExtension>
            <ns3:hr>97</ns3:hr>
          </ns3:TrackPointExtension>
        </extensions>
      </trkpt>
      <trkpt lat="21.338051967322826385498046875" lon="-86.7996829189360141754150390625">
        <ele>0</ele>
        <time>2026-03-16T16:36:49.000Z</time>
        <extensions>
          <ns3:TrackPointExtension>
            <ns3:hr>97</ns3:hr>
          </ns3:TrackPointExtension>
        </extensions>
      </trkpt>
      <trkpt lat="21.3381057791411876678466796875" lon="-86.7996379919350147247314453125">
        <ele>0</ele>
        <time>2026-03-16T16:36:50.000Z</time>
        <extensions>
          <ns3:TrackPointExtension>
            <ns3:hr>97</ns3:hr>
          </ns3:TrackPointExtension>
        </extensions>
      </trkpt>
      <trkpt lat="21.338188089430332183837890625" lon="-86.79953061975538730621337890625">
        <ele>0</ele>
        <time>2026-03-16T16:36:52.000Z</time>
        <extensions>
          <ns3:TrackPointExtension>
            <ns3:hr>96</ns3:hr>
          </ns3:TrackPointExtension>
        </extensions>
      </trkpt>
      <trkpt lat="21.3382150791585445404052734375" lon="-86.7994747124612331390380859375">
        <ele>0</ele>
        <time>2026-03-16T16:36:53.000Z</time>
        <extensions>
          <ns3:TrackPointExtension>
            <ns3:hr>96</ns3:hr>
          </ns3:TrackPointExtension>
        </extensions>
      </trkpt>
      <trkpt lat="21.338245756924152374267578125" lon="-86.79941721260547637939453125">
        <ele>0</ele>
        <time>2026-03-16T16:36:54.000Z</time>
        <extensions>
          <ns3:TrackPointExtension>
            <ns3:hr>95</ns3:hr>
          </ns3:TrackPointExtension>
        </extensions>
      </trkpt>
      <trkpt lat="21.338370479643344879150390625" lon="-86.7991370894014835357666015625">
        <ele>0</ele>
        <time>2026-03-16T16:36:58.000Z</time>
        <extensions>
          <ns3:TrackPointExtension>
            <ns3:hr>95</ns3:hr>
          </ns3:TrackPointExtension>
        </extensions>
      </trkpt>
      <trkpt lat="21.33853334002196788787841796875" lon="-86.79874640889465808868408203125">
        <ele>0</ele>
        <time>2026-03-16T16:37:03.000Z</time>
        <extensions>
          <ns3:TrackPointExtension>
            <ns3:hr>98</ns3:hr>
          </ns3:TrackPointExtension>
        </extensions>
      </trkpt>
      <trkpt lat="21.3385741598904132843017578125" lon="-86.7986683733761310577392578125">
        <ele>0</ele>
        <time>2026-03-16T16:37:04.000Z</time>
        <extensions>
          <ns3:TrackPointExtension>
            <ns3:hr>95</ns3:hr>
          </ns3:TrackPointExtension>
        </extensions>
      </trkpt>
      <trkpt lat="21.33866627700626850128173828125" lon="-86.79851590655744075775146484375">
        <ele>0</ele>
        <time>2026-03-16T16:37:06.000Z</time>
        <extensions>
          <ns3:TrackPointExtension>
            <ns3:hr>96</ns3:hr>
          </ns3:TrackPointExtension>
        </extensions>
      </trkpt>
      <trkpt lat="21.33878647349774837493896484375" lon="-86.79840576834976673126220703125">
        <ele>0</ele>
        <time>2026-03-16T16:37:08.000Z</time>
        <extensions>
          <ns3:TrackPointExtension>
            <ns3:hr>95</ns3:hr>
          </ns3:TrackPointExtension>
        </extensions>
      </trkpt>
      <trkpt lat="21.33897741325199604034423828125" lon="-86.7983396351337432861328125">
        <ele>0</ele>
        <time>2026-03-16T16:37:11.000Z</time>
        <extensions>
          <ns3:TrackPointExtension>
            <ns3:hr>97</ns3:hr>
          </ns3:TrackPointExtension>
        </extensions>
      </trkpt>
      <trkpt lat="21.3390723802149295806884765625" lon="-86.79826562292873859405517578125">
        <ele>0</ele>
        <time>2026-03-16T16:37:13.000Z</time>
        <extensions>
          <ns3:TrackPointExtension>
            <ns3:hr>97</ns3:hr>
          </ns3:TrackPointExtension>
        </extensions>
      </trkpt>
      <trkpt lat="21.339110434055328369140625" lon="-86.7982194386422634124755859375">
        <ele>0</ele>
        <time>2026-03-16T16:37:14.000Z</time>
        <extensions>
          <ns3:TrackPointExtension>
            <ns3:hr>97</ns3:hr>
          </ns3:TrackPointExtension>
        </extensions>
      </trkpt>
      <trkpt lat="21.33928167633712291717529296875" lon="-86.79792992770671844482421875">
        <ele>0</ele>
        <time>2026-03-16T16:37:19.000Z</time>
        <extensions>
          <ns3:TrackPointExtension>
            <ns3:hr>98</ns3:hr>
          </ns3:TrackPointExtension>
        </extensions>
      </trkpt>
      <trkpt lat="21.33935560472309589385986328125" lon="-86.79781199432909488677978515625">
        <ele>0</ele>
        <time>2026-03-16T16:37:21.000Z</time>
        <extensions>
          <ns3:TrackPointExtension>
            <ns3:hr>98</ns3:hr>
          </ns3:TrackPointExtension>
        </extensions>
      </trkpt>
      <trkpt lat="21.3394475542008876800537109375" lon="-86.7977389879524707794189453125">
        <ele>0</ele>
        <time>2026-03-16T16:37:23.000Z</time>
        <extensions>
          <ns3:TrackPointExtension>
            <ns3:hr>99</ns3:hr>
          </ns3:TrackPointExtension>
        </extensions>
      </trkpt>
      <trkpt lat="21.33961041457951068878173828125" lon="-86.797594986855983734130859375">
        <ele>0</ele>
        <time>2026-03-16T16:37:27.000Z</time>
        <extensions>
          <ns3:TrackPointExtension>
            <ns3:hr>100</ns3:hr>
          </ns3:TrackPointExtension>
        </extensions>
      </trkpt>
      <trkpt lat="21.339827589690685272216796875" lon="-86.7972900532186031341552734375">
        <ele>0</ele>
        <time>2026-03-16T16:37:33.000Z</time>
        <extensions>
          <ns3:TrackPointExtension>
            <ns3:hr>101</ns3:hr>
          </ns3:TrackPointExtension>
        </extensions>
      </trkpt>
      <trkpt lat="21.34002573788166046142578125" lon="-86.79701504297554492950439453125">
        <ele>0</ele>
        <time>2026-03-16T16:37:38.000Z</time>
        <extensions>
          <ns3:TrackPointExtension>
            <ns3:hr>101</ns3:hr>
          </ns3:TrackPointExtension>
        </extensions>
      </trkpt>
      <trkpt lat="21.34015942923724651336669921875" lon="-86.79689752869307994842529296875">
        <ele>0</ele>
        <time>2026-03-16T16:37:42.000Z</time>
        <extensions>
          <ns3:TrackPointExtension>
            <ns3:hr>101</ns3:hr>
          </ns3:TrackPointExtension>
        </extensions>
      </trkpt>
      <trkpt lat="21.3403269834816455841064453125" lon="-86.7966697923839092254638671875">
        <ele>0</ele>
        <time>2026-03-16T16:37:47.000Z</time>
        <extensions>
          <ns3:TrackPointExtension>
            <ns3:hr>101</ns3:hr>
          </ns3:TrackPointExtension>
        </extensions>
      </trkpt>
      <trkpt lat="21.3404111377894878387451171875" lon="-86.7965531162917613983154296875">
        <ele>0</ele>
        <time>2026-03-16T16:37:49.000Z</time>
        <extensions>
          <ns3:TrackPointExtension>
            <ns3:hr>101</ns3:hr>
          </ns3:TrackPointExtension>
        </extensions>
      </trkpt>
      <trkpt lat="21.3404550589621067047119140625" lon="-86.796490587294101715087890625">
        <ele>0</ele>
        <time>2026-03-16T16:37:50.000Z</time>
        <extensions>
          <ns3:TrackPointExtension>
            <ns3:hr>101</ns3:hr>
          </ns3:TrackPointExtension>
        </extensions>
      </trkpt>
      <trkpt lat="21.34054918773472309112548828125" lon="-86.79638757370412349700927734375">
        <ele>0</ele>
        <time>2026-03-16T16:37:52.000Z</time>
        <extensions>
          <ns3:TrackPointExtension>
            <ns3:hr>103</ns3:hr>
          </ns3:TrackPointExtension>
        </extensions>
      </trkpt>
      <trkpt lat="21.340663097798824310302734375" lon="-86.796322949230670928955078125">
        <ele>0</ele>
        <time>2026-03-16T16:37:54.000Z</time>
        <extensions>
          <ns3:TrackPointExtension>
            <ns3:hr>102</ns3:hr>
          </ns3:TrackPointExtension>
        </extensions>
      </trkpt>
      <trkpt lat="21.34069737978279590606689453125" lon="-86.79630023427307605743408203125">
        <ele>0</ele>
        <time>2026-03-16T16:37:55.000Z</time>
        <extensions>
          <ns3:TrackPointExtension>
            <ns3:hr>100</ns3:hr>
          </ns3:TrackPointExtension>
        </extensions>
      </trkpt>
      <trkpt lat="21.34075068868696689605712890625" lon="-86.79625681601464748382568359375">
        <ele>0</ele>
        <time>2026-03-16T16:37:57.000Z</time>
        <extensions>
          <ns3:TrackPointExtension>
            <ns3:hr>103</ns3:hr>
          </ns3:TrackPointExtension>
        </extensions>
      </trkpt>
      <trkpt lat="21.3408265449106693267822265625" lon="-86.7960837297141551971435546875">
        <ele>0</ele>
        <time>2026-03-16T16:38:01.000Z</time>
        <extensions>
          <ns3:TrackPointExtension>
            <ns3:hr>103</ns3:hr>
          </ns3:TrackPointExtension>
        </extensions>
      </trkpt>
      <trkpt lat="21.34084221906960010528564453125" lon="-86.79604391567409038543701171875">
        <ele>0</ele>
        <time>2026-03-16T16:38:02.000Z</time>
        <extensions>
          <ns3:TrackPointExtension>
            <ns3:hr>104</ns3:hr>
          </ns3:TrackPointExtension>
        </extensions>
      </trkpt>
      <trkpt lat="21.34087926708161830902099609375" lon="-86.79595045745372772216796875">
        <ele>0</ele>
        <time>2026-03-16T16:38:05.000Z</time>
        <extensions>
          <ns3:TrackPointExtension>
            <ns3:hr>104</ns3:hr>
          </ns3:TrackPointExtension>
        </extensions>
      </trkpt>
      <trkpt lat="21.3408909179270267486572265625" lon="-86.79593243636190891265869140625">
        <ele>0</ele>
        <time>2026-03-16T16:38:06.000Z</time>
        <extensions>
          <ns3:TrackPointExtension>
            <ns3:hr>105</ns3:hr>
          </ns3:TrackPointExtension>
        </extensions>
      </trkpt>
      <trkpt lat="21.340923272073268890380859375" lon="-86.79594417102634906768798828125">
        <ele>0</ele>
        <time>2026-03-16T16:38:08.000Z</time>
        <extensions>
          <ns3:TrackPointExtension>
            <ns3:hr>106</ns3:hr>
          </ns3:TrackPointExtension>
        </extensions>
      </trkpt>
      <trkpt lat="21.34093307889997959136962890625" lon="-86.79602497257292270660400390625">
        <ele>0</ele>
        <time>2026-03-16T16:38:10.000Z</time>
        <extensions>
          <ns3:TrackPointExtension>
            <ns3:hr>110</ns3:hr>
          </ns3:TrackPointExtension>
        </extensions>
      </trkpt>
      <trkpt lat="21.3409180752933025360107421875" lon="-86.7960753478109836578369140625">
        <ele>0</ele>
        <time>2026-03-16T16:38:11.000Z</time>
        <extensions>
          <ns3:TrackPointExtension>
            <ns3:hr>112</ns3:hr>
          </ns3:TrackPointExtension>
        </extensions>
      </trkpt>
      <trkpt lat="21.340797878801822662353515625" lon="-86.79633661173284053802490234375">
        <ele>0</ele>
        <time>2026-03-16T16:38:16.000Z</time>
        <extensions>
          <ns3:TrackPointExtension>
            <ns3:hr>112</ns3:hr>
          </ns3:TrackPointExtension>
        </extensions>
      </trkpt>
      <trkpt lat="21.34077097289264202117919921875" lon="-86.79638631641864776611328125">
        <ele>0</ele>
        <time>2026-03-16T16:38:17.000Z</time>
        <extensions>
          <ns3:TrackPointExtension>
            <ns3:hr>111</ns3:hr>
          </ns3:TrackPointExtension>
        </extensions>
      </trkpt>
      <trkpt lat="21.340628229081630706787109375" lon="-86.79668580181896686553955078125">
        <ele>0</ele>
        <time>2026-03-16T16:38:23.000Z</time>
        <extensions>
          <ns3:TrackPointExtension>
            <ns3:hr>109</ns3:hr>
          </ns3:TrackPointExtension>
        </extensions>
      </trkpt>
      <trkpt lat="21.34063468314707279205322265625" lon="-86.796734668314456939697265625">
        <ele>0</ele>
        <time>2026-03-16T16:38:24.000Z</time>
        <extensions>
          <ns3:TrackPointExtension>
            <ns3:hr>108</ns3:hr>
          </ns3:TrackPointExtension>
        </extensions>
      </trkpt>
      <trkpt lat="21.34065697900950908660888671875" lon="-86.79677330888807773590087890625">
        <ele>0</ele>
        <time>2026-03-16T16:38:25.000Z</time>
        <extensions>
          <ns3:TrackPointExtension>
            <ns3:hr>108</ns3:hr>
          </ns3:TrackPointExtension>
        </extensions>
      </trkpt>
      <trkpt lat="21.3406736589968204498291015625" lon="-86.7968052439391613006591796875">
        <ele>0</ele>
        <time>2026-03-16T16:38:27.000Z</time>
        <extensions>
          <ns3:TrackPointExtension>
            <ns3:hr>107</ns3:hr>
          </ns3:TrackPointExtension>
        </extensions>
      </trkpt>
      <trkpt lat="21.340706683695316314697265625" lon="-86.7967973649501800537109375">
        <ele>0</ele>
        <time>2026-03-16T16:38:30.000Z</time>
        <extensions>
          <ns3:TrackPointExtension>
            <ns3:hr>107</ns3:hr>
          </ns3:TrackPointExtension>
        </extensions>
      </trkpt>
      <trkpt lat="21.340731494128704071044921875" lon="-86.79677523672580718994140625">
        <ele>0</ele>
        <time>2026-03-16T16:38:31.000Z</time>
        <extensions>
          <ns3:TrackPointExtension>
            <ns3:hr>107</ns3:hr>
          </ns3:TrackPointExtension>
        </extensions>
      </trkpt>
      <trkpt lat="21.34078589268028736114501953125" lon="-86.79664992727339267730712890625">
        <ele>0</ele>
        <time>2026-03-16T16:38:35.000Z</time>
        <extensions>
          <ns3:TrackPointExtension>
            <ns3:hr>107</ns3:hr>
          </ns3:TrackPointExtension>
        </extensions>
      </trkpt>
      <trkpt lat="21.340868957340717315673828125" lon="-86.7964766733348369598388671875">
        <ele>0</ele>
        <time>2026-03-16T16:38:40.000Z</time>
        <extensions>
          <ns3:TrackPointExtension>
            <ns3:hr>107</ns3:hr>
          </ns3:TrackPointExtension>
        </extensions>
      </trkpt>
      <trkpt lat="21.34088245220482349395751953125" lon="-86.79643451236188411712646484375">
        <ele>0</ele>
        <time>2026-03-16T16:38:41.000Z</time>
        <extensions>
          <ns3:TrackPointExtension>
            <ns3:hr>107</ns3:hr>
          </ns3:TrackPointExtension>
        </extensions>
      </trkpt>
      <trkpt lat="21.340958140790462493896484375" lon="-86.79631121456623077392578125">
        <ele>0</ele>
        <time>2026-03-16T16:38:45.000Z</time>
        <extensions>
          <ns3:TrackPointExtension>
            <ns3:hr>108</ns3:hr>
          </ns3:TrackPointExtension>
        </extensions>
      </trkpt>
      <trkpt lat="21.34104958735406398773193359375" lon="-86.796105019748210906982421875">
        <ele>0</ele>
        <time>2026-03-16T16:38:51.000Z</time>
        <extensions>
          <ns3:TrackPointExtension>
            <ns3:hr>105</ns3:hr>
          </ns3:TrackPointExtension>
        </extensions>
      </trkpt>
      <trkpt lat="21.3410887308418750762939453125" lon="-86.79601910524070262908935546875">
        <ele>0</ele>
        <time>2026-03-16T16:38:53.000Z</time>
        <extensions>
          <ns3:TrackPointExtension>
            <ns3:hr>107</ns3:hr>
          </ns3:TrackPointExtension>
        </extensions>
      </trkpt>
      <trkpt lat="21.341147907078266143798828125" lon="-86.79593981243669986724853515625">
        <ele>0</ele>
        <time>2026-03-16T16:38:55.000Z</time>
        <extensions>
          <ns3:TrackPointExtension>
            <ns3:hr>107</ns3:hr>
          </ns3:TrackPointExtension>
        </extensions>
      </trkpt>
      <trkpt lat="21.341244466602802276611328125" lon="-86.795907877385616302490234375">
        <ele>0</ele>
        <time>2026-03-16T16:39:03.000Z</time>
        <extensions>
          <ns3:TrackPointExtension>
            <ns3:hr>109</ns3:hr>
          </ns3:TrackPointExtension>
        </extensions>
      </trkpt>
      <trkpt lat="21.34122175164520740509033203125" lon="-86.795950122177600860595703125">
        <ele>0</ele>
        <time>2026-03-16T16:39:06.000Z</time>
        <extensions>
          <ns3:TrackPointExtension>
            <ns3:hr>110</ns3:hr>
          </ns3:TrackPointExtension>
        </extensions>
      </trkpt>
      <trkpt lat="21.3412221707403659820556640625" lon="-86.7959730885922908782958984375">
        <ele>0</ele>
        <time>2026-03-16T16:39:07.000Z</time>
        <extensions>
          <ns3:TrackPointExtension>
            <ns3:hr>109</ns3:hr>
          </ns3:TrackPointExtension>
        </extensions>
      </trkpt>
      <trkpt lat="21.34114195592701435089111328125" lon="-86.79618389345705509185791015625">
        <ele>0</ele>
        <time>2026-03-16T16:39:12.000Z</time>
        <extensions>
          <ns3:TrackPointExtension>
            <ns3:hr>110</ns3:hr>
          </ns3:TrackPointExtension>
        </extensions>
      </trkpt>
      <trkpt lat="21.341060735285282135009765625" lon="-86.79630853235721588134765625">
        <ele>0</ele>
        <time>2026-03-16T16:39:16.000Z</time>
        <extensions>
          <ns3:TrackPointExtension>
            <ns3:hr>110</ns3:hr>
          </ns3:TrackPointExtension>
        </extensions>
      </trkpt>
      <trkpt lat="21.3409157283604145050048828125" lon="-86.796545572578907012939453125">
        <ele>0</ele>
        <time>2026-03-16T16:39:23.000Z</time>
        <extensions>
          <ns3:TrackPointExtension>
            <ns3:hr>107</ns3:hr>
          </ns3:TrackPointExtension>
        </extensions>
      </trkpt>
      <trkpt lat="21.34079293347895145416259765625" lon="-86.79673500359058380126953125">
        <ele>0</ele>
        <time>2026-03-16T16:39:29.000Z</time>
        <extensions>
          <ns3:TrackPointExtension>
            <ns3:hr>104</ns3:hr>
          </ns3:TrackPointExtension>
        </extensions>
      </trkpt>
      <trkpt lat="21.3407685421407222747802734375" lon="-86.796760149300098419189453125">
        <ele>0</ele>
        <time>2026-03-16T16:39:30.000Z</time>
        <extensions>
          <ns3:TrackPointExtension>
            <ns3:hr>106</ns3:hr>
          </ns3:TrackPointExtension>
        </extensions>
      </trkpt>
      <trkpt lat="21.3406915962696075439453125" lon="-86.796916387975215911865234375">
        <ele>0</ele>
        <time>2026-03-16T16:39:35.000Z</time>
        <extensions>
          <ns3:TrackPointExtension>
            <ns3:hr>105</ns3:hr>
          </ns3:TrackPointExtension>
        </extensions>
      </trkpt>
      <trkpt lat="21.34062261320650577545166015625" lon="-86.79715485312044620513916015625">
        <ele>0</ele>
        <time>2026-03-16T16:39:39.000Z</time>
        <extensions>
          <ns3:TrackPointExtension>
            <ns3:hr>104</ns3:hr>
          </ns3:TrackPointExtension>
        </extensions>
      </trkpt>
      <trkpt lat="21.34052521549165248870849609375" lon="-86.79748459719121456146240234375">
        <ele>0</ele>
        <time>2026-03-16T16:39:44.000Z</time>
        <extensions>
          <ns3:TrackPointExtension>
            <ns3:hr>103</ns3:hr>
          </ns3:TrackPointExtension>
        </extensions>
      </trkpt>
      <trkpt lat="21.34045145474374294281005859375" lon="-86.79767754860222339630126953125">
        <ele>0</ele>
        <time>2026-03-16T16:39:47.000Z</time>
        <extensions>
          <ns3:TrackPointExtension>
            <ns3:hr>103</ns3:hr>
          </ns3:TrackPointExtension>
        </extensions>
      </trkpt>
      <trkpt lat="21.34036461822688579559326171875" lon="-86.7978459410369396209716796875">
        <ele>0</ele>
        <time>2026-03-16T16:39:50.000Z</time>
        <extensions>
          <ns3:TrackPointExtension>
            <ns3:hr>104</ns3:hr>
          </ns3:TrackPointExtension>
        </extensions>
      </trkpt>
      <trkpt lat="21.34026286192238330841064453125" lon="-86.7980068735778331756591796875">
        <ele>0</ele>
        <time>2026-03-16T16:39:54.000Z</time>
        <extensions>
          <ns3:TrackPointExtension>
            <ns3:hr>105</ns3:hr>
          </ns3:TrackPointExtension>
        </extensions>
      </trkpt>
      <trkpt lat="21.340204775333404541015625" lon="-86.79813117720186710357666015625">
        <ele>0</ele>
        <time>2026-03-16T16:39:58.000Z</time>
        <extensions>
          <ns3:TrackPointExtension>
            <ns3:hr>103</ns3:hr>
          </ns3:TrackPointExtension>
        </extensions>
      </trkpt>
      <trkpt lat="21.34017753414809703826904296875" lon="-86.7983042635023593902587890625">
        <ele>0</ele>
        <time>2026-03-16T16:40:02.000Z</time>
        <extensions>
          <ns3:TrackPointExtension>
            <ns3:hr>101</ns3:hr>
          </ns3:TrackPointExtension>
        </extensions>
      </trkpt>
      <trkpt lat="21.3401640392839908599853515625" lon="-86.798355393111705780029296875">
        <ele>0</ele>
        <time>2026-03-16T16:40:03.000Z</time>
        <extensions>
          <ns3:TrackPointExtension>
            <ns3:hr>101</ns3:hr>
          </ns3:TrackPointExtension>
        </extensions>
      </trkpt>
      <trkpt lat="21.34009136818349361419677734375" lon="-86.79851288907229900360107421875">
        <ele>0</ele>
        <time>2026-03-16T16:40:06.000Z</time>
        <extensions>
          <ns3:TrackPointExtension>
            <ns3:hr>100</ns3:hr>
          </ns3:TrackPointExtension>
        </extensions>
      </trkpt>
      <trkpt lat="21.33986103348433971405029296875" lon="-86.798958890140056610107421875">
        <ele>0</ele>
        <time>2026-03-16T16:40:14.000Z</time>
        <extensions>
          <ns3:TrackPointExtension>
            <ns3:hr>101</ns3:hr>
          </ns3:TrackPointExtension>
        </extensions>
      </trkpt>
      <trkpt lat="21.3396151922643184661865234375" lon="-86.79944269359111785888671875">
        <ele>0</ele>
        <time>2026-03-16T16:40:22.000Z</time>
        <extensions>
          <ns3:TrackPointExtension>
            <ns3:hr>100</ns3:hr>
          </ns3:TrackPointExtension>
        </extensions>
      </trkpt>
      <trkpt lat="21.339401789009571075439453125" lon="-86.79991065524518489837646484375">
        <ele>0</ele>
        <time>2026-03-16T16:40:29.000Z</time>
        <extensions>
          <ns3:TrackPointExtension>
            <ns3:hr>100</ns3:hr>
          </ns3:TrackPointExtension>
        </extensions>
      </trkpt>
      <trkpt lat="21.33934185840189456939697265625" lon="-86.8000393174588680267333984375">
        <ele>0</ele>
        <time>2026-03-16T16:40:31.000Z</time>
        <extensions>
          <ns3:TrackPointExtension>
            <ns3:hr>100</ns3:hr>
          </ns3:TrackPointExtension>
        </extensions>
      </trkpt>
      <trkpt lat="21.33918352425098419189453125" lon="-86.8004473485052585601806640625">
        <ele>0</ele>
        <time>2026-03-16T16:40:37.000Z</time>
        <extensions>
          <ns3:TrackPointExtension>
            <ns3:hr>100</ns3:hr>
          </ns3:TrackPointExtension>
        </extensions>
      </trkpt>
      <trkpt lat="21.33914991281926631927490234375" lon="-86.8006029166281223297119140625">
        <ele>0</ele>
        <time>2026-03-16T16:40:39.000Z</time>
        <extensions>
          <ns3:TrackPointExtension>
            <ns3:hr>98</ns3:hr>
          </ns3:TrackPointExtension>
        </extensions>
      </trkpt>
      <trkpt lat="21.33912862278521060943603515625" lon="-86.80067843757569789886474609375">
        <ele>0</ele>
        <time>2026-03-16T16:40:40.000Z</time>
        <extensions>
          <ns3:TrackPointExtension>
            <ns3:hr>100</ns3:hr>
          </ns3:TrackPointExtension>
        </extensions>
      </trkpt>
      <trkpt lat="21.33903642185032367706298828125" lon="-86.8009794317185878753662109375">
        <ele>0</ele>
        <time>2026-03-16T16:40:44.000Z</time>
        <extensions>
          <ns3:TrackPointExtension>
            <ns3:hr>99</ns3:hr>
          </ns3:TrackPointExtension>
        </extensions>
      </trkpt>
      <trkpt lat="21.338880099356174468994140625" lon="-86.8013569526374340057373046875">
        <ele>0</ele>
        <time>2026-03-16T16:40:49.000Z</time>
        <extensions>
          <ns3:TrackPointExtension>
            <ns3:hr>97</ns3:hr>
          </ns3:TrackPointExtension>
        </extensions>
      </trkpt>
      <trkpt lat="21.3387443125247955322265625" lon="-86.8015960045158863067626953125">
        <ele>0</ele>
        <time>2026-03-16T16:40:53.000Z</time>
        <extensions>
          <ns3:TrackPointExtension>
            <ns3:hr>96</ns3:hr>
          </ns3:TrackPointExtension>
        </extensions>
      </trkpt>
      <trkpt lat="21.33873618207871913909912109375" lon="-86.80170035921037197113037109375">
        <ele>0</ele>
        <time>2026-03-16T16:40:55.000Z</time>
        <extensions>
          <ns3:TrackPointExtension>
            <ns3:hr>96</ns3:hr>
          </ns3:TrackPointExtension>
        </extensions>
      </trkpt>
      <trkpt lat="21.33874976076185703277587890625" lon="-86.8017138540744781494140625">
        <ele>0</ele>
        <time>2026-03-16T16:40:56.000Z</time>
        <extensions>
          <ns3:TrackPointExtension>
            <ns3:hr>96</ns3:hr>
          </ns3:TrackPointExtension>
        </extensions>
      </trkpt>
      <trkpt lat="21.33880172856152057647705078125" lon="-86.8016764707863330841064453125">
        <ele>0</ele>
        <time>2026-03-16T16:40:58.000Z</time>
        <extensions>
          <ns3:TrackPointExtension>
            <ns3:hr>96</ns3:hr>
          </ns3:TrackPointExtension>
        </extensions>
      </trkpt>
      <trkpt lat="21.33892796002328395843505859375" lon="-86.8014498241245746612548828125">
        <ele>0</ele>
        <time>2026-03-16T16:41:02.000Z</time>
        <extensions>
          <ns3:TrackPointExtension>
            <ns3:hr>96</ns3:hr>
          </ns3:TrackPointExtension>
        </extensions>
      </trkpt>
      <trkpt lat="21.3389895670115947723388671875" lon="-86.8013142049312591552734375">
        <ele>0</ele>
        <time>2026-03-16T16:41:04.000Z</time>
        <extensions>
          <ns3:TrackPointExtension>
            <ns3:hr>98</ns3:hr>
          </ns3:TrackPointExtension>
        </extensions>
      </trkpt>
      <trkpt lat="21.3390474021434783935546875" lon="-86.80116475559771060943603515625">
        <ele>0</ele>
        <time>2026-03-16T16:41:06.000Z</time>
        <extensions>
          <ns3:TrackPointExtension>
            <ns3:hr>98</ns3:hr>
          </ns3:TrackPointExtension>
        </extensions>
      </trkpt>
      <trkpt lat="21.33924043737351894378662109375" lon="-86.80070995353162288665771484375">
        <ele>0</ele>
        <time>2026-03-16T16:41:12.000Z</time>
        <extensions>
          <ns3:TrackPointExtension>
            <ns3:hr>95</ns3:hr>
          </ns3:TrackPointExtension>
        </extensions>
      </trkpt>
      <trkpt lat="21.33927916176617145538330078125" lon="-86.80064792744815349578857421875">
        <ele>0</ele>
        <time>2026-03-16T16:41:13.000Z</time>
        <extensions>
          <ns3:TrackPointExtension>
            <ns3:hr>96</ns3:hr>
          </ns3:TrackPointExtension>
        </extensions>
      </trkpt>
      <trkpt lat="21.33936901576817035675048828125" lon="-86.8005439080297946929931640625">
        <ele>0</ele>
        <time>2026-03-16T16:41:15.000Z</time>
        <extensions>
          <ns3:TrackPointExtension>
            <ns3:hr>96</ns3:hr>
          </ns3:TrackPointExtension>
        </extensions>
      </trkpt>
      <trkpt lat="21.33940539322793483734130859375" lon="-86.80048850364983081817626953125">
        <ele>0</ele>
        <time>2026-03-16T16:41:16.000Z</time>
        <extensions>
          <ns3:TrackPointExtension>
            <ns3:hr>97</ns3:hr>
          </ns3:TrackPointExtension>
        </extensions>
      </trkpt>
      <trkpt lat="21.33946456946432590484619140625" lon="-86.80036411620676517486572265625">
        <ele>0</ele>
        <time>2026-03-16T16:41:18.000Z</time>
        <extensions>
          <ns3:TrackPointExtension>
            <ns3:hr>96</ns3:hr>
          </ns3:TrackPointExtension>
        </extensions>
      </trkpt>
      <trkpt lat="21.33948250673711299896240234375" lon="-86.80029907263815402984619140625">
        <ele>0</ele>
        <time>2026-03-16T16:41:19.000Z</time>
        <extensions>
          <ns3:TrackPointExtension>
            <ns3:hr>96</ns3:hr>
          </ns3:TrackPointExtension>
        </extensions>
      </trkpt>
      <trkpt lat="21.3395649008452892303466796875" lon="-86.79992012679576873779296875">
        <ele>0</ele>
        <time>2026-03-16T16:41:25.000Z</time>
        <extensions>
          <ns3:TrackPointExtension>
            <ns3:hr>98</ns3:hr>
          </ns3:TrackPointExtension>
        </extensions>
      </trkpt>
      <trkpt lat="21.33958409540355205535888671875" lon="-86.799814514815807342529296875">
        <ele>0</ele>
        <time>2026-03-16T16:41:27.000Z</time>
        <extensions>
          <ns3:TrackPointExtension>
            <ns3:hr>95</ns3:hr>
          </ns3:TrackPointExtension>
        </extensions>
      </trkpt>
      <trkpt lat="21.339592225849628448486328125" lon="-86.7997236549854278564453125">
        <ele>0</ele>
        <time>2026-03-16T16:41:29.000Z</time>
        <extensions>
          <ns3:TrackPointExtension>
            <ns3:hr>97</ns3:hr>
          </ns3:TrackPointExtension>
        </extensions>
      </trkpt>
      <trkpt lat="21.33962550200521945953369140625" lon="-86.799521483480930328369140625">
        <ele>0</ele>
        <time>2026-03-16T16:41:34.000Z</time>
        <extensions>
          <ns3:TrackPointExtension>
            <ns3:hr>97</ns3:hr>
          </ns3:TrackPointExtension>
        </extensions>
      </trkpt>
      <trkpt lat="21.33963882923126220703125" lon="-86.79948150180280208587646484375">
        <ele>0</ele>
        <time>2026-03-16T16:41:35.000Z</time>
        <extensions>
          <ns3:TrackPointExtension>
            <ns3:hr>97</ns3:hr>
          </ns3:TrackPointExtension>
        </extensions>
      </trkpt>
      <trkpt lat="21.33970546536147594451904296875" lon="-86.79916986264288425445556640625">
        <ele>0</ele>
        <time>2026-03-16T16:41:41.000Z</time>
        <extensions>
          <ns3:TrackPointExtension>
            <ns3:hr>99</ns3:hr>
          </ns3:TrackPointExtension>
        </extensions>
      </trkpt>
      <trkpt lat="21.33973480202257633209228515625" lon="-86.799047403037548065185546875">
        <ele>0</ele>
        <time>2026-03-16T16:41:43.000Z</time>
        <extensions>
          <ns3:TrackPointExtension>
            <ns3:hr>96</ns3:hr>
          </ns3:TrackPointExtension>
        </extensions>
      </trkpt>
      <trkpt lat="21.3397476263344287872314453125" lon="-86.79898671805858612060546875">
        <ele>0</ele>
        <time>2026-03-16T16:41:44.000Z</time>
        <extensions>
          <ns3:TrackPointExtension>
            <ns3:hr>97</ns3:hr>
          </ns3:TrackPointExtension>
        </extensions>
      </trkpt>
      <trkpt lat="21.33977763354778289794921875" lon="-86.7988624982535839080810546875">
        <ele>0</ele>
        <time>2026-03-16T16:41:46.000Z</time>
        <extensions>
          <ns3:TrackPointExtension>
            <ns3:hr>100</ns3:hr>
          </ns3:TrackPointExtension>
        </extensions>
      </trkpt>
      <trkpt lat="21.33979364298284053802490234375" lon="-86.7988001368939876556396484375">
        <ele>0</ele>
        <time>2026-03-16T16:41:47.000Z</time>
        <extensions>
          <ns3:TrackPointExtension>
            <ns3:hr>97</ns3:hr>
          </ns3:TrackPointExtension>
        </extensions>
      </trkpt>
      <trkpt lat="21.33981409482657909393310546875" lon="-86.79873668588697910308837890625">
        <ele>0</ele>
        <time>2026-03-16T16:41:48.000Z</time>
        <extensions>
          <ns3:TrackPointExtension>
            <ns3:hr>99</ns3:hr>
          </ns3:TrackPointExtension>
        </extensions>
      </trkpt>
      <trkpt lat="21.33983739651739597320556640625" lon="-86.7986693792045116424560546875">
        <ele>0</ele>
        <time>2026-03-16T16:41:49.000Z</time>
        <extensions>
          <ns3:TrackPointExtension>
            <ns3:hr>96</ns3:hr>
          </ns3:TrackPointExtension>
        </extensions>
      </trkpt>
      <trkpt lat="21.339900009334087371826171875" lon="-86.798379532992839813232421875">
        <ele>0</ele>
        <time>2026-03-16T16:41:53.000Z</time>
        <extensions>
          <ns3:TrackPointExtension>
            <ns3:hr>95</ns3:hr>
          </ns3:TrackPointExtension>
        </extensions>
      </trkpt>
      <trkpt lat="21.33991266600787639617919921875" lon="-86.79831490851938724517822265625">
        <ele>0</ele>
        <time>2026-03-16T16:41:54.000Z</time>
        <extensions>
          <ns3:TrackPointExtension>
            <ns3:hr>97</ns3:hr>
          </ns3:TrackPointExtension>
        </extensions>
      </trkpt>
      <trkpt lat="21.33995474316179752349853515625" lon="-86.798143498599529266357421875">
        <ele>0</ele>
        <time>2026-03-16T16:41:57.000Z</time>
        <extensions>
          <ns3:TrackPointExtension>
            <ns3:hr>97</ns3:hr>
          </ns3:TrackPointExtension>
        </extensions>
      </trkpt>
      <trkpt lat="21.33998810313642024993896484375" lon="-86.7979049496352672576904296875">
        <ele>0</ele>
        <time>2026-03-16T16:42:01.000Z</time>
        <extensions>
          <ns3:TrackPointExtension>
            <ns3:hr>98</ns3:hr>
          </ns3:TrackPointExtension>
        </extensions>
      </trkpt>
      <trkpt lat="21.33999916724860668182373046875" lon="-86.79784971289336681365966796875">
        <ele>0</ele>
        <time>2026-03-16T16:42:02.000Z</time>
        <extensions>
          <ns3:TrackPointExtension>
            <ns3:hr>99</ns3:hr>
          </ns3:TrackPointExtension>
        </extensions>
      </trkpt>
      <trkpt lat="21.3400755263864994049072265625" lon="-86.79761736653745174407958984375">
        <ele>0</ele>
        <time>2026-03-16T16:42:06.000Z</time>
        <extensions>
          <ns3:TrackPointExtension>
            <ns3:hr>99</ns3:hr>
          </ns3:TrackPointExtension>
        </extensions>
      </trkpt>
      <trkpt lat="21.34014132432639598846435546875" lon="-86.7974784784018993377685546875">
        <ele>0</ele>
        <time>2026-03-16T16:42:08.000Z</time>
        <extensions>
          <ns3:TrackPointExtension>
            <ns3:hr>99</ns3:hr>
          </ns3:TrackPointExtension>
        </extensions>
      </trkpt>
      <trkpt lat="21.3403400592505931854248046875" lon="-86.79702141322195529937744140625">
        <ele>0</ele>
        <time>2026-03-16T16:42:14.000Z</time>
        <extensions>
          <ns3:TrackPointExtension>
            <ns3:hr>99</ns3:hr>
          </ns3:TrackPointExtension>
        </extensions>
      </trkpt>
      <trkpt lat="21.340504847466945648193359375" lon="-86.79673726670444011688232421875">
        <ele>0</ele>
        <time>2026-03-16T16:42:18.000Z</time>
        <extensions>
          <ns3:TrackPointExtension>
            <ns3:hr>98</ns3:hr>
          </ns3:TrackPointExtension>
        </extensions>
      </trkpt>
      <trkpt lat="21.34055907838046550750732421875" lon="-86.79667155258357524871826171875">
        <ele>0</ele>
        <time>2026-03-16T16:42:19.000Z</time>
        <extensions>
          <ns3:TrackPointExtension>
            <ns3:hr>98</ns3:hr>
          </ns3:TrackPointExtension>
        </extensions>
      </trkpt>
      <trkpt lat="21.34072923101484775543212890625" lon="-86.79648614488542079925537109375">
        <ele>0</ele>
        <time>2026-03-16T16:42:22.000Z</time>
        <extensions>
          <ns3:TrackPointExtension>
            <ns3:hr>94</ns3:hr>
          </ns3:TrackPointExtension>
        </extensions>
      </trkpt>
      <trkpt lat="21.34084171615540981292724609375" lon="-86.79642378352582454681396484375">
        <ele>0</ele>
        <time>2026-03-16T16:42:24.000Z</time>
        <extensions>
          <ns3:TrackPointExtension>
            <ns3:hr>95</ns3:hr>
          </ns3:TrackPointExtension>
        </extensions>
      </trkpt>
      <trkpt lat="21.3409096933901309967041015625" lon="-86.79656208492815494537353515625">
        <ele>0</ele>
        <time>2026-03-16T16:42:32.000Z</time>
        <extensions>
          <ns3:TrackPointExtension>
            <ns3:hr>90</ns3:hr>
          </ns3:TrackPointExtension>
        </extensions>
      </trkpt>
      <trkpt lat="21.34089753963053226470947265625" lon="-86.7965557985007762908935546875">
        <ele>0</ele>
        <time>2026-03-16T16:42:40.000Z</time>
        <extensions>
          <ns3:TrackPointExtension>
            <ns3:hr>91</ns3:hr>
          </ns3:TrackPointExtension>
        </extensions>
      </trkpt>
      <trkpt lat="21.340897791087627410888671875" lon="-86.79657214321196079254150390625">
        <ele>0</ele>
        <time>2026-03-16T16:42:49.000Z</time>
        <extensions>
          <ns3:TrackPointExtension>
            <ns3:hr>93</ns3:hr>
          </ns3:TrackPointExtension>
        </extensions>
      </trkpt>
      <trkpt lat="21.34090458042919635772705078125" lon="-86.79660298861563205718994140625">
        <ele>0</ele>
        <time>2026-03-16T16:42:52.000Z</time>
        <extensions>
          <ns3:TrackPointExtension>
            <ns3:hr>95</ns3:hr>
          </ns3:TrackPointExtension>
        </extensions>
      </trkpt>
      <trkpt lat="21.34089670144021511077880859375" lon="-86.796647496521472930908203125">
        <ele>0</ele>
        <time>2026-03-16T16:42:54.000Z</time>
        <extensions>
          <ns3:TrackPointExtension>
            <ns3:hr>96</ns3:hr>
          </ns3:TrackPointExtension>
        </extensions>
      </trkpt>
      <trkpt lat="21.34087490849196910858154296875" lon="-86.796777248382568359375">
        <ele>0</ele>
        <time>2026-03-16T16:42:59.000Z</time>
        <extensions>
          <ns3:TrackPointExtension>
            <ns3:hr>98</ns3:hr>
          </ns3:TrackPointExtension>
        </extensions>
      </trkpt>
      <trkpt lat="21.3407769240438938140869140625" lon="-86.7969980277121067047119140625">
        <ele>0</ele>
        <time>2026-03-16T16:43:04.000Z</time>
        <extensions>
          <ns3:TrackPointExtension>
            <ns3:hr>97</ns3:hr>
          </ns3:TrackPointExtension>
        </extensions>
      </trkpt>
      <trkpt lat="21.34070207364857196807861328125" lon="-86.79714546538889408111572265625">
        <ele>0</ele>
        <time>2026-03-16T16:43:07.000Z</time>
        <extensions>
          <ns3:TrackPointExtension>
            <ns3:hr>97</ns3:hr>
          </ns3:TrackPointExtension>
        </extensions>
      </trkpt>
      <trkpt lat="21.34062127210199832916259765625" lon="-86.79728024639189243316650390625">
        <ele>0</ele>
        <time>2026-03-16T16:43:10.000Z</time>
        <extensions>
          <ns3:TrackPointExtension>
            <ns3:hr>97</ns3:hr>
          </ns3:TrackPointExtension>
        </extensions>
      </trkpt>
      <trkpt lat="21.34051448665559291839599609375" lon="-86.79745341651141643524169921875">
        <ele>0</ele>
        <time>2026-03-16T16:43:15.000Z</time>
        <extensions>
          <ns3:TrackPointExtension>
            <ns3:hr>95</ns3:hr>
          </ns3:TrackPointExtension>
        </extensions>
      </trkpt>
      <trkpt lat="21.34041725657880306243896484375" lon="-86.79770101793110370635986328125">
        <ele>0</ele>
        <time>2026-03-16T16:43:20.000Z</time>
        <extensions>
          <ns3:TrackPointExtension>
            <ns3:hr>95</ns3:hr>
          </ns3:TrackPointExtension>
        </extensions>
      </trkpt>
      <trkpt lat="21.340370066463947296142578125" lon="-86.79781702347099781036376953125">
        <ele>0</ele>
        <time>2026-03-16T16:43:22.000Z</time>
        <extensions>
          <ns3:TrackPointExtension>
            <ns3:hr>91</ns3:hr>
          </ns3:TrackPointExtension>
        </extensions>
      </trkpt>
      <trkpt lat="21.3403437472879886627197265625" lon="-86.7978784628212451934814453125">
        <ele>0</ele>
        <time>2026-03-16T16:43:23.000Z</time>
        <extensions>
          <ns3:TrackPointExtension>
            <ns3:hr>94</ns3:hr>
          </ns3:TrackPointExtension>
        </extensions>
      </trkpt>
      <trkpt lat="21.34025867097079753875732421875" lon="-86.79804584942758083343505859375">
        <ele>0</ele>
        <time>2026-03-16T16:43:26.000Z</time>
        <extensions>
          <ns3:TrackPointExtension>
            <ns3:hr>97</ns3:hr>
          </ns3:TrackPointExtension>
        </extensions>
      </trkpt>
      <trkpt lat="21.3402020931243896484375" lon="-86.7981503717601299285888671875">
        <ele>0</ele>
        <time>2026-03-16T16:43:28.000Z</time>
        <extensions>
          <ns3:TrackPointExtension>
            <ns3:hr>96</ns3:hr>
          </ns3:TrackPointExtension>
        </extensions>
      </trkpt>
      <trkpt lat="21.34017351083457469940185546875" lon="-86.798207201063632965087890625">
        <ele>0</ele>
        <time>2026-03-16T16:43:29.000Z</time>
        <extensions>
          <ns3:TrackPointExtension>
            <ns3:hr>99</ns3:hr>
          </ns3:TrackPointExtension>
        </extensions>
      </trkpt>
      <trkpt lat="21.33998659439384937286376953125" lon="-86.7984913475811481475830078125">
        <ele>0</ele>
        <time>2026-03-16T16:43:34.000Z</time>
        <extensions>
          <ns3:TrackPointExtension>
            <ns3:hr>101</ns3:hr>
          </ns3:TrackPointExtension>
        </extensions>
      </trkpt>
      <trkpt lat="21.33991786278784275054931640625" lon="-86.79858245886862277984619140625">
        <ele>0</ele>
        <time>2026-03-16T16:43:36.000Z</time>
        <extensions>
          <ns3:TrackPointExtension>
            <ns3:hr>104</ns3:hr>
          </ns3:TrackPointExtension>
        </extensions>
      </trkpt>
      <trkpt lat="21.33982834406197071075439453125" lon="-86.7987312376499176025390625">
        <ele>0</ele>
        <time>2026-03-16T16:43:39.000Z</time>
        <extensions>
          <ns3:TrackPointExtension>
            <ns3:hr>104</ns3:hr>
          </ns3:TrackPointExtension>
        </extensions>
      </trkpt>
      <trkpt lat="21.3396581076085567474365234375" lon="-86.79902024567127227783203125">
        <ele>0</ele>
        <time>2026-03-16T16:43:45.000Z</time>
        <extensions>
          <ns3:TrackPointExtension>
            <ns3:hr>105</ns3:hr>
          </ns3:TrackPointExtension>
        </extensions>
      </trkpt>
      <trkpt lat="21.33948351256549358367919921875" lon="-86.799278743565082550048828125">
        <ele>0</ele>
        <time>2026-03-16T16:43:50.000Z</time>
        <extensions>
          <ns3:TrackPointExtension>
            <ns3:hr>102</ns3:hr>
          </ns3:TrackPointExtension>
        </extensions>
      </trkpt>
      <trkpt lat="21.339453756809234619140625" lon="-86.79930950514972209930419921875">
        <ele>0</ele>
        <time>2026-03-16T16:43:51.000Z</time>
        <extensions>
          <ns3:TrackPointExtension>
            <ns3:hr>102</ns3:hr>
          </ns3:TrackPointExtension>
        </extensions>
      </trkpt>
      <trkpt lat="21.33944101631641387939453125" lon="-86.79933649487793445587158203125">
        <ele>0</ele>
        <time>2026-03-16T16:43:53.000Z</time>
        <extensions>
          <ns3:TrackPointExtension>
            <ns3:hr>103</ns3:hr>
          </ns3:TrackPointExtension>
        </extensions>
      </trkpt>
      <trkpt lat="21.339456103742122650146484375" lon="-86.799341775476932525634765625">
        <ele>0</ele>
        <time>2026-03-16T16:43:54.000Z</time>
        <extensions>
          <ns3:TrackPointExtension>
            <ns3:hr>101</ns3:hr>
          </ns3:TrackPointExtension>
        </extensions>
      </trkpt>
      <trkpt lat="21.33953028358519077301025390625" lon="-86.79926089011132717132568359375">
        <ele>0</ele>
        <time>2026-03-16T16:43:57.000Z</time>
        <extensions>
          <ns3:TrackPointExtension>
            <ns3:hr>100</ns3:hr>
          </ns3:TrackPointExtension>
        </extensions>
      </trkpt>
      <trkpt lat="21.3395471312105655670166015625" lon="-86.79920858703553676605224609375">
        <ele>0</ele>
        <time>2026-03-16T16:43:58.000Z</time>
        <extensions>
          <ns3:TrackPointExtension>
            <ns3:hr>100</ns3:hr>
          </ns3:TrackPointExtension>
        </extensions>
      </trkpt>
      <trkpt lat="21.3395595364272594451904296875" lon="-86.799099706113338470458984375">
        <ele>0</ele>
        <time>2026-03-16T16:44:00.000Z</time>
        <extensions>
          <ns3:TrackPointExtension>
            <ns3:hr>100</ns3:hr>
          </ns3:TrackPointExtension>
        </extensions>
      </trkpt>
      <trkpt lat="21.3395682536065578460693359375" lon="-86.7990504205226898193359375">
        <ele>0</ele>
        <time>2026-03-16T16:44:01.000Z</time>
        <extensions>
          <ns3:TrackPointExtension>
            <ns3:hr>100</ns3:hr>
          </ns3:TrackPointExtension>
        </extensions>
      </trkpt>
      <trkpt lat="21.3396262563765048980712890625" lon="-86.79889149963855743408203125">
        <ele>0</ele>
        <time>2026-03-16T16:44:04.000Z</time>
        <extensions>
          <ns3:TrackPointExtension>
            <ns3:hr>100</ns3:hr>
          </ns3:TrackPointExtension>
        </extensions>
      </trkpt>
      <trkpt lat="21.33969507180154323577880859375" lon="-86.79852043278515338897705078125">
        <ele>0</ele>
        <time>2026-03-16T16:44:10.000Z</time>
        <extensions>
          <ns3:TrackPointExtension>
            <ns3:hr>101</ns3:hr>
          </ns3:TrackPointExtension>
        </extensions>
      </trkpt>
      <trkpt lat="21.33970781229436397552490234375" lon="-86.79846611805260181427001953125">
        <ele>0</ele>
        <time>2026-03-16T16:44:11.000Z</time>
        <extensions>
          <ns3:TrackPointExtension>
            <ns3:hr>101</ns3:hr>
          </ns3:TrackPointExtension>
        </extensions>
      </trkpt>
      <trkpt lat="21.33975441567599773406982421875" lon="-86.79830535314977169036865234375">
        <ele>0</ele>
        <time>2026-03-16T16:44:14.000Z</time>
        <extensions>
          <ns3:TrackPointExtension>
            <ns3:hr>101</ns3:hr>
          </ns3:TrackPointExtension>
        </extensions>
      </trkpt>
      <trkpt lat="21.3397798128426074981689453125" lon="-86.79825690574944019317626953125">
        <ele>0</ele>
        <time>2026-03-16T16:44:15.000Z</time>
        <extensions>
          <ns3:TrackPointExtension>
            <ns3:hr>100</ns3:hr>
          </ns3:TrackPointExtension>
        </extensions>
      </trkpt>
      <trkpt lat="21.33986170403659343719482421875" lon="-86.798088513314723968505859375">
        <ele>0</ele>
        <time>2026-03-16T16:44:18.000Z</time>
        <extensions>
          <ns3:TrackPointExtension>
            <ns3:hr>101</ns3:hr>
          </ns3:TrackPointExtension>
        </extensions>
      </trkpt>
      <trkpt lat="21.33990428410470485687255859375" lon="-86.79796236567199230194091796875">
        <ele>0</ele>
        <time>2026-03-16T16:44:20.000Z</time>
        <extensions>
          <ns3:TrackPointExtension>
            <ns3:hr>101</ns3:hr>
          </ns3:TrackPointExtension>
        </extensions>
      </trkpt>
      <trkpt lat="21.340030767023563385009765625" lon="-86.79751460440456867218017578125">
        <ele>0</ele>
        <time>2026-03-16T16:44:27.000Z</time>
        <extensions>
          <ns3:TrackPointExtension>
            <ns3:hr>102</ns3:hr>
          </ns3:TrackPointExtension>
        </extensions>
      </trkpt>
      <trkpt lat="21.34013663046061992645263671875" lon="-86.7970915697515010833740234375">
        <ele>0</ele>
        <time>2026-03-16T16:44:34.000Z</time>
        <extensions>
          <ns3:TrackPointExtension>
            <ns3:hr>104</ns3:hr>
          </ns3:TrackPointExtension>
        </extensions>
      </trkpt>
      <trkpt lat="21.340148113667964935302734375" lon="-86.79702744819223880767822265625">
        <ele>0</ele>
        <time>2026-03-16T16:44:35.000Z</time>
        <extensions>
          <ns3:TrackPointExtension>
            <ns3:hr>102</ns3:hr>
          </ns3:TrackPointExtension>
        </extensions>
      </trkpt>
      <trkpt lat="21.34018088690936565399169921875" lon="-86.79679912514984607696533203125">
        <ele>0</ele>
        <time>2026-03-16T16:44:39.000Z</time>
        <extensions>
          <ns3:TrackPointExtension>
            <ns3:hr>100</ns3:hr>
          </ns3:TrackPointExtension>
        </extensions>
      </trkpt>
      <trkpt lat="21.3402260653674602508544921875" lon="-86.79667339660227298736572265625">
        <ele>0</ele>
        <time>2026-03-16T16:44:42.000Z</time>
        <extensions>
          <ns3:TrackPointExtension>
            <ns3:hr>98</ns3:hr>
          </ns3:TrackPointExtension>
        </extensions>
      </trkpt>
      <trkpt lat="21.34029739536345005035400390625" lon="-86.79643719457089900970458984375">
        <ele>0</ele>
        <time>2026-03-16T16:44:46.000Z</time>
        <extensions>
          <ns3:TrackPointExtension>
            <ns3:hr>99</ns3:hr>
          </ns3:TrackPointExtension>
        </extensions>
      </trkpt>
      <trkpt lat="21.340378113090991973876953125" lon="-86.796110384166240692138671875">
        <ele>0</ele>
        <time>2026-03-16T16:44:51.000Z</time>
        <extensions>
          <ns3:TrackPointExtension>
            <ns3:hr>97</ns3:hr>
          </ns3:TrackPointExtension>
        </extensions>
      </trkpt>
      <trkpt lat="21.34045447222888469696044921875" lon="-86.79583453573286533355712890625">
        <ele>0</ele>
        <time>2026-03-16T16:44:56.000Z</time>
        <extensions>
          <ns3:TrackPointExtension>
            <ns3:hr>97</ns3:hr>
          </ns3:TrackPointExtension>
        </extensions>
      </trkpt>
      <trkpt lat="21.34047358296811580657958984375" lon="-86.7957058735191822052001953125">
        <ele>0</ele>
        <time>2026-03-16T16:44:58.000Z</time>
        <extensions>
          <ns3:TrackPointExtension>
            <ns3:hr>97</ns3:hr>
          </ns3:TrackPointExtension>
        </extensions>
      </trkpt>
      <trkpt lat="21.340471990406513214111328125" lon="-86.7955519817769527435302734375">
        <ele>0</ele>
        <time>2026-03-16T16:45:01.000Z</time>
        <extensions>
          <ns3:TrackPointExtension>
            <ns3:hr>97</ns3:hr>
          </ns3:TrackPointExtension>
        </extensions>
      </trkpt>
      <trkpt lat="21.34049084968864917755126953125" lon="-86.79553982801735401153564453125">
        <ele>0</ele>
        <time>2026-03-16T16:45:03.000Z</time>
        <extensions>
          <ns3:TrackPointExtension>
            <ns3:hr>98</ns3:hr>
          </ns3:TrackPointExtension>
        </extensions>
      </trkpt>
      <trkpt lat="21.34051767177879810333251953125" lon="-86.79559581913053989410400390625">
        <ele>0</ele>
        <time>2026-03-16T16:45:05.000Z</time>
        <extensions>
          <ns3:TrackPointExtension>
            <ns3:hr>96</ns3:hr>
          </ns3:TrackPointExtension>
        </extensions>
      </trkpt>
      <trkpt lat="21.340514235198497772216796875" lon="-86.79564124904572963714599609375">
        <ele>0</ele>
        <time>2026-03-16T16:45:06.000Z</time>
        <extensions>
          <ns3:TrackPointExtension>
            <ns3:hr>97</ns3:hr>
          </ns3:TrackPointExtension>
        </extensions>
      </trkpt>
      <trkpt lat="21.34050057269632816314697265625" lon="-86.79569162428379058837890625">
        <ele>0</ele>
        <time>2026-03-16T16:45:07.000Z</time>
        <extensions>
          <ns3:TrackPointExtension>
            <ns3:hr>98</ns3:hr>
          </ns3:TrackPointExtension>
        </extensions>
      </trkpt>
      <trkpt lat="21.34045765735208988189697265625" lon="-86.795794554054737091064453125">
        <ele>0</ele>
        <time>2026-03-16T16:45:09.000Z</time>
        <extensions>
          <ns3:TrackPointExtension>
            <ns3:hr>98</ns3:hr>
          </ns3:TrackPointExtension>
        </extensions>
      </trkpt>
      <trkpt lat="21.34042865596711635589599609375" lon="-86.79584710858762264251708984375">
        <ele>0</ele>
        <time>2026-03-16T16:45:10.000Z</time>
        <extensions>
          <ns3:TrackPointExtension>
            <ns3:hr>99</ns3:hr>
          </ns3:TrackPointExtension>
        </extensions>
      </trkpt>
      <trkpt lat="21.34037149138748645782470703125" lon="-86.795940399169921875">
        <ele>0</ele>
        <time>2026-03-16T16:45:12.000Z</time>
        <extensions>
          <ns3:TrackPointExtension>
            <ns3:hr>96</ns3:hr>
          </ns3:TrackPointExtension>
        </extensions>
      </trkpt>
      <trkpt lat="21.3403219543397426605224609375" lon="-86.7960418201982975006103515625">
        <ele>0</ele>
        <time>2026-03-16T16:45:14.000Z</time>
        <extensions>
          <ns3:TrackPointExtension>
            <ns3:hr>97</ns3:hr>
          </ns3:TrackPointExtension>
        </extensions>
      </trkpt>
      <trkpt lat="21.34027023799717426300048828125" lon="-86.7961470969021320343017578125">
        <ele>0</ele>
        <time>2026-03-16T16:45:16.000Z</time>
        <extensions>
          <ns3:TrackPointExtension>
            <ns3:hr>97</ns3:hr>
          </ns3:TrackPointExtension>
        </extensions>
      </trkpt>
      <trkpt lat="21.34018524549901485443115234375" lon="-86.79630325175821781158447265625">
        <ele>0</ele>
        <time>2026-03-16T16:45:19.000Z</time>
        <extensions>
          <ns3:TrackPointExtension>
            <ns3:hr>97</ns3:hr>
          </ns3:TrackPointExtension>
        </extensions>
      </trkpt>
      <trkpt lat="21.3401348702609539031982421875" lon="-86.7964032478630542755126953125">
        <ele>0</ele>
        <time>2026-03-16T16:45:21.000Z</time>
        <extensions>
          <ns3:TrackPointExtension>
            <ns3:hr>92</ns3:hr>
          </ns3:TrackPointExtension>
        </extensions>
      </trkpt>
      <trkpt lat="21.340112574398517608642578125" lon="-86.79645873606204986572265625">
        <ele>0</ele>
        <time>2026-03-16T16:45:22.000Z</time>
        <extensions>
          <ns3:TrackPointExtension>
            <ns3:hr>95</ns3:hr>
          </ns3:TrackPointExtension>
        </extensions>
      </trkpt>
      <trkpt lat="21.3400413282215595245361328125" lon="-86.79662494920194149017333984375">
        <ele>0</ele>
        <time>2026-03-16T16:45:25.000Z</time>
        <extensions>
          <ns3:TrackPointExtension>
            <ns3:hr>97</ns3:hr>
          </ns3:TrackPointExtension>
        </extensions>
      </trkpt>
      <trkpt lat="21.33992850780487060546875" lon="-86.7969212494790554046630859375">
        <ele>0</ele>
        <time>2026-03-16T16:45:30.000Z</time>
        <extensions>
          <ns3:TrackPointExtension>
            <ns3:hr>93</ns3:hr>
          </ns3:TrackPointExtension>
        </extensions>
      </trkpt>
      <trkpt lat="21.33989741094410419464111328125" lon="-86.79699006490409374237060546875">
        <ele>0</ele>
        <time>2026-03-16T16:45:31.000Z</time>
        <extensions>
          <ns3:TrackPointExtension>
            <ns3:hr>93</ns3:hr>
          </ns3:TrackPointExtension>
        </extensions>
      </trkpt>
      <trkpt lat="21.339762210845947265625" lon="-86.7972588725388050079345703125">
        <ele>0</ele>
        <time>2026-03-16T16:45:35.000Z</time>
        <extensions>
          <ns3:TrackPointExtension>
            <ns3:hr>90</ns3:hr>
          </ns3:TrackPointExtension>
        </extensions>
      </trkpt>
      <trkpt lat="21.3396658189594745635986328125" lon="-86.79745811037719249725341796875">
        <ele>0</ele>
        <time>2026-03-16T16:45:38.000Z</time>
        <extensions>
          <ns3:TrackPointExtension>
            <ns3:hr>89</ns3:hr>
          </ns3:TrackPointExtension>
        </extensions>
      </trkpt>
      <trkpt lat="21.3395736180245876312255859375" lon="-86.79764050059020519256591796875">
        <ele>0</ele>
        <time>2026-03-16T16:45:41.000Z</time>
        <extensions>
          <ns3:TrackPointExtension>
            <ns3:hr>92</ns3:hr>
          </ns3:TrackPointExtension>
        </extensions>
      </trkpt>
      <trkpt lat="21.33949692361056804656982421875" lon="-86.797807216644287109375">
        <ele>0</ele>
        <time>2026-03-16T16:45:44.000Z</time>
        <extensions>
          <ns3:TrackPointExtension>
            <ns3:hr>90</ns3:hr>
          </ns3:TrackPointExtension>
        </extensions>
      </trkpt>
      <trkpt lat="21.33941821753978729248046875" lon="-86.797993965446949005126953125">
        <ele>0</ele>
        <time>2026-03-16T16:45:47.000Z</time>
        <extensions>
          <ns3:TrackPointExtension>
            <ns3:hr>86</ns3:hr>
          </ns3:TrackPointExtension>
        </extensions>
      </trkpt>
      <trkpt lat="21.339311264455318450927734375" lon="-86.79822186939418315887451171875">
        <ele>0</ele>
        <time>2026-03-16T16:45:51.000Z</time>
        <extensions>
          <ns3:TrackPointExtension>
            <ns3:hr>81</ns3:hr>
          </ns3:TrackPointExtension>
        </extensions>
      </trkpt>
      <trkpt lat="21.33917120285332202911376953125" lon="-86.798466034233570098876953125">
        <ele>0</ele>
        <time>2026-03-16T16:45:56.000Z</time>
        <extensions>
          <ns3:TrackPointExtension>
            <ns3:hr>80</ns3:hr>
          </ns3:TrackPointExtension>
        </extensions>
      </trkpt>
      <trkpt lat="21.33905301801860332489013671875" lon="-86.798665858805179595947265625">
        <ele>0</ele>
        <time>2026-03-16T16:46:01.000Z</time>
        <extensions>
          <ns3:TrackPointExtension>
            <ns3:hr>82</ns3:hr>
          </ns3:TrackPointExtension>
        </extensions>
      </trkpt>
      <trkpt lat="21.338994763791561126708984375" lon="-86.7988480813801288604736328125">
        <ele>0</ele>
        <time>2026-03-16T16:46:06.000Z</time>
        <extensions>
          <ns3:TrackPointExtension>
            <ns3:hr>84</ns3:hr>
          </ns3:TrackPointExtension>
        </extensions>
      </trkpt>
      <trkpt lat="21.3389677740633487701416015625" lon="-86.7989821918308734893798828125">
        <ele>0</ele>
        <time>2026-03-16T16:46:09.000Z</time>
        <extensions>
          <ns3:TrackPointExtension>
            <ns3:hr>87</ns3:hr>
          </ns3:TrackPointExtension>
        </extensions>
      </trkpt>
      <trkpt lat="21.33894212543964385986328125" lon="-86.7990764044225215911865234375">
        <ele>0</ele>
        <time>2026-03-16T16:46:11.000Z</time>
        <extensions>
          <ns3:TrackPointExtension>
            <ns3:hr>88</ns3:hr>
          </ns3:TrackPointExtension>
        </extensions>
      </trkpt>
      <trkpt lat="21.33882435970008373260498046875" lon="-86.7993781529366970062255859375">
        <ele>0</ele>
        <time>2026-03-16T16:46:16.000Z</time>
        <extensions>
          <ns3:TrackPointExtension>
            <ns3:hr>91</ns3:hr>
          </ns3:TrackPointExtension>
        </extensions>
      </trkpt>
      <trkpt lat="21.33871723897755146026611328125" lon="-86.7995602078735828399658203125">
        <ele>0</ele>
        <time>2026-03-16T16:46:20.000Z</time>
        <extensions>
          <ns3:TrackPointExtension>
            <ns3:hr>88</ns3:hr>
          </ns3:TrackPointExtension>
        </extensions>
      </trkpt>
      <trkpt lat="21.3386710546910762786865234375" lon="-86.79964276961982250213623046875">
        <ele>0</ele>
        <time>2026-03-16T16:46:22.000Z</time>
        <extensions>
          <ns3:TrackPointExtension>
            <ns3:hr>92</ns3:hr>
          </ns3:TrackPointExtension>
        </extensions>
      </trkpt>
      <trkpt lat="21.33862026035785675048828125" lon="-86.79972675628960132598876953125">
        <ele>0</ele>
        <time>2026-03-16T16:46:24.000Z</time>
        <extensions>
          <ns3:TrackPointExtension>
            <ns3:hr>89</ns3:hr>
          </ns3:TrackPointExtension>
        </extensions>
      </trkpt>
      <trkpt lat="21.33850358426570892333984375" lon="-86.799903027713298797607421875">
        <ele>0</ele>
        <time>2026-03-16T16:46:29.000Z</time>
        <extensions>
          <ns3:TrackPointExtension>
            <ns3:hr>91</ns3:hr>
          </ns3:TrackPointExtension>
        </extensions>
      </trkpt>
      <trkpt lat="21.3384839706122875213623046875" lon="-86.7999585159122943878173828125">
        <ele>0</ele>
        <time>2026-03-16T16:46:31.000Z</time>
        <extensions>
          <ns3:TrackPointExtension>
            <ns3:hr>94</ns3:hr>
          </ns3:TrackPointExtension>
        </extensions>
      </trkpt>
      <trkpt lat="21.33849645964801311492919921875" lon="-86.79997134022414684295654296875">
        <ele>0</ele>
        <time>2026-03-16T16:46:32.000Z</time>
        <extensions>
          <ns3:TrackPointExtension>
            <ns3:hr>96</ns3:hr>
          </ns3:TrackPointExtension>
        </extensions>
      </trkpt>
      <trkpt lat="21.33856686763465404510498046875" lon="-86.799905709922313690185546875">
        <ele>0</ele>
        <time>2026-03-16T16:46:35.000Z</time>
        <extensions>
          <ns3:TrackPointExtension>
            <ns3:hr>98</ns3:hr>
          </ns3:TrackPointExtension>
        </extensions>
      </trkpt>
      <trkpt lat="21.33858094923198223114013671875" lon="-86.79985768161714076995849609375">
        <ele>0</ele>
        <time>2026-03-16T16:46:36.000Z</time>
        <extensions>
          <ns3:TrackPointExtension>
            <ns3:hr>99</ns3:hr>
          </ns3:TrackPointExtension>
        </extensions>
      </trkpt>
      <trkpt lat="21.33860257454216480255126953125" lon="-86.79974377155303955078125">
        <ele>0</ele>
        <time>2026-03-16T16:46:38.000Z</time>
        <extensions>
          <ns3:TrackPointExtension>
            <ns3:hr>99</ns3:hr>
          </ns3:TrackPointExtension>
        </extensions>
      </trkpt>
      <trkpt lat="21.3386160694062709808349609375" lon="-86.799622736871242523193359375">
        <ele>0</ele>
        <time>2026-03-16T16:46:40.000Z</time>
        <extensions>
          <ns3:TrackPointExtension>
            <ns3:hr>101</ns3:hr>
          </ns3:TrackPointExtension>
        </extensions>
      </trkpt>
      <trkpt lat="21.33863241411745548248291015625" lon="-86.79950916208326816558837890625">
        <ele>0</ele>
        <time>2026-03-16T16:46:42.000Z</time>
        <extensions>
          <ns3:TrackPointExtension>
            <ns3:hr>99</ns3:hr>
          </ns3:TrackPointExtension>
        </extensions>
      </trkpt>
      <trkpt lat="21.33869930170476436614990234375" lon="-86.79932509548962116241455078125">
        <ele>0</ele>
        <time>2026-03-16T16:46:45.000Z</time>
        <extensions>
          <ns3:TrackPointExtension>
            <ns3:hr>100</ns3:hr>
          </ns3:TrackPointExtension>
        </extensions>
      </trkpt>
      <trkpt lat="21.33872687816619873046875" lon="-86.79925368167459964752197265625">
        <ele>0</ele>
        <time>2026-03-16T16:46:46.000Z</time>
        <extensions>
          <ns3:TrackPointExtension>
            <ns3:hr>100</ns3:hr>
          </ns3:TrackPointExtension>
        </extensions>
      </trkpt>
      <trkpt lat="21.33880374021828174591064453125" lon="-86.799023263156414031982421875">
        <ele>0</ele>
        <time>2026-03-16T16:46:49.000Z</time>
        <extensions>
          <ns3:TrackPointExtension>
            <ns3:hr>100</ns3:hr>
          </ns3:TrackPointExtension>
        </extensions>
      </trkpt>
      <trkpt lat="21.33884313516318798065185546875" lon="-86.7986856400966644287109375">
        <ele>0</ele>
        <time>2026-03-16T16:46:54.000Z</time>
        <extensions>
          <ns3:TrackPointExtension>
            <ns3:hr>101</ns3:hr>
          </ns3:TrackPointExtension>
        </extensions>
      </trkpt>
      <trkpt lat="21.3388457335531711578369140625" lon="-86.7986381985247135162353515625">
        <ele>0</ele>
        <time>2026-03-16T16:46:55.000Z</time>
        <extensions>
          <ns3:TrackPointExtension>
            <ns3:hr>101</ns3:hr>
          </ns3:TrackPointExtension>
        </extensions>
      </trkpt>
      <trkpt lat="21.33889074437320232391357421875" lon="-86.7984960414469242095947265625">
        <ele>0</ele>
        <time>2026-03-16T16:46:58.000Z</time>
        <extensions>
          <ns3:TrackPointExtension>
            <ns3:hr>103</ns3:hr>
          </ns3:TrackPointExtension>
        </extensions>
      </trkpt>
      <trkpt lat="21.3389892317354679107666015625" lon="-86.7982298322021961212158203125">
        <ele>0</ele>
        <time>2026-03-16T16:47:02.000Z</time>
        <extensions>
          <ns3:TrackPointExtension>
            <ns3:hr>104</ns3:hr>
          </ns3:TrackPointExtension>
        </extensions>
      </trkpt>
      <trkpt lat="21.339012868702411651611328125" lon="-86.7980799637734889984130859375">
        <ele>0</ele>
        <time>2026-03-16T16:47:04.000Z</time>
        <extensions>
          <ns3:TrackPointExtension>
            <ns3:hr>104</ns3:hr>
          </ns3:TrackPointExtension>
        </extensions>
      </trkpt>
      <trkpt lat="21.33901244960725307464599609375" lon="-86.79794945754110813140869140625">
        <ele>0</ele>
        <time>2026-03-16T16:47:06.000Z</time>
        <extensions>
          <ns3:TrackPointExtension>
            <ns3:hr>104</ns3:hr>
          </ns3:TrackPointExtension>
        </extensions>
      </trkpt>
      <trkpt lat="21.3390071690082550048828125" lon="-86.79781048558652400970458984375">
        <ele>0</ele>
        <time>2026-03-16T16:47:09.000Z</time>
        <extensions>
          <ns3:TrackPointExtension>
            <ns3:hr>104</ns3:hr>
          </ns3:TrackPointExtension>
        </extensions>
      </trkpt>
      <trkpt lat="21.33900540880858898162841796875" lon="-86.7977849207818508148193359375">
        <ele>0</ele>
        <time>2026-03-16T16:47:10.000Z</time>
        <extensions>
          <ns3:TrackPointExtension>
            <ns3:hr>104</ns3:hr>
          </ns3:TrackPointExtension>
        </extensions>
      </trkpt>
      <trkpt lat="21.3390187360346317291259765625" lon="-86.7977751977741718292236328125">
        <ele>0</ele>
        <time>2026-03-16T16:47:13.000Z</time>
        <extensions>
          <ns3:TrackPointExtension>
            <ns3:hr>104</ns3:hr>
          </ns3:TrackPointExtension>
        </extensions>
      </trkpt>
      <trkpt lat="21.33902703411877155303955078125" lon="-86.79780160076916217803955078125">
        <ele>0</ele>
        <time>2026-03-16T16:47:14.000Z</time>
        <extensions>
          <ns3:TrackPointExtension>
            <ns3:hr>103</ns3:hr>
          </ns3:TrackPointExtension>
        </extensions>
      </trkpt>
      <trkpt lat="21.33902032859623432159423828125" lon="-86.79788726381957530975341796875">
        <ele>0</ele>
        <time>2026-03-16T16:47:16.000Z</time>
        <extensions>
          <ns3:TrackPointExtension>
            <ns3:hr>102</ns3:hr>
          </ns3:TrackPointExtension>
        </extensions>
      </trkpt>
      <trkpt lat="21.33900390006601810455322265625" lon="-86.7979381419718265533447265625">
        <ele>0</ele>
        <time>2026-03-16T16:47:17.000Z</time>
        <extensions>
          <ns3:TrackPointExtension>
            <ns3:hr>103</ns3:hr>
          </ns3:TrackPointExtension>
        </extensions>
      </trkpt>
      <trkpt lat="21.3389278762042522430419921875" lon="-86.79810603149235248565673828125">
        <ele>0</ele>
        <time>2026-03-16T16:47:20.000Z</time>
        <extensions>
          <ns3:TrackPointExtension>
            <ns3:hr>103</ns3:hr>
          </ns3:TrackPointExtension>
        </extensions>
      </trkpt>
      <trkpt lat="21.33870265446603298187255859375" lon="-86.79847785271704196929931640625">
        <ele>0</ele>
        <time>2026-03-16T16:47:27.000Z</time>
        <extensions>
          <ns3:TrackPointExtension>
            <ns3:hr>106</ns3:hr>
          </ns3:TrackPointExtension>
        </extensions>
      </trkpt>
      <trkpt lat="21.3386388681828975677490234375" lon="-86.79855823516845703125">
        <ele>0</ele>
        <time>2026-03-16T16:47:29.000Z</time>
        <extensions>
          <ns3:TrackPointExtension>
            <ns3:hr>103</ns3:hr>
          </ns3:TrackPointExtension>
        </extensions>
      </trkpt>
      <trkpt lat="21.3386123813688755035400390625" lon="-86.79859553463757038116455078125">
        <ele>0</ele>
        <time>2026-03-16T16:47:30.000Z</time>
        <extensions>
          <ns3:TrackPointExtension>
            <ns3:hr>104</ns3:hr>
          </ns3:TrackPointExtension>
        </extensions>
      </trkpt>
      <trkpt lat="21.33856183849275112152099609375" lon="-86.7986609973013401031494140625">
        <ele>0</ele>
        <time>2026-03-16T16:47:32.000Z</time>
        <extensions>
          <ns3:TrackPointExtension>
            <ns3:hr>104</ns3:hr>
          </ns3:TrackPointExtension>
        </extensions>
      </trkpt>
      <trkpt lat="21.33843644522130489349365234375" lon="-86.79889745078980922698974609375">
        <ele>0</ele>
        <time>2026-03-16T16:47:38.000Z</time>
        <extensions>
          <ns3:TrackPointExtension>
            <ns3:hr>102</ns3:hr>
          </ns3:TrackPointExtension>
        </extensions>
      </trkpt>
      <trkpt lat="21.33829479105770587921142578125" lon="-86.79914295673370361328125">
        <ele>0</ele>
        <time>2026-03-16T16:47:43.000Z</time>
        <extensions>
          <ns3:TrackPointExtension>
            <ns3:hr>102</ns3:hr>
          </ns3:TrackPointExtension>
        </extensions>
      </trkpt>
      <trkpt lat="21.3382429070770740509033203125" lon="-86.79922987706959247589111328125">
        <ele>0</ele>
        <time>2026-03-16T16:47:45.000Z</time>
        <extensions>
          <ns3:TrackPointExtension>
            <ns3:hr>103</ns3:hr>
          </ns3:TrackPointExtension>
        </extensions>
      </trkpt>
      <trkpt lat="21.33817560039460659027099609375" lon="-86.799371279776096343994140625">
        <ele>0</ele>
        <time>2026-03-16T16:47:48.000Z</time>
        <extensions>
          <ns3:TrackPointExtension>
            <ns3:hr>102</ns3:hr>
          </ns3:TrackPointExtension>
        </extensions>
      </trkpt>
      <trkpt lat="21.33809513412415981292724609375" lon="-86.7995122633874416351318359375">
        <ele>0</ele>
        <time>2026-03-16T16:47:51.000Z</time>
        <extensions>
          <ns3:TrackPointExtension>
            <ns3:hr>101</ns3:hr>
          </ns3:TrackPointExtension>
        </extensions>
      </trkpt>
      <trkpt lat="21.3379906117916107177734375" lon="-86.7997248284518718719482421875">
        <ele>0</ele>
        <time>2026-03-16T16:47:55.000Z</time>
        <extensions>
          <ns3:TrackPointExtension>
            <ns3:hr>101</ns3:hr>
          </ns3:TrackPointExtension>
        </extensions>
      </trkpt>
      <trkpt lat="21.3378489576280117034912109375" lon="-86.7999769560992717742919921875">
        <ele>0</ele>
        <time>2026-03-16T16:48:00.000Z</time>
        <extensions>
          <ns3:TrackPointExtension>
            <ns3:hr>101</ns3:hr>
          </ns3:TrackPointExtension>
        </extensions>
      </trkpt>
      <trkpt lat="21.33782498538494110107421875" lon="-86.8000114895403385162353515625">
        <ele>0</ele>
        <time>2026-03-16T16:48:01.000Z</time>
        <extensions>
          <ns3:TrackPointExtension>
            <ns3:hr>101</ns3:hr>
          </ns3:TrackPointExtension>
        </extensions>
      </trkpt>
      <trkpt lat="21.33780545555055141448974609375" lon="-86.8000495433807373046875">
        <ele>0</ele>
        <time>2026-03-16T16:48:03.000Z</time>
        <extensions>
          <ns3:TrackPointExtension>
            <ns3:hr>101</ns3:hr>
          </ns3:TrackPointExtension>
        </extensions>
      </trkpt>
      <trkpt lat="21.337814591825008392333984375" lon="-86.8000577576458454132080078125">
        <ele>0</ele>
        <time>2026-03-16T16:48:04.000Z</time>
        <extensions>
          <ns3:TrackPointExtension>
            <ns3:hr>101</ns3:hr>
          </ns3:TrackPointExtension>
        </extensions>
      </trkpt>
      <trkpt lat="21.33786144666373729705810546875" lon="-86.7999746091663837432861328125">
        <ele>0</ele>
        <time>2026-03-16T16:48:07.000Z</time>
        <extensions>
          <ns3:TrackPointExtension>
            <ns3:hr>101</ns3:hr>
          </ns3:TrackPointExtension>
        </extensions>
      </trkpt>
      <trkpt lat="21.3379478640854358673095703125" lon="-86.79961175657808780670166015625">
        <ele>0</ele>
        <time>2026-03-16T16:48:14.000Z</time>
        <extensions>
          <ns3:TrackPointExtension>
            <ns3:hr>101</ns3:hr>
          </ns3:TrackPointExtension>
        </extensions>
      </trkpt>
      <trkpt lat="21.338021457195281982421875" lon="-86.79925418458878993988037109375">
        <ele>0</ele>
        <time>2026-03-16T16:48:19.000Z</time>
        <extensions>
          <ns3:TrackPointExtension>
            <ns3:hr>102</ns3:hr>
          </ns3:TrackPointExtension>
        </extensions>
      </trkpt>
      <trkpt lat="21.33804517798125743865966796875" lon="-86.79911018349230289459228515625">
        <ele>0</ele>
        <time>2026-03-16T16:48:21.000Z</time>
        <extensions>
          <ns3:TrackPointExtension>
            <ns3:hr>102</ns3:hr>
          </ns3:TrackPointExtension>
        </extensions>
      </trkpt>
      <trkpt lat="21.3380933739244937896728515625" lon="-86.79883383214473724365234375">
        <ele>0</ele>
        <time>2026-03-16T16:48:25.000Z</time>
        <extensions>
          <ns3:TrackPointExtension>
            <ns3:hr>100</ns3:hr>
          </ns3:TrackPointExtension>
        </extensions>
      </trkpt>
      <trkpt lat="21.33814425207674503326416015625" lon="-86.7984467558562755584716796875">
        <ele>0</ele>
        <time>2026-03-16T16:48:31.000Z</time>
        <extensions>
          <ns3:TrackPointExtension>
            <ns3:hr>101</ns3:hr>
          </ns3:TrackPointExtension>
        </extensions>
      </trkpt>
      <trkpt lat="21.3381617702543735504150390625" lon="-86.79832379333674907684326171875">
        <ele>0</ele>
        <time>2026-03-16T16:48:33.000Z</time>
        <extensions>
          <ns3:TrackPointExtension>
            <ns3:hr>98</ns3:hr>
          </ns3:TrackPointExtension>
        </extensions>
      </trkpt>
      <trkpt lat="21.33818381465971469879150390625" lon="-86.798208542168140411376953125">
        <ele>0</ele>
        <time>2026-03-16T16:48:35.000Z</time>
        <extensions>
          <ns3:TrackPointExtension>
            <ns3:hr>98</ns3:hr>
          </ns3:TrackPointExtension>
        </extensions>
      </trkpt>
      <trkpt lat="21.33820393122732639312744140625" lon="-86.79814911447465419769287109375">
        <ele>0</ele>
        <time>2026-03-16T16:48:36.000Z</time>
        <extensions>
          <ns3:TrackPointExtension>
            <ns3:hr>98</ns3:hr>
          </ns3:TrackPointExtension>
        </extensions>
      </trkpt>
      <trkpt lat="21.33824500255286693572998046875" lon="-86.79801684804260730743408203125">
        <ele>0</ele>
        <time>2026-03-16T16:48:38.000Z</time>
        <extensions>
          <ns3:TrackPointExtension>
            <ns3:hr>94</ns3:hr>
          </ns3:TrackPointExtension>
        </extensions>
      </trkpt>
      <trkpt lat="21.338271237909793853759765625" lon="-86.79788173176348209381103515625">
        <ele>0</ele>
        <time>2026-03-16T16:48:40.000Z</time>
        <extensions>
          <ns3:TrackPointExtension>
            <ns3:hr>91</ns3:hr>
          </ns3:TrackPointExtension>
        </extensions>
      </trkpt>
      <trkpt lat="21.3382740877568721771240234375" lon="-86.7978315241634845733642578125">
        <ele>0</ele>
        <time>2026-03-16T16:48:41.000Z</time>
        <extensions>
          <ns3:TrackPointExtension>
            <ns3:hr>91</ns3:hr>
          </ns3:TrackPointExtension>
        </extensions>
      </trkpt>
      <trkpt lat="21.338270567357540130615234375" lon="-86.7975805699825286865234375">
        <ele>0</ele>
        <time>2026-03-16T16:48:46.000Z</time>
        <extensions>
          <ns3:TrackPointExtension>
            <ns3:hr>90</ns3:hr>
          </ns3:TrackPointExtension>
        </extensions>
      </trkpt>
      <trkpt lat="21.338277272880077362060546875" lon="-86.797554083168506622314453125">
        <ele>0</ele>
        <time>2026-03-16T16:48:48.000Z</time>
        <extensions>
          <ns3:TrackPointExtension>
            <ns3:hr>91</ns3:hr>
          </ns3:TrackPointExtension>
        </extensions>
      </trkpt>
      <trkpt lat="21.33828624151647090911865234375" lon="-86.7975673265755176544189453125">
        <ele>0</ele>
        <time>2026-03-16T16:48:49.000Z</time>
        <extensions>
          <ns3:TrackPointExtension>
            <ns3:hr>91</ns3:hr>
          </ns3:TrackPointExtension>
        </extensions>
      </trkpt>
      <trkpt lat="21.33825807832181453704833984375" lon="-86.79768006317317485809326171875">
        <ele>0</ele>
        <time>2026-03-16T16:48:52.000Z</time>
        <extensions>
          <ns3:TrackPointExtension>
            <ns3:hr>91</ns3:hr>
          </ns3:TrackPointExtension>
        </extensions>
      </trkpt>
      <trkpt lat="21.33823611773550510406494140625" lon="-86.7977275885641574859619140625">
        <ele>0</ele>
        <time>2026-03-16T16:48:53.000Z</time>
        <extensions>
          <ns3:TrackPointExtension>
            <ns3:hr>94</ns3:hr>
          </ns3:TrackPointExtension>
        </extensions>
      </trkpt>
      <trkpt lat="21.33821398951113224029541015625" lon="-86.79777679033577442169189453125">
        <ele>0</ele>
        <time>2026-03-16T16:48:54.000Z</time>
        <extensions>
          <ns3:TrackPointExtension>
            <ns3:hr>91</ns3:hr>
          </ns3:TrackPointExtension>
        </extensions>
      </trkpt>
      <trkpt lat="21.33819286711513996124267578125" lon="-86.79783211089670658111572265625">
        <ele>0</ele>
        <time>2026-03-16T16:48:55.000Z</time>
        <extensions>
          <ns3:TrackPointExtension>
            <ns3:hr>91</ns3:hr>
          </ns3:TrackPointExtension>
        </extensions>
      </trkpt>
      <trkpt lat="21.33814794011414051055908203125" lon="-86.7979609407484531402587890625">
        <ele>0</ele>
        <time>2026-03-16T16:48:57.000Z</time>
        <extensions>
          <ns3:TrackPointExtension>
            <ns3:hr>92</ns3:hr>
          </ns3:TrackPointExtension>
        </extensions>
      </trkpt>
      <trkpt lat="21.3380903564393520355224609375" lon="-86.79808474145829677581787109375">
        <ele>0</ele>
        <time>2026-03-16T16:48:59.000Z</time>
        <extensions>
          <ns3:TrackPointExtension>
            <ns3:hr>91</ns3:hr>
          </ns3:TrackPointExtension>
        </extensions>
      </trkpt>
      <trkpt lat="21.3380373828113079071044921875" lon="-86.7981849052011966705322265625">
        <ele>0</ele>
        <time>2026-03-16T16:49:01.000Z</time>
        <extensions>
          <ns3:TrackPointExtension>
            <ns3:hr>90</ns3:hr>
          </ns3:TrackPointExtension>
        </extensions>
      </trkpt>
      <trkpt lat="21.3379686512053012847900390625" lon="-86.79833904840052127838134765625">
        <ele>0</ele>
        <time>2026-03-16T16:49:04.000Z</time>
        <extensions>
          <ns3:TrackPointExtension>
            <ns3:hr>89</ns3:hr>
          </ns3:TrackPointExtension>
        </extensions>
      </trkpt>
      <trkpt lat="21.33782565593719482421875" lon="-86.7985952831804752349853515625">
        <ele>0</ele>
        <time>2026-03-16T16:49:09.000Z</time>
        <extensions>
          <ns3:TrackPointExtension>
            <ns3:hr>90</ns3:hr>
          </ns3:TrackPointExtension>
        </extensions>
      </trkpt>
      <trkpt lat="21.33762155659496784210205078125" lon="-86.79893835447728633880615234375">
        <ele>0</ele>
        <time>2026-03-16T16:49:16.000Z</time>
        <extensions>
          <ns3:TrackPointExtension>
            <ns3:hr>90</ns3:hr>
          </ns3:TrackPointExtension>
        </extensions>
      </trkpt>
      <trkpt lat="21.33759993128478527069091796875" lon="-86.7989858798682689666748046875">
        <ele>0</ele>
        <time>2026-03-16T16:49:17.000Z</time>
        <extensions>
          <ns3:TrackPointExtension>
            <ns3:hr>90</ns3:hr>
          </ns3:TrackPointExtension>
        </extensions>
      </trkpt>
      <trkpt lat="21.33750437758862972259521484375" lon="-86.79921210743486881256103515625">
        <ele>0</ele>
        <time>2026-03-16T16:49:21.000Z</time>
        <extensions>
          <ns3:TrackPointExtension>
            <ns3:hr>91</ns3:hr>
          </ns3:TrackPointExtension>
        </extensions>
      </trkpt>
      <trkpt lat="21.337324082851409912109375" lon="-86.79952173493802547454833984375">
        <ele>0</ele>
        <time>2026-03-16T16:49:27.000Z</time>
        <extensions>
          <ns3:TrackPointExtension>
            <ns3:hr>91</ns3:hr>
          </ns3:TrackPointExtension>
        </extensions>
      </trkpt>
      <trkpt lat="21.33708494715392589569091796875" lon="-86.79992289282381534576416015625">
        <ele>0</ele>
        <time>2026-03-16T16:49:35.000Z</time>
        <extensions>
          <ns3:TrackPointExtension>
            <ns3:hr>92</ns3:hr>
          </ns3:TrackPointExtension>
        </extensions>
      </trkpt>
      <trkpt lat="21.33686802349984645843505859375" lon="-86.80028893053531646728515625">
        <ele>0</ele>
        <time>2026-03-16T16:49:43.000Z</time>
        <extensions>
          <ns3:TrackPointExtension>
            <ns3:hr>89</ns3:hr>
          </ns3:TrackPointExtension>
        </extensions>
      </trkpt>
      <trkpt lat="21.33675604127347469329833984375" lon="-86.80051230825483798980712890625">
        <ele>0</ele>
        <time>2026-03-16T16:49:48.000Z</time>
        <extensions>
          <ns3:TrackPointExtension>
            <ns3:hr>86</ns3:hr>
          </ns3:TrackPointExtension>
        </extensions>
      </trkpt>
      <trkpt lat="21.3366999663412570953369140625" lon="-86.800607778131961822509765625">
        <ele>0</ele>
        <time>2026-03-16T16:49:51.000Z</time>
        <extensions>
          <ns3:TrackPointExtension>
            <ns3:hr>87</ns3:hr>
          </ns3:TrackPointExtension>
        </extensions>
      </trkpt>
      <trkpt lat="21.33664271794259548187255859375" lon="-86.80069126188755035400390625">
        <ele>0</ele>
        <time>2026-03-16T16:49:56.000Z</time>
        <extensions>
          <ns3:TrackPointExtension>
            <ns3:hr>88</ns3:hr>
          </ns3:TrackPointExtension>
        </extensions>
      </trkpt>
      <trkpt lat="21.33664238266646862030029296875" lon="-86.800705008208751678466796875">
        <ele>0</ele>
        <time>2026-03-16T16:49:57.000Z</time>
        <extensions>
          <ns3:TrackPointExtension>
            <ns3:hr>89</ns3:hr>
          </ns3:TrackPointExtension>
        </extensions>
      </trkpt>
      <trkpt lat="21.3366402871906757354736328125" lon="-86.8008044175803661346435546875">
        <ele>0</ele>
        <time>2026-03-16T16:50:00.000Z</time>
        <extensions>
          <ns3:TrackPointExtension>
            <ns3:hr>85</ns3:hr>
          </ns3:TrackPointExtension>
        </extensions>
      </trkpt>
      <trkpt lat="21.33653710596263408660888671875" lon="-86.8010495044291019439697265625">
        <ele>0</ele>
        <time>2026-03-16T16:50:05.000Z</time>
        <extensions>
          <ns3:TrackPointExtension>
            <ns3:hr>87</ns3:hr>
          </ns3:TrackPointExtension>
        </extensions>
      </trkpt>
      <trkpt lat="21.33639796636998653411865234375" lon="-86.80134194903075695037841796875">
        <ele>0</ele>
        <time>2026-03-16T16:50:10.000Z</time>
        <extensions>
          <ns3:TrackPointExtension>
            <ns3:hr>84</ns3:hr>
          </ns3:TrackPointExtension>
        </extensions>
      </trkpt>
      <trkpt lat="21.33636494167149066925048828125" lon="-86.8014013767242431640625">
        <ele>0</ele>
        <time>2026-03-16T16:50:11.000Z</time>
        <extensions>
          <ns3:TrackPointExtension>
            <ns3:hr>87</ns3:hr>
          </ns3:TrackPointExtension>
        </extensions>
      </trkpt>
      <trkpt lat="21.336332000792026519775390625" lon="-86.801457367837429046630859375">
        <ele>0</ele>
        <time>2026-03-16T16:50:12.000Z</time>
        <extensions>
          <ns3:TrackPointExtension>
            <ns3:hr>86</ns3:hr>
          </ns3:TrackPointExtension>
        </extensions>
      </trkpt>
      <trkpt lat="21.3361920230090618133544921875" lon="-86.8016804940998554229736328125">
        <ele>0</ele>
        <time>2026-03-16T16:50:17.000Z</time>
        <extensions>
          <ns3:TrackPointExtension>
            <ns3:hr>88</ns3:hr>
          </ns3:TrackPointExtension>
        </extensions>
      </trkpt>
      <trkpt lat="21.336122788488864898681640625" lon="-86.80180706083774566650390625">
        <ele>0</ele>
        <time>2026-03-16T16:50:20.000Z</time>
        <extensions>
          <ns3:TrackPointExtension>
            <ns3:hr>87</ns3:hr>
          </ns3:TrackPointExtension>
        </extensions>
      </trkpt>
      <trkpt lat="21.33603301830589771270751953125" lon="-86.801926083862781524658203125">
        <ele>0</ele>
        <time>2026-03-16T16:50:23.000Z</time>
        <extensions>
          <ns3:TrackPointExtension>
            <ns3:hr>87</ns3:hr>
          </ns3:TrackPointExtension>
        </extensions>
      </trkpt>
      <trkpt lat="21.3359462656080722808837890625" lon="-86.802040077745914459228515625">
        <ele>0</ele>
        <time>2026-03-16T16:50:26.000Z</time>
        <extensions>
          <ns3:TrackPointExtension>
            <ns3:hr>88</ns3:hr>
          </ns3:TrackPointExtension>
        </extensions>
      </trkpt>
      <trkpt lat="21.3359013386070728302001953125" lon="-86.80208190344274044036865234375">
        <ele>0</ele>
        <time>2026-03-16T16:50:28.000Z</time>
        <extensions>
          <ns3:TrackPointExtension>
            <ns3:hr>89</ns3:hr>
          </ns3:TrackPointExtension>
        </extensions>
      </trkpt>
      <trkpt lat="21.33590058423578739166259765625" lon="-86.80209338665008544921875">
        <ele>0</ele>
        <time>2026-03-16T16:50:29.000Z</time>
        <extensions>
          <ns3:TrackPointExtension>
            <ns3:hr>89</ns3:hr>
          </ns3:TrackPointExtension>
        </extensions>
      </trkpt>
      <trkpt lat="21.3359197787940502166748046875" lon="-86.8020959012210369110107421875">
        <ele>0</ele>
        <time>2026-03-16T16:50:30.000Z</time>
        <extensions>
          <ns3:TrackPointExtension>
            <ns3:hr>89</ns3:hr>
          </ns3:TrackPointExtension>
        </extensions>
      </trkpt>
      <trkpt lat="21.33598507381975650787353515625" lon="-86.8020506389439105987548828125">
        <ele>0</ele>
        <time>2026-03-16T16:50:32.000Z</time>
        <extensions>
          <ns3:TrackPointExtension>
            <ns3:hr>89</ns3:hr>
          </ns3:TrackPointExtension>
        </extensions>
      </trkpt>
      <trkpt lat="21.33600535802543163299560546875" lon="-86.8020120821893215179443359375">
        <ele>0</ele>
        <time>2026-03-16T16:50:33.000Z</time>
        <extensions>
          <ns3:TrackPointExtension>
            <ns3:hr>89</ns3:hr>
          </ns3:TrackPointExtension>
        </extensions>
      </trkpt>
      <trkpt lat="21.336026899516582489013671875" lon="-86.80195215158164501190185546875">
        <ele>0</ele>
        <time>2026-03-16T16:50:34.000Z</time>
        <extensions>
          <ns3:TrackPointExtension>
            <ns3:hr>87</ns3:hr>
          </ns3:TrackPointExtension>
        </extensions>
      </trkpt>
      <trkpt lat="21.33608800359070301055908203125" lon="-86.80175182409584522247314453125">
        <ele>0</ele>
        <time>2026-03-16T16:50:38.000Z</time>
        <extensions>
          <ns3:TrackPointExtension>
            <ns3:hr>88</ns3:hr>
          </ns3:TrackPointExtension>
        </extensions>
      </trkpt>
      <trkpt lat="21.33619344793260097503662109375" lon="-86.80152618326246738433837890625">
        <ele>0</ele>
        <time>2026-03-16T16:50:42.000Z</time>
        <extensions>
          <ns3:TrackPointExtension>
            <ns3:hr>92</ns3:hr>
          </ns3:TrackPointExtension>
        </extensions>
      </trkpt>
      <trkpt lat="21.3363314978778362274169921875" lon="-86.80115587078034877777099609375">
        <ele>0</ele>
        <time>2026-03-16T16:50:47.000Z</time>
        <extensions>
          <ns3:TrackPointExtension>
            <ns3:hr>92</ns3:hr>
          </ns3:TrackPointExtension>
        </extensions>
      </trkpt>
      <trkpt lat="21.33634767495095729827880859375" lon="-86.80107674561440944671630859375">
        <ele>0</ele>
        <time>2026-03-16T16:50:48.000Z</time>
        <extensions>
          <ns3:TrackPointExtension>
            <ns3:hr>93</ns3:hr>
          </ns3:TrackPointExtension>
        </extensions>
      </trkpt>
      <trkpt lat="21.336386986076831817626953125" lon="-86.80085957050323486328125">
        <ele>0</ele>
        <time>2026-03-16T16:50:51.000Z</time>
        <extensions>
          <ns3:TrackPointExtension>
            <ns3:hr>95</ns3:hr>
          </ns3:TrackPointExtension>
        </extensions>
      </trkpt>
      <trkpt lat="21.3364025764167308807373046875" lon="-86.80079310201108455657958984375">
        <ele>0</ele>
        <time>2026-03-16T16:50:52.000Z</time>
        <extensions>
          <ns3:TrackPointExtension>
            <ns3:hr>95</ns3:hr>
          </ns3:TrackPointExtension>
        </extensions>
      </trkpt>
      <trkpt lat="21.33647449314594268798828125" lon="-86.80051968432962894439697265625">
        <ele>0</ele>
        <time>2026-03-16T16:50:56.000Z</time>
        <extensions>
          <ns3:TrackPointExtension>
            <ns3:hr>95</ns3:hr>
          </ns3:TrackPointExtension>
        </extensions>
      </trkpt>
      <trkpt lat="21.3364957831799983978271484375" lon="-86.80045564658939838409423828125">
        <ele>0</ele>
        <time>2026-03-16T16:50:57.000Z</time>
        <extensions>
          <ns3:TrackPointExtension>
            <ns3:hr>94</ns3:hr>
          </ns3:TrackPointExtension>
        </extensions>
      </trkpt>
      <trkpt lat="21.33660315535962581634521484375" lon="-86.800254397094249725341796875">
        <ele>0</ele>
        <time>2026-03-16T16:51:00.000Z</time>
        <extensions>
          <ns3:TrackPointExtension>
            <ns3:hr>93</ns3:hr>
          </ns3:TrackPointExtension>
        </extensions>
      </trkpt>
      <trkpt lat="21.33684329688549041748046875" lon="-86.799786351621150970458984375">
        <ele>0</ele>
        <time>2026-03-16T16:51:06.000Z</time>
        <extensions>
          <ns3:TrackPointExtension>
            <ns3:hr>92</ns3:hr>
          </ns3:TrackPointExtension>
        </extensions>
      </trkpt>
      <trkpt lat="21.33701789192855358123779296875" lon="-86.79946876130998134613037109375">
        <ele>0</ele>
        <time>2026-03-16T16:51:10.000Z</time>
        <extensions>
          <ns3:TrackPointExtension>
            <ns3:hr>94</ns3:hr>
          </ns3:TrackPointExtension>
        </extensions>
      </trkpt>
      <trkpt lat="21.33711017668247222900390625" lon="-86.79933280684053897857666015625">
        <ele>0</ele>
        <time>2026-03-16T16:51:12.000Z</time>
        <extensions>
          <ns3:TrackPointExtension>
            <ns3:hr>92</ns3:hr>
          </ns3:TrackPointExtension>
        </extensions>
      </trkpt>
      <trkpt lat="21.33725233376026153564453125" lon="-86.7992088384926319122314453125">
        <ele>0</ele>
        <time>2026-03-16T16:51:15.000Z</time>
        <extensions>
          <ns3:TrackPointExtension>
            <ns3:hr>90</ns3:hr>
          </ns3:TrackPointExtension>
        </extensions>
      </trkpt>
      <trkpt lat="21.33729566819965839385986328125" lon="-86.79915997199714183807373046875">
        <ele>0</ele>
        <time>2026-03-16T16:51:16.000Z</time>
        <extensions>
          <ns3:TrackPointExtension>
            <ns3:hr>91</ns3:hr>
          </ns3:TrackPointExtension>
        </extensions>
      </trkpt>
      <trkpt lat="21.33739541284739971160888671875" lon="-86.79898403584957122802734375">
        <ele>0</ele>
        <time>2026-03-16T16:51:19.000Z</time>
        <extensions>
          <ns3:TrackPointExtension>
            <ns3:hr>88</ns3:hr>
          </ns3:TrackPointExtension>
        </extensions>
      </trkpt>
      <trkpt lat="21.33747772313654422760009765625" lon="-86.79886392317712306976318359375">
        <ele>0</ele>
        <time>2026-03-16T16:51:21.000Z</time>
        <extensions>
          <ns3:TrackPointExtension>
            <ns3:hr>91</ns3:hr>
          </ns3:TrackPointExtension>
        </extensions>
      </trkpt>
      <trkpt lat="21.33761820383369922637939453125" lon="-86.7986680381000041961669921875">
        <ele>0</ele>
        <time>2026-03-16T16:51:24.000Z</time>
        <extensions>
          <ns3:TrackPointExtension>
            <ns3:hr>93</ns3:hr>
          </ns3:TrackPointExtension>
        </extensions>
      </trkpt>
      <trkpt lat="21.337779723107814788818359375" lon="-86.79845203645527362823486328125">
        <ele>0</ele>
        <time>2026-03-16T16:51:27.000Z</time>
        <extensions>
          <ns3:TrackPointExtension>
            <ns3:hr>94</ns3:hr>
          </ns3:TrackPointExtension>
        </extensions>
      </trkpt>
      <trkpt lat="21.33788927458226680755615234375" lon="-86.79834357462823390960693359375">
        <ele>0</ele>
        <time>2026-03-16T16:51:29.000Z</time>
        <extensions>
          <ns3:TrackPointExtension>
            <ns3:hr>95</ns3:hr>
          </ns3:TrackPointExtension>
        </extensions>
      </trkpt>
      <trkpt lat="21.3380067050457000732421875" lon="-86.79825003258883953094482421875">
        <ele>0</ele>
        <time>2026-03-16T16:51:31.000Z</time>
        <extensions>
          <ns3:TrackPointExtension>
            <ns3:hr>95</ns3:hr>
          </ns3:TrackPointExtension>
        </extensions>
      </trkpt>
      <trkpt lat="21.33805473335087299346923828125" lon="-86.79819856770336627960205078125">
        <ele>0</ele>
        <time>2026-03-16T16:51:32.000Z</time>
        <extensions>
          <ns3:TrackPointExtension>
            <ns3:hr>95</ns3:hr>
          </ns3:TrackPointExtension>
        </extensions>
      </trkpt>
      <trkpt lat="21.33827199228107929229736328125" lon="-86.7978710867464542388916015625">
        <ele>0</ele>
        <time>2026-03-16T16:51:37.000Z</time>
        <extensions>
          <ns3:TrackPointExtension>
            <ns3:hr>95</ns3:hr>
          </ns3:TrackPointExtension>
        </extensions>
      </trkpt>
      <trkpt lat="21.33838514797389507293701171875" lon="-86.79767151363193988800048828125">
        <ele>0</ele>
        <time>2026-03-16T16:51:40.000Z</time>
        <extensions>
          <ns3:TrackPointExtension>
            <ns3:hr>98</ns3:hr>
          </ns3:TrackPointExtension>
        </extensions>
      </trkpt>
      <trkpt lat="21.338418088853359222412109375" lon="-86.79761887528002262115478515625">
        <ele>0</ele>
        <time>2026-03-16T16:51:41.000Z</time>
        <extensions>
          <ns3:TrackPointExtension>
            <ns3:hr>96</ns3:hr>
          </ns3:TrackPointExtension>
        </extensions>
      </trkpt>
      <trkpt lat="21.3384621776640415191650390625" lon="-86.79750940762460231781005859375">
        <ele>0</ele>
        <time>2026-03-16T16:51:43.000Z</time>
        <extensions>
          <ns3:TrackPointExtension>
            <ns3:hr>96</ns3:hr>
          </ns3:TrackPointExtension>
        </extensions>
      </trkpt>
      <trkpt lat="21.33847584016621112823486328125" lon="-86.79739960469305515289306640625">
        <ele>0</ele>
        <time>2026-03-16T16:51:45.000Z</time>
        <extensions>
          <ns3:TrackPointExtension>
            <ns3:hr>97</ns3:hr>
          </ns3:TrackPointExtension>
        </extensions>
      </trkpt>
      <trkpt lat="21.33846662007272243499755859375" lon="-86.7973182164132595062255859375">
        <ele>0</ele>
        <time>2026-03-16T16:51:47.000Z</time>
        <extensions>
          <ns3:TrackPointExtension>
            <ns3:hr>97</ns3:hr>
          </ns3:TrackPointExtension>
        </extensions>
      </trkpt>
      <trkpt lat="21.33847231976687908172607421875" lon="-86.79730790667235851287841796875">
        <ele>0</ele>
        <time>2026-03-16T16:51:48.000Z</time>
        <extensions>
          <ns3:TrackPointExtension>
            <ns3:hr>96</ns3:hr>
          </ns3:TrackPointExtension>
        </extensions>
      </trkpt>
      <trkpt lat="21.338482797145843505859375" lon="-86.7973242513835430145263671875">
        <ele>0</ele>
        <time>2026-03-16T16:51:49.000Z</time>
        <extensions>
          <ns3:TrackPointExtension>
            <ns3:hr>95</ns3:hr>
          </ns3:TrackPointExtension>
        </extensions>
      </trkpt>
      <trkpt lat="21.33844650350511074066162109375" lon="-86.797440089285373687744140625">
        <ele>0</ele>
        <time>2026-03-16T16:51:52.000Z</time>
        <extensions>
          <ns3:TrackPointExtension>
            <ns3:hr>95</ns3:hr>
          </ns3:TrackPointExtension>
        </extensions>
      </trkpt>
      <trkpt lat="21.33831926621496677398681640625" lon="-86.79765407927334308624267578125">
        <ele>0</ele>
        <time>2026-03-16T16:51:57.000Z</time>
        <extensions>
          <ns3:TrackPointExtension>
            <ns3:hr>95</ns3:hr>
          </ns3:TrackPointExtension>
        </extensions>
      </trkpt>
      <trkpt lat="21.33827584795653820037841796875" lon="-86.797754578292369842529296875">
        <ele>0</ele>
        <time>2026-03-16T16:51:59.000Z</time>
        <extensions>
          <ns3:TrackPointExtension>
            <ns3:hr>96</ns3:hr>
          </ns3:TrackPointExtension>
        </extensions>
      </trkpt>
      <trkpt lat="21.33811927400529384613037109375" lon="-86.7980477772653102874755859375">
        <ele>0</ele>
        <time>2026-03-16T16:52:04.000Z</time>
        <extensions>
          <ns3:TrackPointExtension>
            <ns3:hr>98</ns3:hr>
          </ns3:TrackPointExtension>
        </extensions>
      </trkpt>
      <trkpt lat="21.33808289654552936553955078125" lon="-86.79810284636914730072021484375">
        <ele>0</ele>
        <time>2026-03-16T16:52:05.000Z</time>
        <extensions>
          <ns3:TrackPointExtension>
            <ns3:hr>94</ns3:hr>
          </ns3:TrackPointExtension>
        </extensions>
      </trkpt>
      <trkpt lat="21.3380496203899383544921875" lon="-86.79816034622490406036376953125">
        <ele>0</ele>
        <time>2026-03-16T16:52:06.000Z</time>
        <extensions>
          <ns3:TrackPointExtension>
            <ns3:hr>96</ns3:hr>
          </ns3:TrackPointExtension>
        </extensions>
      </trkpt>
      <trkpt lat="21.33795347996056079864501953125" lon="-86.79833418689668178558349609375">
        <ele>0</ele>
        <time>2026-03-16T16:52:09.000Z</time>
        <extensions>
          <ns3:TrackPointExtension>
            <ns3:hr>96</ns3:hr>
          </ns3:TrackPointExtension>
        </extensions>
      </trkpt>
      <trkpt lat="21.33788667619228363037109375" lon="-86.79845639504492282867431640625">
        <ele>0</ele>
        <time>2026-03-16T16:52:11.000Z</time>
        <extensions>
          <ns3:TrackPointExtension>
            <ns3:hr>99</ns3:hr>
          </ns3:TrackPointExtension>
        </extensions>
      </trkpt>
      <trkpt lat="21.33763480000197887420654296875" lon="-86.79886342026293277740478515625">
        <ele>0</ele>
        <time>2026-03-16T16:52:18.000Z</time>
        <extensions>
          <ns3:TrackPointExtension>
            <ns3:hr>101</ns3:hr>
          </ns3:TrackPointExtension>
        </extensions>
      </trkpt>
      <trkpt lat="21.33747923187911510467529296875" lon="-86.79911437444388866424560546875">
        <ele>0</ele>
        <time>2026-03-16T16:52:23.000Z</time>
        <extensions>
          <ns3:TrackPointExtension>
            <ns3:hr>101</ns3:hr>
          </ns3:TrackPointExtension>
        </extensions>
      </trkpt>
      <trkpt lat="21.33732735179364681243896484375" lon="-86.7993851937353610992431640625">
        <ele>0</ele>
        <time>2026-03-16T16:52:28.000Z</time>
        <extensions>
          <ns3:TrackPointExtension>
            <ns3:hr>100</ns3:hr>
          </ns3:TrackPointExtension>
        </extensions>
      </trkpt>
      <trkpt lat="21.33726733736693859100341796875" lon="-86.79951184429228305816650390625">
        <ele>0</ele>
        <time>2026-03-16T16:52:30.000Z</time>
        <extensions>
          <ns3:TrackPointExtension>
            <ns3:hr>100</ns3:hr>
          </ns3:TrackPointExtension>
        </extensions>
      </trkpt>
      <trkpt lat="21.3370647467672824859619140625" lon="-86.79981778375804424285888671875">
        <ele>0</ele>
        <time>2026-03-16T16:52:36.000Z</time>
        <extensions>
          <ns3:TrackPointExtension>
            <ns3:hr>102</ns3:hr>
          </ns3:TrackPointExtension>
        </extensions>
      </trkpt>
      <trkpt lat="21.3369172252714633941650390625" lon="-86.80003948509693145751953125">
        <ele>0</ele>
        <time>2026-03-16T16:52:41.000Z</time>
        <extensions>
          <ns3:TrackPointExtension>
            <ns3:hr>99</ns3:hr>
          </ns3:TrackPointExtension>
        </extensions>
      </trkpt>
      <trkpt lat="21.3368265330791473388671875" lon="-86.80018222890794277191162109375">
        <ele>0</ele>
        <time>2026-03-16T16:52:44.000Z</time>
        <extensions>
          <ns3:TrackPointExtension>
            <ns3:hr>102</ns3:hr>
          </ns3:TrackPointExtension>
        </extensions>
      </trkpt>
      <trkpt lat="21.33662243373692035675048828125" lon="-86.80041122250258922576904296875">
        <ele>0</ele>
        <time>2026-03-16T16:52:50.000Z</time>
        <extensions>
          <ns3:TrackPointExtension>
            <ns3:hr>101</ns3:hr>
          </ns3:TrackPointExtension>
        </extensions>
      </trkpt>
      <trkpt lat="21.33658178150653839111328125" lon="-86.800474338233470916748046875">
        <ele>0</ele>
        <time>2026-03-16T16:52:53.000Z</time>
        <extensions>
          <ns3:TrackPointExtension>
            <ns3:hr>98</ns3:hr>
          </ns3:TrackPointExtension>
        </extensions>
      </trkpt>
      <trkpt lat="21.3365889899432659149169921875" lon="-86.8004788644611835479736328125">
        <ele>0</ele>
        <time>2026-03-16T16:52:54.000Z</time>
        <extensions>
          <ns3:TrackPointExtension>
            <ns3:hr>97</ns3:hr>
          </ns3:TrackPointExtension>
        </extensions>
      </trkpt>
      <trkpt lat="21.33662461303174495697021484375" lon="-86.80044340901076793670654296875">
        <ele>0</ele>
        <time>2026-03-16T16:52:56.000Z</time>
        <extensions>
          <ns3:TrackPointExtension>
            <ns3:hr>97</ns3:hr>
          </ns3:TrackPointExtension>
        </extensions>
      </trkpt>
      <trkpt lat="21.336651854217052459716796875" lon="-86.80034684948623180389404296875">
        <ele>0</ele>
        <time>2026-03-16T16:52:58.000Z</time>
        <extensions>
          <ns3:TrackPointExtension>
            <ns3:hr>96</ns3:hr>
          </ns3:TrackPointExtension>
        </extensions>
      </trkpt>
      <trkpt lat="21.33665914647281169891357421875" lon="-86.80029018782079219818115234375">
        <ele>0</ele>
        <time>2026-03-16T16:52:59.000Z</time>
        <extensions>
          <ns3:TrackPointExtension>
            <ns3:hr>95</ns3:hr>
          </ns3:TrackPointExtension>
        </extensions>
      </trkpt>
      <trkpt lat="21.3366785086691379547119140625" lon="-86.80017049424350261688232421875">
        <ele>0</ele>
        <time>2026-03-16T16:53:01.000Z</time>
        <extensions>
          <ns3:TrackPointExtension>
            <ns3:hr>95</ns3:hr>
          </ns3:TrackPointExtension>
        </extensions>
      </trkpt>
      <trkpt lat="21.33674028329551219940185546875" lon="-86.7998917959630489349365234375">
        <ele>0</ele>
        <time>2026-03-16T16:53:05.000Z</time>
        <extensions>
          <ns3:TrackPointExtension>
            <ns3:hr>94</ns3:hr>
          </ns3:TrackPointExtension>
        </extensions>
      </trkpt>
      <trkpt lat="21.33682829327881336212158203125" lon="-86.7994916439056396484375">
        <ele>0</ele>
        <time>2026-03-16T16:53:10.000Z</time>
        <extensions>
          <ns3:TrackPointExtension>
            <ns3:hr>93</ns3:hr>
          </ns3:TrackPointExtension>
        </extensions>
      </trkpt>
      <trkpt lat="21.33691965602338314056396484375" lon="-86.79917539469897747039794921875">
        <ele>0</ele>
        <time>2026-03-16T16:53:14.000Z</time>
        <extensions>
          <ns3:TrackPointExtension>
            <ns3:hr>92</ns3:hr>
          </ns3:TrackPointExtension>
        </extensions>
      </trkpt>
      <trkpt lat="21.33696776814758777618408203125" lon="-86.7991206608712673187255859375">
        <ele>0</ele>
        <time>2026-03-16T16:53:15.000Z</time>
        <extensions>
          <ns3:TrackPointExtension>
            <ns3:hr>92</ns3:hr>
          </ns3:TrackPointExtension>
        </extensions>
      </trkpt>
      <trkpt lat="21.33705787360668182373046875" lon="-86.79902653209865093231201171875">
        <ele>0</ele>
        <time>2026-03-16T16:53:17.000Z</time>
        <extensions>
          <ns3:TrackPointExtension>
            <ns3:hr>91</ns3:hr>
          </ns3:TrackPointExtension>
        </extensions>
      </trkpt>
      <trkpt lat="21.3371150381863117218017578125" lon="-86.7989297211170196533203125">
        <ele>0</ele>
        <time>2026-03-16T16:53:19.000Z</time>
        <extensions>
          <ns3:TrackPointExtension>
            <ns3:hr>91</ns3:hr>
          </ns3:TrackPointExtension>
        </extensions>
      </trkpt>
      <trkpt lat="21.337174214422702789306640625" lon="-86.79877691902220249176025390625">
        <ele>0</ele>
        <time>2026-03-16T16:53:22.000Z</time>
        <extensions>
          <ns3:TrackPointExtension>
            <ns3:hr>90</ns3:hr>
          </ns3:TrackPointExtension>
        </extensions>
      </trkpt>
      <trkpt lat="21.33721612393856048583984375" lon="-86.79867147468030452728271484375">
        <ele>0</ele>
        <time>2026-03-16T16:53:24.000Z</time>
        <extensions>
          <ns3:TrackPointExtension>
            <ns3:hr>90</ns3:hr>
          </ns3:TrackPointExtension>
        </extensions>
      </trkpt>
      <trkpt lat="21.33726381696760654449462890625" lon="-86.79856024682521820068359375">
        <ele>0</ele>
        <time>2026-03-16T16:53:26.000Z</time>
        <extensions>
          <ns3:TrackPointExtension>
            <ns3:hr>88</ns3:hr>
          </ns3:TrackPointExtension>
        </extensions>
      </trkpt>
      <trkpt lat="21.33731159381568431854248046875" lon="-86.79843979887664318084716796875">
        <ele>0</ele>
        <time>2026-03-16T16:53:28.000Z</time>
        <extensions>
          <ns3:TrackPointExtension>
            <ns3:hr>89</ns3:hr>
          </ns3:TrackPointExtension>
        </extensions>
      </trkpt>
      <trkpt lat="21.33733489550650119781494140625" lon="-86.7983793653547763824462890625">
        <ele>0</ele>
        <time>2026-03-16T16:53:29.000Z</time>
        <extensions>
          <ns3:TrackPointExtension>
            <ns3:hr>90</ns3:hr>
          </ns3:TrackPointExtension>
        </extensions>
      </trkpt>
      <trkpt lat="21.33738904260098934173583984375" lon="-86.79826159961521625518798828125">
        <ele>0</ele>
        <time>2026-03-16T16:53:31.000Z</time>
        <extensions>
          <ns3:TrackPointExtension>
            <ns3:hr>86</ns3:hr>
          </ns3:TrackPointExtension>
        </extensions>
      </trkpt>
      <trkpt lat="21.3374529965221881866455078125" lon="-86.79813620634377002716064453125">
        <ele>0</ele>
        <time>2026-03-16T16:53:33.000Z</time>
        <extensions>
          <ns3:TrackPointExtension>
            <ns3:hr>84</ns3:hr>
          </ns3:TrackPointExtension>
        </extensions>
      </trkpt>
      <trkpt lat="21.33762775920331478118896484375" lon="-86.7977849207818508148193359375">
        <ele>0</ele>
        <time>2026-03-16T16:53:38.000Z</time>
        <extensions>
          <ns3:TrackPointExtension>
            <ns3:hr>84</ns3:hr>
          </ns3:TrackPointExtension>
        </extensions>
      </trkpt>
      <trkpt lat="21.337769329547882080078125" lon="-86.79756782948970794677734375">
        <ele>0</ele>
        <time>2026-03-16T16:53:41.000Z</time>
        <extensions>
          <ns3:TrackPointExtension>
            <ns3:hr>85</ns3:hr>
          </ns3:TrackPointExtension>
        </extensions>
      </trkpt>
      <trkpt lat="21.3378036953508853912353515625" lon="-86.7974912188947200775146484375">
        <ele>0</ele>
        <time>2026-03-16T16:53:42.000Z</time>
        <extensions>
          <ns3:TrackPointExtension>
            <ns3:hr>86</ns3:hr>
          </ns3:TrackPointExtension>
        </extensions>
      </trkpt>
      <trkpt lat="21.33788240142166614532470703125" lon="-86.7972742952406406402587890625">
        <ele>0</ele>
        <time>2026-03-16T16:53:45.000Z</time>
        <extensions>
          <ns3:TrackPointExtension>
            <ns3:hr>89</ns3:hr>
          </ns3:TrackPointExtension>
        </extensions>
      </trkpt>
      <trkpt lat="21.33793495595455169677734375" lon="-86.79714546538889408111572265625">
        <ele>0</ele>
        <time>2026-03-16T16:53:47.000Z</time>
        <extensions>
          <ns3:TrackPointExtension>
            <ns3:hr>87</ns3:hr>
          </ns3:TrackPointExtension>
        </extensions>
      </trkpt>
      <trkpt lat="21.3379984907805919647216796875" lon="-86.79695217870175838470458984375">
        <ele>0</ele>
        <time>2026-03-16T16:53:50.000Z</time>
        <extensions>
          <ns3:TrackPointExtension>
            <ns3:hr>86</ns3:hr>
          </ns3:TrackPointExtension>
        </extensions>
      </trkpt>
      <trkpt lat="21.33802791126072406768798828125" lon="-86.79684991948306560516357421875">
        <ele>0</ele>
        <time>2026-03-16T16:53:52.000Z</time>
        <extensions>
          <ns3:TrackPointExtension>
            <ns3:hr>88</ns3:hr>
          </ns3:TrackPointExtension>
        </extensions>
      </trkpt>
      <trkpt lat="21.33803377859294414520263671875" lon="-86.79681144654750823974609375">
        <ele>0</ele>
        <time>2026-03-16T16:53:53.000Z</time>
        <extensions>
          <ns3:TrackPointExtension>
            <ns3:hr>89</ns3:hr>
          </ns3:TrackPointExtension>
        </extensions>
      </trkpt>
      <trkpt lat="21.33804199285805225372314453125" lon="-86.7967911623418331146240234375">
        <ele>0</ele>
        <time>2026-03-16T16:53:55.000Z</time>
        <extensions>
          <ns3:TrackPointExtension>
            <ns3:hr>92</ns3:hr>
          </ns3:TrackPointExtension>
        </extensions>
      </trkpt>
      <trkpt lat="21.3380514644086360931396484375" lon="-86.79684120230376720428466796875">
        <ele>0</ele>
        <time>2026-03-16T16:54:00.000Z</time>
        <extensions>
          <ns3:TrackPointExtension>
            <ns3:hr>95</ns3:hr>
          </ns3:TrackPointExtension>
        </extensions>
      </trkpt>
      <trkpt lat="21.338053643703460693359375" lon="-86.79686685092747211456298828125">
        <ele>0</ele>
        <time>2026-03-16T16:54:01.000Z</time>
        <extensions>
          <ns3:TrackPointExtension>
            <ns3:hr>95</ns3:hr>
          </ns3:TrackPointExtension>
        </extensions>
      </trkpt>
      <trkpt lat="21.3380303420126438140869140625" lon="-86.796951591968536376953125">
        <ele>0</ele>
        <time>2026-03-16T16:54:03.000Z</time>
        <extensions>
          <ns3:TrackPointExtension>
            <ns3:hr>95</ns3:hr>
          </ns3:TrackPointExtension>
        </extensions>
      </trkpt>
      <trkpt lat="21.33800595067441463470458984375" lon="-86.7969990335404872894287109375">
        <ele>0</ele>
        <time>2026-03-16T16:54:04.000Z</time>
        <extensions>
          <ns3:TrackPointExtension>
            <ns3:hr>96</ns3:hr>
          </ns3:TrackPointExtension>
        </extensions>
      </trkpt>
      <trkpt lat="21.33786748163402080535888671875" lon="-86.79722123779356479644775390625">
        <ele>0</ele>
        <time>2026-03-16T16:54:10.000Z</time>
        <extensions>
          <ns3:TrackPointExtension>
            <ns3:hr>95</ns3:hr>
          </ns3:TrackPointExtension>
        </extensions>
      </trkpt>
      <trkpt lat="21.3378278352320194244384765625" lon="-86.79738988168537616729736328125">
        <ele>0</ele>
        <time>2026-03-16T16:54:14.000Z</time>
        <extensions>
          <ns3:TrackPointExtension>
            <ns3:hr>96</ns3:hr>
          </ns3:TrackPointExtension>
        </extensions>
      </trkpt>
      <trkpt lat="21.337727420032024383544921875" lon="-86.79763915948569774627685546875">
        <ele>0</ele>
        <time>2026-03-16T16:54:18.000Z</time>
        <extensions>
          <ns3:TrackPointExtension>
            <ns3:hr>99</ns3:hr>
          </ns3:TrackPointExtension>
        </extensions>
      </trkpt>
      <trkpt lat="21.3377024419605731964111328125" lon="-86.79770537652075290679931640625">
        <ele>0</ele>
        <time>2026-03-16T16:54:19.000Z</time>
        <extensions>
          <ns3:TrackPointExtension>
            <ns3:hr>96</ns3:hr>
          </ns3:TrackPointExtension>
        </extensions>
      </trkpt>
      <trkpt lat="21.33767955936491489410400390625" lon="-86.79777159355580806732177734375">
        <ele>0</ele>
        <time>2026-03-16T16:54:20.000Z</time>
        <extensions>
          <ns3:TrackPointExtension>
            <ns3:hr>99</ns3:hr>
          </ns3:TrackPointExtension>
        </extensions>
      </trkpt>
      <trkpt lat="21.33752700872719287872314453125" lon="-86.79813922382891178131103515625">
        <ele>0</ele>
        <time>2026-03-16T16:54:26.000Z</time>
        <extensions>
          <ns3:TrackPointExtension>
            <ns3:hr>97</ns3:hr>
          </ns3:TrackPointExtension>
        </extensions>
      </trkpt>
      <trkpt lat="21.3374724425375461578369140625" lon="-86.798246093094348907470703125">
        <ele>0</ele>
        <time>2026-03-16T16:54:28.000Z</time>
        <extensions>
          <ns3:TrackPointExtension>
            <ns3:hr>100</ns3:hr>
          </ns3:TrackPointExtension>
        </extensions>
      </trkpt>
      <trkpt lat="21.33741787634789943695068359375" lon="-86.79834298789501190185546875">
        <ele>0</ele>
        <time>2026-03-16T16:54:30.000Z</time>
        <extensions>
          <ns3:TrackPointExtension>
            <ns3:hr>97</ns3:hr>
          </ns3:TrackPointExtension>
        </extensions>
      </trkpt>
      <trkpt lat="21.33736322633922100067138671875" lon="-86.79843862541019916534423828125">
        <ele>0</ele>
        <time>2026-03-16T16:54:32.000Z</time>
        <extensions>
          <ns3:TrackPointExtension>
            <ns3:hr>95</ns3:hr>
          </ns3:TrackPointExtension>
        </extensions>
      </trkpt>
      <trkpt lat="21.3372243382036685943603515625" lon="-86.79875747300684452056884765625">
        <ele>0</ele>
        <time>2026-03-16T16:54:38.000Z</time>
        <extensions>
          <ns3:TrackPointExtension>
            <ns3:hr>95</ns3:hr>
          </ns3:TrackPointExtension>
        </extensions>
      </trkpt>
      <trkpt lat="21.33715309202671051025390625" lon="-86.79893936030566692352294921875">
        <ele>0</ele>
        <time>2026-03-16T16:54:41.000Z</time>
        <extensions>
          <ns3:TrackPointExtension>
            <ns3:hr>94</ns3:hr>
          </ns3:TrackPointExtension>
        </extensions>
      </trkpt>
      <trkpt lat="21.33711210452020168304443359375" lon="-86.7990665137767791748046875">
        <ele>0</ele>
        <time>2026-03-16T16:54:43.000Z</time>
        <extensions>
          <ns3:TrackPointExtension>
            <ns3:hr>93</ns3:hr>
          </ns3:TrackPointExtension>
        </extensions>
      </trkpt>
      <trkpt lat="21.336994171142578125" lon="-86.79942517541348934173583984375">
        <ele>0</ele>
        <time>2026-03-16T16:54:49.000Z</time>
        <extensions>
          <ns3:TrackPointExtension>
            <ns3:hr>92</ns3:hr>
          </ns3:TrackPointExtension>
        </extensions>
      </trkpt>
      <trkpt lat="21.3369204103946685791015625" lon="-86.79964377544820308685302734375">
        <ele>0</ele>
        <time>2026-03-16T16:54:53.000Z</time>
        <extensions>
          <ns3:TrackPointExtension>
            <ns3:hr>92</ns3:hr>
          </ns3:TrackPointExtension>
        </extensions>
      </trkpt>
      <trkpt lat="21.33692669682204723358154296875" lon="-86.7996887862682342529296875">
        <ele>0</ele>
        <time>2026-03-16T16:54:54.000Z</time>
        <extensions>
          <ns3:TrackPointExtension>
            <ns3:hr>92</ns3:hr>
          </ns3:TrackPointExtension>
        </extensions>
      </trkpt>
      <trkpt lat="21.336941532790660858154296875" lon="-86.7998213879764080047607421875">
        <ele>0</ele>
        <time>2026-03-16T16:54:58.000Z</time>
        <extensions>
          <ns3:TrackPointExtension>
            <ns3:hr>93</ns3:hr>
          </ns3:TrackPointExtension>
        </extensions>
      </trkpt>
      <trkpt lat="21.33688621222972869873046875" lon="-86.79998693056404590606689453125">
        <ele>0</ele>
        <time>2026-03-16T16:55:02.000Z</time>
        <extensions>
          <ns3:TrackPointExtension>
            <ns3:hr>93</ns3:hr>
          </ns3:TrackPointExtension>
        </extensions>
      </trkpt>
      <trkpt lat="21.33676643483340740203857421875" lon="-86.8002683110535144805908203125">
        <ele>0</ele>
        <time>2026-03-16T16:55:07.000Z</time>
        <extensions>
          <ns3:TrackPointExtension>
            <ns3:hr>96</ns3:hr>
          </ns3:TrackPointExtension>
        </extensions>
      </trkpt>
      <trkpt lat="21.33661673404276371002197265625" lon="-86.80056142620742321014404296875">
        <ele>0</ele>
        <time>2026-03-16T16:55:12.000Z</time>
        <extensions>
          <ns3:TrackPointExtension>
            <ns3:hr>93</ns3:hr>
          </ns3:TrackPointExtension>
        </extensions>
      </trkpt>
      <trkpt lat="21.3365564681589603424072265625" lon="-86.80065614171326160430908203125">
        <ele>0</ele>
        <time>2026-03-16T16:55:14.000Z</time>
        <extensions>
          <ns3:TrackPointExtension>
            <ns3:hr>95</ns3:hr>
          </ns3:TrackPointExtension>
        </extensions>
      </trkpt>
      <trkpt lat="21.33653945289552211761474609375" lon="-86.80070056580007076263427734375">
        <ele>0</ele>
        <time>2026-03-16T16:55:15.000Z</time>
        <extensions>
          <ns3:TrackPointExtension>
            <ns3:hr>95</ns3:hr>
          </ns3:TrackPointExtension>
        </extensions>
      </trkpt>
      <trkpt lat="21.33647943846881389617919921875" lon="-86.80085596628487110137939453125">
        <ele>0</ele>
        <time>2026-03-16T16:55:18.000Z</time>
        <extensions>
          <ns3:TrackPointExtension>
            <ns3:hr>97</ns3:hr>
          </ns3:TrackPointExtension>
        </extensions>
      </trkpt>
      <trkpt lat="21.33639813400804996490478515625" lon="-86.80102075450122356414794921875">
        <ele>0</ele>
        <time>2026-03-16T16:55:21.000Z</time>
        <extensions>
          <ns3:TrackPointExtension>
            <ns3:hr>100</ns3:hr>
          </ns3:TrackPointExtension>
        </extensions>
      </trkpt>
      <trkpt lat="21.33629688061773777008056640625" lon="-86.80123709142208099365234375">
        <ele>0</ele>
        <time>2026-03-16T16:55:25.000Z</time>
        <extensions>
          <ns3:TrackPointExtension>
            <ns3:hr>100</ns3:hr>
          </ns3:TrackPointExtension>
        </extensions>
      </trkpt>
      <trkpt lat="21.3363026641309261322021484375" lon="-86.80126902647316455841064453125">
        <ele>0</ele>
        <time>2026-03-16T16:55:26.000Z</time>
        <extensions>
          <ns3:TrackPointExtension>
            <ns3:hr>100</ns3:hr>
          </ns3:TrackPointExtension>
        </extensions>
      </trkpt>
      <trkpt lat="21.33633577264845371246337890625" lon="-86.8012727983295917510986328125">
        <ele>0</ele>
        <time>2026-03-16T16:55:27.000Z</time>
        <extensions>
          <ns3:TrackPointExtension>
            <ns3:hr>100</ns3:hr>
          </ns3:TrackPointExtension>
        </extensions>
      </trkpt>
      <trkpt lat="21.3363767601549625396728515625" lon="-86.8012510053813457489013671875">
        <ele>0</ele>
        <time>2026-03-16T16:55:28.000Z</time>
        <extensions>
          <ns3:TrackPointExtension>
            <ns3:hr>100</ns3:hr>
          </ns3:TrackPointExtension>
        </extensions>
      </trkpt>
      <trkpt lat="21.33641422726213932037353515625" lon="-86.801210939884185791015625">
        <ele>0</ele>
        <time>2026-03-16T16:55:29.000Z</time>
        <extensions>
          <ns3:TrackPointExtension>
            <ns3:hr>100</ns3:hr>
          </ns3:TrackPointExtension>
        </extensions>
      </trkpt>
      <trkpt lat="21.33646870963275432586669921875" lon="-86.8010996282100677490234375">
        <ele>0</ele>
        <time>2026-03-16T16:55:31.000Z</time>
        <extensions>
          <ns3:TrackPointExtension>
            <ns3:hr>99</ns3:hr>
          </ns3:TrackPointExtension>
        </extensions>
      </trkpt>
      <trkpt lat="21.33650458417832851409912109375" lon="-86.8009673617780208587646484375">
        <ele>0</ele>
        <time>2026-03-16T16:55:33.000Z</time>
        <extensions>
          <ns3:TrackPointExtension>
            <ns3:hr>100</ns3:hr>
          </ns3:TrackPointExtension>
        </extensions>
      </trkpt>
      <trkpt lat="21.33655604906380176544189453125" lon="-86.800772063434123992919921875">
        <ele>0</ele>
        <time>2026-03-16T16:55:36.000Z</time>
        <extensions>
          <ns3:TrackPointExtension>
            <ns3:hr>101</ns3:hr>
          </ns3:TrackPointExtension>
        </extensions>
      </trkpt>
      <trkpt lat="21.336582116782665252685546875" lon="-86.80070559494197368621826171875">
        <ele>0</ele>
        <time>2026-03-16T16:55:37.000Z</time>
        <extensions>
          <ns3:TrackPointExtension>
            <ns3:hr>99</ns3:hr>
          </ns3:TrackPointExtension>
        </extensions>
      </trkpt>
      <trkpt lat="21.3366989605128765106201171875" lon="-86.80048230104148387908935546875">
        <ele>0</ele>
        <time>2026-03-16T16:55:40.000Z</time>
        <extensions>
          <ns3:TrackPointExtension>
            <ns3:hr>99</ns3:hr>
          </ns3:TrackPointExtension>
        </extensions>
      </trkpt>
      <trkpt lat="21.3368935883045196533203125" lon="-86.80006169714033603668212890625">
        <ele>0</ele>
        <time>2026-03-16T16:55:45.000Z</time>
        <extensions>
          <ns3:TrackPointExtension>
            <ns3:hr>96</ns3:hr>
          </ns3:TrackPointExtension>
        </extensions>
      </trkpt>
      <trkpt lat="21.33693273179233074188232421875" lon="-86.80001744069159030914306640625">
        <ele>0</ele>
        <time>2026-03-16T16:55:46.000Z</time>
        <extensions>
          <ns3:TrackPointExtension>
            <ns3:hr>96</ns3:hr>
          </ns3:TrackPointExtension>
        </extensions>
      </trkpt>
      <trkpt lat="21.336981095373630523681640625" lon="-86.799990199506282806396484375">
        <ele>0</ele>
        <time>2026-03-16T16:55:47.000Z</time>
        <extensions>
          <ns3:TrackPointExtension>
            <ns3:hr>94</ns3:hr>
          </ns3:TrackPointExtension>
        </extensions>
      </trkpt>
      <trkpt lat="21.33707304485142230987548828125" lon="-86.7999293468892574310302734375">
        <ele>0</ele>
        <time>2026-03-16T16:55:49.000Z</time>
        <extensions>
          <ns3:TrackPointExtension>
            <ns3:hr>94</ns3:hr>
          </ns3:TrackPointExtension>
        </extensions>
      </trkpt>
      <trkpt lat="21.337136328220367431640625" lon="-86.7998337931931018829345703125">
        <ele>0</ele>
        <time>2026-03-16T16:55:51.000Z</time>
        <extensions>
          <ns3:TrackPointExtension>
            <ns3:hr>93</ns3:hr>
          </ns3:TrackPointExtension>
        </extensions>
      </trkpt>
      <trkpt lat="21.33734160102903842926025390625" lon="-86.79957739077508449554443359375">
        <ele>0</ele>
        <time>2026-03-16T16:55:56.000Z</time>
        <extensions>
          <ns3:TrackPointExtension>
            <ns3:hr>93</ns3:hr>
          </ns3:TrackPointExtension>
        </extensions>
      </trkpt>
      <trkpt lat="21.3374664075672626495361328125" lon="-86.7994465492665767669677734375">
        <ele>0</ele>
        <time>2026-03-16T16:55:59.000Z</time>
        <extensions>
          <ns3:TrackPointExtension>
            <ns3:hr>93</ns3:hr>
          </ns3:TrackPointExtension>
        </extensions>
      </trkpt>
      <trkpt lat="21.33749415166676044464111328125" lon="-86.79943188093602657318115234375">
        <ele>0</ele>
        <time>2026-03-16T16:56:00.000Z</time>
        <extensions>
          <ns3:TrackPointExtension>
            <ns3:hr>92</ns3:hr>
          </ns3:TrackPointExtension>
        </extensions>
      </trkpt>
      <trkpt lat="21.337625496089458465576171875" lon="-86.79938142187893390655517578125">
        <ele>0</ele>
        <time>2026-03-16T16:56:03.000Z</time>
        <extensions>
          <ns3:TrackPointExtension>
            <ns3:hr>92</ns3:hr>
          </ns3:TrackPointExtension>
        </extensions>
      </trkpt>
      <trkpt lat="21.33767738007009029388427734375" lon="-86.79933314211666584014892578125">
        <ele>0</ele>
        <time>2026-03-16T16:56:04.000Z</time>
        <extensions>
          <ns3:TrackPointExtension>
            <ns3:hr>93</ns3:hr>
          </ns3:TrackPointExtension>
        </extensions>
      </trkpt>
      <trkpt lat="21.33772415108978748321533203125" lon="-86.79927413351833820343017578125">
        <ele>0</ele>
        <time>2026-03-16T16:56:05.000Z</time>
        <extensions>
          <ns3:TrackPointExtension>
            <ns3:hr>93</ns3:hr>
          </ns3:TrackPointExtension>
        </extensions>
      </trkpt>
      <trkpt lat="21.3378392346203327178955078125" lon="-86.79907414130866527557373046875">
        <ele>0</ele>
        <time>2026-03-16T16:56:08.000Z</time>
        <extensions>
          <ns3:TrackPointExtension>
            <ns3:hr>93</ns3:hr>
          </ns3:TrackPointExtension>
        </extensions>
      </trkpt>
      <trkpt lat="21.3380789570510387420654296875" lon="-86.7985865660011768341064453125">
        <ele>0</ele>
        <time>2026-03-16T16:56:15.000Z</time>
        <extensions>
          <ns3:TrackPointExtension>
            <ns3:hr>93</ns3:hr>
          </ns3:TrackPointExtension>
        </extensions>
      </trkpt>
      <trkpt lat="21.33820091374218463897705078125" lon="-86.798331923782825469970703125">
        <ele>0</ele>
        <time>2026-03-16T16:56:19.000Z</time>
        <extensions>
          <ns3:TrackPointExtension>
            <ns3:hr>94</ns3:hr>
          </ns3:TrackPointExtension>
        </extensions>
      </trkpt>
      <trkpt lat="21.33825237862765789031982421875" lon="-86.7982940375804901123046875">
        <ele>0</ele>
        <time>2026-03-16T16:56:20.000Z</time>
        <extensions>
          <ns3:TrackPointExtension>
            <ns3:hr>95</ns3:hr>
          </ns3:TrackPointExtension>
        </extensions>
      </trkpt>
      <trkpt lat="21.338354051113128662109375" lon="-86.7982224561274051666259765625">
        <ele>0</ele>
        <time>2026-03-16T16:56:22.000Z</time>
        <extensions>
          <ns3:TrackPointExtension>
            <ns3:hr>96</ns3:hr>
          </ns3:TrackPointExtension>
        </extensions>
      </trkpt>
      <trkpt lat="21.33842722512781620025634765625" lon="-86.79811768233776092529296875">
        <ele>0</ele>
        <time>2026-03-16T16:56:24.000Z</time>
        <extensions>
          <ns3:TrackPointExtension>
            <ns3:hr>96</ns3:hr>
          </ns3:TrackPointExtension>
        </extensions>
      </trkpt>
      <trkpt lat="21.33855798281729221343994140625" lon="-86.7978006787598133087158203125">
        <ele>0</ele>
        <time>2026-03-16T16:56:30.000Z</time>
        <extensions>
          <ns3:TrackPointExtension>
            <ns3:hr>95</ns3:hr>
          </ns3:TrackPointExtension>
        </extensions>
      </trkpt>
      <trkpt lat="21.3385788537561893463134765625" lon="-86.79778148420155048370361328125">
        <ele>0</ele>
        <time>2026-03-16T16:56:32.000Z</time>
        <extensions>
          <ns3:TrackPointExtension>
            <ns3:hr>94</ns3:hr>
          </ns3:TrackPointExtension>
        </extensions>
      </trkpt>
      <trkpt lat="21.338574998080730438232421875" lon="-86.79778533987700939178466796875">
        <ele>0</ele>
        <time>2026-03-16T16:56:33.000Z</time>
        <extensions>
          <ns3:TrackPointExtension>
            <ns3:hr>93</ns3:hr>
          </ns3:TrackPointExtension>
        </extensions>
      </trkpt>
      <trkpt lat="21.33855060674250125885009765625" lon="-86.7977922968566417694091796875">
        <ele>0</ele>
        <time>2026-03-16T16:56:39.000Z</time>
        <extensions>
          <ns3:TrackPointExtension>
            <ns3:hr>95</ns3:hr>
          </ns3:TrackPointExtension>
        </extensions>
      </trkpt>
      <trkpt lat="21.3385701365768909454345703125" lon="-86.797792129218578338623046875">
        <ele>0</ele>
        <time>2026-03-16T16:56:45.000Z</time>
        <extensions>
          <ns3:TrackPointExtension>
            <ns3:hr>94</ns3:hr>
          </ns3:TrackPointExtension>
        </extensions>
      </trkpt>
      <trkpt lat="21.3385835476219654083251953125" lon="-86.79787469096481800079345703125">
        <ele>0</ele>
        <time>2026-03-16T16:56:49.000Z</time>
        <extensions>
          <ns3:TrackPointExtension>
            <ns3:hr>94</ns3:hr>
          </ns3:TrackPointExtension>
        </extensions>
      </trkpt>
      <trkpt lat="21.338601820170879364013671875" lon="-86.79805272258818149566650390625">
        <ele>0</ele>
        <time>2026-03-16T16:56:53.000Z</time>
        <extensions>
          <ns3:TrackPointExtension>
            <ns3:hr>94</ns3:hr>
          </ns3:TrackPointExtension>
        </extensions>
      </trkpt>
      <trkpt lat="21.33859536610543727874755859375" lon="-86.79811273701488971710205078125">
        <ele>0</ele>
        <time>2026-03-16T16:56:54.000Z</time>
        <extensions>
          <ns3:TrackPointExtension>
            <ns3:hr>94</ns3:hr>
          </ns3:TrackPointExtension>
        </extensions>
      </trkpt>
      <trkpt lat="21.33859117515385150909423828125" lon="-86.79824232123792171478271484375">
        <ele>0</ele>
        <time>2026-03-16T16:56:56.000Z</time>
        <extensions>
          <ns3:TrackPointExtension>
            <ns3:hr>94</ns3:hr>
          </ns3:TrackPointExtension>
        </extensions>
      </trkpt>
      <trkpt lat="21.3386351801455020904541015625" lon="-86.79836704395711421966552734375">
        <ele>0</ele>
        <time>2026-03-16T16:56:58.000Z</time>
        <extensions>
          <ns3:TrackPointExtension>
            <ns3:hr>93</ns3:hr>
          </ns3:TrackPointExtension>
        </extensions>
      </trkpt>
      <trkpt lat="21.33867482654750347137451171875" lon="-86.79847986437380313873291015625">
        <ele>0</ele>
        <time>2026-03-16T16:57:00.000Z</time>
        <extensions>
          <ns3:TrackPointExtension>
            <ns3:hr>92</ns3:hr>
          </ns3:TrackPointExtension>
        </extensions>
      </trkpt>
      <trkpt lat="21.33867532946169376373291015625" lon="-86.79861062206327915191650390625">
        <ele>0</ele>
        <time>2026-03-16T16:57:02.000Z</time>
        <extensions>
          <ns3:TrackPointExtension>
            <ns3:hr>92</ns3:hr>
          </ns3:TrackPointExtension>
        </extensions>
      </trkpt>
      <trkpt lat="21.3386355154216289520263671875" lon="-86.798733584582805633544921875">
        <ele>0</ele>
        <time>2026-03-16T16:57:04.000Z</time>
        <extensions>
          <ns3:TrackPointExtension>
            <ns3:hr>92</ns3:hr>
          </ns3:TrackPointExtension>
        </extensions>
      </trkpt>
      <trkpt lat="21.33858815766870975494384765625" lon="-86.7988474108278751373291015625">
        <ele>0</ele>
        <time>2026-03-16T16:57:06.000Z</time>
        <extensions>
          <ns3:TrackPointExtension>
            <ns3:hr>91</ns3:hr>
          </ns3:TrackPointExtension>
        </extensions>
      </trkpt>
      <trkpt lat="21.3384853117167949676513671875" lon="-86.7990643344819545745849609375">
        <ele>0</ele>
        <time>2026-03-16T16:57:10.000Z</time>
        <extensions>
          <ns3:TrackPointExtension>
            <ns3:hr>89</ns3:hr>
          </ns3:TrackPointExtension>
        </extensions>
      </trkpt>
      <trkpt lat="21.3384358584880828857421875" lon="-86.79914203472435474395751953125">
        <ele>0</ele>
        <time>2026-03-16T16:57:12.000Z</time>
        <extensions>
          <ns3:TrackPointExtension>
            <ns3:hr>88</ns3:hr>
          </ns3:TrackPointExtension>
        </extensions>
      </trkpt>
      <trkpt lat="21.33840677328407764434814453125" lon="-86.79920406080782413482666015625">
        <ele>0</ele>
        <time>2026-03-16T16:57:15.000Z</time>
        <extensions>
          <ns3:TrackPointExtension>
            <ns3:hr>87</ns3:hr>
          </ns3:TrackPointExtension>
        </extensions>
      </trkpt>
      <trkpt lat="21.3384492695331573486328125" lon="-86.79921076633036136627197265625">
        <ele>0</ele>
        <time>2026-03-16T16:57:18.000Z</time>
        <extensions>
          <ns3:TrackPointExtension>
            <ns3:hr>86</ns3:hr>
          </ns3:TrackPointExtension>
        </extensions>
      </trkpt>
      <trkpt lat="21.338524036109447479248046875" lon="-86.79914086125791072845458984375">
        <ele>0</ele>
        <time>2026-03-16T16:57:20.000Z</time>
        <extensions>
          <ns3:TrackPointExtension>
            <ns3:hr>86</ns3:hr>
          </ns3:TrackPointExtension>
        </extensions>
      </trkpt>
      <trkpt lat="21.3386462442576885223388671875" lon="-86.79892444051802158355712890625">
        <ele>0</ele>
        <time>2026-03-16T16:57:24.000Z</time>
        <extensions>
          <ns3:TrackPointExtension>
            <ns3:hr>86</ns3:hr>
          </ns3:TrackPointExtension>
        </extensions>
      </trkpt>
      <trkpt lat="21.3386697135865688323974609375" lon="-86.79886677302420139312744140625">
        <ele>0</ele>
        <time>2026-03-16T16:57:25.000Z</time>
        <extensions>
          <ns3:TrackPointExtension>
            <ns3:hr>87</ns3:hr>
          </ns3:TrackPointExtension>
        </extensions>
      </trkpt>
      <trkpt lat="21.33869494311511516571044921875" lon="-86.7988125421106815338134765625">
        <ele>0</ele>
        <time>2026-03-16T16:57:26.000Z</time>
        <extensions>
          <ns3:TrackPointExtension>
            <ns3:hr>86</ns3:hr>
          </ns3:TrackPointExtension>
        </extensions>
      </trkpt>
      <trkpt lat="21.33880424313247203826904296875" lon="-86.7986512742936611175537109375">
        <ele>0</ele>
        <time>2026-03-16T16:57:29.000Z</time>
        <extensions>
          <ns3:TrackPointExtension>
            <ns3:hr>89</ns3:hr>
          </ns3:TrackPointExtension>
        </extensions>
      </trkpt>
      <trkpt lat="21.338841877877712249755859375" lon="-86.7985912598669528961181640625">
        <ele>0</ele>
        <time>2026-03-16T16:57:30.000Z</time>
        <extensions>
          <ns3:TrackPointExtension>
            <ns3:hr>86</ns3:hr>
          </ns3:TrackPointExtension>
        </extensions>
      </trkpt>
      <trkpt lat="21.33899183012545108795166015625" lon="-86.79833150468766689300537109375">
        <ele>0</ele>
        <time>2026-03-16T16:57:34.000Z</time>
        <extensions>
          <ns3:TrackPointExtension>
            <ns3:hr>86</ns3:hr>
          </ns3:TrackPointExtension>
        </extensions>
      </trkpt>
      <trkpt lat="21.339029632508754730224609375" lon="-86.798279620707035064697265625">
        <ele>0</ele>
        <time>2026-03-16T16:57:35.000Z</time>
        <extensions>
          <ns3:TrackPointExtension>
            <ns3:hr>87</ns3:hr>
          </ns3:TrackPointExtension>
        </extensions>
      </trkpt>
      <trkpt lat="21.33909006603062152862548828125" lon="-86.79822253994643688201904296875">
        <ele>0</ele>
        <time>2026-03-16T16:57:37.000Z</time>
        <extensions>
          <ns3:TrackPointExtension>
            <ns3:hr>87</ns3:hr>
          </ns3:TrackPointExtension>
        </extensions>
      </trkpt>
      <trkpt lat="21.33912225253880023956298828125" lon="-86.7982134036719799041748046875">
        <ele>0</ele>
        <time>2026-03-16T16:57:39.000Z</time>
        <extensions>
          <ns3:TrackPointExtension>
            <ns3:hr>87</ns3:hr>
          </ns3:TrackPointExtension>
        </extensions>
      </trkpt>
      <trkpt lat="21.339144296944141387939453125" lon="-86.798212565481662750244140625">
        <ele>0</ele>
        <time>2026-03-16T16:57:40.000Z</time>
        <extensions>
          <ns3:TrackPointExtension>
            <ns3:hr>87</ns3:hr>
          </ns3:TrackPointExtension>
        </extensions>
      </trkpt>
      <trkpt lat="21.33921545930206775665283203125" lon="-86.79820711724460124969482421875">
        <ele>0</ele>
        <time>2026-03-16T16:57:46.000Z</time>
        <extensions>
          <ns3:TrackPointExtension>
            <ns3:hr>87</ns3:hr>
          </ns3:TrackPointExtension>
        </extensions>
      </trkpt>
      <trkpt lat="21.33930061943829059600830078125" lon="-86.7981889285147190093994140625">
        <ele>0</ele>
        <time>2026-03-16T16:57:50.000Z</time>
        <extensions>
          <ns3:TrackPointExtension>
            <ns3:hr>88</ns3:hr>
          </ns3:TrackPointExtension>
        </extensions>
      </trkpt>
      <trkpt lat="21.33956464938819408416748046875" lon="-86.79814316332340240478515625">
        <ele>0</ele>
        <time>2026-03-16T16:57:57.000Z</time>
        <extensions>
          <ns3:TrackPointExtension>
            <ns3:hr>96</ns3:hr>
          </ns3:TrackPointExtension>
        </extensions>
      </trkpt>
      <trkpt lat="21.33956397883594036102294921875" lon="-86.79814240895211696624755859375">
        <ele>0</ele>
        <time>2026-03-16T16:57:58.000Z</time>
        <extensions>
          <ns3:TrackPointExtension>
            <ns3:hr>96</ns3:hr>
          </ns3:TrackPointExtension>
        </extensions>
      </trkpt>
      <trkpt lat="21.33952827192842960357666015625" lon="-86.79813536815345287322998046875">
        <ele>0</ele>
        <time>2026-03-16T16:58:04.000Z</time>
        <extensions>
          <ns3:TrackPointExtension>
            <ns3:hr>99</ns3:hr>
          </ns3:TrackPointExtension>
        </extensions>
      </trkpt>
      <trkpt lat="21.339528858661651611328125" lon="-86.7981339432299137115478515625">
        <ele>0</ele>
        <time>2026-03-16T16:58:05.000Z</time>
        <extensions>
          <ns3:TrackPointExtension>
            <ns3:hr>99</ns3:hr>
          </ns3:TrackPointExtension>
        </extensions>
      </trkpt>
      <trkpt lat="21.3395105861127376556396484375" lon="-86.7981352843344211578369140625">
        <ele>0</ele>
        <time>2026-03-16T16:58:13.000Z</time>
        <extensions>
          <ns3:TrackPointExtension>
            <ns3:hr>100</ns3:hr>
          </ns3:TrackPointExtension>
        </extensions>
      </trkpt>
      <trkpt lat="21.339515112340450286865234375" lon="-86.79816286079585552215576171875">
        <ele>0</ele>
        <time>2026-03-16T16:58:21.000Z</time>
        <extensions>
          <ns3:TrackPointExtension>
            <ns3:hr>99</ns3:hr>
          </ns3:TrackPointExtension>
        </extensions>
      </trkpt>
      <trkpt lat="21.33951536379754543304443359375" lon="-86.79817811585962772369384765625">
        <ele>0</ele>
        <time>2026-03-16T16:58:22.000Z</time>
        <extensions>
          <ns3:TrackPointExtension>
            <ns3:hr>98</ns3:hr>
          </ns3:TrackPointExtension>
        </extensions>
      </trkpt>
      <trkpt lat="21.33947714231908321380615234375" lon="-86.7982009984552860260009765625">
        <ele>0</ele>
        <time>2026-03-16T16:58:26.000Z</time>
        <extensions>
          <ns3:TrackPointExtension>
            <ns3:hr>98</ns3:hr>
          </ns3:TrackPointExtension>
        </extensions>
      </trkpt>
      <trkpt lat="21.33938443847000598907470703125" lon="-86.798209212720394134521484375">
        <ele>0</ele>
        <time>2026-03-16T16:58:33.000Z</time>
        <extensions>
          <ns3:TrackPointExtension>
            <ns3:hr>95</ns3:hr>
          </ns3:TrackPointExtension>
        </extensions>
      </trkpt>
      <trkpt lat="21.33936482481658458709716796875" lon="-86.7982103861868381500244140625">
        <ele>0</ele>
        <time>2026-03-16T16:58:34.000Z</time>
        <extensions>
          <ns3:TrackPointExtension>
            <ns3:hr>97</ns3:hr>
          </ns3:TrackPointExtension>
        </extensions>
      </trkpt>
      <trkpt lat="21.3393174670636653900146484375" lon="-86.7982237972319126129150390625">
        <ele>0</ele>
        <time>2026-03-16T16:58:38.000Z</time>
        <extensions>
          <ns3:TrackPointExtension>
            <ns3:hr>94</ns3:hr>
          </ns3:TrackPointExtension>
        </extensions>
      </trkpt>
      <trkpt lat="21.33930346928536891937255859375" lon="-86.79822756908833980560302734375">
        <ele>0</ele>
        <time>2026-03-16T16:58:42.000Z</time>
        <extensions>
          <ns3:TrackPointExtension>
            <ns3:hr>94</ns3:hr>
          </ns3:TrackPointExtension>
        </extensions>
      </trkpt>
      <trkpt lat="21.3392986916005611419677734375" lon="-86.7982288263738155364990234375">
        <ele>0</ele>
        <time>2026-03-16T16:58:48.000Z</time>
        <extensions>
          <ns3:TrackPointExtension>
            <ns3:hr>94</ns3:hr>
          </ns3:TrackPointExtension>
        </extensions>
      </trkpt>
      <trkpt lat="21.3393022119998931884765625" lon="-86.7982422374188899993896484375">
        <ele>0</ele>
        <time>2026-03-16T16:59:00.000Z</time>
        <extensions>
          <ns3:TrackPointExtension>
            <ns3:hr>92</ns3:hr>
          </ns3:TrackPointExtension>
        </extensions>
      </trkpt>
      <trkpt lat="21.3393121026456356048583984375" lon="-86.7982643656432628631591796875">
        <ele>0</ele>
        <time>2026-03-16T16:59:01.000Z</time>
        <extensions>
          <ns3:TrackPointExtension>
            <ns3:hr>95</ns3:hr>
          </ns3:TrackPointExtension>
        </extensions>
      </trkpt>
      <trkpt lat="21.3392953388392925262451171875" lon="-86.798350699245929718017578125">
        <ele>0</ele>
        <time>2026-03-16T16:59:04.000Z</time>
        <extensions>
          <ns3:TrackPointExtension>
            <ns3:hr>95</ns3:hr>
          </ns3:TrackPointExtension>
        </extensions>
      </trkpt>
      <trkpt lat="21.3392648287117481231689453125" lon="-86.7984496057033538818359375">
        <ele>0</ele>
        <time>2026-03-16T16:59:08.000Z</time>
        <extensions>
          <ns3:TrackPointExtension>
            <ns3:hr>99</ns3:hr>
          </ns3:TrackPointExtension>
        </extensions>
      </trkpt>
      <trkpt lat="21.339260302484035491943359375" lon="-86.79846502840518951416015625">
        <ele>0</ele>
        <time>2026-03-16T16:59:09.000Z</time>
        <extensions>
          <ns3:TrackPointExtension>
            <ns3:hr>96</ns3:hr>
          </ns3:TrackPointExtension>
        </extensions>
      </trkpt>
      <trkpt lat="21.33923239074647426605224609375" lon="-86.79863945581018924713134765625">
        <ele>0</ele>
        <time>2026-03-16T16:59:14.000Z</time>
        <extensions>
          <ns3:TrackPointExtension>
            <ns3:hr>96</ns3:hr>
          </ns3:TrackPointExtension>
        </extensions>
      </trkpt>
      <trkpt lat="21.33921830914914608001708984375" lon="-86.79868605919182300567626953125">
        <ele>0</ele>
        <time>2026-03-16T16:59:15.000Z</time>
        <extensions>
          <ns3:TrackPointExtension>
            <ns3:hr>96</ns3:hr>
          </ns3:TrackPointExtension>
        </extensions>
      </trkpt>
      <trkpt lat="21.339174471795558929443359375" lon="-86.79878597147762775421142578125">
        <ele>0</ele>
        <time>2026-03-16T16:59:17.000Z</time>
        <extensions>
          <ns3:TrackPointExtension>
            <ns3:hr>96</ns3:hr>
          </ns3:TrackPointExtension>
        </extensions>
      </trkpt>
      <trkpt lat="21.339144967496395111083984375" lon="-86.798834837973117828369140625">
        <ele>0</ele>
        <time>2026-03-16T16:59:18.000Z</time>
        <extensions>
          <ns3:TrackPointExtension>
            <ns3:hr>96</ns3:hr>
          </ns3:TrackPointExtension>
        </extensions>
      </trkpt>
      <trkpt lat="21.339052431285381317138671875" lon="-86.7990043200552463531494140625">
        <ele>0</ele>
        <time>2026-03-16T16:59:22.000Z</time>
        <extensions>
          <ns3:TrackPointExtension>
            <ns3:hr>94</ns3:hr>
          </ns3:TrackPointExtension>
        </extensions>
      </trkpt>
      <trkpt lat="21.3390194065868854522705078125" lon="-86.7990894801914691925048828125">
        <ele>0</ele>
        <time>2026-03-16T16:59:24.000Z</time>
        <extensions>
          <ns3:TrackPointExtension>
            <ns3:hr>93</ns3:hr>
          </ns3:TrackPointExtension>
        </extensions>
      </trkpt>
      <trkpt lat="21.33896634913980960845947265625" lon="-86.7992205731570720672607421875">
        <ele>0</ele>
        <time>2026-03-16T16:59:28.000Z</time>
        <extensions>
          <ns3:TrackPointExtension>
            <ns3:hr>92</ns3:hr>
          </ns3:TrackPointExtension>
        </extensions>
      </trkpt>
      <trkpt lat="21.3388980366289615631103515625" lon="-86.799459122121334075927734375">
        <ele>0</ele>
        <time>2026-03-16T16:59:33.000Z</time>
        <extensions>
          <ns3:TrackPointExtension>
            <ns3:hr>90</ns3:hr>
          </ns3:TrackPointExtension>
        </extensions>
      </trkpt>
      <trkpt lat="21.3388749025762081146240234375" lon="-86.7995065636932849884033203125">
        <ele>0</ele>
        <time>2026-03-16T16:59:34.000Z</time>
        <extensions>
          <ns3:TrackPointExtension>
            <ns3:hr>90</ns3:hr>
          </ns3:TrackPointExtension>
        </extensions>
      </trkpt>
      <trkpt lat="21.3387542031705379486083984375" lon="-86.7997446097433567047119140625">
        <ele>0</ele>
        <time>2026-03-16T16:59:39.000Z</time>
        <extensions>
          <ns3:TrackPointExtension>
            <ns3:hr>90</ns3:hr>
          </ns3:TrackPointExtension>
        </extensions>
      </trkpt>
      <trkpt lat="21.3386891596019268035888671875" lon="-86.79988802410662174224853515625">
        <ele>0</ele>
        <time>2026-03-16T16:59:42.000Z</time>
        <extensions>
          <ns3:TrackPointExtension>
            <ns3:hr>89</ns3:hr>
          </ns3:TrackPointExtension>
        </extensions>
      </trkpt>
      <trkpt lat="21.33857944048941135406494140625" lon="-86.80017502047121524810791015625">
        <ele>0</ele>
        <time>2026-03-16T16:59:47.000Z</time>
        <extensions>
          <ns3:TrackPointExtension>
            <ns3:hr>87</ns3:hr>
          </ns3:TrackPointExtension>
        </extensions>
      </trkpt>
      <trkpt lat="21.338520012795925140380859375" lon="-86.80030762217938899993896484375">
        <ele>0</ele>
        <time>2026-03-16T16:59:49.000Z</time>
        <extensions>
          <ns3:TrackPointExtension>
            <ns3:hr>91</ns3:hr>
          </ns3:TrackPointExtension>
        </extensions>
      </trkpt>
      <trkpt lat="21.3383535481989383697509765625" lon="-86.80064071901142597198486328125">
        <ele>0</ele>
        <time>2026-03-16T16:59:54.000Z</time>
        <extensions>
          <ns3:TrackPointExtension>
            <ns3:hr>92</ns3:hr>
          </ns3:TrackPointExtension>
        </extensions>
      </trkpt>
      <trkpt lat="21.33828422985970973968505859375" lon="-86.800745241343975067138671875">
        <ele>0</ele>
        <time>2026-03-16T16:59:56.000Z</time>
        <extensions>
          <ns3:TrackPointExtension>
            <ns3:hr>93</ns3:hr>
          </ns3:TrackPointExtension>
        </extensions>
      </trkpt>
      <trkpt lat="21.3382217846810817718505859375" lon="-86.8008158169686794281005859375">
        <ele>0</ele>
        <time>2026-03-16T16:59:58.000Z</time>
        <extensions>
          <ns3:TrackPointExtension>
            <ns3:hr>93</ns3:hr>
          </ns3:TrackPointExtension>
        </extensions>
      </trkpt>
      <trkpt lat="21.33820208720862865447998046875" lon="-86.8008362688124179840087890625">
        <ele>0</ele>
        <time>2026-03-16T16:59:59.000Z</time>
        <extensions>
          <ns3:TrackPointExtension>
            <ns3:hr>93</ns3:hr>
          </ns3:TrackPointExtension>
        </extensions>
      </trkpt>
      <trkpt lat="21.33819839917123317718505859375" lon="-86.80085043422877788543701171875">
        <ele>0</ele>
        <time>2026-03-16T17:00:00.000Z</time>
        <extensions>
          <ns3:TrackPointExtension>
            <ns3:hr>92</ns3:hr>
          </ns3:TrackPointExtension>
        </extensions>
      </trkpt>
      <trkpt lat="21.338208205997943878173828125" lon="-86.80085747502744197845458984375">
        <ele>0</ele>
        <time>2026-03-16T17:00:01.000Z</time>
        <extensions>
          <ns3:TrackPointExtension>
            <ns3:hr>91</ns3:hr>
          </ns3:TrackPointExtension>
        </extensions>
      </trkpt>
      <trkpt lat="21.3382636941969394683837890625" lon="-86.8007809482514858245849609375">
        <ele>0</ele>
        <time>2026-03-16T17:00:04.000Z</time>
        <extensions>
          <ns3:TrackPointExtension>
            <ns3:hr>89</ns3:hr>
          </ns3:TrackPointExtension>
        </extensions>
      </trkpt>
      <trkpt lat="21.33830233477056026458740234375" lon="-86.8005750887095928192138671875">
        <ele>0</ele>
        <time>2026-03-16T17:00:08.000Z</time>
        <extensions>
          <ns3:TrackPointExtension>
            <ns3:hr>89</ns3:hr>
          </ns3:TrackPointExtension>
        </extensions>
      </trkpt>
      <trkpt lat="21.33835329674184322357177734375" lon="-86.80019631050527095794677734375">
        <ele>0</ele>
        <time>2026-03-16T17:00:14.000Z</time>
        <extensions>
          <ns3:TrackPointExtension>
            <ns3:hr>89</ns3:hr>
          </ns3:TrackPointExtension>
        </extensions>
      </trkpt>
      <trkpt lat="21.33837752044200897216796875" lon="-86.79989221505820751190185546875">
        <ele>0</ele>
        <time>2026-03-16T17:00:19.000Z</time>
        <extensions>
          <ns3:TrackPointExtension>
            <ns3:hr>89</ns3:hr>
          </ns3:TrackPointExtension>
        </extensions>
      </trkpt>
      <trkpt lat="21.33838598616421222686767578125" lon="-86.7998445220291614532470703125">
        <ele>0</ele>
        <time>2026-03-16T17:00:20.000Z</time>
        <extensions>
          <ns3:TrackPointExtension>
            <ns3:hr>90</ns3:hr>
          </ns3:TrackPointExtension>
        </extensions>
      </trkpt>
      <trkpt lat="21.33847382850944995880126953125" lon="-86.7994941584765911102294921875">
        <ele>0</ele>
        <time>2026-03-16T17:00:26.000Z</time>
        <extensions>
          <ns3:TrackPointExtension>
            <ns3:hr>90</ns3:hr>
          </ns3:TrackPointExtension>
        </extensions>
      </trkpt>
      <trkpt lat="21.3384936936199665069580078125" lon="-86.79910180158913135528564453125">
        <ele>0</ele>
        <time>2026-03-16T17:00:32.000Z</time>
        <extensions>
          <ns3:TrackPointExtension>
            <ns3:hr>90</ns3:hr>
          </ns3:TrackPointExtension>
        </extensions>
      </trkpt>
      <trkpt lat="21.33849360980093479156494140625" lon="-86.79889208637177944183349609375">
        <ele>0</ele>
        <time>2026-03-16T17:00:37.000Z</time>
        <extensions>
          <ns3:TrackPointExtension>
            <ns3:hr>91</ns3:hr>
          </ns3:TrackPointExtension>
        </extensions>
      </trkpt>
      <trkpt lat="21.33855127729475498199462890625" lon="-86.79877155460417270660400390625">
        <ele>0</ele>
        <time>2026-03-16T17:00:40.000Z</time>
        <extensions>
          <ns3:TrackPointExtension>
            <ns3:hr>92</ns3:hr>
          </ns3:TrackPointExtension>
        </extensions>
      </trkpt>
      <trkpt lat="21.33856527507305145263671875" lon="-86.79871539585292339324951171875">
        <ele>0</ele>
        <time>2026-03-16T17:00:41.000Z</time>
        <extensions>
          <ns3:TrackPointExtension>
            <ns3:hr>92</ns3:hr>
          </ns3:TrackPointExtension>
        </extensions>
      </trkpt>
      <trkpt lat="21.33857005275785923004150390625" lon="-86.79865906946361064910888671875">
        <ele>0</ele>
        <time>2026-03-16T17:00:42.000Z</time>
        <extensions>
          <ns3:TrackPointExtension>
            <ns3:hr>91</ns3:hr>
          </ns3:TrackPointExtension>
        </extensions>
      </trkpt>
      <trkpt lat="21.33858413435518741607666015625" lon="-86.79851557128131389617919921875">
        <ele>0</ele>
        <time>2026-03-16T17:00:45.000Z</time>
        <extensions>
          <ns3:TrackPointExtension>
            <ns3:hr>91</ns3:hr>
          </ns3:TrackPointExtension>
        </extensions>
      </trkpt>
      <trkpt lat="21.33861933834850788116455078125" lon="-86.79835229180753231048583984375">
        <ele>0</ele>
        <time>2026-03-16T17:00:49.000Z</time>
        <extensions>
          <ns3:TrackPointExtension>
            <ns3:hr>91</ns3:hr>
          </ns3:TrackPointExtension>
        </extensions>
      </trkpt>
      <trkpt lat="21.33866451680660247802734375" lon="-86.798236034810543060302734375">
        <ele>0</ele>
        <time>2026-03-16T17:00:52.000Z</time>
        <extensions>
          <ns3:TrackPointExtension>
            <ns3:hr>91</ns3:hr>
          </ns3:TrackPointExtension>
        </extensions>
      </trkpt>
      <trkpt lat="21.33869611658155918121337890625" lon="-86.79815079085528850555419921875">
        <ele>0</ele>
        <time>2026-03-16T17:00:54.000Z</time>
        <extensions>
          <ns3:TrackPointExtension>
            <ns3:hr>91</ns3:hr>
          </ns3:TrackPointExtension>
        </extensions>
      </trkpt>
      <trkpt lat="21.33871539495885372161865234375" lon="-86.798107624053955078125">
        <ele>0</ele>
        <time>2026-03-16T17:00:55.000Z</time>
        <extensions>
          <ns3:TrackPointExtension>
            <ns3:hr>94</ns3:hr>
          </ns3:TrackPointExtension>
        </extensions>
      </trkpt>
      <trkpt lat="21.338735930621623992919921875" lon="-86.798062361776828765869140625">
        <ele>0</ele>
        <time>2026-03-16T17:00:56.000Z</time>
        <extensions>
          <ns3:TrackPointExtension>
            <ns3:hr>90</ns3:hr>
          </ns3:TrackPointExtension>
        </extensions>
      </trkpt>
      <trkpt lat="21.33876107633113861083984375" lon="-86.79801307618618011474609375">
        <ele>0</ele>
        <time>2026-03-16T17:00:57.000Z</time>
        <extensions>
          <ns3:TrackPointExtension>
            <ns3:hr>93</ns3:hr>
          </ns3:TrackPointExtension>
        </extensions>
      </trkpt>
      <trkpt lat="21.33878597058355808258056640625" lon="-86.79795742034912109375">
        <ele>0</ele>
        <time>2026-03-16T17:00:58.000Z</time>
        <extensions>
          <ns3:TrackPointExtension>
            <ns3:hr>89</ns3:hr>
          </ns3:TrackPointExtension>
        </extensions>
      </trkpt>
      <trkpt lat="21.33883056230843067169189453125" lon="-86.79775902070105075836181640625">
        <ele>0</ele>
        <time>2026-03-16T17:01:01.000Z</time>
        <extensions>
          <ns3:TrackPointExtension>
            <ns3:hr>91</ns3:hr>
          </ns3:TrackPointExtension>
        </extensions>
      </trkpt>
      <trkpt lat="21.33883844129741191864013671875" lon="-86.7976316995918750762939453125">
        <ele>0</ele>
        <time>2026-03-16T17:01:03.000Z</time>
        <extensions>
          <ns3:TrackPointExtension>
            <ns3:hr>91</ns3:hr>
          </ns3:TrackPointExtension>
        </extensions>
      </trkpt>
      <trkpt lat="21.33883190341293811798095703125" lon="-86.79745291359722614288330078125">
        <ele>0</ele>
        <time>2026-03-16T17:01:07.000Z</time>
        <extensions>
          <ns3:TrackPointExtension>
            <ns3:hr>92</ns3:hr>
          </ns3:TrackPointExtension>
        </extensions>
      </trkpt>
      <trkpt lat="21.33884095586836338043212890625" lon="-86.79744671098887920379638671875">
        <ele>0</ele>
        <time>2026-03-16T17:01:08.000Z</time>
        <extensions>
          <ns3:TrackPointExtension>
            <ns3:hr>91</ns3:hr>
          </ns3:TrackPointExtension>
        </extensions>
      </trkpt>
      <trkpt lat="21.33885134942829608917236328125" lon="-86.79746800102293491363525390625">
        <ele>0</ele>
        <time>2026-03-16T17:01:09.000Z</time>
        <extensions>
          <ns3:TrackPointExtension>
            <ns3:hr>92</ns3:hr>
          </ns3:TrackPointExtension>
        </extensions>
      </trkpt>
      <trkpt lat="21.33884196169674396514892578125" lon="-86.7975537478923797607421875">
        <ele>0</ele>
        <time>2026-03-16T17:01:11.000Z</time>
        <extensions>
          <ns3:TrackPointExtension>
            <ns3:hr>91</ns3:hr>
          </ns3:TrackPointExtension>
        </extensions>
      </trkpt>
      <trkpt lat="21.33882343769073486328125" lon="-86.7975995130836963653564453125">
        <ele>0</ele>
        <time>2026-03-16T17:01:12.000Z</time>
        <extensions>
          <ns3:TrackPointExtension>
            <ns3:hr>91</ns3:hr>
          </ns3:TrackPointExtension>
        </extensions>
      </trkpt>
      <trkpt lat="21.33880038745701313018798828125" lon="-86.79764636792242527008056640625">
        <ele>0</ele>
        <time>2026-03-16T17:01:13.000Z</time>
        <extensions>
          <ns3:TrackPointExtension>
            <ns3:hr>91</ns3:hr>
          </ns3:TrackPointExtension>
        </extensions>
      </trkpt>
      <trkpt lat="21.33873014710843563079833984375" lon="-86.79777997545897960662841796875">
        <ele>0</ele>
        <time>2026-03-16T17:01:17.000Z</time>
        <extensions>
          <ns3:TrackPointExtension>
            <ns3:hr>91</ns3:hr>
          </ns3:TrackPointExtension>
        </extensions>
      </trkpt>
      <trkpt lat="21.3386583141982555389404296875" lon="-86.79798432625830173492431640625">
        <ele>0</ele>
        <time>2026-03-16T17:01:22.000Z</time>
        <extensions>
          <ns3:TrackPointExtension>
            <ns3:hr>94</ns3:hr>
          </ns3:TrackPointExtension>
        </extensions>
      </trkpt>
      <trkpt lat="21.3386294804513454437255859375" lon="-86.79803185164928436279296875">
        <ele>0</ele>
        <time>2026-03-16T17:01:23.000Z</time>
        <extensions>
          <ns3:TrackPointExtension>
            <ns3:hr>94</ns3:hr>
          </ns3:TrackPointExtension>
        </extensions>
      </trkpt>
      <trkpt lat="21.338397301733493804931640625" lon="-86.79838850162923336029052734375">
        <ele>0</ele>
        <time>2026-03-16T17:01:31.000Z</time>
        <extensions>
          <ns3:TrackPointExtension>
            <ns3:hr>97</ns3:hr>
          </ns3:TrackPointExtension>
        </extensions>
      </trkpt>
      <trkpt lat="21.33837089873850345611572265625" lon="-86.79842806421220302581787109375">
        <ele>0</ele>
        <time>2026-03-16T17:01:32.000Z</time>
        <extensions>
          <ns3:TrackPointExtension>
            <ns3:hr>96</ns3:hr>
          </ns3:TrackPointExtension>
        </extensions>
      </trkpt>
      <trkpt lat="21.338312812149524688720703125" lon="-86.79850383661687374114990234375">
        <ele>0</ele>
        <time>2026-03-16T17:01:35.000Z</time>
        <extensions>
          <ns3:TrackPointExtension>
            <ns3:hr>96</ns3:hr>
          </ns3:TrackPointExtension>
        </extensions>
      </trkpt>
      <trkpt lat="21.33828087709844112396240234375" lon="-86.79860928095877170562744140625">
        <ele>0</ele>
        <time>2026-03-16T17:01:40.000Z</time>
        <extensions>
          <ns3:TrackPointExtension>
            <ns3:hr>96</ns3:hr>
          </ns3:TrackPointExtension>
        </extensions>
      </trkpt>
      <trkpt lat="21.33826486766338348388671875" lon="-86.79871874861419200897216796875">
        <ele>0</ele>
        <time>2026-03-16T17:01:44.000Z</time>
        <extensions>
          <ns3:TrackPointExtension>
            <ns3:hr>95</ns3:hr>
          </ns3:TrackPointExtension>
        </extensions>
      </trkpt>
      <trkpt lat="21.33819471113383769989013671875" lon="-86.7989168129861354827880859375">
        <ele>0</ele>
        <time>2026-03-16T17:01:50.000Z</time>
        <extensions>
          <ns3:TrackPointExtension>
            <ns3:hr>94</ns3:hr>
          </ns3:TrackPointExtension>
        </extensions>
      </trkpt>
      <trkpt lat="21.33809312246739864349365234375" lon="-86.79922032169997692108154296875">
        <ele>0</ele>
        <time>2026-03-16T17:01:57.000Z</time>
        <extensions>
          <ns3:TrackPointExtension>
            <ns3:hr>95</ns3:hr>
          </ns3:TrackPointExtension>
        </extensions>
      </trkpt>
      <trkpt lat="21.33797644637525081634521484375" lon="-86.79948820732533931732177734375">
        <ele>0</ele>
        <time>2026-03-16T17:02:02.000Z</time>
        <extensions>
          <ns3:TrackPointExtension>
            <ns3:hr>98</ns3:hr>
          </ns3:TrackPointExtension>
        </extensions>
      </trkpt>
      <trkpt lat="21.3379492051899433135986328125" lon="-86.7995434440672397613525390625">
        <ele>0</ele>
        <time>2026-03-16T17:02:03.000Z</time>
        <extensions>
          <ns3:TrackPointExtension>
            <ns3:hr>98</ns3:hr>
          </ns3:TrackPointExtension>
        </extensions>
      </trkpt>
      <trkpt lat="21.33775717578828334808349609375" lon="-86.7998979985713958740234375">
        <ele>0</ele>
        <time>2026-03-16T17:02:10.000Z</time>
        <extensions>
          <ns3:TrackPointExtension>
            <ns3:hr>95</ns3:hr>
          </ns3:TrackPointExtension>
        </extensions>
      </trkpt>
      <trkpt lat="21.33763681165874004364013671875" lon="-86.80009053088724613189697265625">
        <ele>0</ele>
        <time>2026-03-16T17:02:15.000Z</time>
        <extensions>
          <ns3:TrackPointExtension>
            <ns3:hr>94</ns3:hr>
          </ns3:TrackPointExtension>
        </extensions>
      </trkpt>
      <trkpt lat="21.3375029526650905609130859375" lon="-86.80033310316503047943115234375">
        <ele>0</ele>
        <time>2026-03-16T17:02:22.000Z</time>
        <extensions>
          <ns3:TrackPointExtension>
            <ns3:hr>94</ns3:hr>
          </ns3:TrackPointExtension>
        </extensions>
      </trkpt>
      <trkpt lat="21.337506808340549468994140625" lon="-86.80035531520843505859375">
        <ele>0</ele>
        <time>2026-03-16T17:02:23.000Z</time>
        <extensions>
          <ns3:TrackPointExtension>
            <ns3:hr>94</ns3:hr>
          </ns3:TrackPointExtension>
        </extensions>
      </trkpt>
      <trkpt lat="21.33752918802201747894287109375" lon="-86.80036059580743312835693359375">
        <ele>0</ele>
        <time>2026-03-16T17:02:24.000Z</time>
        <extensions>
          <ns3:TrackPointExtension>
            <ns3:hr>94</ns3:hr>
          </ns3:TrackPointExtension>
        </extensions>
      </trkpt>
      <trkpt lat="21.33760194294154644012451171875" lon="-86.80023738183081150054931640625">
        <ele>0</ele>
        <time>2026-03-16T17:02:27.000Z</time>
        <extensions>
          <ns3:TrackPointExtension>
            <ns3:hr>94</ns3:hr>
          </ns3:TrackPointExtension>
        </extensions>
      </trkpt>
      <trkpt lat="21.337650977075099945068359375" lon="-86.7999972403049468994140625">
        <ele>0</ele>
        <time>2026-03-16T17:02:31.000Z</time>
        <extensions>
          <ns3:TrackPointExtension>
            <ns3:hr>94</ns3:hr>
          </ns3:TrackPointExtension>
        </extensions>
      </trkpt>
      <trkpt lat="21.3376930542290210723876953125" lon="-86.79986069910228252410888671875">
        <ele>0</ele>
        <time>2026-03-16T17:02:33.000Z</time>
        <extensions>
          <ns3:TrackPointExtension>
            <ns3:hr>93</ns3:hr>
          </ns3:TrackPointExtension>
        </extensions>
      </trkpt>
      <trkpt lat="21.3378377258777618408203125" lon="-86.79941981099545955657958984375">
        <ele>0</ele>
        <time>2026-03-16T17:02:39.000Z</time>
        <extensions>
          <ns3:TrackPointExtension>
            <ns3:hr>91</ns3:hr>
          </ns3:TrackPointExtension>
        </extensions>
      </trkpt>
      <trkpt lat="21.3379431702196598052978515625" lon="-86.799019239842891693115234375">
        <ele>0</ele>
        <time>2026-03-16T17:02:44.000Z</time>
        <extensions>
          <ns3:TrackPointExtension>
            <ns3:hr>91</ns3:hr>
          </ns3:TrackPointExtension>
        </extensions>
      </trkpt>
      <trkpt lat="21.3380041904747486114501953125" lon="-86.79869745858013629913330078125">
        <ele>0</ele>
        <time>2026-03-16T17:02:49.000Z</time>
        <extensions>
          <ns3:TrackPointExtension>
            <ns3:hr>91</ns3:hr>
          </ns3:TrackPointExtension>
        </extensions>
      </trkpt>
      <trkpt lat="21.338031180202960968017578125" lon="-86.79858597926795482635498046875">
        <ele>0</ele>
        <time>2026-03-16T17:02:51.000Z</time>
        <extensions>
          <ns3:TrackPointExtension>
            <ns3:hr>91</ns3:hr>
          </ns3:TrackPointExtension>
        </extensions>
      </trkpt>
      <trkpt lat="21.33810536004602909088134765625" lon="-86.79841565899550914764404296875">
        <ele>0</ele>
        <time>2026-03-16T17:02:54.000Z</time>
        <extensions>
          <ns3:TrackPointExtension>
            <ns3:hr>91</ns3:hr>
          </ns3:TrackPointExtension>
        </extensions>
      </trkpt>
      <trkpt lat="21.33812732063233852386474609375" lon="-86.79834902286529541015625">
        <ele>0</ele>
        <time>2026-03-16T17:02:55.000Z</time>
        <extensions>
          <ns3:TrackPointExtension>
            <ns3:hr>91</ns3:hr>
          </ns3:TrackPointExtension>
        </extensions>
      </trkpt>
      <trkpt lat="21.3381963036954402923583984375" lon="-86.79812841117382049560546875">
        <ele>0</ele>
        <time>2026-03-16T17:02:58.000Z</time>
        <extensions>
          <ns3:TrackPointExtension>
            <ns3:hr>91</ns3:hr>
          </ns3:TrackPointExtension>
        </extensions>
      </trkpt>
      <trkpt lat="21.33830015547573566436767578125" lon="-86.797698251903057098388671875">
        <ele>0</ele>
        <time>2026-03-16T17:03:04.000Z</time>
        <extensions>
          <ns3:TrackPointExtension>
            <ns3:hr>91</ns3:hr>
          </ns3:TrackPointExtension>
        </extensions>
      </trkpt>
      <trkpt lat="21.33830652572214603424072265625" lon="-86.7975867725908756256103515625">
        <ele>0</ele>
        <time>2026-03-16T17:03:07.000Z</time>
        <extensions>
          <ns3:TrackPointExtension>
            <ns3:hr>92</ns3:hr>
          </ns3:TrackPointExtension>
        </extensions>
      </trkpt>
      <trkpt lat="21.33832630701363086700439453125" lon="-86.7976033687591552734375">
        <ele>0</ele>
        <time>2026-03-16T17:03:09.000Z</time>
        <extensions>
          <ns3:TrackPointExtension>
            <ns3:hr>92</ns3:hr>
          </ns3:TrackPointExtension>
        </extensions>
      </trkpt>
      <trkpt lat="21.3382868282496929168701171875" lon="-86.79769716225564479827880859375">
        <ele>0</ele>
        <time>2026-03-16T17:03:12.000Z</time>
        <extensions>
          <ns3:TrackPointExtension>
            <ns3:hr>92</ns3:hr>
          </ns3:TrackPointExtension>
        </extensions>
      </trkpt>
      <trkpt lat="21.33822170086205005645751953125" lon="-86.7979029379785060882568359375">
        <ele>0</ele>
        <time>2026-03-16T17:03:17.000Z</time>
        <extensions>
          <ns3:TrackPointExtension>
            <ns3:hr>92</ns3:hr>
          </ns3:TrackPointExtension>
        </extensions>
      </trkpt>
      <trkpt lat="21.33808390237390995025634765625" lon="-86.79821432568132877349853515625">
        <ele>0</ele>
        <time>2026-03-16T17:03:22.000Z</time>
        <extensions>
          <ns3:TrackPointExtension>
            <ns3:hr>91</ns3:hr>
          </ns3:TrackPointExtension>
        </extensions>
      </trkpt>
      <trkpt lat="21.3379160128533840179443359375" lon="-86.79854976944625377655029296875">
        <ele>0</ele>
        <time>2026-03-16T17:03:28.000Z</time>
        <extensions>
          <ns3:TrackPointExtension>
            <ns3:hr>92</ns3:hr>
          </ns3:TrackPointExtension>
        </extensions>
      </trkpt>
      <trkpt lat="21.33778064511716365814208984375" lon="-86.79886308498680591583251953125">
        <ele>0</ele>
        <time>2026-03-16T17:03:34.000Z</time>
        <extensions>
          <ns3:TrackPointExtension>
            <ns3:hr>91</ns3:hr>
          </ns3:TrackPointExtension>
        </extensions>
      </trkpt>
      <trkpt lat="21.33760931901633739471435546875" lon="-86.7991927452385425567626953125">
        <ele>0</ele>
        <time>2026-03-16T17:03:41.000Z</time>
        <extensions>
          <ns3:TrackPointExtension>
            <ns3:hr>88</ns3:hr>
          </ns3:TrackPointExtension>
        </extensions>
      </trkpt>
      <trkpt lat="21.33759037591516971588134765625" lon="-86.79923105053603649139404296875">
        <ele>0</ele>
        <time>2026-03-16T17:03:42.000Z</time>
        <extensions>
          <ns3:TrackPointExtension>
            <ns3:hr>88</ns3:hr>
          </ns3:TrackPointExtension>
        </extensions>
      </trkpt>
      <trkpt lat="21.33747093379497528076171875" lon="-86.79945752955973148345947265625">
        <ele>0</ele>
        <time>2026-03-16T17:03:47.000Z</time>
        <extensions>
          <ns3:TrackPointExtension>
            <ns3:hr>89</ns3:hr>
          </ns3:TrackPointExtension>
        </extensions>
      </trkpt>
      <trkpt lat="21.3373259268701076507568359375" lon="-86.7997124232351779937744140625">
        <ele>0</ele>
        <time>2026-03-16T17:03:52.000Z</time>
        <extensions>
          <ns3:TrackPointExtension>
            <ns3:hr>94</ns3:hr>
          </ns3:TrackPointExtension>
        </extensions>
      </trkpt>
      <trkpt lat="21.3372984342277050018310546875" lon="-86.7997613735496997833251953125">
        <ele>0</ele>
        <time>2026-03-16T17:03:53.000Z</time>
        <extensions>
          <ns3:TrackPointExtension>
            <ns3:hr>90</ns3:hr>
          </ns3:TrackPointExtension>
        </extensions>
      </trkpt>
      <trkpt lat="21.33727245032787322998046875" lon="-86.79981057532131671905517578125">
        <ele>0</ele>
        <time>2026-03-16T17:03:54.000Z</time>
        <extensions>
          <ns3:TrackPointExtension>
            <ns3:hr>92</ns3:hr>
          </ns3:TrackPointExtension>
        </extensions>
      </trkpt>
      <trkpt lat="21.33718888275325298309326171875" lon="-86.79994334466755390167236328125">
        <ele>0</ele>
        <time>2026-03-16T17:03:57.000Z</time>
        <extensions>
          <ns3:TrackPointExtension>
            <ns3:hr>90</ns3:hr>
          </ns3:TrackPointExtension>
        </extensions>
      </trkpt>
      <trkpt lat="21.3371522538363933563232421875" lon="-86.80000000633299350738525390625">
        <ele>0</ele>
        <time>2026-03-16T17:03:59.000Z</time>
        <extensions>
          <ns3:TrackPointExtension>
            <ns3:hr>89</ns3:hr>
          </ns3:TrackPointExtension>
        </extensions>
      </trkpt>
      <trkpt lat="21.3371551036834716796875" lon="-86.800019703805446624755859375">
        <ele>0</ele>
        <time>2026-03-16T17:04:00.000Z</time>
        <extensions>
          <ns3:TrackPointExtension>
            <ns3:hr>86</ns3:hr>
          </ns3:TrackPointExtension>
        </extensions>
      </trkpt>
      <trkpt lat="21.337176896631717681884765625" lon="-86.800016351044178009033203125">
        <ele>0</ele>
        <time>2026-03-16T17:04:01.000Z</time>
        <extensions>
          <ns3:TrackPointExtension>
            <ns3:hr>89</ns3:hr>
          </ns3:TrackPointExtension>
        </extensions>
      </trkpt>
      <trkpt lat="21.33723355829715728759765625" lon="-86.799880899488925933837890625">
        <ele>0</ele>
        <time>2026-03-16T17:04:04.000Z</time>
        <extensions>
          <ns3:TrackPointExtension>
            <ns3:hr>88</ns3:hr>
          </ns3:TrackPointExtension>
        </extensions>
      </trkpt>
      <trkpt lat="21.337301619350910186767578125" lon="-86.79956129752099514007568359375">
        <ele>0</ele>
        <time>2026-03-16T17:04:09.000Z</time>
        <extensions>
          <ns3:TrackPointExtension>
            <ns3:hr>87</ns3:hr>
          </ns3:TrackPointExtension>
        </extensions>
      </trkpt>
      <trkpt lat="21.33742022328078746795654296875" lon="-86.7990727163851261138916015625">
        <ele>0</ele>
        <time>2026-03-16T17:04:16.000Z</time>
        <extensions>
          <ns3:TrackPointExtension>
            <ns3:hr>89</ns3:hr>
          </ns3:TrackPointExtension>
        </extensions>
      </trkpt>
      <trkpt lat="21.337567158043384552001953125" lon="-86.79869896732270717620849609375">
        <ele>0</ele>
        <time>2026-03-16T17:04:21.000Z</time>
        <extensions>
          <ns3:TrackPointExtension>
            <ns3:hr>89</ns3:hr>
          </ns3:TrackPointExtension>
        </extensions>
      </trkpt>
      <trkpt lat="21.33767352439463138580322265625" lon="-86.7983341030776500701904296875">
        <ele>0</ele>
        <time>2026-03-16T17:04:26.000Z</time>
        <extensions>
          <ns3:TrackPointExtension>
            <ns3:hr>89</ns3:hr>
          </ns3:TrackPointExtension>
        </extensions>
      </trkpt>
      <trkpt lat="21.337690539658069610595703125" lon="-86.79822119884192943572998046875">
        <ele>0</ele>
        <time>2026-03-16T17:04:28.000Z</time>
        <extensions>
          <ns3:TrackPointExtension>
            <ns3:hr>89</ns3:hr>
          </ns3:TrackPointExtension>
        </extensions>
      </trkpt>
      <trkpt lat="21.33771861903369426727294921875" lon="-86.7981201969087123870849609375">
        <ele>0</ele>
        <time>2026-03-16T17:04:30.000Z</time>
        <extensions>
          <ns3:TrackPointExtension>
            <ns3:hr>88</ns3:hr>
          </ns3:TrackPointExtension>
        </extensions>
      </trkpt>
      <trkpt lat="21.33778919465839862823486328125" lon="-86.7979089729487895965576171875">
        <ele>0</ele>
        <time>2026-03-16T17:04:34.000Z</time>
        <extensions>
          <ns3:TrackPointExtension>
            <ns3:hr>89</ns3:hr>
          </ns3:TrackPointExtension>
        </extensions>
      </trkpt>
      <trkpt lat="21.3378010131418704986572265625" lon="-86.79785474203526973724365234375">
        <ele>0</ele>
        <time>2026-03-16T17:04:35.000Z</time>
        <extensions>
          <ns3:TrackPointExtension>
            <ns3:hr>89</ns3:hr>
          </ns3:TrackPointExtension>
        </extensions>
      </trkpt>
      <trkpt lat="21.33781534619629383087158203125" lon="-86.7977990023791790008544921875">
        <ele>0</ele>
        <time>2026-03-16T17:04:36.000Z</time>
        <extensions>
          <ns3:TrackPointExtension>
            <ns3:hr>86</ns3:hr>
          </ns3:TrackPointExtension>
        </extensions>
      </trkpt>
      <trkpt lat="21.337834037840366363525390625" lon="-86.79774242453277111053466796875">
        <ele>0</ele>
        <time>2026-03-16T17:04:37.000Z</time>
        <extensions>
          <ns3:TrackPointExtension>
            <ns3:hr>89</ns3:hr>
          </ns3:TrackPointExtension>
        </extensions>
      </trkpt>
      <trkpt lat="21.33789732120931148529052734375" lon="-86.79754771292209625244140625">
        <ele>0</ele>
        <time>2026-03-16T17:04:40.000Z</time>
        <extensions>
          <ns3:TrackPointExtension>
            <ns3:hr>89</ns3:hr>
          </ns3:TrackPointExtension>
        </extensions>
      </trkpt>
      <trkpt lat="21.337911821901798248291015625" lon="-86.7974751256406307220458984375">
        <ele>0</ele>
        <time>2026-03-16T17:04:41.000Z</time>
        <extensions>
          <ns3:TrackPointExtension>
            <ns3:hr>89</ns3:hr>
          </ns3:TrackPointExtension>
        </extensions>
      </trkpt>
      <trkpt lat="21.33792263455688953399658203125" lon="-86.79740211926400661468505859375">
        <ele>0</ele>
        <time>2026-03-16T17:04:42.000Z</time>
        <extensions>
          <ns3:TrackPointExtension>
            <ns3:hr>86</ns3:hr>
          </ns3:TrackPointExtension>
        </extensions>
      </trkpt>
      <trkpt lat="21.33793252520263195037841796875" lon="-86.79733154363930225372314453125">
        <ele>0</ele>
        <time>2026-03-16T17:04:43.000Z</time>
        <extensions>
          <ns3:TrackPointExtension>
            <ns3:hr>89</ns3:hr>
          </ns3:TrackPointExtension>
        </extensions>
      </trkpt>
      <trkpt lat="21.3379408232867717742919921875" lon="-86.79726331494748592376708984375">
        <ele>0</ele>
        <time>2026-03-16T17:04:44.000Z</time>
        <extensions>
          <ns3:TrackPointExtension>
            <ns3:hr>86</ns3:hr>
          </ns3:TrackPointExtension>
        </extensions>
      </trkpt>
      <trkpt lat="21.3379455171525478363037109375" lon="-86.79719760082662105560302734375">
        <ele>0</ele>
        <time>2026-03-16T17:04:45.000Z</time>
        <extensions>
          <ns3:TrackPointExtension>
            <ns3:hr>87</ns3:hr>
          </ns3:TrackPointExtension>
        </extensions>
      </trkpt>
      <trkpt lat="21.3379502110183238983154296875" lon="-86.797077655792236328125">
        <ele>0</ele>
        <time>2026-03-16T17:04:47.000Z</time>
        <extensions>
          <ns3:TrackPointExtension>
            <ns3:hr>90</ns3:hr>
          </ns3:TrackPointExtension>
        </extensions>
      </trkpt>
      <trkpt lat="21.33795314468443393707275390625" lon="-86.7969162203371524810791015625">
        <ele>0</ele>
        <time>2026-03-16T17:04:50.000Z</time>
        <extensions>
          <ns3:TrackPointExtension>
            <ns3:hr>90</ns3:hr>
          </ns3:TrackPointExtension>
        </extensions>
      </trkpt>
      <trkpt lat="21.33796404115855693817138671875" lon="-86.79685696028172969818115234375">
        <ele>0</ele>
        <time>2026-03-16T17:04:52.000Z</time>
        <extensions>
          <ns3:TrackPointExtension>
            <ns3:hr>90</ns3:hr>
          </ns3:TrackPointExtension>
        </extensions>
      </trkpt>
      <trkpt lat="21.33797460235655307769775390625" lon="-86.79685712791979312896728515625">
        <ele>0</ele>
        <time>2026-03-16T17:04:53.000Z</time>
        <extensions>
          <ns3:TrackPointExtension>
            <ns3:hr>90</ns3:hr>
          </ns3:TrackPointExtension>
        </extensions>
      </trkpt>
      <trkpt lat="21.33796554990112781524658203125" lon="-86.79694480262696743011474609375">
        <ele>0</ele>
        <time>2026-03-16T17:04:56.000Z</time>
        <extensions>
          <ns3:TrackPointExtension>
            <ns3:hr>92</ns3:hr>
          </ns3:TrackPointExtension>
        </extensions>
      </trkpt>
      <trkpt lat="21.33791752159595489501953125" lon="-86.797189302742481231689453125">
        <ele>0</ele>
        <time>2026-03-16T17:05:02.000Z</time>
        <extensions>
          <ns3:TrackPointExtension>
            <ns3:hr>93</ns3:hr>
          </ns3:TrackPointExtension>
        </extensions>
      </trkpt>
      <trkpt lat="21.337894387543201446533203125" lon="-86.7973852716386318206787109375">
        <ele>0</ele>
        <time>2026-03-16T17:05:07.000Z</time>
        <extensions>
          <ns3:TrackPointExtension>
            <ns3:hr>92</ns3:hr>
          </ns3:TrackPointExtension>
        </extensions>
      </trkpt>
      <trkpt lat="21.337875612080097198486328125" lon="-86.79748543538153171539306640625">
        <ele>0</ele>
        <time>2026-03-16T17:05:09.000Z</time>
        <extensions>
          <ns3:TrackPointExtension>
            <ns3:hr>93</ns3:hr>
          </ns3:TrackPointExtension>
        </extensions>
      </trkpt>
      <trkpt lat="21.3378399051725864410400390625" lon="-86.7975897900760173797607421875">
        <ele>0</ele>
        <time>2026-03-16T17:05:11.000Z</time>
        <extensions>
          <ns3:TrackPointExtension>
            <ns3:hr>92</ns3:hr>
          </ns3:TrackPointExtension>
        </extensions>
      </trkpt>
      <trkpt lat="21.33775734342634677886962890625" lon="-86.79777997545897960662841796875">
        <ele>0</ele>
        <time>2026-03-16T17:05:15.000Z</time>
        <extensions>
          <ns3:TrackPointExtension>
            <ns3:hr>93</ns3:hr>
          </ns3:TrackPointExtension>
        </extensions>
      </trkpt>
      <trkpt lat="21.33771643973886966705322265625" lon="-86.79784946143627166748046875">
        <ele>0</ele>
        <time>2026-03-16T17:05:17.000Z</time>
        <extensions>
          <ns3:TrackPointExtension>
            <ns3:hr>93</ns3:hr>
          </ns3:TrackPointExtension>
        </extensions>
      </trkpt>
      <trkpt lat="21.3376511447131633758544921875" lon="-86.79800092242658138275146484375">
        <ele>0</ele>
        <time>2026-03-16T17:05:21.000Z</time>
        <extensions>
          <ns3:TrackPointExtension>
            <ns3:hr>92</ns3:hr>
          </ns3:TrackPointExtension>
        </extensions>
      </trkpt>
      <trkpt lat="21.337637566030025482177734375" lon="-86.7980427481234073638916015625">
        <ele>0</ele>
        <time>2026-03-16T17:05:22.000Z</time>
        <extensions>
          <ns3:TrackPointExtension>
            <ns3:hr>91</ns3:hr>
          </ns3:TrackPointExtension>
        </extensions>
      </trkpt>
      <trkpt lat="21.33757059462368488311767578125" lon="-86.7982264794409275054931640625">
        <ele>0</ele>
        <time>2026-03-16T17:05:26.000Z</time>
        <extensions>
          <ns3:TrackPointExtension>
            <ns3:hr>92</ns3:hr>
          </ns3:TrackPointExtension>
        </extensions>
      </trkpt>
      <trkpt lat="21.3374808244407176971435546875" lon="-86.7984105460345745086669921875">
        <ele>0</ele>
        <time>2026-03-16T17:05:31.000Z</time>
        <extensions>
          <ns3:TrackPointExtension>
            <ns3:hr>92</ns3:hr>
          </ns3:TrackPointExtension>
        </extensions>
      </trkpt>
      <trkpt lat="21.337417624890804290771484375" lon="-86.7985577322542667388916015625">
        <ele>0</ele>
        <time>2026-03-16T17:05:37.000Z</time>
        <extensions>
          <ns3:TrackPointExtension>
            <ns3:hr>91</ns3:hr>
          </ns3:TrackPointExtension>
        </extensions>
      </trkpt>
      <trkpt lat="21.3373993523418903350830078125" lon="-86.7986026592552661895751953125">
        <ele>0</ele>
        <time>2026-03-16T17:05:42.000Z</time>
        <extensions>
          <ns3:TrackPointExtension>
            <ns3:hr>91</ns3:hr>
          </ns3:TrackPointExtension>
        </extensions>
      </trkpt>
      <trkpt lat="21.33738753385841846466064453125" lon="-86.7987079359591007232666015625">
        <ele>0</ele>
        <time>2026-03-16T17:05:46.000Z</time>
        <extensions>
          <ns3:TrackPointExtension>
            <ns3:hr>90</ns3:hr>
          </ns3:TrackPointExtension>
        </extensions>
      </trkpt>
      <trkpt lat="21.33735149167478084564208984375" lon="-86.79877440445125102996826171875">
        <ele>0</ele>
        <time>2026-03-16T17:05:48.000Z</time>
        <extensions>
          <ns3:TrackPointExtension>
            <ns3:hr>87</ns3:hr>
          </ns3:TrackPointExtension>
        </extensions>
      </trkpt>
      <trkpt lat="21.3373319618403911590576171875" lon="-86.7988095246255397796630859375">
        <ele>0</ele>
        <time>2026-03-16T17:05:49.000Z</time>
        <extensions>
          <ns3:TrackPointExtension>
            <ns3:hr>90</ns3:hr>
          </ns3:TrackPointExtension>
        </extensions>
      </trkpt>
      <trkpt lat="21.33727052249014377593994140625" lon="-86.79889426566660404205322265625">
        <ele>0</ele>
        <time>2026-03-16T17:05:52.000Z</time>
        <extensions>
          <ns3:TrackPointExtension>
            <ns3:hr>90</ns3:hr>
          </ns3:TrackPointExtension>
        </extensions>
      </trkpt>
      <trkpt lat="21.33723950944840908050537109375" lon="-86.79895310662686824798583984375">
        <ele>0</ele>
        <time>2026-03-16T17:05:55.000Z</time>
        <extensions>
          <ns3:TrackPointExtension>
            <ns3:hr>91</ns3:hr>
          </ns3:TrackPointExtension>
        </extensions>
      </trkpt>
      <trkpt lat="21.33724001236259937286376953125" lon="-86.79898076690733432769775390625">
        <ele>0</ele>
        <time>2026-03-16T17:05:56.000Z</time>
        <extensions>
          <ns3:TrackPointExtension>
            <ns3:hr>91</ns3:hr>
          </ns3:TrackPointExtension>
        </extensions>
      </trkpt>
      <trkpt lat="21.3372146151959896087646484375" lon="-86.799096353352069854736328125">
        <ele>0</ele>
        <time>2026-03-16T17:05:59.000Z</time>
        <extensions>
          <ns3:TrackPointExtension>
            <ns3:hr>91</ns3:hr>
          </ns3:TrackPointExtension>
        </extensions>
      </trkpt>
      <trkpt lat="21.33719064295291900634765625" lon="-86.79913155734539031982421875">
        <ele>0</ele>
        <time>2026-03-16T17:06:00.000Z</time>
        <extensions>
          <ns3:TrackPointExtension>
            <ns3:hr>91</ns3:hr>
          </ns3:TrackPointExtension>
        </extensions>
      </trkpt>
      <trkpt lat="21.33706248365342617034912109375" lon="-86.79936348460614681243896484375">
        <ele>0</ele>
        <time>2026-03-16T17:06:07.000Z</time>
        <extensions>
          <ns3:TrackPointExtension>
            <ns3:hr>92</ns3:hr>
          </ns3:TrackPointExtension>
        </extensions>
      </trkpt>
      <trkpt lat="21.33698411285877227783203125" lon="-86.7995317094027996063232421875">
        <ele>0</ele>
        <time>2026-03-16T17:06:12.000Z</time>
        <extensions>
          <ns3:TrackPointExtension>
            <ns3:hr>91</ns3:hr>
          </ns3:TrackPointExtension>
        </extensions>
      </trkpt>
      <trkpt lat="21.33691060356795787811279296875" lon="-86.79964645765721797943115234375">
        <ele>0</ele>
        <time>2026-03-16T17:06:17.000Z</time>
        <extensions>
          <ns3:TrackPointExtension>
            <ns3:hr>90</ns3:hr>
          </ns3:TrackPointExtension>
        </extensions>
      </trkpt>
      <trkpt lat="21.3369175605475902557373046875" lon="-86.79965190589427947998046875">
        <ele>0</ele>
        <time>2026-03-16T17:06:18.000Z</time>
        <extensions>
          <ns3:TrackPointExtension>
            <ns3:hr>90</ns3:hr>
          </ns3:TrackPointExtension>
        </extensions>
      </trkpt>
      <trkpt lat="21.3370007090270519256591796875" lon="-86.7995716072618961334228515625">
        <ele>0</ele>
        <time>2026-03-16T17:06:21.000Z</time>
        <extensions>
          <ns3:TrackPointExtension>
            <ns3:hr>90</ns3:hr>
          </ns3:TrackPointExtension>
        </extensions>
      </trkpt>
      <trkpt lat="21.3370411098003387451171875" lon="-86.79942525923252105712890625">
        <ele>0</ele>
        <time>2026-03-16T17:06:24.000Z</time>
        <extensions>
          <ns3:TrackPointExtension>
            <ns3:hr>90</ns3:hr>
          </ns3:TrackPointExtension>
        </extensions>
      </trkpt>
      <trkpt lat="21.33706063963472843170166015625" lon="-86.79937840439379215240478515625">
        <ele>0</ele>
        <time>2026-03-16T17:06:25.000Z</time>
        <extensions>
          <ns3:TrackPointExtension>
            <ns3:hr>90</ns3:hr>
          </ns3:TrackPointExtension>
        </extensions>
      </trkpt>
      <trkpt lat="21.337107159197330474853515625" lon="-86.7992658354341983795166015625">
        <ele>0</ele>
        <time>2026-03-16T17:06:27.000Z</time>
        <extensions>
          <ns3:TrackPointExtension>
            <ns3:hr>89</ns3:hr>
          </ns3:TrackPointExtension>
        </extensions>
      </trkpt>
      <trkpt lat="21.33714965544641017913818359375" lon="-86.799129545688629150390625">
        <ele>0</ele>
        <time>2026-03-16T17:06:29.000Z</time>
        <extensions>
          <ns3:TrackPointExtension>
            <ns3:hr>89</ns3:hr>
          </ns3:TrackPointExtension>
        </extensions>
      </trkpt>
      <trkpt lat="21.337195672094821929931640625" lon="-86.79876275360584259033203125">
        <ele>0</ele>
        <time>2026-03-16T17:06:34.000Z</time>
        <extensions>
          <ns3:TrackPointExtension>
            <ns3:hr>88</ns3:hr>
          </ns3:TrackPointExtension>
        </extensions>
      </trkpt>
      <trkpt lat="21.337199024856090545654296875" lon="-86.79855094291269779205322265625">
        <ele>0</ele>
        <time>2026-03-16T17:06:38.000Z</time>
        <extensions>
          <ns3:TrackPointExtension>
            <ns3:hr>87</ns3:hr>
          </ns3:TrackPointExtension>
        </extensions>
      </trkpt>
      <trkpt lat="21.33719977922737598419189453125" lon="-86.798513643443584442138671875">
        <ele>0</ele>
        <time>2026-03-16T17:06:39.000Z</time>
        <extensions>
          <ns3:TrackPointExtension>
            <ns3:hr>86</ns3:hr>
          </ns3:TrackPointExtension>
        </extensions>
      </trkpt>
      <trkpt lat="21.3372126035392284393310546875" lon="-86.79847315885126590728759765625">
        <ele>0</ele>
        <time>2026-03-16T17:06:41.000Z</time>
        <extensions>
          <ns3:TrackPointExtension>
            <ns3:hr>86</ns3:hr>
          </ns3:TrackPointExtension>
        </extensions>
      </trkpt>
      <trkpt lat="21.33722643367946147918701171875" lon="-86.79848489351570606231689453125">
        <ele>0</ele>
        <time>2026-03-16T17:06:42.000Z</time>
        <extensions>
          <ns3:TrackPointExtension>
            <ns3:hr>85</ns3:hr>
          </ns3:TrackPointExtension>
        </extensions>
      </trkpt>
      <trkpt lat="21.3372491486370563507080078125" lon="-86.7985781840980052947998046875">
        <ele>0</ele>
        <time>2026-03-16T17:06:44.000Z</time>
        <extensions>
          <ns3:TrackPointExtension>
            <ns3:hr>85</ns3:hr>
          </ns3:TrackPointExtension>
        </extensions>
      </trkpt>
      <trkpt lat="21.3372437842190265655517578125" lon="-86.79863275028765201568603515625">
        <ele>0</ele>
        <time>2026-03-16T17:06:45.000Z</time>
        <extensions>
          <ns3:TrackPointExtension>
            <ns3:hr>85</ns3:hr>
          </ns3:TrackPointExtension>
        </extensions>
      </trkpt>
      <trkpt lat="21.33723263628780841827392578125" lon="-86.7986918427050113677978515625">
        <ele>0</ele>
        <time>2026-03-16T17:06:46.000Z</time>
        <extensions>
          <ns3:TrackPointExtension>
            <ns3:hr>85</ns3:hr>
          </ns3:TrackPointExtension>
        </extensions>
      </trkpt>
      <trkpt lat="21.337182931602001190185546875" lon="-86.79888521321117877960205078125">
        <ele>0</ele>
        <time>2026-03-16T17:06:49.000Z</time>
        <extensions>
          <ns3:TrackPointExtension>
            <ns3:hr>85</ns3:hr>
          </ns3:TrackPointExtension>
        </extensions>
      </trkpt>
      <trkpt lat="21.33715770207345485687255859375" lon="-86.79895319044589996337890625">
        <ele>0</ele>
        <time>2026-03-16T17:06:50.000Z</time>
        <extensions>
          <ns3:TrackPointExtension>
            <ns3:hr>85</ns3:hr>
          </ns3:TrackPointExtension>
        </extensions>
      </trkpt>
      <trkpt lat="21.33696123026311397552490234375" lon="-86.79932023398578166961669921875">
        <ele>0</ele>
        <time>2026-03-16T17:06:56.000Z</time>
        <extensions>
          <ns3:TrackPointExtension>
            <ns3:hr>88</ns3:hr>
          </ns3:TrackPointExtension>
        </extensions>
      </trkpt>
      <trkpt lat="21.33693172596395015716552734375" lon="-86.7993768118321895599365234375">
        <ele>0</ele>
        <time>2026-03-16T17:06:57.000Z</time>
        <extensions>
          <ns3:TrackPointExtension>
            <ns3:hr>89</ns3:hr>
          </ns3:TrackPointExtension>
        </extensions>
      </trkpt>
      <trkpt lat="21.33684421889483928680419921875" lon="-86.7995296977460384368896484375">
        <ele>0</ele>
        <time>2026-03-16T17:07:00.000Z</time>
        <extensions>
          <ns3:TrackPointExtension>
            <ns3:hr>89</ns3:hr>
          </ns3:TrackPointExtension>
        </extensions>
      </trkpt>
      <trkpt lat="21.33676358498632907867431640625" lon="-86.7996799014508724212646484375">
        <ele>0</ele>
        <time>2026-03-16T17:07:03.000Z</time>
        <extensions>
          <ns3:TrackPointExtension>
            <ns3:hr>86</ns3:hr>
          </ns3:TrackPointExtension>
        </extensions>
      </trkpt>
      <trkpt lat="21.3366811908781528472900390625" lon="-86.7998230643570423126220703125">
        <ele>0</ele>
        <time>2026-03-16T17:07:06.000Z</time>
        <extensions>
          <ns3:TrackPointExtension>
            <ns3:hr>84</ns3:hr>
          </ns3:TrackPointExtension>
        </extensions>
      </trkpt>
      <trkpt lat="21.33660265244543552398681640625" lon="-86.79999162442982196807861328125">
        <ele>0</ele>
        <time>2026-03-16T17:07:09.000Z</time>
        <extensions>
          <ns3:TrackPointExtension>
            <ns3:hr>82</ns3:hr>
          </ns3:TrackPointExtension>
        </extensions>
      </trkpt>
      <trkpt lat="21.33651548065245151519775390625" lon="-86.8001368828117847442626953125">
        <ele>0</ele>
        <time>2026-03-16T17:07:12.000Z</time>
        <extensions>
          <ns3:TrackPointExtension>
            <ns3:hr>81</ns3:hr>
          </ns3:TrackPointExtension>
        </extensions>
      </trkpt>
      <trkpt lat="21.33640483953058719635009765625" lon="-86.8003635294735431671142578125">
        <ele>0</ele>
        <time>2026-03-16T17:07:16.000Z</time>
        <extensions>
          <ns3:TrackPointExtension>
            <ns3:hr>79</ns3:hr>
          </ns3:TrackPointExtension>
        </extensions>
      </trkpt>
      <trkpt lat="21.336272321641445159912109375" lon="-86.80056896992027759552001953125">
        <ele>0</ele>
        <time>2026-03-16T17:07:20.000Z</time>
        <extensions>
          <ns3:TrackPointExtension>
            <ns3:hr>78</ns3:hr>
          </ns3:TrackPointExtension>
        </extensions>
      </trkpt>
      <trkpt lat="21.3362131454050540924072265625" lon="-86.8006401322782039642333984375">
        <ele>0</ele>
        <time>2026-03-16T17:07:22.000Z</time>
        <extensions>
          <ns3:TrackPointExtension>
            <ns3:hr>78</ns3:hr>
          </ns3:TrackPointExtension>
        </extensions>
      </trkpt>
      <trkpt lat="21.33622731082141399383544921875" lon="-86.8006706424057483673095703125">
        <ele>0</ele>
        <time>2026-03-16T17:07:24.000Z</time>
        <extensions>
          <ns3:TrackPointExtension>
            <ns3:hr>78</ns3:hr>
          </ns3:TrackPointExtension>
        </extensions>
      </trkpt>
      <trkpt lat="21.3362724892795085906982421875" lon="-86.8006166629493236541748046875">
        <ele>0</ele>
        <time>2026-03-16T17:07:26.000Z</time>
        <extensions>
          <ns3:TrackPointExtension>
            <ns3:hr>76</ns3:hr>
          </ns3:TrackPointExtension>
        </extensions>
      </trkpt>
      <trkpt lat="21.3362900912761688232421875" lon="-86.80057014338672161102294921875">
        <ele>0</ele>
        <time>2026-03-16T17:07:27.000Z</time>
        <extensions>
          <ns3:TrackPointExtension>
            <ns3:hr>78</ns3:hr>
          </ns3:TrackPointExtension>
        </extensions>
      </trkpt>
      <trkpt lat="21.33635823614895343780517578125" lon="-86.8002951331436634063720703125">
        <ele>0</ele>
        <time>2026-03-16T17:07:32.000Z</time>
        <extensions>
          <ns3:TrackPointExtension>
            <ns3:hr>81</ns3:hr>
          </ns3:TrackPointExtension>
        </extensions>
      </trkpt>
      <trkpt lat="21.33636360056698322296142578125" lon="-86.80024073459208011627197265625">
        <ele>0</ele>
        <time>2026-03-16T17:07:33.000Z</time>
        <extensions>
          <ns3:TrackPointExtension>
            <ns3:hr>82</ns3:hr>
          </ns3:TrackPointExtension>
        </extensions>
      </trkpt>
      <trkpt lat="21.33641422726213932037353515625" lon="-86.80004929192364215850830078125">
        <ele>0</ele>
        <time>2026-03-16T17:07:37.000Z</time>
        <extensions>
          <ns3:TrackPointExtension>
            <ns3:hr>85</ns3:hr>
          </ns3:TrackPointExtension>
        </extensions>
      </trkpt>
      <trkpt lat="21.33645311929285526275634765625" lon="-86.799905039370059967041015625">
        <ele>0</ele>
        <time>2026-03-16T17:07:40.000Z</time>
        <extensions>
          <ns3:TrackPointExtension>
            <ns3:hr>86</ns3:hr>
          </ns3:TrackPointExtension>
        </extensions>
      </trkpt>
      <trkpt lat="21.33653190918266773223876953125" lon="-86.79961812682449817657470703125">
        <ele>0</ele>
        <time>2026-03-16T17:07:45.000Z</time>
        <extensions>
          <ns3:TrackPointExtension>
            <ns3:hr>89</ns3:hr>
          </ns3:TrackPointExtension>
        </extensions>
      </trkpt>
      <trkpt lat="21.33654733188450336456298828125" lon="-86.7995558492839336395263671875">
        <ele>0</ele>
        <time>2026-03-16T17:07:46.000Z</time>
        <extensions>
          <ns3:TrackPointExtension>
            <ns3:hr>89</ns3:hr>
          </ns3:TrackPointExtension>
        </extensions>
      </trkpt>
      <trkpt lat="21.336627043783664703369140625" lon="-86.79922434501349925994873046875">
        <ele>0</ele>
        <time>2026-03-16T17:07:51.000Z</time>
        <extensions>
          <ns3:TrackPointExtension>
            <ns3:hr>87</ns3:hr>
          </ns3:TrackPointExtension>
        </extensions>
      </trkpt>
      <trkpt lat="21.3367348350584506988525390625" lon="-86.79872595705091953277587890625">
        <ele>0</ele>
        <time>2026-03-16T17:07:58.000Z</time>
        <extensions>
          <ns3:TrackPointExtension>
            <ns3:hr>87</ns3:hr>
          </ns3:TrackPointExtension>
        </extensions>
      </trkpt>
      <trkpt lat="21.3367800973355770111083984375" lon="-86.7985138110816478729248046875">
        <ele>0</ele>
        <time>2026-03-16T17:08:01.000Z</time>
        <extensions>
          <ns3:TrackPointExtension>
            <ns3:hr>84</ns3:hr>
          </ns3:TrackPointExtension>
        </extensions>
      </trkpt>
      <trkpt lat="21.3368297182023525238037109375" lon="-86.79832278750836849212646484375">
        <ele>0</ele>
        <time>2026-03-16T17:08:04.000Z</time>
        <extensions>
          <ns3:TrackPointExtension>
            <ns3:hr>85</ns3:hr>
          </ns3:TrackPointExtension>
        </extensions>
      </trkpt>
      <trkpt lat="21.33688277564942836761474609375" lon="-86.7981047742068767547607421875">
        <ele>0</ele>
        <time>2026-03-16T17:08:08.000Z</time>
        <extensions>
          <ns3:TrackPointExtension>
            <ns3:hr>87</ns3:hr>
          </ns3:TrackPointExtension>
        </extensions>
      </trkpt>
      <trkpt lat="21.33699593134224414825439453125" lon="-86.79782222025096416473388671875">
        <ele>0</ele>
        <time>2026-03-16T17:08:13.000Z</time>
        <extensions>
          <ns3:TrackPointExtension>
            <ns3:hr>88</ns3:hr>
          </ns3:TrackPointExtension>
        </extensions>
      </trkpt>
      <trkpt lat="21.33712031878530979156494140625" lon="-86.79740932770073413848876953125">
        <ele>0</ele>
        <time>2026-03-16T17:08:19.000Z</time>
        <extensions>
          <ns3:TrackPointExtension>
            <ns3:hr>88</ns3:hr>
          </ns3:TrackPointExtension>
        </extensions>
      </trkpt>
      <trkpt lat="21.33715619333088397979736328125" lon="-86.7972149513661861419677734375">
        <ele>0</ele>
        <time>2026-03-16T17:08:22.000Z</time>
        <extensions>
          <ns3:TrackPointExtension>
            <ns3:hr>85</ns3:hr>
          </ns3:TrackPointExtension>
        </extensions>
      </trkpt>
      <trkpt lat="21.3371832668781280517578125" lon="-86.797043792903423309326171875">
        <ele>0</ele>
        <time>2026-03-16T17:08:25.000Z</time>
        <extensions>
          <ns3:TrackPointExtension>
            <ns3:hr>83</ns3:hr>
          </ns3:TrackPointExtension>
        </extensions>
      </trkpt>
      <trkpt lat="21.33724001236259937286376953125" lon="-86.7967090196907520294189453125">
        <ele>0</ele>
        <time>2026-03-16T17:08:32.000Z</time>
        <extensions>
          <ns3:TrackPointExtension>
            <ns3:hr>82</ns3:hr>
          </ns3:TrackPointExtension>
        </extensions>
      </trkpt>
      <trkpt lat="21.33730002678930759429931640625" lon="-86.796557642519474029541015625">
        <ele>0</ele>
        <time>2026-03-16T17:08:35.000Z</time>
        <extensions>
          <ns3:TrackPointExtension>
            <ns3:hr>81</ns3:hr>
          </ns3:TrackPointExtension>
        </extensions>
      </trkpt>
      <trkpt lat="21.33730757050216197967529296875" lon="-86.79650424979627132415771484375">
        <ele>0</ele>
        <time>2026-03-16T17:08:36.000Z</time>
        <extensions>
          <ns3:TrackPointExtension>
            <ns3:hr>81</ns3:hr>
          </ns3:TrackPointExtension>
        </extensions>
      </trkpt>
      <trkpt lat="21.3373265974223613739013671875" lon="-86.7964169941842555999755859375">
        <ele>0</ele>
        <time>2026-03-16T17:08:38.000Z</time>
        <extensions>
          <ns3:TrackPointExtension>
            <ns3:hr>81</ns3:hr>
          </ns3:TrackPointExtension>
        </extensions>
      </trkpt>
      <trkpt lat="21.33734746836125850677490234375" lon="-86.79640316404402256011962890625">
        <ele>0</ele>
        <time>2026-03-16T17:08:39.000Z</time>
        <extensions>
          <ns3:TrackPointExtension>
            <ns3:hr>81</ns3:hr>
          </ns3:TrackPointExtension>
        </extensions>
      </trkpt>
      <trkpt lat="21.3373725302517414093017578125" lon="-86.79644934833049774169921875">
        <ele>0</ele>
        <time>2026-03-16T17:08:41.000Z</time>
        <extensions>
          <ns3:TrackPointExtension>
            <ns3:hr>81</ns3:hr>
          </ns3:TrackPointExtension>
        </extensions>
      </trkpt>
      <trkpt lat="21.33736766874790191650390625" lon="-86.796489246189594268798828125">
        <ele>0</ele>
        <time>2026-03-16T17:08:42.000Z</time>
        <extensions>
          <ns3:TrackPointExtension>
            <ns3:hr>82</ns3:hr>
          </ns3:TrackPointExtension>
        </extensions>
      </trkpt>
      <trkpt lat="21.33732701651751995086669921875" lon="-86.7966044135391712188720703125">
        <ele>0</ele>
        <time>2026-03-16T17:08:45.000Z</time>
        <extensions>
          <ns3:TrackPointExtension>
            <ns3:hr>84</ns3:hr>
          </ns3:TrackPointExtension>
        </extensions>
      </trkpt>
      <trkpt lat="21.33727823384106159210205078125" lon="-86.79673089645802974700927734375">
        <ele>0</ele>
        <time>2026-03-16T17:08:48.000Z</time>
        <extensions>
          <ns3:TrackPointExtension>
            <ns3:hr>88</ns3:hr>
          </ns3:TrackPointExtension>
        </extensions>
      </trkpt>
      <trkpt lat="21.337243616580963134765625" lon="-86.79678462445735931396484375">
        <ele>0</ele>
        <time>2026-03-16T17:08:50.000Z</time>
        <extensions>
          <ns3:TrackPointExtension>
            <ns3:hr>91</ns3:hr>
          </ns3:TrackPointExtension>
        </extensions>
      </trkpt>
      <trkpt lat="21.33723615668714046478271484375" lon="-86.7968028970062732696533203125">
        <ele>0</ele>
        <time>2026-03-16T17:08:51.000Z</time>
        <extensions>
          <ns3:TrackPointExtension>
            <ns3:hr>92</ns3:hr>
          </ns3:TrackPointExtension>
        </extensions>
      </trkpt>
      <trkpt lat="21.3372370786964893341064453125" lon="-86.79682963527739048004150390625">
        <ele>0</ele>
        <time>2026-03-16T17:08:52.000Z</time>
        <extensions>
          <ns3:TrackPointExtension>
            <ns3:hr>92</ns3:hr>
          </ns3:TrackPointExtension>
        </extensions>
      </trkpt>
      <trkpt lat="21.337228529155254364013671875" lon="-86.79690800607204437255859375">
        <ele>0</ele>
        <time>2026-03-16T17:08:55.000Z</time>
        <extensions>
          <ns3:TrackPointExtension>
            <ns3:hr>93</ns3:hr>
          </ns3:TrackPointExtension>
        </extensions>
      </trkpt>
      <trkpt lat="21.337184943258762359619140625" lon="-86.7970422841608524322509765625">
        <ele>0</ele>
        <time>2026-03-16T17:09:00.000Z</time>
        <extensions>
          <ns3:TrackPointExtension>
            <ns3:hr>93</ns3:hr>
          </ns3:TrackPointExtension>
        </extensions>
      </trkpt>
      <trkpt lat="21.33717932738363742828369140625" lon="-86.79705443792045116424560546875">
        <ele>0</ele>
        <time>2026-03-16T17:09:01.000Z</time>
        <extensions>
          <ns3:TrackPointExtension>
            <ns3:hr>95</ns3:hr>
          </ns3:TrackPointExtension>
        </extensions>
      </trkpt>
      <trkpt lat="21.3371790759265422821044921875" lon="-86.79711478762328624725341796875">
        <ele>0</ele>
        <time>2026-03-16T17:09:04.000Z</time>
        <extensions>
          <ns3:TrackPointExtension>
            <ns3:hr>94</ns3:hr>
          </ns3:TrackPointExtension>
        </extensions>
      </trkpt>
      <trkpt lat="21.3371737115085124969482421875" lon="-86.7971797473728656768798828125">
        <ele>0</ele>
        <time>2026-03-16T17:09:09.000Z</time>
        <extensions>
          <ns3:TrackPointExtension>
            <ns3:hr>95</ns3:hr>
          </ns3:TrackPointExtension>
        </extensions>
      </trkpt>
      <trkpt lat="21.3371671736240386962890625" lon="-86.7972883768379688262939453125">
        <ele>0</ele>
        <time>2026-03-16T17:09:15.000Z</time>
        <extensions>
          <ns3:TrackPointExtension>
            <ns3:hr>97</ns3:hr>
          </ns3:TrackPointExtension>
        </extensions>
      </trkpt>
      <trkpt lat="21.33717346005141735076904296875" lon="-86.79732752032577991485595703125">
        <ele>0</ele>
        <time>2026-03-16T17:09:18.000Z</time>
        <extensions>
          <ns3:TrackPointExtension>
            <ns3:hr>98</ns3:hr>
          </ns3:TrackPointExtension>
        </extensions>
      </trkpt>
      <trkpt lat="21.337181590497493743896484375" lon="-86.79732316173613071441650390625">
        <ele>0</ele>
        <time>2026-03-16T17:09:19.000Z</time>
        <extensions>
          <ns3:TrackPointExtension>
            <ns3:hr>98</ns3:hr>
          </ns3:TrackPointExtension>
        </extensions>
      </trkpt>
      <trkpt lat="21.33721050806343555450439453125" lon="-86.7972421087324619293212890625">
        <ele>0</ele>
        <time>2026-03-16T17:09:23.000Z</time>
        <extensions>
          <ns3:TrackPointExtension>
            <ns3:hr>97</ns3:hr>
          </ns3:TrackPointExtension>
        </extensions>
      </trkpt>
      <trkpt lat="21.3372585363686084747314453125" lon="-86.7971421964466571807861328125">
        <ele>0</ele>
        <time>2026-03-16T17:09:28.000Z</time>
        <extensions>
          <ns3:TrackPointExtension>
            <ns3:hr>97</ns3:hr>
          </ns3:TrackPointExtension>
        </extensions>
      </trkpt>
      <trkpt lat="21.3373363204300403594970703125" lon="-86.7970020510256290435791015625">
        <ele>0</ele>
        <time>2026-03-16T17:09:33.000Z</time>
        <extensions>
          <ns3:TrackPointExtension>
            <ns3:hr>99</ns3:hr>
          </ns3:TrackPointExtension>
        </extensions>
      </trkpt>
      <trkpt lat="21.33739926852285861968994140625" lon="-86.7968939244747161865234375">
        <ele>0</ele>
        <time>2026-03-16T17:09:36.000Z</time>
        <extensions>
          <ns3:TrackPointExtension>
            <ns3:hr>98</ns3:hr>
          </ns3:TrackPointExtension>
        </extensions>
      </trkpt>
      <trkpt lat="21.337418295443058013916015625" lon="-86.796823181211948394775390625">
        <ele>0</ele>
        <time>2026-03-16T17:09:38.000Z</time>
        <extensions>
          <ns3:TrackPointExtension>
            <ns3:hr>97</ns3:hr>
          </ns3:TrackPointExtension>
        </extensions>
      </trkpt>
      <trkpt lat="21.337431706488132476806640625" lon="-86.796802394092082977294921875">
        <ele>0</ele>
        <time>2026-03-16T17:09:39.000Z</time>
        <extensions>
          <ns3:TrackPointExtension>
            <ns3:hr>97</ns3:hr>
          </ns3:TrackPointExtension>
        </extensions>
      </trkpt>
      <trkpt lat="21.33745274506509304046630859375" lon="-86.7968391068279743194580078125">
        <ele>0</ele>
        <time>2026-03-16T17:09:41.000Z</time>
        <extensions>
          <ns3:TrackPointExtension>
            <ns3:hr>97</ns3:hr>
          </ns3:TrackPointExtension>
        </extensions>
      </trkpt>
      <trkpt lat="21.33742592297494411468505859375" lon="-86.79695201106369495391845703125">
        <ele>0</ele>
        <time>2026-03-16T17:09:44.000Z</time>
        <extensions>
          <ns3:TrackPointExtension>
            <ns3:hr>97</ns3:hr>
          </ns3:TrackPointExtension>
        </extensions>
      </trkpt>
      <trkpt lat="21.33738434873521327972412109375" lon="-86.79708327166736125946044921875">
        <ele>0</ele>
        <time>2026-03-16T17:09:47.000Z</time>
        <extensions>
          <ns3:TrackPointExtension>
            <ns3:hr>98</ns3:hr>
          </ns3:TrackPointExtension>
        </extensions>
      </trkpt>
      <trkpt lat="21.33733305148780345916748046875" lon="-86.7971636541187763214111328125">
        <ele>0</ele>
        <time>2026-03-16T17:09:49.000Z</time>
        <extensions>
          <ns3:TrackPointExtension>
            <ns3:hr>97</ns3:hr>
          </ns3:TrackPointExtension>
        </extensions>
      </trkpt>
      <trkpt lat="21.33728711865842342376708984375" lon="-86.797236241400241851806640625">
        <ele>0</ele>
        <time>2026-03-16T17:09:51.000Z</time>
        <extensions>
          <ns3:TrackPointExtension>
            <ns3:hr>97</ns3:hr>
          </ns3:TrackPointExtension>
        </extensions>
      </trkpt>
      <trkpt lat="21.3372468017041683197021484375" lon="-86.79732115007936954498291015625">
        <ele>0</ele>
        <time>2026-03-16T17:09:53.000Z</time>
        <extensions>
          <ns3:TrackPointExtension>
            <ns3:hr>97</ns3:hr>
          </ns3:TrackPointExtension>
        </extensions>
      </trkpt>
      <trkpt lat="21.33722123689949512481689453125" lon="-86.7973594553768634796142578125">
        <ele>0</ele>
        <time>2026-03-16T17:09:54.000Z</time>
        <extensions>
          <ns3:TrackPointExtension>
            <ns3:hr>96</ns3:hr>
          </ns3:TrackPointExtension>
        </extensions>
      </trkpt>
      <trkpt lat="21.33713188581168651580810546875" lon="-86.797521896660327911376953125">
        <ele>0</ele>
        <time>2026-03-16T17:09:59.000Z</time>
        <extensions>
          <ns3:TrackPointExtension>
            <ns3:hr>96</ns3:hr>
          </ns3:TrackPointExtension>
        </extensions>
      </trkpt>
      <trkpt lat="21.33704823441803455352783203125" lon="-86.79768291302025318145751953125">
        <ele>0</ele>
        <time>2026-03-16T17:10:04.000Z</time>
        <extensions>
          <ns3:TrackPointExtension>
            <ns3:hr>95</ns3:hr>
          </ns3:TrackPointExtension>
        </extensions>
      </trkpt>
      <trkpt lat="21.33697547949850559234619140625" lon="-86.79787033237516880035400390625">
        <ele>0</ele>
        <time>2026-03-16T17:10:09.000Z</time>
        <extensions>
          <ns3:TrackPointExtension>
            <ns3:hr>97</ns3:hr>
          </ns3:TrackPointExtension>
        </extensions>
      </trkpt>
      <trkpt lat="21.33689618669450283050537109375" lon="-86.79803092963993549346923828125">
        <ele>0</ele>
        <time>2026-03-16T17:10:12.000Z</time>
        <extensions>
          <ns3:TrackPointExtension>
            <ns3:hr>101</ns3:hr>
          </ns3:TrackPointExtension>
        </extensions>
      </trkpt>
      <trkpt lat="21.33686542510986328125" lon="-86.79807719774544239044189453125">
        <ele>0</ele>
        <time>2026-03-16T17:10:13.000Z</time>
        <extensions>
          <ns3:TrackPointExtension>
            <ns3:hr>101</ns3:hr>
          </ns3:TrackPointExtension>
        </extensions>
      </trkpt>
      <trkpt lat="21.3368357531726360321044921875" lon="-86.79812044836580753326416015625">
        <ele>0</ele>
        <time>2026-03-16T17:10:14.000Z</time>
        <extensions>
          <ns3:TrackPointExtension>
            <ns3:hr>98</ns3:hr>
          </ns3:TrackPointExtension>
        </extensions>
      </trkpt>
      <trkpt lat="21.33673827163875102996826171875" lon="-86.79824198596179485321044921875">
        <ele>0</ele>
        <time>2026-03-16T17:10:18.000Z</time>
        <extensions>
          <ns3:TrackPointExtension>
            <ns3:hr>99</ns3:hr>
          </ns3:TrackPointExtension>
        </extensions>
      </trkpt>
      <trkpt lat="21.33668663911521434783935546875" lon="-86.79838229902088642120361328125">
        <ele>0</ele>
        <time>2026-03-16T17:10:22.000Z</time>
        <extensions>
          <ns3:TrackPointExtension>
            <ns3:hr>99</ns3:hr>
          </ns3:TrackPointExtension>
        </extensions>
      </trkpt>
      <trkpt lat="21.3366362638771533966064453125" lon="-86.79844549857079982757568359375">
        <ele>0</ele>
        <time>2026-03-16T17:10:24.000Z</time>
        <extensions>
          <ns3:TrackPointExtension>
            <ns3:hr>96</ns3:hr>
          </ns3:TrackPointExtension>
        </extensions>
      </trkpt>
      <trkpt lat="21.33661665022373199462890625" lon="-86.79846326820552349090576171875">
        <ele>0</ele>
        <time>2026-03-16T17:10:25.000Z</time>
        <extensions>
          <ns3:TrackPointExtension>
            <ns3:hr>93</ns3:hr>
          </ns3:TrackPointExtension>
        </extensions>
      </trkpt>
      <trkpt lat="21.3366081006824970245361328125" lon="-86.79847047664225101470947265625">
        <ele>0</ele>
        <time>2026-03-16T17:10:26.000Z</time>
        <extensions>
          <ns3:TrackPointExtension>
            <ns3:hr>94</ns3:hr>
          </ns3:TrackPointExtension>
        </extensions>
      </trkpt>
      <trkpt lat="21.3366119563579559326171875" lon="-86.7984729073941707611083984375">
        <ele>0</ele>
        <time>2026-03-16T17:10:27.000Z</time>
        <extensions>
          <ns3:TrackPointExtension>
            <ns3:hr>95</ns3:hr>
          </ns3:TrackPointExtension>
        </extensions>
      </trkpt>
      <trkpt lat="21.336652524769306182861328125" lon="-86.7984256334602832794189453125">
        <ele>0</ele>
        <time>2026-03-16T17:10:29.000Z</time>
        <extensions>
          <ns3:TrackPointExtension>
            <ns3:hr>96</ns3:hr>
          </ns3:TrackPointExtension>
        </extensions>
      </trkpt>
      <trkpt lat="21.33667021058499813079833984375" lon="-86.79838431067764759063720703125">
        <ele>0</ele>
        <time>2026-03-16T17:10:30.000Z</time>
        <extensions>
          <ns3:TrackPointExtension>
            <ns3:hr>95</ns3:hr>
          </ns3:TrackPointExtension>
        </extensions>
      </trkpt>
      <trkpt lat="21.3367138803005218505859375" lon="-86.798227317631244659423828125">
        <ele>0</ele>
        <time>2026-03-16T17:10:33.000Z</time>
        <extensions>
          <ns3:TrackPointExtension>
            <ns3:hr>95</ns3:hr>
          </ns3:TrackPointExtension>
        </extensions>
      </trkpt>
      <trkpt lat="21.33673206903040409088134765625" lon="-86.79810695350170135498046875">
        <ele>0</ele>
        <time>2026-03-16T17:10:35.000Z</time>
        <extensions>
          <ns3:TrackPointExtension>
            <ns3:hr>99</ns3:hr>
          </ns3:TrackPointExtension>
        </extensions>
      </trkpt>
      <trkpt lat="21.33674229495227336883544921875" lon="-86.79787552915513515472412109375">
        <ele>0</ele>
        <time>2026-03-16T17:10:39.000Z</time>
        <extensions>
          <ns3:TrackPointExtension>
            <ns3:hr>96</ns3:hr>
          </ns3:TrackPointExtension>
        </extensions>
      </trkpt>
      <trkpt lat="21.33676509372889995574951171875" lon="-86.79766531102359294891357421875">
        <ele>0</ele>
        <time>2026-03-16T17:10:43.000Z</time>
        <extensions>
          <ns3:TrackPointExtension>
            <ns3:hr>93</ns3:hr>
          </ns3:TrackPointExtension>
        </extensions>
      </trkpt>
      <trkpt lat="21.33677649311721324920654296875" lon="-86.7976129241287708282470703125">
        <ele>0</ele>
        <time>2026-03-16T17:10:44.000Z</time>
        <extensions>
          <ns3:TrackPointExtension>
            <ns3:hr>93</ns3:hr>
          </ns3:TrackPointExtension>
        </extensions>
      </trkpt>
      <trkpt lat="21.336794011294841766357421875" lon="-86.79756137542426586151123046875">
        <ele>0</ele>
        <time>2026-03-16T17:10:45.000Z</time>
        <extensions>
          <ns3:TrackPointExtension>
            <ns3:hr>92</ns3:hr>
          </ns3:TrackPointExtension>
        </extensions>
      </trkpt>
      <trkpt lat="21.33682024665176868438720703125" lon="-86.79745115339756011962890625">
        <ele>0</ele>
        <time>2026-03-16T17:10:47.000Z</time>
        <extensions>
          <ns3:TrackPointExtension>
            <ns3:hr>92</ns3:hr>
          </ns3:TrackPointExtension>
        </extensions>
      </trkpt>
      <trkpt lat="21.33686802349984645843505859375" lon="-86.79723598994314670562744140625">
        <ele>0</ele>
        <time>2026-03-16T17:10:51.000Z</time>
        <extensions>
          <ns3:TrackPointExtension>
            <ns3:hr>91</ns3:hr>
          </ns3:TrackPointExtension>
        </extensions>
      </trkpt>
      <trkpt lat="21.33690171875059604644775390625" lon="-86.79704085923731327056884765625">
        <ele>0</ele>
        <time>2026-03-16T17:10:54.000Z</time>
        <extensions>
          <ns3:TrackPointExtension>
            <ns3:hr>91</ns3:hr>
          </ns3:TrackPointExtension>
        </extensions>
      </trkpt>
      <trkpt lat="21.336905322968959808349609375" lon="-86.79698101244866847991943359375">
        <ele>0</ele>
        <time>2026-03-16T17:10:55.000Z</time>
        <extensions>
          <ns3:TrackPointExtension>
            <ns3:hr>91</ns3:hr>
          </ns3:TrackPointExtension>
        </extensions>
      </trkpt>
      <trkpt lat="21.33693180978298187255859375" lon="-86.79682762362062931060791015625">
        <ele>0</ele>
        <time>2026-03-16T17:10:58.000Z</time>
        <extensions>
          <ns3:TrackPointExtension>
            <ns3:hr>91</ns3:hr>
          </ns3:TrackPointExtension>
        </extensions>
      </trkpt>
      <trkpt lat="21.336964331567287445068359375" lon="-86.79672251455485820770263671875">
        <ele>0</ele>
        <time>2026-03-16T17:11:00.000Z</time>
        <extensions>
          <ns3:TrackPointExtension>
            <ns3:hr>91</ns3:hr>
          </ns3:TrackPointExtension>
        </extensions>
      </trkpt>
      <trkpt lat="21.33697581477463245391845703125" lon="-86.79667037911713123321533203125">
        <ele>0</ele>
        <time>2026-03-16T17:11:01.000Z</time>
        <extensions>
          <ns3:TrackPointExtension>
            <ns3:hr>91</ns3:hr>
          </ns3:TrackPointExtension>
        </extensions>
      </trkpt>
      <trkpt lat="21.33704178035259246826171875" lon="-86.79639042355120182037353515625">
        <ele>0</ele>
        <time>2026-03-16T17:11:06.000Z</time>
        <extensions>
          <ns3:TrackPointExtension>
            <ns3:hr>91</ns3:hr>
          </ns3:TrackPointExtension>
        </extensions>
      </trkpt>
      <trkpt lat="21.33704940788447856903076171875" lon="-86.796273998916149139404296875">
        <ele>0</ele>
        <time>2026-03-16T17:11:08.000Z</time>
        <extensions>
          <ns3:TrackPointExtension>
            <ns3:hr>91</ns3:hr>
          </ns3:TrackPointExtension>
        </extensions>
      </trkpt>
      <trkpt lat="21.337052844464778900146484375" lon="-86.7961871623992919921875">
        <ele>0</ele>
        <time>2026-03-16T17:11:10.000Z</time>
        <extensions>
          <ns3:TrackPointExtension>
            <ns3:hr>90</ns3:hr>
          </ns3:TrackPointExtension>
        </extensions>
      </trkpt>
      <trkpt lat="21.337058879435062408447265625" lon="-86.79610879160463809967041015625">
        <ele>1</ele>
        <time>2026-03-16T17:11:13.000Z</time>
        <extensions>
          <ns3:TrackPointExtension>
            <ns3:hr>90</ns3:hr>
          </ns3:TrackPointExtension>
        </extensions>
      </trkpt>
      <trkpt lat="21.33707254193723201751708984375" lon="-86.796109043061733245849609375">
        <ele>1</ele>
        <time>2026-03-16T17:11:14.000Z</time>
        <extensions>
          <ns3:TrackPointExtension>
            <ns3:hr>89</ns3:hr>
          </ns3:TrackPointExtension>
        </extensions>
      </trkpt>
      <trkpt lat="21.33707933127880096435546875" lon="-86.7961876653134822845458984375">
        <ele>0</ele>
        <time>2026-03-16T17:11:17.000Z</time>
        <extensions>
          <ns3:TrackPointExtension>
            <ns3:hr>88</ns3:hr>
          </ns3:TrackPointExtension>
        </extensions>
      </trkpt>
      <trkpt lat="21.33703867904841899871826171875" lon="-86.796353794634342193603515625">
        <ele>0</ele>
        <time>2026-03-16T17:11:23.000Z</time>
        <extensions>
          <ns3:TrackPointExtension>
            <ns3:hr>86</ns3:hr>
          </ns3:TrackPointExtension>
        </extensions>
      </trkpt>
      <trkpt lat="21.33702434599399566650390625" lon="-86.79645337164402008056640625">
        <ele>0</ele>
        <time>2026-03-16T17:11:28.000Z</time>
        <extensions>
          <ns3:TrackPointExtension>
            <ns3:hr>84</ns3:hr>
          </ns3:TrackPointExtension>
        </extensions>
      </trkpt>
      <trkpt lat="21.33702711202204227447509765625" lon="-86.7964696325361728668212890625">
        <ele>0</ele>
        <time>2026-03-16T17:11:29.000Z</time>
        <extensions>
          <ns3:TrackPointExtension>
            <ns3:hr>83</ns3:hr>
          </ns3:TrackPointExtension>
        </extensions>
      </trkpt>
      <trkpt lat="21.33703750558197498321533203125" lon="-86.7965578101575374603271484375">
        <ele>0</ele>
        <time>2026-03-16T17:11:32.000Z</time>
        <extensions>
          <ns3:TrackPointExtension>
            <ns3:hr>84</ns3:hr>
          </ns3:TrackPointExtension>
        </extensions>
      </trkpt>
      <trkpt lat="21.3369380123913288116455078125" lon="-86.79679962806403636932373046875">
        <ele>0</ele>
        <time>2026-03-16T17:11:37.000Z</time>
        <extensions>
          <ns3:TrackPointExtension>
            <ns3:hr>85</ns3:hr>
          </ns3:TrackPointExtension>
        </extensions>
      </trkpt>
      <trkpt lat="21.33675838820636272430419921875" lon="-86.79711327888071537017822265625">
        <ele>0</ele>
        <time>2026-03-16T17:11:43.000Z</time>
        <extensions>
          <ns3:TrackPointExtension>
            <ns3:hr>87</ns3:hr>
          </ns3:TrackPointExtension>
        </extensions>
      </trkpt>
      <trkpt lat="21.33666283451020717620849609375" lon="-86.79728141985833644866943359375">
        <ele>0</ele>
        <time>2026-03-16T17:11:46.000Z</time>
        <extensions>
          <ns3:TrackPointExtension>
            <ns3:hr>85</ns3:hr>
          </ns3:TrackPointExtension>
        </extensions>
      </trkpt>
      <trkpt lat="21.336602233350276947021484375" lon="-86.7973721958696842193603515625">
        <ele>0</ele>
        <time>2026-03-16T17:11:48.000Z</time>
        <extensions>
          <ns3:TrackPointExtension>
            <ns3:hr>85</ns3:hr>
          </ns3:TrackPointExtension>
        </extensions>
      </trkpt>
      <trkpt lat="21.33654423058032989501953125" lon="-86.7974531650543212890625">
        <ele>0</ele>
        <time>2026-03-16T17:11:50.000Z</time>
        <extensions>
          <ns3:TrackPointExtension>
            <ns3:hr>84</ns3:hr>
          </ns3:TrackPointExtension>
        </extensions>
      </trkpt>
      <trkpt lat="21.33648228831589221954345703125" lon="-86.7975103296339511871337890625">
        <ele>0</ele>
        <time>2026-03-16T17:11:53.000Z</time>
        <extensions>
          <ns3:TrackPointExtension>
            <ns3:hr>85</ns3:hr>
          </ns3:TrackPointExtension>
        </extensions>
      </trkpt>
      <trkpt lat="21.33648664690554141998291015625" lon="-86.79751527495682239532470703125">
        <ele>0</ele>
        <time>2026-03-16T17:11:54.000Z</time>
        <extensions>
          <ns3:TrackPointExtension>
            <ns3:hr>85</ns3:hr>
          </ns3:TrackPointExtension>
        </extensions>
      </trkpt>
      <trkpt lat="21.33650843985378742218017578125" lon="-86.79750387556850910186767578125">
        <ele>0</ele>
        <time>2026-03-16T17:11:55.000Z</time>
        <extensions>
          <ns3:TrackPointExtension>
            <ns3:hr>86</ns3:hr>
          </ns3:TrackPointExtension>
        </extensions>
      </trkpt>
      <trkpt lat="21.33656426332890987396240234375" lon="-86.7973896302282810211181640625">
        <ele>0</ele>
        <time>2026-03-16T17:11:58.000Z</time>
        <extensions>
          <ns3:TrackPointExtension>
            <ns3:hr>86</ns3:hr>
          </ns3:TrackPointExtension>
        </extensions>
      </trkpt>
      <trkpt lat="21.3365930132567882537841796875" lon="-86.79723867215216159820556640625">
        <ele>0</ele>
        <time>2026-03-16T17:12:01.000Z</time>
        <extensions>
          <ns3:TrackPointExtension>
            <ns3:hr>86</ns3:hr>
          </ns3:TrackPointExtension>
        </extensions>
      </trkpt>
      <trkpt lat="21.3365950249135494232177734375" lon="-86.79719106294214725494384765625">
        <ele>0</ele>
        <time>2026-03-16T17:12:02.000Z</time>
        <extensions>
          <ns3:TrackPointExtension>
            <ns3:hr>86</ns3:hr>
          </ns3:TrackPointExtension>
        </extensions>
      </trkpt>
      <trkpt lat="21.33661530911922454833984375" lon="-86.7970070801675319671630859375">
        <ele>0</ele>
        <time>2026-03-16T17:12:07.000Z</time>
        <extensions>
          <ns3:TrackPointExtension>
            <ns3:hr>86</ns3:hr>
          </ns3:TrackPointExtension>
        </extensions>
      </trkpt>
      <trkpt lat="21.336657218635082244873046875" lon="-86.7968055792152881622314453125">
        <ele>0</ele>
        <time>2026-03-16T17:12:12.000Z</time>
        <extensions>
          <ns3:TrackPointExtension>
            <ns3:hr>87</ns3:hr>
          </ns3:TrackPointExtension>
        </extensions>
      </trkpt>
      <trkpt lat="21.33669619448482990264892578125" lon="-86.79660801775753498077392578125">
        <ele>0</ele>
        <time>2026-03-16T17:12:17.000Z</time>
        <extensions>
          <ns3:TrackPointExtension>
            <ns3:hr>89</ns3:hr>
          </ns3:TrackPointExtension>
        </extensions>
      </trkpt>
      <trkpt lat="21.33670373819768428802490234375" lon="-86.7965329997241497039794921875">
        <ele>0</ele>
        <time>2026-03-16T17:12:19.000Z</time>
        <extensions>
          <ns3:TrackPointExtension>
            <ns3:hr>91</ns3:hr>
          </ns3:TrackPointExtension>
        </extensions>
      </trkpt>
      <trkpt lat="21.33676819503307342529296875" lon="-86.7963655292987823486328125">
        <ele>0</ele>
        <time>2026-03-16T17:12:24.000Z</time>
        <extensions>
          <ns3:TrackPointExtension>
            <ns3:hr>93</ns3:hr>
          </ns3:TrackPointExtension>
        </extensions>
      </trkpt>
      <trkpt lat="21.33678269572556018829345703125" lon="-86.79632236249744892120361328125">
        <ele>0</ele>
        <time>2026-03-16T17:12:25.000Z</time>
        <extensions>
          <ns3:TrackPointExtension>
            <ns3:hr>93</ns3:hr>
          </ns3:TrackPointExtension>
        </extensions>
      </trkpt>
      <trkpt lat="21.33681773208081722259521484375" lon="-86.79624172858893871307373046875">
        <ele>0</ele>
        <time>2026-03-16T17:12:27.000Z</time>
        <extensions>
          <ns3:TrackPointExtension>
            <ns3:hr>94</ns3:hr>
          </ns3:TrackPointExtension>
        </extensions>
      </trkpt>
      <trkpt lat="21.33684597909450531005859375" lon="-86.79619780741631984710693359375">
        <ele>0</ele>
        <time>2026-03-16T17:12:28.000Z</time>
        <extensions>
          <ns3:TrackPointExtension>
            <ns3:hr>94</ns3:hr>
          </ns3:TrackPointExtension>
        </extensions>
      </trkpt>
      <trkpt lat="21.33687037043273448944091796875" lon="-86.79614651016891002655029296875">
        <ele>0.4000000059604644775390625</ele>
        <time>2026-03-16T17:12:29.000Z</time>
        <extensions>
          <ns3:TrackPointExtension>
            <ns3:hr>93</ns3:hr>
          </ns3:TrackPointExtension>
        </extensions>
      </trkpt>
      <trkpt lat="21.33690096437931060791015625" lon="-86.79602731950581073760986328125">
        <ele>1.2000000476837158203125</ele>
        <time>2026-03-16T17:12:31.000Z</time>
        <extensions>
          <ns3:TrackPointExtension>
            <ns3:hr>94</ns3:hr>
          </ns3:TrackPointExtension>
        </extensions>
      </trkpt>
      <trkpt lat="21.33690708316862583160400390625" lon="-86.79596562869846820831298828125">
        <ele>1.60000002384185791015625</ele>
        <time>2026-03-16T17:12:32.000Z</time>
        <extensions>
          <ns3:TrackPointExtension>
            <ns3:hr>94</ns3:hr>
          </ns3:TrackPointExtension>
        </extensions>
      </trkpt>
      <trkpt lat="21.33691839873790740966796875" lon="-86.79580016992986202239990234375">
        <ele>0.800000011920928955078125</ele>
        <time>2026-03-16T17:12:35.000Z</time>
        <extensions>
          <ns3:TrackPointExtension>
            <ns3:hr>93</ns3:hr>
          </ns3:TrackPointExtension>
        </extensions>
      </trkpt>
      <trkpt lat="21.336924768984317779541015625" lon="-86.79565767757594585418701171875">
        <ele>-0.60000002384185791015625</ele>
        <time>2026-03-16T17:12:38.000Z</time>
        <extensions>
          <ns3:TrackPointExtension>
            <ns3:hr>92</ns3:hr>
          </ns3:TrackPointExtension>
        </extensions>
      </trkpt>
      <trkpt lat="21.3369177281856536865234375" lon="-86.795575283467769622802734375">
        <ele>-0.60000002384185791015625</ele>
        <time>2026-03-16T17:12:42.000Z</time>
        <extensions>
          <ns3:TrackPointExtension>
            <ns3:hr>90</ns3:hr>
          </ns3:TrackPointExtension>
        </extensions>
      </trkpt>
      <trkpt lat="21.33692242205142974853515625" lon="-86.7955608665943145751953125">
        <ele>-0.60000002384185791015625</ele>
        <time>2026-03-16T17:12:47.000Z</time>
        <extensions>
          <ns3:TrackPointExtension>
            <ns3:hr>90</ns3:hr>
          </ns3:TrackPointExtension>
        </extensions>
      </trkpt>
      <trkpt lat="21.336917392909526824951171875" lon="-86.79553362540900707244873046875">
        <ele>-0.4000000059604644775390625</ele>
        <time>2026-03-16T17:12:53.000Z</time>
        <extensions>
          <ns3:TrackPointExtension>
            <ns3:hr>90</ns3:hr>
          </ns3:TrackPointExtension>
        </extensions>
      </trkpt>
      <trkpt lat="21.3369239307940006256103515625" lon="-86.79549255408346652984619140625">
        <ele>0</ele>
        <time>2026-03-16T17:12:58.000Z</time>
        <extensions>
          <ns3:TrackPointExtension>
            <ns3:hr>90</ns3:hr>
          </ns3:TrackPointExtension>
        </extensions>
      </trkpt>
      <trkpt lat="21.33692569099366664886474609375" lon="-86.79549448192119598388671875">
        <ele>0</ele>
        <time>2026-03-16T17:13:00.000Z</time>
        <extensions>
          <ns3:TrackPointExtension>
            <ns3:hr>91</ns3:hr>
          </ns3:TrackPointExtension>
        </extensions>
      </trkpt>
      <trkpt lat="21.33691227994859218597412109375" lon="-86.79550814442336559295654296875">
        <ele>-0.20000000298023223876953125</ele>
        <time>2026-03-16T17:13:05.000Z</time>
        <extensions>
          <ns3:TrackPointExtension>
            <ns3:hr>91</ns3:hr>
          </ns3:TrackPointExtension>
        </extensions>
      </trkpt>
      <trkpt lat="21.33686383254826068878173828125" lon="-86.7955549992620944976806640625">
        <ele>-0.20000000298023223876953125</ele>
        <time>2026-03-16T17:13:14.000Z</time>
        <extensions>
          <ns3:TrackPointExtension>
            <ns3:hr>93</ns3:hr>
          </ns3:TrackPointExtension>
        </extensions>
      </trkpt>
      <trkpt lat="21.33679979480803012847900390625" lon="-86.79559967480599880218505859375">
        <ele>0</ele>
        <time>2026-03-16T17:13:23.000Z</time>
        <extensions>
          <ns3:TrackPointExtension>
            <ns3:hr>96</ns3:hr>
          </ns3:TrackPointExtension>
        </extensions>
      </trkpt>
      <trkpt lat="21.3367821089923381805419921875" lon="-86.7956136725842952728271484375">
        <ele>0</ele>
        <time>2026-03-16T17:13:25.000Z</time>
        <extensions>
          <ns3:TrackPointExtension>
            <ns3:hr>96</ns3:hr>
          </ns3:TrackPointExtension>
        </extensions>
      </trkpt>
      <trkpt lat="21.336740367114543914794921875" lon="-86.795641668140888214111328125">
        <ele>0.20000000298023223876953125</ele>
        <time>2026-03-16T17:13:30.000Z</time>
        <extensions>
          <ns3:TrackPointExtension>
            <ns3:hr>97</ns3:hr>
          </ns3:TrackPointExtension>
        </extensions>
      </trkpt>
      <trkpt lat="21.3367231003940105438232421875" lon="-86.795655079185962677001953125">
        <ele>0.4000000059604644775390625</ele>
        <time>2026-03-16T17:13:32.000Z</time>
        <extensions>
          <ns3:TrackPointExtension>
            <ns3:hr>98</ns3:hr>
          </ns3:TrackPointExtension>
        </extensions>
      </trkpt>
      <trkpt lat="21.33670625276863574981689453125" lon="-86.79566538892686367034912109375">
        <ele>0.4000000059604644775390625</ele>
        <time>2026-03-16T17:13:34.000Z</time>
        <extensions>
          <ns3:TrackPointExtension>
            <ns3:hr>99</ns3:hr>
          </ns3:TrackPointExtension>
        </extensions>
      </trkpt>
      <trkpt lat="21.3366892375051975250244140625" lon="-86.79567159153521060943603515625">
        <ele>0.60000002384185791015625</ele>
        <time>2026-03-16T17:13:36.000Z</time>
        <extensions>
          <ns3:TrackPointExtension>
            <ns3:hr>100</ns3:hr>
          </ns3:TrackPointExtension>
        </extensions>
      </trkpt>
      <trkpt lat="21.336610950529575347900390625" lon="-86.7956974916160106658935546875">
        <ele>1.2000000476837158203125</ele>
        <time>2026-03-16T17:13:45.000Z</time>
        <extensions>
          <ns3:TrackPointExtension>
            <ns3:hr>102</ns3:hr>
          </ns3:TrackPointExtension>
        </extensions>
      </trkpt>
      <trkpt lat="21.33658538572490215301513671875" lon="-86.79569891653954982757568359375">
        <ele>1</ele>
        <time>2026-03-16T17:13:48.000Z</time>
        <extensions>
          <ns3:TrackPointExtension>
            <ns3:hr>102</ns3:hr>
          </ns3:TrackPointExtension>
        </extensions>
      </trkpt>
      <trkpt lat="21.3365433923900127410888671875" lon="-86.79570025764405727386474609375">
        <ele>0.800000011920928955078125</ele>
        <time>2026-03-16T17:13:53.000Z</time>
        <extensions>
          <ns3:TrackPointExtension>
            <ns3:hr>102</ns3:hr>
          </ns3:TrackPointExtension>
        </extensions>
      </trkpt>
      <trkpt lat="21.33648480288684368133544921875" lon="-86.79572205059230327606201171875">
        <ele>1</ele>
        <time>2026-03-16T17:14:02.000Z</time>
        <extensions>
          <ns3:TrackPointExtension>
            <ns3:hr>100</ns3:hr>
          </ns3:TrackPointExtension>
        </extensions>
      </trkpt>
      <trkpt lat="21.336471475660800933837890625" lon="-86.79571785964071750640869140625">
        <ele>1.2000000476837158203125</ele>
        <time>2026-03-16T17:14:10.000Z</time>
        <extensions>
          <ns3:TrackPointExtension>
            <ns3:hr>98</ns3:hr>
          </ns3:TrackPointExtension>
        </extensions>
      </trkpt>
      <trkpt lat="21.3364934362471103668212890625" lon="-86.7957263253629207611083984375">
        <ele>1</ele>
        <time>2026-03-16T17:14:19.000Z</time>
        <extensions>
          <ns3:TrackPointExtension>
            <ns3:hr>98</ns3:hr>
          </ns3:TrackPointExtension>
        </extensions>
      </trkpt>
      <trkpt lat="21.33649754337966442108154296875" lon="-86.7957266606390476226806640625">
        <ele>1</ele>
        <time>2026-03-16T17:14:30.000Z</time>
        <extensions>
          <ns3:TrackPointExtension>
            <ns3:hr>96</ns3:hr>
          </ns3:TrackPointExtension>
        </extensions>
      </trkpt>
      <trkpt lat="21.33649653755128383636474609375" lon="-86.7956850863993167877197265625">
        <ele>1.39999997615814208984375</ele>
        <time>2026-03-16T17:15:04.000Z</time>
        <extensions>
          <ns3:TrackPointExtension>
            <ns3:hr>93</ns3:hr>
          </ns3:TrackPointExtension>
        </extensions>
      </trkpt>
      <trkpt lat="21.336527802050113677978515625" lon="-86.79565482772886753082275390625">
        <ele>1.39999997615814208984375</ele>
        <time>2026-03-16T17:15:20.000Z</time>
        <extensions>
          <ns3:TrackPointExtension>
            <ns3:hr>90</ns3:hr>
          </ns3:TrackPointExtension>
        </extensions>
      </trkpt>
      <trkpt lat="21.33657239377498626708984375" lon="-86.7956016026437282562255859375">
        <ele>1.39999997615814208984375</ele>
        <time>2026-03-16T17:15:42.000Z</time>
        <extensions>
          <ns3:TrackPointExtension>
            <ns3:hr>87</ns3:hr>
          </ns3:TrackPointExtension>
        </extensions>
      </trkpt>
      <trkpt lat="21.33657465688884258270263671875" lon="-86.79558433592319488525390625">
        <ele>1.60000002384185791015625</ele>
        <time>2026-03-16T17:15:48.000Z</time>
        <extensions>
          <ns3:TrackPointExtension>
            <ns3:hr>90</ns3:hr>
          </ns3:TrackPointExtension>
        </extensions>
      </trkpt>
      <trkpt lat="21.33658739738166332244873046875" lon="-86.7955566756427288055419921875">
        <ele>1.60000002384185791015625</ele>
        <time>2026-03-16T17:15:55.000Z</time>
        <extensions>
          <ns3:TrackPointExtension>
            <ns3:hr>93</ns3:hr>
          </ns3:TrackPointExtension>
        </extensions>
      </trkpt>
      <trkpt lat="21.33660013787448406219482421875" lon="-86.7955368943512439727783203125">
        <ele>1.60000002384185791015625</ele>
        <time>2026-03-16T17:16:02.000Z</time>
        <extensions>
          <ns3:TrackPointExtension>
            <ns3:hr>90</ns3:hr>
          </ns3:TrackPointExtension>
        </extensions>
      </trkpt>
      <trkpt lat="21.3366087712347507476806640625" lon="-86.79553203284740447998046875">
        <ele>1.39999997615814208984375</ele>
        <time>2026-03-16T17:16:10.000Z</time>
        <extensions>
          <ns3:TrackPointExtension>
            <ns3:hr>90</ns3:hr>
          </ns3:TrackPointExtension>
        </extensions>
      </trkpt>
      <trkpt lat="21.33666970767080783843994140625" lon="-86.79553873836994171142578125">
        <ele>1.2000000476837158203125</ele>
        <time>2026-03-16T17:16:14.000Z</time>
        <extensions>
          <ns3:TrackPointExtension>
            <ns3:hr>91</ns3:hr>
          </ns3:TrackPointExtension>
        </extensions>
      </trkpt>
      <trkpt lat="21.336728632450103759765625" lon="-86.79555055685341358184814453125">
        <ele>0.800000011920928955078125</ele>
        <time>2026-03-16T17:16:18.000Z</time>
        <extensions>
          <ns3:TrackPointExtension>
            <ns3:hr>94</ns3:hr>
          </ns3:TrackPointExtension>
        </extensions>
      </trkpt>
      <trkpt lat="21.3367693684995174407958984375" lon="-86.795561201870441436767578125">
        <ele>0.4000000059604644775390625</ele>
        <time>2026-03-16T17:16:24.000Z</time>
        <extensions>
          <ns3:TrackPointExtension>
            <ns3:hr>94</ns3:hr>
          </ns3:TrackPointExtension>
        </extensions>
      </trkpt>
      <trkpt lat="21.33681069128215312957763671875" lon="-86.7955784685909748077392578125">
        <ele>0</ele>
        <time>2026-03-16T17:16:31.000Z</time>
        <extensions>
          <ns3:TrackPointExtension>
            <ns3:hr>93</ns3:hr>
          </ns3:TrackPointExtension>
        </extensions>
      </trkpt>
      <trkpt lat="21.3368769921362400054931640625" lon="-86.79561492986977100372314453125">
        <ele>-0.60000002384185791015625</ele>
        <time>2026-03-16T17:16:40.000Z</time>
        <extensions>
          <ns3:TrackPointExtension>
            <ns3:hr>90</ns3:hr>
          </ns3:TrackPointExtension>
        </extensions>
      </trkpt>
      <trkpt lat="21.3368930853903293609619140625" lon="-86.79562264122068881988525390625">
        <ele>-0.800000011920928955078125</ele>
        <time>2026-03-16T17:16:42.000Z</time>
        <extensions>
          <ns3:TrackPointExtension>
            <ns3:hr>90</ns3:hr>
          </ns3:TrackPointExtension>
        </extensions>
      </trkpt>
      <trkpt lat="21.33693910203874111175537109375" lon="-86.79564661346375942230224609375">
        <ele>-0.60000002384185791015625</ele>
        <time>2026-03-16T17:16:52.000Z</time>
        <extensions>
          <ns3:TrackPointExtension>
            <ns3:hr>89</ns3:hr>
          </ns3:TrackPointExtension>
        </extensions>
      </trkpt>
      <trkpt lat="21.3369360007345676422119140625" lon="-86.79562322795391082763671875">
        <ele>-0.800000011920928955078125</ele>
        <time>2026-03-16T17:16:57.000Z</time>
        <extensions>
          <ns3:TrackPointExtension>
            <ns3:hr>88</ns3:hr>
          </ns3:TrackPointExtension>
        </extensions>
      </trkpt>
      <trkpt lat="21.33692468516528606414794921875" lon="-86.79554988630115985870361328125">
        <ele>-0.4000000059604644775390625</ele>
        <time>2026-03-16T17:17:05.000Z</time>
        <extensions>
          <ns3:TrackPointExtension>
            <ns3:hr>87</ns3:hr>
          </ns3:TrackPointExtension>
        </extensions>
      </trkpt>
      <trkpt lat="21.3369189016520977020263671875" lon="-86.7955197952687740325927734375">
        <ele>-0.20000000298023223876953125</ele>
        <time>2026-03-16T17:17:08.000Z</time>
        <extensions>
          <ns3:TrackPointExtension>
            <ns3:hr>85</ns3:hr>
          </ns3:TrackPointExtension>
        </extensions>
      </trkpt>
      <trkpt lat="21.33690691553056240081787109375" lon="-86.79551057517528533935546875">
        <ele>-0.20000000298023223876953125</ele>
        <time>2026-03-16T17:17:13.000Z</time>
        <extensions>
          <ns3:TrackPointExtension>
            <ns3:hr>83</ns3:hr>
          </ns3:TrackPointExtension>
        </extensions>
      </trkpt>
      <trkpt lat="21.3368847034871578216552734375" lon="-86.79553873836994171142578125">
        <ele>-0.20000000298023223876953125</ele>
        <time>2026-03-16T17:17:20.000Z</time>
        <extensions>
          <ns3:TrackPointExtension>
            <ns3:hr>82</ns3:hr>
          </ns3:TrackPointExtension>
        </extensions>
      </trkpt>
      <trkpt lat="21.33685142733156681060791015625" lon="-86.79554452188313007354736328125">
        <ele>0</ele>
        <time>2026-03-16T17:17:24.000Z</time>
        <extensions>
          <ns3:TrackPointExtension>
            <ns3:hr>85</ns3:hr>
          </ns3:TrackPointExtension>
        </extensions>
      </trkpt>
      <trkpt lat="21.33682996965944766998291015625" lon="-86.79554133675992488861083984375">
        <ele>0.20000000298023223876953125</ele>
        <time>2026-03-16T17:17:26.000Z</time>
        <extensions>
          <ns3:TrackPointExtension>
            <ns3:hr>85</ns3:hr>
          </ns3:TrackPointExtension>
        </extensions>
      </trkpt>
      <trkpt lat="21.3367408700287342071533203125" lon="-86.79551283828914165496826171875">
        <ele>1</ele>
        <time>2026-03-16T17:17:35.000Z</time>
        <extensions>
          <ns3:TrackPointExtension>
            <ns3:hr>85</ns3:hr>
          </ns3:TrackPointExtension>
        </extensions>
      </trkpt>
      <trkpt lat="21.3366567157208919525146484375" lon="-86.79550160653889179229736328125">
        <ele>1.39999997615814208984375</ele>
        <time>2026-03-16T17:17:45.000Z</time>
        <extensions>
          <ns3:TrackPointExtension>
            <ns3:hr>87</ns3:hr>
          </ns3:TrackPointExtension>
        </extensions>
      </trkpt>
      <trkpt lat="21.33665227331221103668212890625" lon="-86.795490793883800506591796875">
        <ele>1.39999997615814208984375</ele>
        <time>2026-03-16T17:17:46.000Z</time>
        <extensions>
          <ns3:TrackPointExtension>
            <ns3:hr>86</ns3:hr>
          </ns3:TrackPointExtension>
        </extensions>
      </trkpt>
      <trkpt lat="21.3366221822798252105712890625" lon="-86.79548718966543674468994140625">
        <ele>1.60000002384185791015625</ele>
        <time>2026-03-16T17:17:53.000Z</time>
        <extensions>
          <ns3:TrackPointExtension>
            <ns3:hr>82</ns3:hr>
          </ns3:TrackPointExtension>
        </extensions>
      </trkpt>
      <trkpt lat="21.33662411011755466461181640625" lon="-86.795485429465770721435546875">
        <ele>1.60000002384185791015625</ele>
        <time>2026-03-16T17:17:55.000Z</time>
        <extensions>
          <ns3:TrackPointExtension>
            <ns3:hr>85</ns3:hr>
          </ns3:TrackPointExtension>
        </extensions>
      </trkpt>
      <trkpt lat="21.3366329111158847808837890625" lon="-86.795470677316188812255859375">
        <ele>1.60000002384185791015625</ele>
        <time>2026-03-16T17:17:57.000Z</time>
        <extensions>
          <ns3:TrackPointExtension>
            <ns3:hr>85</ns3:hr>
          </ns3:TrackPointExtension>
        </extensions>
      </trkpt>
      <trkpt lat="21.336637772619724273681640625" lon="-86.795453913509845733642578125">
        <ele>1.60000002384185791015625</ele>
        <time>2026-03-16T17:17:59.000Z</time>
        <extensions>
          <ns3:TrackPointExtension>
            <ns3:hr>87</ns3:hr>
          </ns3:TrackPointExtension>
        </extensions>
      </trkpt>
      <trkpt lat="21.33664372377097606658935546875" lon="-86.795440502464771270751953125">
        <ele>1.60000002384185791015625</ele>
        <time>2026-03-16T17:18:04.000Z</time>
        <extensions>
          <ns3:TrackPointExtension>
            <ns3:hr>87</ns3:hr>
          </ns3:TrackPointExtension>
        </extensions>
      </trkpt>
      <trkpt lat="21.33661790750920772552490234375" lon="-86.795495487749576568603515625">
        <ele>1.60000002384185791015625</ele>
        <time>2026-03-16T17:18:11.000Z</time>
        <extensions>
          <ns3:TrackPointExtension>
            <ns3:hr>88</ns3:hr>
          </ns3:TrackPointExtension>
        </extensions>
      </trkpt>
      <trkpt lat="21.33660432882606983184814453125" lon="-86.7955033667385578155517578125">
        <ele>1.60000002384185791015625</ele>
        <time>2026-03-16T17:18:16.000Z</time>
        <extensions>
          <ns3:TrackPointExtension>
            <ns3:hr>85</ns3:hr>
          </ns3:TrackPointExtension>
        </extensions>
      </trkpt>
      <trkpt lat="21.33660458028316497802734375" lon="-86.795500852167606353759765625">
        <ele>1.60000002384185791015625</ele>
        <time>2026-03-16T17:18:17.000Z</time>
        <extensions>
          <ns3:TrackPointExtension>
            <ns3:hr>84</ns3:hr>
          </ns3:TrackPointExtension>
        </extensions>
      </trkpt>
      <trkpt lat="21.3366334140300750732421875" lon="-86.795481406152248382568359375">
        <ele>1.60000002384185791015625</ele>
        <time>2026-03-16T17:18:23.000Z</time>
        <extensions>
          <ns3:TrackPointExtension>
            <ns3:hr>84</ns3:hr>
          </ns3:TrackPointExtension>
        </extensions>
      </trkpt>
      <trkpt lat="21.33663483895361423492431640625" lon="-86.79551753215491771697998046875">
        <ele>1.39999997615814208984375</ele>
        <time>2026-03-16T17:18:31.000Z</time>
        <extensions>
          <ns3:TrackPointExtension>
            <ns3:hr>85</ns3:hr>
          </ns3:TrackPointExtension>
        </extensions>
      </trkpt>
      <trkpt lat="21.33663483895361423492431640625" lon="-86.79551753215491771697998046875">
        <ele>1.39999997615814208984375</ele>
        <time>2026-03-16T17:18:37.000Z</time>
        <extensions>
          <ns3:TrackPointExtension>
            <ns3:hr>89</ns3:hr>
          </ns3:TrackPointExtension>
        </extensions>
      </trkpt>
      <trkpt lat="21.33663483895361423492431640625" lon="-86.79551484994590282440185546875">
        <ele>1.39999997615814208984375</ele>
        <time>2026-03-16T17:18:42.000Z</time>
        <extensions>
          <ns3:TrackPointExtension>
            <ns3:hr>84</ns3:hr>
          </ns3:TrackPointExtension>
        </extensions>
      </trkpt>
      <trkpt lat="21.33663483895361423492431640625" lon="-86.79551401175558567047119140625">
        <ele>1.39999997615814208984375</ele>
        <time>2026-03-16T17:18:45.000Z</time>
        <extensions>
          <ns3:TrackPointExtension>
            <ns3:hr>89</ns3:hr>
          </ns3:TrackPointExtension>
        </extensions>
      </trkpt>
      <trkpt lat="21.33663450367748737335205078125" lon="-86.7955117486417293548583984375">
        <ele>1.39999997615814208984375</ele>
        <time>2026-03-16T17:18:51.000Z</time>
        <extensions>
          <ns3:TrackPointExtension>
            <ns3:hr>86</ns3:hr>
          </ns3:TrackPointExtension>
        </extensions>
      </trkpt>
      <trkpt lat="21.3366305641829967498779296875" lon="-86.795513927936553955078125">
        <ele>1.39999997615814208984375</ele>
        <time>2026-03-16T17:18:57.000Z</time>
        <extensions>
          <ns3:TrackPointExtension>
            <ns3:hr>89</ns3:hr>
          </ns3:TrackPointExtension>
        </extensions>
      </trkpt>
      <trkpt lat="21.33663031272590160369873046875" lon="-86.795513927936553955078125">
        <ele>1.39999997615814208984375</ele>
        <time>2026-03-16T17:18:59.000Z</time>
        <extensions>
          <ns3:TrackPointExtension>
            <ns3:hr>93</ns3:hr>
          </ns3:TrackPointExtension>
        </extensions>
      </trkpt>
      <trkpt lat="21.33662980981171131134033203125" lon="-86.795513927936553955078125">
        <ele>1.39999997615814208984375</ele>
        <time>2026-03-16T17:19:02.000Z</time>
        <extensions>
          <ns3:TrackPointExtension>
            <ns3:hr>96</ns3:hr>
          </ns3:TrackPointExtension>
        </extensions>
      </trkpt>
      <trkpt lat="21.33662872016429901123046875" lon="-86.79551451466977596282958984375">
        <ele>1.39999997615814208984375</ele>
        <time>2026-03-16T17:19:06.000Z</time>
        <extensions>
          <ns3:TrackPointExtension>
            <ns3:hr>91</ns3:hr>
          </ns3:TrackPointExtension>
        </extensions>
      </trkpt>
      <trkpt lat="21.3366173207759857177734375" lon="-86.7955251596868038177490234375">
        <ele>1.39999997615814208984375</ele>
        <time>2026-03-16T17:19:20.000Z</time>
        <extensions>
          <ns3:TrackPointExtension>
            <ns3:hr>88</ns3:hr>
          </ns3:TrackPointExtension>
        </extensions>
      </trkpt>
      <trkpt lat="21.33661807514727115631103515625" lon="-86.7955265007913112640380859375">
        <ele>1.39999997615814208984375</ele>
        <time>2026-03-16T17:19:25.000Z</time>
        <extensions>
          <ns3:TrackPointExtension>
            <ns3:hr>85</ns3:hr>
          </ns3:TrackPointExtension>
        </extensions>
      </trkpt>
      <trkpt lat="21.3366262055933475494384765625" lon="-86.79552507586777210235595703125">
        <ele>1.39999997615814208984375</ele>
        <time>2026-03-16T17:19:41.000Z</time>
        <extensions>
          <ns3:TrackPointExtension>
            <ns3:hr>89</ns3:hr>
          </ns3:TrackPointExtension>
        </extensions>
      </trkpt>
      <trkpt lat="21.33662628941237926483154296875" lon="-86.79552507586777210235595703125">
        <ele>1.39999997615814208984375</ele>
        <time>2026-03-16T17:19:43.000Z</time>
        <extensions>
          <ns3:TrackPointExtension>
            <ns3:hr>92</ns3:hr>
          </ns3:TrackPointExtension>
        </extensions>
      </trkpt>
      <trkpt lat="21.33662628941237926483154296875" lon="-86.79552507586777210235595703125">
        <ele>1.39999997615814208984375</ele>
        <time>2026-03-16T17:19:47.000Z</time>
        <extensions>
          <ns3:TrackPointExtension>
            <ns3:hr>95</ns3:hr>
          </ns3:TrackPointExtension>
        </extensions>
      </trkpt>
      <trkpt lat="21.336629055440425872802734375" lon="-86.79552390240132808685302734375">
        <ele>1.39999997615814208984375</ele>
        <time>2026-03-16T17:20:05.000Z</time>
        <extensions>
          <ns3:TrackPointExtension>
            <ns3:hr>98</ns3:hr>
          </ns3:TrackPointExtension>
        </extensions>
      </trkpt>
      <trkpt lat="21.33662980981171131134033203125" lon="-86.79551652632653713226318359375">
        <ele>1.39999997615814208984375</ele>
        <time>2026-03-16T17:20:19.000Z</time>
        <extensions>
          <ns3:TrackPointExtension>
            <ns3:hr>101</ns3:hr>
          </ns3:TrackPointExtension>
        </extensions>
      </trkpt>
      <trkpt lat="21.3366280496120452880859375" lon="-86.79549892432987689971923828125">
        <ele>1.39999997615814208984375</ele>
        <time>2026-03-16T17:20:27.000Z</time>
        <extensions>
          <ns3:TrackPointExtension>
            <ns3:hr>98</ns3:hr>
          </ns3:TrackPointExtension>
        </extensions>
      </trkpt>
      <trkpt lat="21.33661522530019283294677734375" lon="-86.7954809032380580902099609375">
        <ele>1.60000002384185791015625</ele>
        <time>2026-03-16T17:20:47.000Z</time>
        <extensions>
          <ns3:TrackPointExtension>
            <ns3:hr>95</ns3:hr>
          </ns3:TrackPointExtension>
        </extensions>
      </trkpt>
      <trkpt lat="21.33662545122206211090087890625" lon="-86.79550009779632091522216796875">
        <ele>1.39999997615814208984375</ele>
        <time>2026-03-16T17:21:00.000Z</time>
        <extensions>
          <ns3:TrackPointExtension>
            <ns3:hr>92</ns3:hr>
          </ns3:TrackPointExtension>
        </extensions>
      </trkpt>
      <trkpt lat="21.33662578649818897247314453125" lon="-86.795501522719860076904296875">
        <ele>1.39999997615814208984375</ele>
        <time>2026-03-16T17:21:11.000Z</time>
        <extensions>
          <ns3:TrackPointExtension>
            <ns3:hr>89</ns3:hr>
          </ns3:TrackPointExtension>
        </extensions>
      </trkpt>
      <trkpt lat="21.33662411011755466461181640625" lon="-86.7955010198056697845458984375">
        <ele>1.39999997615814208984375</ele>
        <time>2026-03-16T17:21:24.000Z</time>
        <extensions>
          <ns3:TrackPointExtension>
            <ns3:hr>86</ns3:hr>
          </ns3:TrackPointExtension>
        </extensions>
      </trkpt>
      <trkpt lat="21.33662293665111064910888671875" lon="-86.79550110362470149993896484375">
        <ele>1.39999997615814208984375</ele>
        <time>2026-03-16T17:21:29.000Z</time>
        <extensions>
          <ns3:TrackPointExtension>
            <ns3:hr>83</ns3:hr>
          </ns3:TrackPointExtension>
        </extensions>
      </trkpt>
      <trkpt lat="21.33662260137498378753662109375" lon="-86.79550110362470149993896484375">
        <ele>1.39999997615814208984375</ele>
        <time>2026-03-16T17:21:30.000Z</time>
        <extensions>
          <ns3:TrackPointExtension>
            <ns3:hr>86</ns3:hr>
          </ns3:TrackPointExtension>
        </extensions>
      </trkpt>
      <trkpt lat="21.33662092499434947967529296875" lon="-86.79550579749047756195068359375">
        <ele>1.39999997615814208984375</ele>
        <time>2026-03-16T17:21:37.000Z</time>
        <extensions>
          <ns3:TrackPointExtension>
            <ns3:hr>89</ns3:hr>
          </ns3:TrackPointExtension>
        </extensions>
      </trkpt>
      <trkpt lat="21.33662042208015918731689453125" lon="-86.79551065899431705474853515625">
        <ele>1.39999997615814208984375</ele>
        <time>2026-03-16T17:21:42.000Z</time>
        <extensions>
          <ns3:TrackPointExtension>
            <ns3:hr>92</ns3:hr>
          </ns3:TrackPointExtension>
        </extensions>
      </trkpt>
      <trkpt lat="21.3366184942424297332763671875" lon="-86.7955100722610950469970703125">
        <ele>1.39999997615814208984375</ele>
        <time>2026-03-16T17:22:02.000Z</time>
        <extensions>
          <ns3:TrackPointExtension>
            <ns3:hr>93</ns3:hr>
          </ns3:TrackPointExtension>
        </extensions>
      </trkpt>
      <trkpt lat="21.33661354891955852508544921875" lon="-86.79550009779632091522216796875">
        <ele>1.60000002384185791015625</ele>
        <time>2026-03-16T17:22:05.000Z</time>
        <extensions>
          <ns3:TrackPointExtension>
            <ns3:hr>93</ns3:hr>
          </ns3:TrackPointExtension>
        </extensions>
      </trkpt>
      <trkpt lat="21.3366131298243999481201171875" lon="-86.79550009779632091522216796875">
        <ele>1.60000002384185791015625</ele>
        <time>2026-03-16T17:22:20.000Z</time>
        <extensions>
          <ns3:TrackPointExtension>
            <ns3:hr>94</ns3:hr>
          </ns3:TrackPointExtension>
        </extensions>
      </trkpt>
      <trkpt lat="21.336629725992679595947265625" lon="-86.7954990081489086151123046875">
        <ele>1.39999997615814208984375</ele>
        <time>2026-03-16T17:22:32.000Z</time>
        <extensions>
          <ns3:TrackPointExtension>
            <ns3:hr>97</ns3:hr>
          </ns3:TrackPointExtension>
        </extensions>
      </trkpt>
      <trkpt lat="21.3366215117275714874267578125" lon="-86.7954993434250354766845703125">
        <ele>1.39999997615814208984375</ele>
        <time>2026-03-16T17:22:59.000Z</time>
        <extensions>
          <ns3:TrackPointExtension>
            <ns3:hr>94</ns3:hr>
          </ns3:TrackPointExtension>
        </extensions>
      </trkpt>
      <trkpt lat="21.336617656052112579345703125" lon="-86.7955010198056697845458984375">
        <ele>1.60000002384185791015625</ele>
        <time>2026-03-16T17:23:02.000Z</time>
        <extensions>
          <ns3:TrackPointExtension>
            <ns3:hr>97</ns3:hr>
          </ns3:TrackPointExtension>
        </extensions>
      </trkpt>
      <trkpt lat="21.3366141356527805328369140625" lon="-86.795504204928874969482421875">
        <ele>1.60000002384185791015625</ele>
        <time>2026-03-16T17:23:09.000Z</time>
        <extensions>
          <ns3:TrackPointExtension>
            <ns3:hr>100</ns3:hr>
          </ns3:TrackPointExtension>
        </extensions>
      </trkpt>
      <trkpt lat="21.33661187253892421722412109375" lon="-86.795504204928874969482421875">
        <ele>1.60000002384185791015625</ele>
        <time>2026-03-16T17:23:11.000Z</time>
        <extensions>
          <ns3:TrackPointExtension>
            <ns3:hr>97</ns3:hr>
          </ns3:TrackPointExtension>
        </extensions>
      </trkpt>
      <trkpt lat="21.33660868741571903228759765625" lon="-86.79550847969949245452880859375">
        <ele>1.60000002384185791015625</ele>
        <time>2026-03-16T17:23:18.000Z</time>
        <extensions>
          <ns3:TrackPointExtension>
            <ns3:hr>94</ns3:hr>
          </ns3:TrackPointExtension>
        </extensions>
      </trkpt>
      <trkpt lat="21.3366074301302433013916015625" lon="-86.79550898261368274688720703125">
        <ele>1.60000002384185791015625</ele>
        <time>2026-03-16T17:23:22.000Z</time>
        <extensions>
          <ns3:TrackPointExtension>
            <ns3:hr>91</ns3:hr>
          </ns3:TrackPointExtension>
        </extensions>
      </trkpt>
      <trkpt lat="21.33660684339702129364013671875" lon="-86.7955097369849681854248046875">
        <ele>1.60000002384185791015625</ele>
        <time>2026-03-16T17:23:27.000Z</time>
        <extensions>
          <ns3:TrackPointExtension>
            <ns3:hr>88</ns3:hr>
          </ns3:TrackPointExtension>
        </extensions>
      </trkpt>
      <trkpt lat="21.3366057537496089935302734375" lon="-86.79551300592720508575439453125">
        <ele>1.60000002384185791015625</ele>
        <time>2026-03-16T17:23:44.000Z</time>
        <extensions>
          <ns3:TrackPointExtension>
            <ns3:hr>91</ns3:hr>
          </ns3:TrackPointExtension>
        </extensions>
      </trkpt>
      <trkpt lat="21.3366087712347507476806640625" lon="-86.79551669396460056304931640625">
        <ele>1.60000002384185791015625</ele>
        <time>2026-03-16T17:24:00.000Z</time>
        <extensions>
          <ns3:TrackPointExtension>
            <ns3:hr>90</ns3:hr>
          </ns3:TrackPointExtension>
        </extensions>
      </trkpt>
      <trkpt lat="21.336632072925567626953125" lon="-86.7954641394317150115966796875">
        <ele>1.60000002384185791015625</ele>
        <time>2026-03-16T17:24:04.000Z</time>
        <extensions>
          <ns3:TrackPointExtension>
            <ns3:hr>89</ns3:hr>
          </ns3:TrackPointExtension>
        </extensions>
      </trkpt>
      <trkpt lat="21.33667741902172565460205078125" lon="-86.7954188771545886993408203125">
        <ele>1.60000002384185791015625</ele>
        <time>2026-03-16T17:24:09.000Z</time>
        <extensions>
          <ns3:TrackPointExtension>
            <ns3:hr>86</ns3:hr>
          </ns3:TrackPointExtension>
        </extensions>
      </trkpt>
      <trkpt lat="21.33669309318065643310546875" lon="-86.79538719356060028076171875">
        <ele>1.60000002384185791015625</ele>
        <time>2026-03-16T17:24:13.000Z</time>
        <extensions>
          <ns3:TrackPointExtension>
            <ns3:hr>87</ns3:hr>
          </ns3:TrackPointExtension>
        </extensions>
      </trkpt>
      <trkpt lat="21.3367058336734771728515625" lon="-86.795368753373622894287109375">
        <ele>1.60000002384185791015625</ele>
        <time>2026-03-16T17:24:21.000Z</time>
        <extensions>
          <ns3:TrackPointExtension>
            <ns3:hr>84</ns3:hr>
          </ns3:TrackPointExtension>
        </extensions>
      </trkpt>
      <trkpt lat="21.3367058336734771728515625" lon="-86.79536581970751285552978515625">
        <ele>1.60000002384185791015625</ele>
        <time>2026-03-16T17:24:44.000Z</time>
        <extensions>
          <ns3:TrackPointExtension>
            <ns3:hr>81</ns3:hr>
          </ns3:TrackPointExtension>
        </extensions>
      </trkpt>
      <trkpt lat="21.3367123715579509735107421875" lon="-86.79535525850951671600341796875">
        <ele>1.60000002384185791015625</ele>
        <time>2026-03-16T17:25:03.000Z</time>
        <extensions>
          <ns3:TrackPointExtension>
            <ns3:hr>82</ns3:hr>
          </ns3:TrackPointExtension>
        </extensions>
      </trkpt>
      <trkpt lat="21.3366924226284027099609375" lon="-86.79536514915525913238525390625">
        <ele>1.7999999523162841796875</ele>
        <time>2026-03-16T17:25:29.000Z</time>
        <extensions>
          <ns3:TrackPointExtension>
            <ns3:hr>79</ns3:hr>
          </ns3:TrackPointExtension>
        </extensions>
      </trkpt>
      <trkpt lat="21.336692087352275848388671875" lon="-86.79536380805075168609619140625">
        <ele>1.7999999523162841796875</ele>
        <time>2026-03-16T17:25:36.000Z</time>
        <extensions>
          <ns3:TrackPointExtension>
            <ns3:hr>76</ns3:hr>
          </ns3:TrackPointExtension>
        </extensions>
      </trkpt>
      <trkpt lat="21.33669150061905384063720703125" lon="-86.7953689210116863250732421875">
        <ele>1.7999999523162841796875</ele>
        <time>2026-03-16T17:26:08.000Z</time>
        <extensions>
          <ns3:TrackPointExtension>
            <ns3:hr>80</ns3:hr>
          </ns3:TrackPointExtension>
        </extensions>
      </trkpt>
      <trkpt lat="21.33669300936162471771240234375" lon="-86.79536883719265460968017578125">
        <ele>1.7999999523162841796875</ele>
        <time>2026-03-16T17:26:13.000Z</time>
        <extensions>
          <ns3:TrackPointExtension>
            <ns3:hr>83</ns3:hr>
          </ns3:TrackPointExtension>
        </extensions>
      </trkpt>
      <trkpt lat="21.336698122322559356689453125" lon="-86.79536649025976657867431640625">
        <ele>1.60000002384185791015625</ele>
        <time>2026-03-16T17:26:29.000Z</time>
        <extensions>
          <ns3:TrackPointExtension>
            <ns3:hr>86</ns3:hr>
          </ns3:TrackPointExtension>
        </extensions>
      </trkpt>
      <trkpt lat="21.3366982899606227874755859375" lon="-86.7953679151833057403564453125">
        <ele>1.60000002384185791015625</ele>
        <time>2026-03-16T17:26:34.000Z</time>
        <extensions>
          <ns3:TrackPointExtension>
            <ns3:hr>89</ns3:hr>
          </ns3:TrackPointExtension>
        </extensions>
      </trkpt>
      <trkpt lat="21.336697451770305633544921875" lon="-86.7953769676387310028076171875">
        <ele>1.60000002384185791015625</ele>
        <time>2026-03-16T17:27:13.000Z</time>
        <extensions>
          <ns3:TrackPointExtension>
            <ns3:hr>92</ns3:hr>
          </ns3:TrackPointExtension>
        </extensions>
      </trkpt>
      <trkpt lat="21.33669753558933734893798828125" lon="-86.79537646472454071044921875">
        <ele>1.60000002384185791015625</ele>
        <time>2026-03-16T17:27:21.000Z</time>
        <extensions>
          <ns3:TrackPointExtension>
            <ns3:hr>89</ns3:hr>
          </ns3:TrackPointExtension>
        </extensions>
      </trkpt>
      <trkpt lat="21.3366979546844959259033203125" lon="-86.7953756265342235565185546875">
        <ele>1.60000002384185791015625</ele>
        <time>2026-03-16T17:27:45.000Z</time>
        <extensions>
          <ns3:TrackPointExtension>
            <ns3:hr>86</ns3:hr>
          </ns3:TrackPointExtension>
        </extensions>
      </trkpt>
      <trkpt lat="21.33669803850352764129638671875" lon="-86.795375458896160125732421875">
        <ele>1.60000002384185791015625</ele>
        <time>2026-03-16T17:27:48.000Z</time>
        <extensions>
          <ns3:TrackPointExtension>
            <ns3:hr>83</ns3:hr>
          </ns3:TrackPointExtension>
        </extensions>
      </trkpt>
      <trkpt lat="21.336698122322559356689453125" lon="-86.7953752912580966949462890625">
        <ele>1.60000002384185791015625</ele>
        <time>2026-03-16T17:27:50.000Z</time>
        <extensions>
          <ns3:TrackPointExtension>
            <ns3:hr>80</ns3:hr>
          </ns3:TrackPointExtension>
        </extensions>
      </trkpt>
      <trkpt lat="21.3366982899606227874755859375" lon="-86.79537554271519184112548828125">
        <ele>1.60000002384185791015625</ele>
        <time>2026-03-16T17:27:55.000Z</time>
        <extensions>
          <ns3:TrackPointExtension>
            <ns3:hr>77</ns3:hr>
          </ns3:TrackPointExtension>
        </extensions>
      </trkpt>
      <trkpt lat="21.3366972841322422027587890625" lon="-86.79537906311452388763427734375">
        <ele>1.60000002384185791015625</ele>
        <time>2026-03-16T17:27:56.000Z</time>
        <extensions>
          <ns3:TrackPointExtension>
            <ns3:hr>77</ns3:hr>
          </ns3:TrackPointExtension>
        </extensions>
      </trkpt>
      <trkpt lat="21.33667725138366222381591796875" lon="-86.795422732830047607421875">
        <ele>1.60000002384185791015625</ele>
        <time>2026-03-16T17:28:00.000Z</time>
        <extensions>
          <ns3:TrackPointExtension>
            <ns3:hr>77</ns3:hr>
          </ns3:TrackPointExtension>
        </extensions>
      </trkpt>
      <trkpt lat="21.3366748206317424774169921875" lon="-86.79543723352253437042236328125">
        <ele>1.60000002384185791015625</ele>
        <time>2026-03-16T17:28:01.000Z</time>
        <extensions>
          <ns3:TrackPointExtension>
            <ns3:hr>78</ns3:hr>
          </ns3:TrackPointExtension>
        </extensions>
      </trkpt>
      <trkpt lat="21.336665265262126922607421875" lon="-86.79551015608012676239013671875">
        <ele>1.39999997615814208984375</ele>
        <time>2026-03-16T17:28:07.000Z</time>
        <extensions>
          <ns3:TrackPointExtension>
            <ns3:hr>80</ns3:hr>
          </ns3:TrackPointExtension>
        </extensions>
      </trkpt>
      <trkpt lat="21.3366557098925113677978515625" lon="-86.79555055685341358184814453125">
        <ele>1.2000000476837158203125</ele>
        <time>2026-03-16T17:28:13.000Z</time>
        <extensions>
          <ns3:TrackPointExtension>
            <ns3:hr>83</ns3:hr>
          </ns3:TrackPointExtension>
        </extensions>
      </trkpt>
      <trkpt lat="21.336654536426067352294921875" lon="-86.795618869364261627197265625">
        <ele>0.800000011920928955078125</ele>
        <time>2026-03-16T17:28:21.000Z</time>
        <extensions>
          <ns3:TrackPointExtension>
            <ns3:hr>86</ns3:hr>
          </ns3:TrackPointExtension>
        </extensions>
      </trkpt>
      <trkpt lat="21.33665411733090877532958984375" lon="-86.79563387297093868255615234375">
        <ele>0.800000011920928955078125</ele>
        <time>2026-03-16T17:28:23.000Z</time>
        <extensions>
          <ns3:TrackPointExtension>
            <ns3:hr>85</ns3:hr>
          </ns3:TrackPointExtension>
        </extensions>
      </trkpt>
      <trkpt lat="21.3366656005382537841796875" lon="-86.7956659756600856781005859375">
        <ele>0.800000011920928955078125</ele>
        <time>2026-03-16T17:28:29.000Z</time>
        <extensions>
          <ns3:TrackPointExtension>
            <ns3:hr>88</ns3:hr>
          </ns3:TrackPointExtension>
        </extensions>
      </trkpt>
      <trkpt lat="21.3366790115833282470703125" lon="-86.7956847511231899261474609375">
        <ele>0.800000011920928955078125</ele>
        <time>2026-03-16T17:28:32.000Z</time>
        <extensions>
          <ns3:TrackPointExtension>
            <ns3:hr>87</ns3:hr>
          </ns3:TrackPointExtension>
        </extensions>
      </trkpt>
      <trkpt lat="21.33668881841003894805908203125" lon="-86.79571484215557575225830078125">
        <ele>0.800000011920928955078125</ele>
        <time>2026-03-16T17:28:40.000Z</time>
        <extensions>
          <ns3:TrackPointExtension>
            <ns3:hr>87</ns3:hr>
          </ns3:TrackPointExtension>
        </extensions>
      </trkpt>
      <trkpt lat="21.33669753558933734893798828125" lon="-86.79572875611484050750732421875">
        <ele>0.800000011920928955078125</ele>
        <time>2026-03-16T17:28:48.000Z</time>
        <extensions>
          <ns3:TrackPointExtension>
            <ns3:hr>84</ns3:hr>
          </ns3:TrackPointExtension>
        </extensions>
      </trkpt>
      <trkpt lat="21.33669820614159107208251953125" lon="-86.79572917520999908447265625">
        <ele>0.800000011920928955078125</ele>
        <time>2026-03-16T17:28:50.000Z</time>
        <extensions>
          <ns3:TrackPointExtension>
            <ns3:hr>85</ns3:hr>
          </ns3:TrackPointExtension>
        </extensions>
      </trkpt>
      <trkpt lat="21.33669820614159107208251953125" lon="-86.79572917520999908447265625">
        <ele>0.800000011920928955078125</ele>
        <time>2026-03-16T17:28:54.000Z</time>
        <extensions>
          <ns3:TrackPointExtension>
            <ns3:hr>82</ns3:hr>
          </ns3:TrackPointExtension>
        </extensions>
      </trkpt>
      <trkpt lat="21.33667699992656707763671875" lon="-86.79574769921600818634033203125">
        <ele>1</ele>
        <time>2026-03-16T17:30:34.000Z</time>
        <extensions>
          <ns3:TrackPointExtension>
            <ns3:hr>79</ns3:hr>
          </ns3:TrackPointExtension>
        </extensions>
      </trkpt>
      <trkpt lat="21.3366768322885036468505859375" lon="-86.79574753157794475555419921875">
        <ele>1</ele>
        <time>2026-03-16T17:30:35.000Z</time>
        <extensions>
          <ns3:TrackPointExtension>
            <ns3:hr>82</ns3:hr>
          </ns3:TrackPointExtension>
        </extensions>
      </trkpt>
      <trkpt lat="21.336671970784664154052734375" lon="-86.79574484936892986297607421875">
        <ele>1</ele>
        <time>2026-03-16T17:31:06.000Z</time>
        <extensions>
          <ns3:TrackPointExtension>
            <ns3:hr>79</ns3:hr>
          </ns3:TrackPointExtension>
        </extensions>
      </trkpt>
      <trkpt lat="21.336669959127902984619140625" lon="-86.79574267007410526275634765625">
        <ele>1</ele>
        <time>2026-03-16T17:31:17.000Z</time>
        <extensions>
          <ns3:TrackPointExtension>
            <ns3:hr>76</ns3:hr>
          </ns3:TrackPointExtension>
        </extensions>
      </trkpt>
      <trkpt lat="21.336662583053112030029296875" lon="-86.79573579691350460052490234375">
        <ele>1</ele>
        <time>2026-03-16T17:31:42.000Z</time>
        <extensions>
          <ns3:TrackPointExtension>
            <ns3:hr>73</ns3:hr>
          </ns3:TrackPointExtension>
        </extensions>
      </trkpt>
      <trkpt lat="21.3366617448627948760986328125" lon="-86.795733869075775146484375">
        <ele>1</ele>
        <time>2026-03-16T17:31:51.000Z</time>
        <extensions>
          <ns3:TrackPointExtension>
            <ns3:hr>76</ns3:hr>
          </ns3:TrackPointExtension>
        </extensions>
      </trkpt>
      <trkpt lat="21.33666099049150943756103515625" lon="-86.7957259900867938995361328125">
        <ele>1</ele>
        <time>2026-03-16T17:32:09.000Z</time>
        <extensions>
          <ns3:TrackPointExtension>
            <ns3:hr>80</ns3:hr>
          </ns3:TrackPointExtension>
        </extensions>
      </trkpt>
      <trkpt lat="21.3366610743105411529541015625" lon="-86.79572590626776218414306640625">
        <ele>1</ele>
        <time>2026-03-16T17:32:10.000Z</time>
        <extensions>
          <ns3:TrackPointExtension>
            <ns3:hr>76</ns3:hr>
          </ns3:TrackPointExtension>
        </extensions>
      </trkpt>
      <trkpt lat="21.33666954003274440765380859375" lon="-86.79572138004004955291748046875">
        <ele>1</ele>
        <time>2026-03-16T17:32:23.000Z</time>
        <extensions>
          <ns3:TrackPointExtension>
            <ns3:hr>79</ns3:hr>
          </ns3:TrackPointExtension>
        </extensions>
      </trkpt>
      <trkpt lat="21.336723603308200836181640625" lon="-86.7956921271979808807373046875">
        <ele>0.4000000059604644775390625</ele>
        <time>2026-03-16T17:32:29.000Z</time>
        <extensions>
          <ns3:TrackPointExtension>
            <ns3:hr>77</ns3:hr>
          </ns3:TrackPointExtension>
        </extensions>
      </trkpt>
      <trkpt lat="21.33675755001604557037353515625" lon="-86.7956773750483989715576171875">
        <ele>0.20000000298023223876953125</ele>
        <time>2026-03-16T17:32:39.000Z</time>
        <extensions>
          <ns3:TrackPointExtension>
            <ns3:hr>77</ns3:hr>
          </ns3:TrackPointExtension>
        </extensions>
      </trkpt>
      <trkpt lat="21.33675755001604557037353515625" lon="-86.79567745886743068695068359375">
        <ele>0.20000000298023223876953125</ele>
        <time>2026-03-16T17:33:05.000Z</time>
        <extensions>
          <ns3:TrackPointExtension>
            <ns3:hr>74</ns3:hr>
          </ns3:TrackPointExtension>
        </extensions>
      </trkpt>
      <trkpt lat="21.3367583043873310089111328125" lon="-86.7956911213696002960205078125">
        <ele>0.20000000298023223876953125</ele>
        <time>2026-03-16T17:33:29.000Z</time>
        <extensions>
          <ns3:TrackPointExtension>
            <ns3:hr>77</ns3:hr>
          </ns3:TrackPointExtension>
        </extensions>
      </trkpt>
      <trkpt lat="21.33675755001604557037353515625" lon="-86.7956911213696002960205078125">
        <ele>0.20000000298023223876953125</ele>
        <time>2026-03-16T17:33:31.000Z</time>
        <extensions>
          <ns3:TrackPointExtension>
            <ns3:hr>74</ns3:hr>
          </ns3:TrackPointExtension>
        </extensions>
      </trkpt>
      <trkpt lat="21.33675746619701385498046875" lon="-86.7956911213696002960205078125">
        <ele>0.20000000298023223876953125</ele>
        <time>2026-03-16T17:33:33.000Z</time>
        <extensions>
          <ns3:TrackPointExtension>
            <ns3:hr>77</ns3:hr>
          </ns3:TrackPointExtension>
        </extensions>
      </trkpt>
    </trkseg>
  </trk>
</gpx>
