<?xml version="1.0" encoding="UTF-8"?>
<gpx creator="Garmin Connect" version="1.1"
  xsi:schemaLocation="http://www.topografix.com/GPX/1/1 http://www.topografix.com/GPX/11.xsd"
  xmlns:ns3="http://www.garmin.com/xmlschemas/TrackPointExtension/v1"
  xmlns="http://www.topografix.com/GPX/1/1"
  xmlns:xsi="http://www.w3.org/2001/XMLSchema-instance" xmlns:ns2="http://www.garmin.com/xmlschemas/GpxExtensions/v3">
  <metadata>
    <link href="connect.garmin.com">
      <text>Garmin Connect</text>
    </link>
    <time>2026-09-07T19:43:08.000Z</time>
  </metadata>
  <trk>
    <name>Mancora Kiteboarding</name>
    <type>kiteboarding_v2</type>
    <trkseg>
      <trkpt lat="-4.097874574363231658935546875" lon="-81.05162073858082294464111328125">
        <ele>0</ele>
        <time>2026-09-07T19:43:25.000Z</time>
        <extensions>
          <ns3:TrackPointExtension>
            <ns3:hr>110</ns3:hr>
          </ns3:TrackPointExtension>
        </extensions>
      </trkpt>
      <trkpt lat="-4.097960405051708221435546875" lon="-81.0516104288399219512939453125">
        <ele>0</ele>
        <time>2026-09-07T19:43:27.000Z</time>
        <extensions>
          <ns3:TrackPointExtension>
            <ns3:hr>110</ns3:hr>
          </ns3:TrackPointExtension>
        </extensions>
      </trkpt>
      <trkpt lat="-4.0979676134884357452392578125" lon="-81.05156977660953998565673828125">
        <ele>0</ele>
        <time>2026-09-07T19:43:29.000Z</time>
        <extensions>
          <ns3:TrackPointExtension>
            <ns3:hr>110</ns3:hr>
          </ns3:TrackPointExtension>
        </extensions>
      </trkpt>
      <trkpt lat="-4.0979461558163166046142578125" lon="-81.05153557844460010528564453125">
        <ele>0</ele>
        <time>2026-09-07T19:43:32.000Z</time>
        <extensions>
          <ns3:TrackPointExtension>
            <ns3:hr>110</ns3:hr>
          </ns3:TrackPointExtension>
        </extensions>
      </trkpt>
      <trkpt lat="-4.09793048165738582611083984375" lon="-81.0515373386442661285400390625">
        <ele>0</ele>
        <time>2026-09-07T19:43:33.000Z</time>
        <extensions>
          <ns3:TrackPointExtension>
            <ns3:hr>110</ns3:hr>
          </ns3:TrackPointExtension>
        </extensions>
      </trkpt>
      <trkpt lat="-4.0977848879992961883544921875" lon="-81.05157178826630115509033203125">
        <ele>0</ele>
        <time>2026-09-07T19:43:42.000Z</time>
        <extensions>
          <ns3:TrackPointExtension>
            <ns3:hr>110</ns3:hr>
          </ns3:TrackPointExtension>
        </extensions>
      </trkpt>
      <trkpt lat="-4.09776426851749420166015625" lon="-81.05155502445995807647705078125">
        <ele>0</ele>
        <time>2026-09-07T19:43:44.000Z</time>
        <extensions>
          <ns3:TrackPointExtension>
            <ns3:hr>109</ns3:hr>
          </ns3:TrackPointExtension>
        </extensions>
      </trkpt>
      <trkpt lat="-4.0975637733936309814453125" lon="-81.05156072415411472320556640625">
        <ele>0</ele>
        <time>2026-09-07T19:43:50.000Z</time>
        <extensions>
          <ns3:TrackPointExtension>
            <ns3:hr>108</ns3:hr>
          </ns3:TrackPointExtension>
        </extensions>
      </trkpt>
      <trkpt lat="-4.097417257726192474365234375" lon="-81.0516124404966831207275390625">
        <ele>0</ele>
        <time>2026-09-07T19:43:53.000Z</time>
        <extensions>
          <ns3:TrackPointExtension>
            <ns3:hr>107</ns3:hr>
          </ns3:TrackPointExtension>
        </extensions>
      </trkpt>
      <trkpt lat="-4.09736772067844867706298828125" lon="-81.0516281984746456146240234375">
        <ele>0</ele>
        <time>2026-09-07T19:43:54.000Z</time>
        <extensions>
          <ns3:TrackPointExtension>
            <ns3:hr>110</ns3:hr>
          </ns3:TrackPointExtension>
        </extensions>
      </trkpt>
      <trkpt lat="-4.09731809981167316436767578125" lon="-81.0516459681093692779541015625">
        <ele>0</ele>
        <time>2026-09-07T19:43:55.000Z</time>
        <extensions>
          <ns3:TrackPointExtension>
            <ns3:hr>109</ns3:hr>
          </ns3:TrackPointExtension>
        </extensions>
      </trkpt>
      <trkpt lat="-4.0971642918884754180908203125" lon="-81.05172836221754550933837890625">
        <ele>0</ele>
        <time>2026-09-07T19:43:58.000Z</time>
        <extensions>
          <ns3:TrackPointExtension>
            <ns3:hr>108</ns3:hr>
          </ns3:TrackPointExtension>
        </extensions>
      </trkpt>
      <trkpt lat="-4.09697410650551319122314453125" lon="-81.0518380813300609588623046875">
        <ele>0</ele>
        <time>2026-09-07T19:44:02.000Z</time>
        <extensions>
          <ns3:TrackPointExtension>
            <ns3:hr>106</ns3:hr>
          </ns3:TrackPointExtension>
        </extensions>
      </trkpt>
      <trkpt lat="-4.0968665666878223419189453125" lon="-81.05189247988164424896240234375">
        <ele>0</ele>
        <time>2026-09-07T19:44:04.000Z</time>
        <extensions>
          <ns3:TrackPointExtension>
            <ns3:hr>106</ns3:hr>
          </ns3:TrackPointExtension>
        </extensions>
      </trkpt>
      <trkpt lat="-4.09654981456696987152099609375" lon="-81.05203145183622837066650390625">
        <ele>0</ele>
        <time>2026-09-07T19:44:10.000Z</time>
        <extensions>
          <ns3:TrackPointExtension>
            <ns3:hr>107</ns3:hr>
          </ns3:TrackPointExtension>
        </extensions>
      </trkpt>
      <trkpt lat="-4.09626952372491359710693359375" lon="-81.05217243544757366180419921875">
        <ele>0</ele>
        <time>2026-09-07T19:44:15.000Z</time>
        <extensions>
          <ns3:TrackPointExtension>
            <ns3:hr>108</ns3:hr>
          </ns3:TrackPointExtension>
        </extensions>
      </trkpt>
      <trkpt lat="-4.0961162187159061431884765625" lon="-81.05226379819214344024658203125">
        <ele>0</ele>
        <time>2026-09-07T19:44:18.000Z</time>
        <extensions>
          <ns3:TrackPointExtension>
            <ns3:hr>109</ns3:hr>
          </ns3:TrackPointExtension>
        </extensions>
      </trkpt>
      <trkpt lat="-4.096012115478515625" lon="-81.05231140740215778350830078125">
        <ele>0</ele>
        <time>2026-09-07T19:44:20.000Z</time>
        <extensions>
          <ns3:TrackPointExtension>
            <ns3:hr>110</ns3:hr>
          </ns3:TrackPointExtension>
        </extensions>
      </trkpt>
      <trkpt lat="-4.09595972858369350433349609375" lon="-81.05234275572001934051513671875">
        <ele>0</ele>
        <time>2026-09-07T19:44:21.000Z</time>
        <extensions>
          <ns3:TrackPointExtension>
            <ns3:hr>109</ns3:hr>
          </ns3:TrackPointExtension>
        </extensions>
      </trkpt>
      <trkpt lat="-4.09570257179439067840576171875" lon="-81.05250150896608829498291015625">
        <ele>0</ele>
        <time>2026-09-07T19:44:26.000Z</time>
        <extensions>
          <ns3:TrackPointExtension>
            <ns3:hr>109</ns3:hr>
          </ns3:TrackPointExtension>
        </extensions>
      </trkpt>
      <trkpt lat="-4.0952864103019237518310546875" lon="-81.05275849811732769012451171875">
        <ele>0</ele>
        <time>2026-09-07T19:44:34.000Z</time>
        <extensions>
          <ns3:TrackPointExtension>
            <ns3:hr>108</ns3:hr>
          </ns3:TrackPointExtension>
        </extensions>
      </trkpt>
      <trkpt lat="-4.09524810500442981719970703125" lon="-81.05279185809195041656494140625">
        <ele>0</ele>
        <time>2026-09-07T19:44:35.000Z</time>
        <extensions>
          <ns3:TrackPointExtension>
            <ns3:hr>108</ns3:hr>
          </ns3:TrackPointExtension>
        </extensions>
      </trkpt>
      <trkpt lat="-4.09518943168222904205322265625" lon="-81.0528429038822650909423828125">
        <ele>0</ele>
        <time>2026-09-07T19:44:37.000Z</time>
        <extensions>
          <ns3:TrackPointExtension>
            <ns3:hr>108</ns3:hr>
          </ns3:TrackPointExtension>
        </extensions>
      </trkpt>
      <trkpt lat="-4.09516830928623676300048828125" lon="-81.05284877121448516845703125">
        <ele>0</ele>
        <time>2026-09-07T19:44:38.000Z</time>
        <extensions>
          <ns3:TrackPointExtension>
            <ns3:hr>109</ns3:hr>
          </ns3:TrackPointExtension>
        </extensions>
      </trkpt>
      <trkpt lat="-4.09515389241278171539306640625" lon="-81.05284315533936023712158203125">
        <ele>0</ele>
        <time>2026-09-07T19:44:39.000Z</time>
        <extensions>
          <ns3:TrackPointExtension>
            <ns3:hr>108</ns3:hr>
          </ns3:TrackPointExtension>
        </extensions>
      </trkpt>
      <trkpt lat="-4.09514517523348331451416015625" lon="-81.05281901545822620391845703125">
        <ele>0</ele>
        <time>2026-09-07T19:44:41.000Z</time>
        <extensions>
          <ns3:TrackPointExtension>
            <ns3:hr>109</ns3:hr>
          </ns3:TrackPointExtension>
        </extensions>
      </trkpt>
      <trkpt lat="-4.095177948474884033203125" lon="-81.0527020879089832305908203125">
        <ele>0</ele>
        <time>2026-09-07T19:44:46.000Z</time>
        <extensions>
          <ns3:TrackPointExtension>
            <ns3:hr>109</ns3:hr>
          </ns3:TrackPointExtension>
        </extensions>
      </trkpt>
      <trkpt lat="-4.0952240489423274993896484375" lon="-81.05264735408127307891845703125">
        <ele>0</ele>
        <time>2026-09-07T19:44:48.000Z</time>
        <extensions>
          <ns3:TrackPointExtension>
            <ns3:hr>108</ns3:hr>
          </ns3:TrackPointExtension>
        </extensions>
      </trkpt>
      <trkpt lat="-4.0952605940401554107666015625" lon="-81.0526296682655811309814453125">
        <ele>0</ele>
        <time>2026-09-07T19:44:49.000Z</time>
        <extensions>
          <ns3:TrackPointExtension>
            <ns3:hr>107</ns3:hr>
          </ns3:TrackPointExtension>
        </extensions>
      </trkpt>
      <trkpt lat="-4.0953018330037593841552734375" lon="-81.05261550284922122955322265625">
        <ele>0</ele>
        <time>2026-09-07T19:44:50.000Z</time>
        <extensions>
          <ns3:TrackPointExtension>
            <ns3:hr>107</ns3:hr>
          </ns3:TrackPointExtension>
        </extensions>
      </trkpt>
      <trkpt lat="-4.0954376198351383209228515625" lon="-81.0525736771523952484130859375">
        <ele>0</ele>
        <time>2026-09-07T19:44:53.000Z</time>
        <extensions>
          <ns3:TrackPointExtension>
            <ns3:hr>106</ns3:hr>
          </ns3:TrackPointExtension>
        </extensions>
      </trkpt>
      <trkpt lat="-4.09548841416835784912109375" lon="-81.05255397967994213104248046875">
        <ele>0</ele>
        <time>2026-09-07T19:44:54.000Z</time>
        <extensions>
          <ns3:TrackPointExtension>
            <ns3:hr>106</ns3:hr>
          </ns3:TrackPointExtension>
        </extensions>
      </trkpt>
      <trkpt lat="-4.095830060541629791259765625" lon="-81.05244199745357036590576171875">
        <ele>0</ele>
        <time>2026-09-07T19:45:00.000Z</time>
        <extensions>
          <ns3:TrackPointExtension>
            <ns3:hr>105</ns3:hr>
          </ns3:TrackPointExtension>
        </extensions>
      </trkpt>
      <trkpt lat="-4.09620582126080989837646484375" lon="-81.05235256254673004150390625">
        <ele>0</ele>
        <time>2026-09-07T19:45:08.000Z</time>
        <extensions>
          <ns3:TrackPointExtension>
            <ns3:hr>105</ns3:hr>
          </ns3:TrackPointExtension>
        </extensions>
      </trkpt>
      <trkpt lat="-4.09658610820770263671875" lon="-81.052233539521694183349609375">
        <ele>0</ele>
        <time>2026-09-07T19:45:14.000Z</time>
        <extensions>
          <ns3:TrackPointExtension>
            <ns3:hr>104</ns3:hr>
          </ns3:TrackPointExtension>
        </extensions>
      </trkpt>
      <trkpt lat="-4.0966483019292354583740234375" lon="-81.05220696888864040374755859375">
        <ele>0</ele>
        <time>2026-09-07T19:45:15.000Z</time>
        <extensions>
          <ns3:TrackPointExtension>
            <ns3:hr>105</ns3:hr>
          </ns3:TrackPointExtension>
        </extensions>
      </trkpt>
      <trkpt lat="-4.097130261361598968505859375" lon="-81.05203782208263874053955078125">
        <ele>0</ele>
        <time>2026-09-07T19:45:23.000Z</time>
        <extensions>
          <ns3:TrackPointExtension>
            <ns3:hr>105</ns3:hr>
          </ns3:TrackPointExtension>
        </extensions>
      </trkpt>
      <trkpt lat="-4.0972447581589221954345703125" lon="-81.05200831778347492218017578125">
        <ele>0</ele>
        <time>2026-09-07T19:45:25.000Z</time>
        <extensions>
          <ns3:TrackPointExtension>
            <ns3:hr>105</ns3:hr>
          </ns3:TrackPointExtension>
        </extensions>
      </trkpt>
      <trkpt lat="-4.09735523164272308349609375" lon="-81.051982752978801727294921875">
        <ele>0</ele>
        <time>2026-09-07T19:45:27.000Z</time>
        <extensions>
          <ns3:TrackPointExtension>
            <ns3:hr>104</ns3:hr>
          </ns3:TrackPointExtension>
        </extensions>
      </trkpt>
      <trkpt lat="-4.0978278033435344696044921875" lon="-81.05186012573540210723876953125">
        <ele>0</ele>
        <time>2026-09-07T19:45:35.000Z</time>
        <extensions>
          <ns3:TrackPointExtension>
            <ns3:hr>103</ns3:hr>
          </ns3:TrackPointExtension>
        </extensions>
      </trkpt>
      <trkpt lat="-4.09808018244802951812744140625" lon="-81.05180497281253337860107421875">
        <ele>0</ele>
        <time>2026-09-07T19:45:40.000Z</time>
        <extensions>
          <ns3:TrackPointExtension>
            <ns3:hr>104</ns3:hr>
          </ns3:TrackPointExtension>
        </extensions>
      </trkpt>
      <trkpt lat="-4.098095186054706573486328125" lon="-81.05179156176745891571044921875">
        <ele>0</ele>
        <time>2026-09-07T19:45:41.000Z</time>
        <extensions>
          <ns3:TrackPointExtension>
            <ns3:hr>104</ns3:hr>
          </ns3:TrackPointExtension>
        </extensions>
      </trkpt>
      <trkpt lat="-4.09804363735020160675048828125" lon="-81.05177194811403751373291015625">
        <ele>0</ele>
        <time>2026-09-07T19:45:43.000Z</time>
        <extensions>
          <ns3:TrackPointExtension>
            <ns3:hr>104</ns3:hr>
          </ns3:TrackPointExtension>
        </extensions>
      </trkpt>
      <trkpt lat="-4.09798747859895229339599609375" lon="-81.05178468860685825347900390625">
        <ele>0</ele>
        <time>2026-09-07T19:45:44.000Z</time>
        <extensions>
          <ns3:TrackPointExtension>
            <ns3:hr>105</ns3:hr>
          </ns3:TrackPointExtension>
        </extensions>
      </trkpt>
      <trkpt lat="-4.0978609956800937652587890625" lon="-81.05182659812271595001220703125">
        <ele>0</ele>
        <time>2026-09-07T19:45:46.000Z</time>
        <extensions>
          <ns3:TrackPointExtension>
            <ns3:hr>105</ns3:hr>
          </ns3:TrackPointExtension>
        </extensions>
      </trkpt>
      <trkpt lat="-4.09763418138027191162109375" lon="-81.05193790979683399200439453125">
        <ele>0</ele>
        <time>2026-09-07T19:45:50.000Z</time>
        <extensions>
          <ns3:TrackPointExtension>
            <ns3:hr>106</ns3:hr>
          </ns3:TrackPointExtension>
        </extensions>
      </trkpt>
      <trkpt lat="-4.0975800342857837677001953125" lon="-81.05196070857346057891845703125">
        <ele>0</ele>
        <time>2026-09-07T19:45:51.000Z</time>
        <extensions>
          <ns3:TrackPointExtension>
            <ns3:hr>108</ns3:hr>
          </ns3:TrackPointExtension>
        </extensions>
      </trkpt>
      <trkpt lat="-4.0972078777849674224853515625" lon="-81.052110493183135986328125">
        <ele>0</ele>
        <time>2026-09-07T19:45:57.000Z</time>
        <extensions>
          <ns3:TrackPointExtension>
            <ns3:hr>108</ns3:hr>
          </ns3:TrackPointExtension>
        </extensions>
      </trkpt>
      <trkpt lat="-4.09697175957262516021728515625" lon="-81.052233539521694183349609375">
        <ele>0</ele>
        <time>2026-09-07T19:46:01.000Z</time>
        <extensions>
          <ns3:TrackPointExtension>
            <ns3:hr>112</ns3:hr>
          </ns3:TrackPointExtension>
        </extensions>
      </trkpt>
      <trkpt lat="-4.096856676042079925537109375" lon="-81.052289195358753204345703125">
        <ele>0</ele>
        <time>2026-09-07T19:46:03.000Z</time>
        <extensions>
          <ns3:TrackPointExtension>
            <ns3:hr>109</ns3:hr>
          </ns3:TrackPointExtension>
        </extensions>
      </trkpt>
      <trkpt lat="-4.09680093638598918914794921875" lon="-81.05231928639113903045654296875">
        <ele>0</ele>
        <time>2026-09-07T19:46:04.000Z</time>
        <extensions>
          <ns3:TrackPointExtension>
            <ns3:hr>109</ns3:hr>
          </ns3:TrackPointExtension>
        </extensions>
      </trkpt>
      <trkpt lat="-4.0963951684534549713134765625" lon="-81.05255247093737125396728515625">
        <ele>0</ele>
        <time>2026-09-07T19:46:11.000Z</time>
        <extensions>
          <ns3:TrackPointExtension>
            <ns3:hr>112</ns3:hr>
          </ns3:TrackPointExtension>
        </extensions>
      </trkpt>
      <trkpt lat="-4.09634814597666263580322265625" lon="-81.05258616618812084197998046875">
        <ele>0</ele>
        <time>2026-09-07T19:46:12.000Z</time>
        <extensions>
          <ns3:TrackPointExtension>
            <ns3:hr>112</ns3:hr>
          </ns3:TrackPointExtension>
        </extensions>
      </trkpt>
      <trkpt lat="-4.0963002853095531463623046875" lon="-81.05261466465890407562255859375">
        <ele>0</ele>
        <time>2026-09-07T19:46:13.000Z</time>
        <extensions>
          <ns3:TrackPointExtension>
            <ns3:hr>111</ns3:hr>
          </ns3:TrackPointExtension>
        </extensions>
      </trkpt>
      <trkpt lat="-4.09610792063176631927490234375" lon="-81.05270326137542724609375">
        <ele>0</ele>
        <time>2026-09-07T19:46:17.000Z</time>
        <extensions>
          <ns3:TrackPointExtension>
            <ns3:hr>111</ns3:hr>
          </ns3:TrackPointExtension>
        </extensions>
      </trkpt>
      <trkpt lat="-4.09581053070724010467529296875" lon="-81.05280359275639057159423828125">
        <ele>0</ele>
        <time>2026-09-07T19:46:22.000Z</time>
        <extensions>
          <ns3:TrackPointExtension>
            <ns3:hr>113</ns3:hr>
          </ns3:TrackPointExtension>
        </extensions>
      </trkpt>
      <trkpt lat="-4.09546787850558757781982421875" lon="-81.05295496992766857147216796875">
        <ele>0</ele>
        <time>2026-09-07T19:46:28.000Z</time>
        <extensions>
          <ns3:TrackPointExtension>
            <ns3:hr>113</ns3:hr>
          </ns3:TrackPointExtension>
        </extensions>
      </trkpt>
      <trkpt lat="-4.0951341949403285980224609375" lon="-81.0531252063810825347900390625">
        <ele>0</ele>
        <time>2026-09-07T19:46:34.000Z</time>
        <extensions>
          <ns3:TrackPointExtension>
            <ns3:hr>113</ns3:hr>
          </ns3:TrackPointExtension>
        </extensions>
      </trkpt>
      <trkpt lat="-4.09507543779909610748291015625" lon="-81.05314859189093112945556640625">
        <ele>0</ele>
        <time>2026-09-07T19:46:35.000Z</time>
        <extensions>
          <ns3:TrackPointExtension>
            <ns3:hr>113</ns3:hr>
          </ns3:TrackPointExtension>
        </extensions>
      </trkpt>
      <trkpt lat="-4.094757176935672760009765625" lon="-81.053280942142009735107421875">
        <ele>0</ele>
        <time>2026-09-07T19:46:40.000Z</time>
        <extensions>
          <ns3:TrackPointExtension>
            <ns3:hr>114</ns3:hr>
          </ns3:TrackPointExtension>
        </extensions>
      </trkpt>
      <trkpt lat="-4.0943707711994647979736328125" lon="-81.053431816399097442626953125">
        <ele>0</ele>
        <time>2026-09-07T19:46:46.000Z</time>
        <extensions>
          <ns3:TrackPointExtension>
            <ns3:hr>113</ns3:hr>
          </ns3:TrackPointExtension>
        </extensions>
      </trkpt>
      <trkpt lat="-4.0940851159393787384033203125" lon="-81.0536019690334796905517578125">
        <ele>0</ele>
        <time>2026-09-07T19:46:52.000Z</time>
        <extensions>
          <ns3:TrackPointExtension>
            <ns3:hr>112</ns3:hr>
          </ns3:TrackPointExtension>
        </extensions>
      </trkpt>
      <trkpt lat="-4.09404966048896312713623046875" lon="-81.053615547716617584228515625">
        <ele>0</ele>
        <time>2026-09-07T19:46:53.000Z</time>
        <extensions>
          <ns3:TrackPointExtension>
            <ns3:hr>112</ns3:hr>
          </ns3:TrackPointExtension>
        </extensions>
      </trkpt>
      <trkpt lat="-4.094007499516010284423828125" lon="-81.05358998291194438934326171875">
        <ele>0</ele>
        <time>2026-09-07T19:46:55.000Z</time>
        <extensions>
          <ns3:TrackPointExtension>
            <ns3:hr>112</ns3:hr>
          </ns3:TrackPointExtension>
        </extensions>
      </trkpt>
      <trkpt lat="-4.0940723754465579986572265625" lon="-81.05350331403315067291259765625">
        <ele>0</ele>
        <time>2026-09-07T19:46:58.000Z</time>
        <extensions>
          <ns3:TrackPointExtension>
            <ns3:hr>112</ns3:hr>
          </ns3:TrackPointExtension>
        </extensions>
      </trkpt>
      <trkpt lat="-4.09412140958011150360107421875" lon="-81.05347984470427036285400390625">
        <ele>0</ele>
        <time>2026-09-07T19:46:59.000Z</time>
        <extensions>
          <ns3:TrackPointExtension>
            <ns3:hr>112</ns3:hr>
          </ns3:TrackPointExtension>
        </extensions>
      </trkpt>
      <trkpt lat="-4.09430044703185558319091796875" lon="-81.053405664861202239990234375">
        <ele>0</ele>
        <time>2026-09-07T19:47:02.000Z</time>
        <extensions>
          <ns3:TrackPointExtension>
            <ns3:hr>111</ns3:hr>
          </ns3:TrackPointExtension>
        </extensions>
      </trkpt>
      <trkpt lat="-4.09473546780645847320556640625" lon="-81.0532314889132976531982421875">
        <ele>0</ele>
        <time>2026-09-07T19:47:09.000Z</time>
        <extensions>
          <ns3:TrackPointExtension>
            <ns3:hr>111</ns3:hr>
          </ns3:TrackPointExtension>
        </extensions>
      </trkpt>
      <trkpt lat="-4.09516780637204647064208984375" lon="-81.05304063297808170318603515625">
        <ele>0</ele>
        <time>2026-09-07T19:47:16.000Z</time>
        <extensions>
          <ns3:TrackPointExtension>
            <ns3:hr>111</ns3:hr>
          </ns3:TrackPointExtension>
        </extensions>
      </trkpt>
      <trkpt lat="-4.09523217938840389251708984375" lon="-81.05300836265087127685546875">
        <ele>0</ele>
        <time>2026-09-07T19:47:17.000Z</time>
        <extensions>
          <ns3:TrackPointExtension>
            <ns3:hr>111</ns3:hr>
          </ns3:TrackPointExtension>
        </extensions>
      </trkpt>
      <trkpt lat="-4.09548413939774036407470703125" lon="-81.05288238264620304107666015625">
        <ele>0</ele>
        <time>2026-09-07T19:47:21.000Z</time>
        <extensions>
          <ns3:TrackPointExtension>
            <ns3:hr>108</ns3:hr>
          </ns3:TrackPointExtension>
        </extensions>
      </trkpt>
      <trkpt lat="-4.09566720016300678253173828125" lon="-81.05279521085321903228759765625">
        <ele>0</ele>
        <time>2026-09-07T19:47:24.000Z</time>
        <extensions>
          <ns3:TrackPointExtension>
            <ns3:hr>111</ns3:hr>
          </ns3:TrackPointExtension>
        </extensions>
      </trkpt>
      <trkpt lat="-4.09572889097034931182861328125" lon="-81.052773334085941314697265625">
        <ele>0</ele>
        <time>2026-09-07T19:47:25.000Z</time>
        <extensions>
          <ns3:TrackPointExtension>
            <ns3:hr>110</ns3:hr>
          </ns3:TrackPointExtension>
        </extensions>
      </trkpt>
      <trkpt lat="-4.09618101082742214202880859375" lon="-81.052624471485614776611328125">
        <ele>0</ele>
        <time>2026-09-07T19:47:32.000Z</time>
        <extensions>
          <ns3:TrackPointExtension>
            <ns3:hr>109</ns3:hr>
          </ns3:TrackPointExtension>
        </extensions>
      </trkpt>
      <trkpt lat="-4.09653321839869022369384765625" lon="-81.05250385589897632598876953125">
        <ele>0</ele>
        <time>2026-09-07T19:47:37.000Z</time>
        <extensions>
          <ns3:TrackPointExtension>
            <ns3:hr>110</ns3:hr>
          </ns3:TrackPointExtension>
        </extensions>
      </trkpt>
      <trkpt lat="-4.0968451090157032012939453125" lon="-81.05241023004055023193359375">
        <ele>0</ele>
        <time>2026-09-07T19:47:42.000Z</time>
        <extensions>
          <ns3:TrackPointExtension>
            <ns3:hr>111</ns3:hr>
          </ns3:TrackPointExtension>
        </extensions>
      </trkpt>
      <trkpt lat="-4.09717896021902561187744140625" lon="-81.05229330249130725860595703125">
        <ele>0</ele>
        <time>2026-09-07T19:47:47.000Z</time>
        <extensions>
          <ns3:TrackPointExtension>
            <ns3:hr>113</ns3:hr>
          </ns3:TrackPointExtension>
        </extensions>
      </trkpt>
      <trkpt lat="-4.09757777117192745208740234375" lon="-81.0521757043898105621337890625">
        <ele>0</ele>
        <time>2026-09-07T19:47:53.000Z</time>
        <extensions>
          <ns3:TrackPointExtension>
            <ns3:hr>114</ns3:hr>
          </ns3:TrackPointExtension>
        </extensions>
      </trkpt>
      <trkpt lat="-4.09779972396790981292724609375" lon="-81.05212080292403697967529296875">
        <ele>0</ele>
        <time>2026-09-07T19:47:57.000Z</time>
        <extensions>
          <ns3:TrackPointExtension>
            <ns3:hr>113</ns3:hr>
          </ns3:TrackPointExtension>
        </extensions>
      </trkpt>
      <trkpt lat="-4.0979163162410259246826171875" lon="-81.052106134593486785888671875">
        <ele>0</ele>
        <time>2026-09-07T19:47:59.000Z</time>
        <extensions>
          <ns3:TrackPointExtension>
            <ns3:hr>113</ns3:hr>
          </ns3:TrackPointExtension>
        </extensions>
      </trkpt>
      <trkpt lat="-4.098287634551525115966796875" lon="-81.05206782929599285125732421875">
        <ele>0</ele>
        <time>2026-09-07T19:48:06.000Z</time>
        <extensions>
          <ns3:TrackPointExtension>
            <ns3:hr>112</ns3:hr>
          </ns3:TrackPointExtension>
        </extensions>
      </trkpt>
      <trkpt lat="-4.09832342527806758880615234375" lon="-81.05205927975475788116455078125">
        <ele>0</ele>
        <time>2026-09-07T19:48:07.000Z</time>
        <extensions>
          <ns3:TrackPointExtension>
            <ns3:hr>112</ns3:hr>
          </ns3:TrackPointExtension>
        </extensions>
      </trkpt>
      <trkpt lat="-4.09834153018891811370849609375" lon="-81.05201804079115390777587890625">
        <ele>0</ele>
        <time>2026-09-07T19:48:09.000Z</time>
        <extensions>
          <ns3:TrackPointExtension>
            <ns3:hr>111</ns3:hr>
          </ns3:TrackPointExtension>
        </extensions>
      </trkpt>
      <trkpt lat="-4.0982690267264842987060546875" lon="-81.05198618955910205841064453125">
        <ele>0</ele>
        <time>2026-09-07T19:48:11.000Z</time>
        <extensions>
          <ns3:TrackPointExtension>
            <ns3:hr>111</ns3:hr>
          </ns3:TrackPointExtension>
        </extensions>
      </trkpt>
      <trkpt lat="-4.09808454103767871856689453125" lon="-81.0520499758422374725341796875">
        <ele>0</ele>
        <time>2026-09-07T19:48:14.000Z</time>
        <extensions>
          <ns3:TrackPointExtension>
            <ns3:hr>111</ns3:hr>
          </ns3:TrackPointExtension>
        </extensions>
      </trkpt>
      <trkpt lat="-4.09766913391649723052978515625" lon="-81.052217781543731689453125">
        <ele>0</ele>
        <time>2026-09-07T19:48:20.000Z</time>
        <extensions>
          <ns3:TrackPointExtension>
            <ns3:hr>110</ns3:hr>
          </ns3:TrackPointExtension>
        </extensions>
      </trkpt>
      <trkpt lat="-4.09731566905975341796875" lon="-81.05236102826893329620361328125">
        <ele>0</ele>
        <time>2026-09-07T19:48:25.000Z</time>
        <extensions>
          <ns3:TrackPointExtension>
            <ns3:hr>113</ns3:hr>
          </ns3:TrackPointExtension>
        </extensions>
      </trkpt>
      <trkpt lat="-4.09724467433989048004150390625" lon="-81.0523896105587482452392578125">
        <ele>0</ele>
        <time>2026-09-07T19:48:26.000Z</time>
        <extensions>
          <ns3:TrackPointExtension>
            <ns3:hr>114</ns3:hr>
          </ns3:TrackPointExtension>
        </extensions>
      </trkpt>
      <trkpt lat="-4.09678635187447071075439453125" lon="-81.05259672738611698150634765625">
        <ele>0</ele>
        <time>2026-09-07T19:48:33.000Z</time>
        <extensions>
          <ns3:TrackPointExtension>
            <ns3:hr>114</ns3:hr>
          </ns3:TrackPointExtension>
        </extensions>
      </trkpt>
      <trkpt lat="-4.096662215888500213623046875" lon="-81.052652634680271148681640625">
        <ele>0</ele>
        <time>2026-09-07T19:48:35.000Z</time>
        <extensions>
          <ns3:TrackPointExtension>
            <ns3:hr>113</ns3:hr>
          </ns3:TrackPointExtension>
        </extensions>
      </trkpt>
      <trkpt lat="-4.09619140438735485076904296875" lon="-81.05281935073435306549072265625">
        <ele>0</ele>
        <time>2026-09-07T19:48:42.000Z</time>
        <extensions>
          <ns3:TrackPointExtension>
            <ns3:hr>112</ns3:hr>
          </ns3:TrackPointExtension>
        </extensions>
      </trkpt>
      <trkpt lat="-4.0957601554691791534423828125" lon="-81.05302839539945125579833984375">
        <ele>0</ele>
        <time>2026-09-07T19:48:49.000Z</time>
        <extensions>
          <ns3:TrackPointExtension>
            <ns3:hr>110</ns3:hr>
          </ns3:TrackPointExtension>
        </extensions>
      </trkpt>
      <trkpt lat="-4.095298983156681060791015625" lon="-81.053223945200443267822265625">
        <ele>0</ele>
        <time>2026-09-07T19:48:56.000Z</time>
        <extensions>
          <ns3:TrackPointExtension>
            <ns3:hr>109</ns3:hr>
          </ns3:TrackPointExtension>
        </extensions>
      </trkpt>
      <trkpt lat="-4.09487863071262836456298828125" lon="-81.0534100234508514404296875">
        <ele>0</ele>
        <time>2026-09-07T19:49:02.000Z</time>
        <extensions>
          <ns3:TrackPointExtension>
            <ns3:hr>107</ns3:hr>
          </ns3:TrackPointExtension>
        </extensions>
      </trkpt>
      <trkpt lat="-4.09465701319277286529541015625" lon="-81.05350591242313385009765625">
        <ele>0</ele>
        <time>2026-09-07T19:49:05.000Z</time>
        <extensions>
          <ns3:TrackPointExtension>
            <ns3:hr>104</ns3:hr>
          </ns3:TrackPointExtension>
        </extensions>
      </trkpt>
      <trkpt lat="-4.09445048309862613677978515625" lon="-81.05361714027822017669677734375">
        <ele>0</ele>
        <time>2026-09-07T19:49:08.000Z</time>
        <extensions>
          <ns3:TrackPointExtension>
            <ns3:hr>107</ns3:hr>
          </ns3:TrackPointExtension>
        </extensions>
      </trkpt>
      <trkpt lat="-4.09439398907124996185302734375" lon="-81.05365343391895294189453125">
        <ele>0</ele>
        <time>2026-09-07T19:49:09.000Z</time>
        <extensions>
          <ns3:TrackPointExtension>
            <ns3:hr>107</ns3:hr>
          </ns3:TrackPointExtension>
        </extensions>
      </trkpt>
      <trkpt lat="-4.09429608844220638275146484375" lon="-81.053719818592071533203125">
        <ele>0</ele>
        <time>2026-09-07T19:49:11.000Z</time>
        <extensions>
          <ns3:TrackPointExtension>
            <ns3:hr>109</ns3:hr>
          </ns3:TrackPointExtension>
        </extensions>
      </trkpt>
      <trkpt lat="-4.09425585530698299407958984375" lon="-81.0537531785666942596435546875">
        <ele>0</ele>
        <time>2026-09-07T19:49:12.000Z</time>
        <extensions>
          <ns3:TrackPointExtension>
            <ns3:hr>107</ns3:hr>
          </ns3:TrackPointExtension>
        </extensions>
      </trkpt>
      <trkpt lat="-4.0940797515213489532470703125" lon="-81.05390447191894054412841796875">
        <ele>0</ele>
        <time>2026-09-07T19:49:17.000Z</time>
        <extensions>
          <ns3:TrackPointExtension>
            <ns3:hr>106</ns3:hr>
          </ns3:TrackPointExtension>
        </extensions>
      </trkpt>
      <trkpt lat="-4.09404211677610874176025390625" lon="-81.05393062345683574676513671875">
        <ele>0</ele>
        <time>2026-09-07T19:49:18.000Z</time>
        <extensions>
          <ns3:TrackPointExtension>
            <ns3:hr>110</ns3:hr>
          </ns3:TrackPointExtension>
        </extensions>
      </trkpt>
      <trkpt lat="-4.09400741569697856903076171875" lon="-81.05395996011793613433837890625">
        <ele>0</ele>
        <time>2026-09-07T19:49:19.000Z</time>
        <extensions>
          <ns3:TrackPointExtension>
            <ns3:hr>107</ns3:hr>
          </ns3:TrackPointExtension>
        </extensions>
      </trkpt>
      <trkpt lat="-4.093952514231204986572265625" lon="-81.05400572530925273895263671875">
        <ele>0</ele>
        <time>2026-09-07T19:49:21.000Z</time>
        <extensions>
          <ns3:TrackPointExtension>
            <ns3:hr>109</ns3:hr>
          </ns3:TrackPointExtension>
        </extensions>
      </trkpt>
      <trkpt lat="-4.09393633715808391571044921875" lon="-81.05400882661342620849609375">
        <ele>0</ele>
        <time>2026-09-07T19:49:22.000Z</time>
        <extensions>
          <ns3:TrackPointExtension>
            <ns3:hr>107</ns3:hr>
          </ns3:TrackPointExtension>
        </extensions>
      </trkpt>
      <trkpt lat="-4.09392334520816802978515625" lon="-81.05396968312561511993408203125">
        <ele>0</ele>
        <time>2026-09-07T19:49:24.000Z</time>
        <extensions>
          <ns3:TrackPointExtension>
            <ns3:hr>106</ns3:hr>
          </ns3:TrackPointExtension>
        </extensions>
      </trkpt>
      <trkpt lat="-4.0939784981310367584228515625" lon="-81.0539291985332965850830078125">
        <ele>0</ele>
        <time>2026-09-07T19:49:26.000Z</time>
        <extensions>
          <ns3:TrackPointExtension>
            <ns3:hr>106</ns3:hr>
          </ns3:TrackPointExtension>
        </extensions>
      </trkpt>
      <trkpt lat="-4.09401562996208667755126953125" lon="-81.05391226708889007568359375">
        <ele>0</ele>
        <time>2026-09-07T19:49:27.000Z</time>
        <extensions>
          <ns3:TrackPointExtension>
            <ns3:hr>106</ns3:hr>
          </ns3:TrackPointExtension>
        </extensions>
      </trkpt>
      <trkpt lat="-4.0942597948014736175537109375" lon="-81.053783856332302093505859375">
        <ele>0</ele>
        <time>2026-09-07T19:49:32.000Z</time>
        <extensions>
          <ns3:TrackPointExtension>
            <ns3:hr>105</ns3:hr>
          </ns3:TrackPointExtension>
        </extensions>
      </trkpt>
      <trkpt lat="-4.094714932143688201904296875" lon="-81.05359953828155994415283203125">
        <ele>0</ele>
        <time>2026-09-07T19:49:40.000Z</time>
        <extensions>
          <ns3:TrackPointExtension>
            <ns3:hr>105</ns3:hr>
          </ns3:TrackPointExtension>
        </extensions>
      </trkpt>
      <trkpt lat="-4.09515045583248138427734375" lon="-81.0534460656344890594482421875">
        <ele>0</ele>
        <time>2026-09-07T19:49:48.000Z</time>
        <extensions>
          <ns3:TrackPointExtension>
            <ns3:hr>105</ns3:hr>
          </ns3:TrackPointExtension>
        </extensions>
      </trkpt>
      <trkpt lat="-4.09554583020508289337158203125" lon="-81.0532975383102893829345703125">
        <ele>0</ele>
        <time>2026-09-07T19:49:55.000Z</time>
        <extensions>
          <ns3:TrackPointExtension>
            <ns3:hr>103</ns3:hr>
          </ns3:TrackPointExtension>
        </extensions>
      </trkpt>
      <trkpt lat="-4.09560517407953739166259765625" lon="-81.0532703809440135955810546875">
        <ele>0</ele>
        <time>2026-09-07T19:49:56.000Z</time>
        <extensions>
          <ns3:TrackPointExtension>
            <ns3:hr>103</ns3:hr>
          </ns3:TrackPointExtension>
        </extensions>
      </trkpt>
      <trkpt lat="-4.09585579298436641693115234375" lon="-81.05314783751964569091796875">
        <ele>0</ele>
        <time>2026-09-07T19:50:00.000Z</time>
        <extensions>
          <ns3:TrackPointExtension>
            <ns3:hr>103</ns3:hr>
          </ns3:TrackPointExtension>
        </extensions>
      </trkpt>
      <trkpt lat="-4.0962949208915233612060546875" lon="-81.0529545508325099945068359375">
        <ele>0</ele>
        <time>2026-09-07T19:50:07.000Z</time>
        <extensions>
          <ns3:TrackPointExtension>
            <ns3:hr>100</ns3:hr>
          </ns3:TrackPointExtension>
        </extensions>
      </trkpt>
      <trkpt lat="-4.09635904245078563690185546875" lon="-81.0529314167797565460205078125">
        <ele>0</ele>
        <time>2026-09-07T19:50:08.000Z</time>
        <extensions>
          <ns3:TrackPointExtension>
            <ns3:hr>101</ns3:hr>
          </ns3:TrackPointExtension>
        </extensions>
      </trkpt>
      <trkpt lat="-4.0965916402637958526611328125" lon="-81.05285354889929294586181640625">
        <ele>0</ele>
        <time>2026-09-07T19:50:12.000Z</time>
        <extensions>
          <ns3:TrackPointExtension>
            <ns3:hr>103</ns3:hr>
          </ns3:TrackPointExtension>
        </extensions>
      </trkpt>
      <trkpt lat="-4.0969839133322238922119140625" lon="-81.05270351283252239227294921875">
        <ele>0</ele>
        <time>2026-09-07T19:50:18.000Z</time>
        <extensions>
          <ns3:TrackPointExtension>
            <ns3:hr>101</ns3:hr>
          </ns3:TrackPointExtension>
        </extensions>
      </trkpt>
      <trkpt lat="-4.09741264767944812774658203125" lon="-81.05252020061016082763671875">
        <ele>0</ele>
        <time>2026-09-07T19:50:24.000Z</time>
        <extensions>
          <ns3:TrackPointExtension>
            <ns3:hr>99</ns3:hr>
          </ns3:TrackPointExtension>
        </extensions>
      </trkpt>
      <trkpt lat="-4.0976098738610744476318359375" lon="-81.0524298436939716339111328125">
        <ele>0</ele>
        <time>2026-09-07T19:50:27.000Z</time>
        <extensions>
          <ns3:TrackPointExtension>
            <ns3:hr>98</ns3:hr>
          </ns3:TrackPointExtension>
        </extensions>
      </trkpt>
      <trkpt lat="-4.09780047833919525146484375" lon="-81.05235935188829898834228515625">
        <ele>0</ele>
        <time>2026-09-07T19:50:30.000Z</time>
        <extensions>
          <ns3:TrackPointExtension>
            <ns3:hr>98</ns3:hr>
          </ns3:TrackPointExtension>
        </extensions>
      </trkpt>
      <trkpt lat="-4.09791220910847187042236328125" lon="-81.05232900939881801605224609375">
        <ele>0</ele>
        <time>2026-09-07T19:50:32.000Z</time>
        <extensions>
          <ns3:TrackPointExtension>
            <ns3:hr>97</ns3:hr>
          </ns3:TrackPointExtension>
        </extensions>
      </trkpt>
      <trkpt lat="-4.09807448275387287139892578125" lon="-81.05227821506559848785400390625">
        <ele>0</ele>
        <time>2026-09-07T19:50:35.000Z</time>
        <extensions>
          <ns3:TrackPointExtension>
            <ns3:hr>97</ns3:hr>
          </ns3:TrackPointExtension>
        </extensions>
      </trkpt>
      <trkpt lat="-4.0981255285441875457763671875" lon="-81.052268408238887786865234375">
        <ele>0</ele>
        <time>2026-09-07T19:50:36.000Z</time>
        <extensions>
          <ns3:TrackPointExtension>
            <ns3:hr>97</ns3:hr>
          </ns3:TrackPointExtension>
        </extensions>
      </trkpt>
      <trkpt lat="-4.09833750687539577484130859375" lon="-81.05222540907561779022216796875">
        <ele>0</ele>
        <time>2026-09-07T19:50:40.000Z</time>
        <extensions>
          <ns3:TrackPointExtension>
            <ns3:hr>98</ns3:hr>
          </ns3:TrackPointExtension>
        </extensions>
      </trkpt>
      <trkpt lat="-4.0984998643398284912109375" lon="-81.0521991737186908721923828125">
        <ele>0</ele>
        <time>2026-09-07T19:50:43.000Z</time>
        <extensions>
          <ns3:TrackPointExtension>
            <ns3:hr>99</ns3:hr>
          </ns3:TrackPointExtension>
        </extensions>
      </trkpt>
      <trkpt lat="-4.0986539237201213836669921875" lon="-81.0521788895130157470703125">
        <ele>0</ele>
        <time>2026-09-07T19:50:46.000Z</time>
        <extensions>
          <ns3:TrackPointExtension>
            <ns3:hr>101</ns3:hr>
          </ns3:TrackPointExtension>
        </extensions>
      </trkpt>
      <trkpt lat="-4.0989560075104236602783203125" lon="-81.05215567164123058319091796875">
        <ele>0</ele>
        <time>2026-09-07T19:50:53.000Z</time>
        <extensions>
          <ns3:TrackPointExtension>
            <ns3:hr>104</ns3:hr>
          </ns3:TrackPointExtension>
        </extensions>
      </trkpt>
      <trkpt lat="-4.098965562880039215087890625" lon="-81.05213622562587261199951171875">
        <ele>0</ele>
        <time>2026-09-07T19:50:54.000Z</time>
        <extensions>
          <ns3:TrackPointExtension>
            <ns3:hr>102</ns3:hr>
          </ns3:TrackPointExtension>
        </extensions>
      </trkpt>
      <trkpt lat="-4.0989429317414760589599609375" lon="-81.0521160252392292022705078125">
        <ele>0</ele>
        <time>2026-09-07T19:50:56.000Z</time>
        <extensions>
          <ns3:TrackPointExtension>
            <ns3:hr>103</ns3:hr>
          </ns3:TrackPointExtension>
        </extensions>
      </trkpt>
      <trkpt lat="-4.09887679852545261383056640625" lon="-81.05213203467428684234619140625">
        <ele>0</ele>
        <time>2026-09-07T19:50:58.000Z</time>
        <extensions>
          <ns3:TrackPointExtension>
            <ns3:hr>101</ns3:hr>
          </ns3:TrackPointExtension>
        </extensions>
      </trkpt>
      <trkpt lat="-4.09861058928072452545166015625" lon="-81.05223513208329677581787109375">
        <ele>0</ele>
        <time>2026-09-07T19:51:03.000Z</time>
        <extensions>
          <ns3:TrackPointExtension>
            <ns3:hr>99</ns3:hr>
          </ns3:TrackPointExtension>
        </extensions>
      </trkpt>
      <trkpt lat="-4.09821865148842334747314453125" lon="-81.05239707045257091522216796875">
        <ele>0</ele>
        <time>2026-09-07T19:51:09.000Z</time>
        <extensions>
          <ns3:TrackPointExtension>
            <ns3:hr>99</ns3:hr>
          </ns3:TrackPointExtension>
        </extensions>
      </trkpt>
      <trkpt lat="-4.09805553965270519256591796875" lon="-81.05248709209263324737548828125">
        <ele>0</ele>
        <time>2026-09-07T19:51:13.000Z</time>
        <extensions>
          <ns3:TrackPointExtension>
            <ns3:hr>98</ns3:hr>
          </ns3:TrackPointExtension>
        </extensions>
      </trkpt>
      <trkpt lat="-4.09791086800396442413330078125" lon="-81.0525830648839473724365234375">
        <ele>0</ele>
        <time>2026-09-07T19:51:16.000Z</time>
        <extensions>
          <ns3:TrackPointExtension>
            <ns3:hr>99</ns3:hr>
          </ns3:TrackPointExtension>
        </extensions>
      </trkpt>
      <trkpt lat="-4.09759671427309513092041015625" lon="-81.0527607612311840057373046875">
        <ele>0</ele>
        <time>2026-09-07T19:51:22.000Z</time>
        <extensions>
          <ns3:TrackPointExtension>
            <ns3:hr>99</ns3:hr>
          </ns3:TrackPointExtension>
        </extensions>
      </trkpt>
      <trkpt lat="-4.0975451655685901641845703125" lon="-81.0527959652245044708251953125">
        <ele>0</ele>
        <time>2026-09-07T19:51:23.000Z</time>
        <extensions>
          <ns3:TrackPointExtension>
            <ns3:hr>100</ns3:hr>
          </ns3:TrackPointExtension>
        </extensions>
      </trkpt>
      <trkpt lat="-4.09734391607344150543212890625" lon="-81.0529406368732452392578125">
        <ele>0</ele>
        <time>2026-09-07T19:51:27.000Z</time>
        <extensions>
          <ns3:TrackPointExtension>
            <ns3:hr>99</ns3:hr>
          </ns3:TrackPointExtension>
        </extensions>
      </trkpt>
      <trkpt lat="-4.09719706512987613677978515625" lon="-81.05303694494068622589111328125">
        <ele>0</ele>
        <time>2026-09-07T19:51:30.000Z</time>
        <extensions>
          <ns3:TrackPointExtension>
            <ns3:hr>100</ns3:hr>
          </ns3:TrackPointExtension>
        </extensions>
      </trkpt>
      <trkpt lat="-4.09714660607278347015380859375" lon="-81.05306242592632770538330078125">
        <ele>0</ele>
        <time>2026-09-07T19:51:31.000Z</time>
        <extensions>
          <ns3:TrackPointExtension>
            <ns3:hr>99</ns3:hr>
          </ns3:TrackPointExtension>
        </extensions>
      </trkpt>
      <trkpt lat="-4.0968642197549343109130859375" lon="-81.05319418944418430328369140625">
        <ele>0</ele>
        <time>2026-09-07T19:51:36.000Z</time>
        <extensions>
          <ns3:TrackPointExtension>
            <ns3:hr>98</ns3:hr>
          </ns3:TrackPointExtension>
        </extensions>
      </trkpt>
      <trkpt lat="-4.09680831246078014373779296875" lon="-81.05322620831429958343505859375">
        <ele>0</ele>
        <time>2026-09-07T19:51:37.000Z</time>
        <extensions>
          <ns3:TrackPointExtension>
            <ns3:hr>101</ns3:hr>
          </ns3:TrackPointExtension>
        </extensions>
      </trkpt>
      <trkpt lat="-4.096752740442752838134765625" lon="-81.053260825574398040771484375">
        <ele>0</ele>
        <time>2026-09-07T19:51:38.000Z</time>
        <extensions>
          <ns3:TrackPointExtension>
            <ns3:hr>98</ns3:hr>
          </ns3:TrackPointExtension>
        </extensions>
      </trkpt>
      <trkpt lat="-4.096550904214382171630859375" lon="-81.0533877275884151458740234375">
        <ele>0</ele>
        <time>2026-09-07T19:51:42.000Z</time>
        <extensions>
          <ns3:TrackPointExtension>
            <ns3:hr>101</ns3:hr>
          </ns3:TrackPointExtension>
        </extensions>
      </trkpt>
      <trkpt lat="-4.09622912295162677764892578125" lon="-81.053530387580394744873046875">
        <ele>0</ele>
        <time>2026-09-07T19:51:47.000Z</time>
        <extensions>
          <ns3:TrackPointExtension>
            <ns3:hr>101</ns3:hr>
          </ns3:TrackPointExtension>
        </extensions>
      </trkpt>
      <trkpt lat="-4.095878340303897857666015625" lon="-81.05367355048656463623046875">
        <ele>0</ele>
        <time>2026-09-07T19:51:52.000Z</time>
        <extensions>
          <ns3:TrackPointExtension>
            <ns3:hr>98</ns3:hr>
          </ns3:TrackPointExtension>
        </extensions>
      </trkpt>
      <trkpt lat="-4.09574062563478946685791015625" lon="-81.05373783968389034271240234375">
        <ele>0</ele>
        <time>2026-09-07T19:51:54.000Z</time>
        <extensions>
          <ns3:TrackPointExtension>
            <ns3:hr>99</ns3:hr>
          </ns3:TrackPointExtension>
        </extensions>
      </trkpt>
      <trkpt lat="-4.09544742666184902191162109375" lon="-81.0539258457720279693603515625">
        <ele>0</ele>
        <time>2026-09-07T19:51:59.000Z</time>
        <extensions>
          <ns3:TrackPointExtension>
            <ns3:hr>104</ns3:hr>
          </ns3:TrackPointExtension>
        </extensions>
      </trkpt>
      <trkpt lat="-4.0952478535473346710205078125" lon="-81.05409323237836360931396484375">
        <ele>0</ele>
        <time>2026-09-07T19:52:04.000Z</time>
        <extensions>
          <ns3:TrackPointExtension>
            <ns3:hr>103</ns3:hr>
          </ns3:TrackPointExtension>
        </extensions>
      </trkpt>
      <trkpt lat="-4.095210470259189605712890625" lon="-81.05409063398838043212890625">
        <ele>0</ele>
        <time>2026-09-07T19:52:06.000Z</time>
        <extensions>
          <ns3:TrackPointExtension>
            <ns3:hr>99</ns3:hr>
          </ns3:TrackPointExtension>
        </extensions>
      </trkpt>
      <trkpt lat="-4.09519848413765430450439453125" lon="-81.054074205458164215087890625">
        <ele>0</ele>
        <time>2026-09-07T19:52:07.000Z</time>
        <extensions>
          <ns3:TrackPointExtension>
            <ns3:hr>103</ns3:hr>
          </ns3:TrackPointExtension>
        </extensions>
      </trkpt>
      <trkpt lat="-4.0951948799192905426025390625" lon="-81.054049395024776458740234375">
        <ele>0</ele>
        <time>2026-09-07T19:52:08.000Z</time>
        <extensions>
          <ns3:TrackPointExtension>
            <ns3:hr>103</ns3:hr>
          </ns3:TrackPointExtension>
        </extensions>
      </trkpt>
      <trkpt lat="-4.09524559043347835540771484375" lon="-81.05399197898805141448974609375">
        <ele>0</ele>
        <time>2026-09-07T19:52:10.000Z</time>
        <extensions>
          <ns3:TrackPointExtension>
            <ns3:hr>103</ns3:hr>
          </ns3:TrackPointExtension>
        </extensions>
      </trkpt>
      <trkpt lat="-4.09529420547187328338623046875" lon="-81.05396649800240993499755859375">
        <ele>0</ele>
        <time>2026-09-07T19:52:11.000Z</time>
        <extensions>
          <ns3:TrackPointExtension>
            <ns3:hr>103</ns3:hr>
          </ns3:TrackPointExtension>
        </extensions>
      </trkpt>
      <trkpt lat="-4.09546385519206523895263671875" lon="-81.05390422046184539794921875">
        <ele>0</ele>
        <time>2026-09-07T19:52:14.000Z</time>
        <extensions>
          <ns3:TrackPointExtension>
            <ns3:hr>102</ns3:hr>
          </ns3:TrackPointExtension>
        </extensions>
      </trkpt>
      <trkpt lat="-4.0958956070244312286376953125" lon="-81.05375611223280429840087890625">
        <ele>0</ele>
        <time>2026-09-07T19:52:21.000Z</time>
        <extensions>
          <ns3:TrackPointExtension>
            <ns3:hr>105</ns3:hr>
          </ns3:TrackPointExtension>
        </extensions>
      </trkpt>
      <trkpt lat="-4.09602343104779720306396484375" lon="-81.05370665900409221649169921875">
        <ele>0</ele>
        <time>2026-09-07T19:52:23.000Z</time>
        <extensions>
          <ns3:TrackPointExtension>
            <ns3:hr>102</ns3:hr>
          </ns3:TrackPointExtension>
        </extensions>
      </trkpt>
      <trkpt lat="-4.0962754748761653900146484375" lon="-81.05361378751695156097412109375">
        <ele>0</ele>
        <time>2026-09-07T19:52:27.000Z</time>
        <extensions>
          <ns3:TrackPointExtension>
            <ns3:hr>99</ns3:hr>
          </ns3:TrackPointExtension>
        </extensions>
      </trkpt>
      <trkpt lat="-4.09640430472791194915771484375" lon="-81.0535738058388233184814453125">
        <ele>0</ele>
        <time>2026-09-07T19:52:29.000Z</time>
        <extensions>
          <ns3:TrackPointExtension>
            <ns3:hr>97</ns3:hr>
          </ns3:TrackPointExtension>
        </extensions>
      </trkpt>
      <trkpt lat="-4.0964665822684764862060546875" lon="-81.05355628766119480133056640625">
        <ele>0</ele>
        <time>2026-09-07T19:52:30.000Z</time>
        <extensions>
          <ns3:TrackPointExtension>
            <ns3:hr>96</ns3:hr>
          </ns3:TrackPointExtension>
        </extensions>
      </trkpt>
      <trkpt lat="-4.0967200510203838348388671875" lon="-81.05348051525652408599853515625">
        <ele>0</ele>
        <time>2026-09-07T19:52:34.000Z</time>
        <extensions>
          <ns3:TrackPointExtension>
            <ns3:hr>95</ns3:hr>
          </ns3:TrackPointExtension>
        </extensions>
      </trkpt>
      <trkpt lat="-4.0968350507318973541259765625" lon="-81.05341848917305469512939453125">
        <ele>0</ele>
        <time>2026-09-07T19:52:36.000Z</time>
        <extensions>
          <ns3:TrackPointExtension>
            <ns3:hr>96</ns3:hr>
          </ns3:TrackPointExtension>
        </extensions>
      </trkpt>
      <trkpt lat="-4.09687100909650325775146484375" lon="-81.05337917804718017578125">
        <ele>0</ele>
        <time>2026-09-07T19:52:37.000Z</time>
        <extensions>
          <ns3:TrackPointExtension>
            <ns3:hr>100</ns3:hr>
          </ns3:TrackPointExtension>
        </extensions>
      </trkpt>
      <trkpt lat="-4.09689925611019134521484375" lon="-81.05333986692130565643310546875">
        <ele>0</ele>
        <time>2026-09-07T19:52:38.000Z</time>
        <extensions>
          <ns3:TrackPointExtension>
            <ns3:hr>97</ns3:hr>
          </ns3:TrackPointExtension>
        </extensions>
      </trkpt>
      <trkpt lat="-4.09693236462771892547607421875" lon="-81.05330147780478000640869140625">
        <ele>0</ele>
        <time>2026-09-07T19:52:39.000Z</time>
        <extensions>
          <ns3:TrackPointExtension>
            <ns3:hr>97</ns3:hr>
          </ns3:TrackPointExtension>
        </extensions>
      </trkpt>
      <trkpt lat="-4.0970301814377307891845703125" lon="-81.053247414529323577880859375">
        <ele>0</ele>
        <time>2026-09-07T19:52:41.000Z</time>
        <extensions>
          <ns3:TrackPointExtension>
            <ns3:hr>96</ns3:hr>
          </ns3:TrackPointExtension>
        </extensions>
      </trkpt>
      <trkpt lat="-4.097088687121868133544921875" lon="-81.05322671122848987579345703125">
        <ele>0</ele>
        <time>2026-09-07T19:52:42.000Z</time>
        <extensions>
          <ns3:TrackPointExtension>
            <ns3:hr>94</ns3:hr>
          </ns3:TrackPointExtension>
        </extensions>
      </trkpt>
      <trkpt lat="-4.0972742624580860137939453125" lon="-81.05316736735403537750244140625">
        <ele>0</ele>
        <time>2026-09-07T19:52:45.000Z</time>
        <extensions>
          <ns3:TrackPointExtension>
            <ns3:hr>97</ns3:hr>
          </ns3:TrackPointExtension>
        </extensions>
      </trkpt>
      <trkpt lat="-4.09746226854622364044189453125" lon="-81.05311154387891292572021484375">
        <ele>0</ele>
        <time>2026-09-07T19:52:48.000Z</time>
        <extensions>
          <ns3:TrackPointExtension>
            <ns3:hr>97</ns3:hr>
          </ns3:TrackPointExtension>
        </extensions>
      </trkpt>
      <trkpt lat="-4.09769763238728046417236328125" lon="-81.0530363582074642181396484375">
        <ele>0</ele>
        <time>2026-09-07T19:52:52.000Z</time>
        <extensions>
          <ns3:TrackPointExtension>
            <ns3:hr>98</ns3:hr>
          </ns3:TrackPointExtension>
        </extensions>
      </trkpt>
      <trkpt lat="-4.0977925993502140045166015625" lon="-81.0529540479183197021484375">
        <ele>0</ele>
        <time>2026-09-07T19:52:54.000Z</time>
        <extensions>
          <ns3:TrackPointExtension>
            <ns3:hr>99</ns3:hr>
          </ns3:TrackPointExtension>
        </extensions>
      </trkpt>
      <trkpt lat="-4.09782252274453639984130859375" lon="-81.05286226607859134674072265625">
        <ele>0</ele>
        <time>2026-09-07T19:52:56.000Z</time>
        <extensions>
          <ns3:TrackPointExtension>
            <ns3:hr>100</ns3:hr>
          </ns3:TrackPointExtension>
        </extensions>
      </trkpt>
      <trkpt lat="-4.097841046750545501708984375" lon="-81.052820272743701934814453125">
        <ele>0</ele>
        <time>2026-09-07T19:52:57.000Z</time>
        <extensions>
          <ns3:TrackPointExtension>
            <ns3:hr>100</ns3:hr>
          </ns3:TrackPointExtension>
        </extensions>
      </trkpt>
      <trkpt lat="-4.0978774242103099822998046875" lon="-81.0527877509593963623046875">
        <ele>0</ele>
        <time>2026-09-07T19:52:58.000Z</time>
        <extensions>
          <ns3:TrackPointExtension>
            <ns3:hr>101</ns3:hr>
          </ns3:TrackPointExtension>
        </extensions>
      </trkpt>
      <trkpt lat="-4.09799217246472835540771484375" lon="-81.0527359507977962493896484375">
        <ele>0</ele>
        <time>2026-09-07T19:53:00.000Z</time>
        <extensions>
          <ns3:TrackPointExtension>
            <ns3:hr>99</ns3:hr>
          </ns3:TrackPointExtension>
        </extensions>
      </trkpt>
      <trkpt lat="-4.09811639226973056793212890625" lon="-81.05270418338477611541748046875">
        <ele>0</ele>
        <time>2026-09-07T19:53:02.000Z</time>
        <extensions>
          <ns3:TrackPointExtension>
            <ns3:hr>99</ns3:hr>
          </ns3:TrackPointExtension>
        </extensions>
      </trkpt>
      <trkpt lat="-4.09822988323867321014404296875" lon="-81.05267585255205631256103515625">
        <ele>0</ele>
        <time>2026-09-07T19:53:04.000Z</time>
        <extensions>
          <ns3:TrackPointExtension>
            <ns3:hr>101</ns3:hr>
          </ns3:TrackPointExtension>
        </extensions>
      </trkpt>
      <trkpt lat="-4.09851050935685634613037109375" lon="-81.05260561220347881317138671875">
        <ele>0</ele>
        <time>2026-09-07T19:53:09.000Z</time>
        <extensions>
          <ns3:TrackPointExtension>
            <ns3:hr>98</ns3:hr>
          </ns3:TrackPointExtension>
        </extensions>
      </trkpt>
      <trkpt lat="-4.09856893122196197509765625" lon="-81.0525894351303577423095703125">
        <ele>0</ele>
        <time>2026-09-07T19:53:10.000Z</time>
        <extensions>
          <ns3:TrackPointExtension>
            <ns3:hr>99</ns3:hr>
          </ns3:TrackPointExtension>
        </extensions>
      </trkpt>
      <trkpt lat="-4.09889976494014263153076171875" lon="-81.05249203741550445556640625">
        <ele>0</ele>
        <time>2026-09-07T19:53:17.000Z</time>
        <extensions>
          <ns3:TrackPointExtension>
            <ns3:hr>103</ns3:hr>
          </ns3:TrackPointExtension>
        </extensions>
      </trkpt>
      <trkpt lat="-4.098900854587554931640625" lon="-81.0524754412472248077392578125">
        <ele>0</ele>
        <time>2026-09-07T19:53:18.000Z</time>
        <extensions>
          <ns3:TrackPointExtension>
            <ns3:hr>101</ns3:hr>
          </ns3:TrackPointExtension>
        </extensions>
      </trkpt>
      <trkpt lat="-4.09884729422628879547119140625" lon="-81.05248021893203258514404296875">
        <ele>0</ele>
        <time>2026-09-07T19:53:20.000Z</time>
        <extensions>
          <ns3:TrackPointExtension>
            <ns3:hr>101</ns3:hr>
          </ns3:TrackPointExtension>
        </extensions>
      </trkpt>
      <trkpt lat="-4.09871720708906650543212890625" lon="-81.052552051842212677001953125">
        <ele>0</ele>
        <time>2026-09-07T19:53:23.000Z</time>
        <extensions>
          <ns3:TrackPointExtension>
            <ns3:hr>102</ns3:hr>
          </ns3:TrackPointExtension>
        </extensions>
      </trkpt>
      <trkpt lat="-4.09836835227906703948974609375" lon="-81.05269596911966800689697265625">
        <ele>0</ele>
        <time>2026-09-07T19:53:29.000Z</time>
        <extensions>
          <ns3:TrackPointExtension>
            <ns3:hr>102</ns3:hr>
          </ns3:TrackPointExtension>
        </extensions>
      </trkpt>
      <trkpt lat="-4.0981932543218135833740234375" lon="-81.05277811177074909210205078125">
        <ele>0</ele>
        <time>2026-09-07T19:53:32.000Z</time>
        <extensions>
          <ns3:TrackPointExtension>
            <ns3:hr>102</ns3:hr>
          </ns3:TrackPointExtension>
        </extensions>
      </trkpt>
      <trkpt lat="-4.098089151084423065185546875" lon="-81.05284282006323337554931640625">
        <ele>0</ele>
        <time>2026-09-07T19:53:34.000Z</time>
        <extensions>
          <ns3:TrackPointExtension>
            <ns3:hr>103</ns3:hr>
          </ns3:TrackPointExtension>
        </extensions>
      </trkpt>
      <trkpt lat="-4.09789863042533397674560546875" lon="-81.052963100373744964599609375">
        <ele>0</ele>
        <time>2026-09-07T19:53:38.000Z</time>
        <extensions>
          <ns3:TrackPointExtension>
            <ns3:hr>103</ns3:hr>
          </ns3:TrackPointExtension>
        </extensions>
      </trkpt>
      <trkpt lat="-4.097849428653717041015625" lon="-81.0529870726168155670166015625">
        <ele>0</ele>
        <time>2026-09-07T19:53:39.000Z</time>
        <extensions>
          <ns3:TrackPointExtension>
            <ns3:hr>104</ns3:hr>
          </ns3:TrackPointExtension>
        </extensions>
      </trkpt>
      <trkpt lat="-4.0975377894937992095947265625" lon="-81.05315932072699069976806640625">
        <ele>0</ele>
        <time>2026-09-07T19:53:46.000Z</time>
        <extensions>
          <ns3:TrackPointExtension>
            <ns3:hr>105</ns3:hr>
          </ns3:TrackPointExtension>
        </extensions>
      </trkpt>
      <trkpt lat="-4.0973062813282012939453125" lon="-81.05327549390494823455810546875">
        <ele>0</ele>
        <time>2026-09-07T19:53:51.000Z</time>
        <extensions>
          <ns3:TrackPointExtension>
            <ns3:hr>108</ns3:hr>
          </ns3:TrackPointExtension>
        </extensions>
      </trkpt>
      <trkpt lat="-4.09721332602202892303466796875" lon="-81.0533293895423412322998046875">
        <ele>0</ele>
        <time>2026-09-07T19:53:53.000Z</time>
        <extensions>
          <ns3:TrackPointExtension>
            <ns3:hr>109</ns3:hr>
          </ns3:TrackPointExtension>
        </extensions>
      </trkpt>
      <trkpt lat="-4.096978046000003814697265625" lon="-81.0534588061273097991943359375">
        <ele>0</ele>
        <time>2026-09-07T19:53:58.000Z</time>
        <extensions>
          <ns3:TrackPointExtension>
            <ns3:hr>109</ns3:hr>
          </ns3:TrackPointExtension>
        </extensions>
      </trkpt>
      <trkpt lat="-4.09679322503507137298583984375" lon="-81.05356064625084400177001953125">
        <ele>0</ele>
        <time>2026-09-07T19:54:02.000Z</time>
        <extensions>
          <ns3:TrackPointExtension>
            <ns3:hr>111</ns3:hr>
          </ns3:TrackPointExtension>
        </extensions>
      </trkpt>
      <trkpt lat="-4.0965051390230655670166015625" lon="-81.0537199862301349639892578125">
        <ele>0</ele>
        <time>2026-09-07T19:54:08.000Z</time>
        <extensions>
          <ns3:TrackPointExtension>
            <ns3:hr>113</ns3:hr>
          </ns3:TrackPointExtension>
        </extensions>
      </trkpt>
      <trkpt lat="-4.09635166637599468231201171875" lon="-81.05378511361777782440185546875">
        <ele>0</ele>
        <time>2026-09-07T19:54:10.000Z</time>
        <extensions>
          <ns3:TrackPointExtension>
            <ns3:hr>113</ns3:hr>
          </ns3:TrackPointExtension>
        </extensions>
      </trkpt>
      <trkpt lat="-4.09618654288351535797119140625" lon="-81.05385367758572101593017578125">
        <ele>0</ele>
        <time>2026-09-07T19:54:14.000Z</time>
        <extensions>
          <ns3:TrackPointExtension>
            <ns3:hr>111</ns3:hr>
          </ns3:TrackPointExtension>
        </extensions>
      </trkpt>
      <trkpt lat="-4.0959168970584869384765625" lon="-81.05397253297269344329833984375">
        <ele>0</ele>
        <time>2026-09-07T19:54:19.000Z</time>
        <extensions>
          <ns3:TrackPointExtension>
            <ns3:hr>108</ns3:hr>
          </ns3:TrackPointExtension>
        </extensions>
      </trkpt>
      <trkpt lat="-4.09586585126817226409912109375" lon="-81.05399315245449542999267578125">
        <ele>0</ele>
        <time>2026-09-07T19:54:20.000Z</time>
        <extensions>
          <ns3:TrackPointExtension>
            <ns3:hr>108</ns3:hr>
          </ns3:TrackPointExtension>
        </extensions>
      </trkpt>
      <trkpt lat="-4.09581623040139675140380859375" lon="-81.05400136671960353851318359375">
        <ele>0</ele>
        <time>2026-09-07T19:54:21.000Z</time>
        <extensions>
          <ns3:TrackPointExtension>
            <ns3:hr>107</ns3:hr>
          </ns3:TrackPointExtension>
        </extensions>
      </trkpt>
      <trkpt lat="-4.0957269631326198577880859375" lon="-81.05395761318504810333251953125">
        <ele>0</ele>
        <time>2026-09-07T19:54:23.000Z</time>
        <extensions>
          <ns3:TrackPointExtension>
            <ns3:hr>106</ns3:hr>
          </ns3:TrackPointExtension>
        </extensions>
      </trkpt>
      <trkpt lat="-4.09570089541375637054443359375" lon="-81.0538779012858867645263671875">
        <ele>0</ele>
        <time>2026-09-07T19:54:25.000Z</time>
        <extensions>
          <ns3:TrackPointExtension>
            <ns3:hr>105</ns3:hr>
          </ns3:TrackPointExtension>
        </extensions>
      </trkpt>
      <trkpt lat="-4.09571464173495769500732421875" lon="-81.053827442228794097900390625">
        <ele>0</ele>
        <time>2026-09-07T19:54:26.000Z</time>
        <extensions>
          <ns3:TrackPointExtension>
            <ns3:hr>106</ns3:hr>
          </ns3:TrackPointExtension>
        </extensions>
      </trkpt>
      <trkpt lat="-4.0958060882985591888427734375" lon="-81.053752340376377105712890625">
        <ele>0</ele>
        <time>2026-09-07T19:54:28.000Z</time>
        <extensions>
          <ns3:TrackPointExtension>
            <ns3:hr>105</ns3:hr>
          </ns3:TrackPointExtension>
        </extensions>
      </trkpt>
      <trkpt lat="-4.09593290649354457855224609375" lon="-81.0537092573940753936767578125">
        <ele>0</ele>
        <time>2026-09-07T19:54:30.000Z</time>
        <extensions>
          <ns3:TrackPointExtension>
            <ns3:hr>102</ns3:hr>
          </ns3:TrackPointExtension>
        </extensions>
      </trkpt>
      <trkpt lat="-4.09606617875397205352783203125" lon="-81.05367162264883518218994140625">
        <ele>0</ele>
        <time>2026-09-07T19:54:32.000Z</time>
        <extensions>
          <ns3:TrackPointExtension>
            <ns3:hr>103</ns3:hr>
          </ns3:TrackPointExtension>
        </extensions>
      </trkpt>
      <trkpt lat="-4.09651746042072772979736328125" lon="-81.05354170314967632293701171875">
        <ele>0</ele>
        <time>2026-09-07T19:54:39.000Z</time>
        <extensions>
          <ns3:TrackPointExtension>
            <ns3:hr>102</ns3:hr>
          </ns3:TrackPointExtension>
        </extensions>
      </trkpt>
      <trkpt lat="-4.09682750701904296875" lon="-81.05341128073632717132568359375">
        <ele>0</ele>
        <time>2026-09-07T19:54:44.000Z</time>
        <extensions>
          <ns3:TrackPointExtension>
            <ns3:hr>98</ns3:hr>
          </ns3:TrackPointExtension>
        </extensions>
      </trkpt>
      <trkpt lat="-4.0969507209956645965576171875" lon="-81.0533686168491840362548828125">
        <ele>0</ele>
        <time>2026-09-07T19:54:46.000Z</time>
        <extensions>
          <ns3:TrackPointExtension>
            <ns3:hr>99</ns3:hr>
          </ns3:TrackPointExtension>
        </extensions>
      </trkpt>
      <trkpt lat="-4.097324050962924957275390625" lon="-81.053211204707622528076171875">
        <ele>0</ele>
        <time>2026-09-07T19:54:52.000Z</time>
        <extensions>
          <ns3:TrackPointExtension>
            <ns3:hr>98</ns3:hr>
          </ns3:TrackPointExtension>
        </extensions>
      </trkpt>
      <trkpt lat="-4.097391106188297271728515625" lon="-81.05316233821213245391845703125">
        <ele>0</ele>
        <time>2026-09-07T19:54:53.000Z</time>
        <extensions>
          <ns3:TrackPointExtension>
            <ns3:hr>99</ns3:hr>
          </ns3:TrackPointExtension>
        </extensions>
      </trkpt>
      <trkpt lat="-4.09751616418361663818359375" lon="-81.053076088428497314453125">
        <ele>0</ele>
        <time>2026-09-07T19:54:55.000Z</time>
        <extensions>
          <ns3:TrackPointExtension>
            <ns3:hr>97</ns3:hr>
          </ns3:TrackPointExtension>
        </extensions>
      </trkpt>
      <trkpt lat="-4.09755614586174488067626953125" lon="-81.0529796965420246124267578125">
        <ele>0</ele>
        <time>2026-09-07T19:54:57.000Z</time>
        <extensions>
          <ns3:TrackPointExtension>
            <ns3:hr>96</ns3:hr>
          </ns3:TrackPointExtension>
        </extensions>
      </trkpt>
      <trkpt lat="-4.09762923605740070343017578125" lon="-81.05280644260346889495849609375">
        <ele>0</ele>
        <time>2026-09-07T19:55:00.000Z</time>
        <extensions>
          <ns3:TrackPointExtension>
            <ns3:hr>94</ns3:hr>
          </ns3:TrackPointExtension>
        </extensions>
      </trkpt>
      <trkpt lat="-4.09775161184370517730712890625" lon="-81.05273737572133541107177734375">
        <ele>0</ele>
        <time>2026-09-07T19:55:02.000Z</time>
        <extensions>
          <ns3:TrackPointExtension>
            <ns3:hr>95</ns3:hr>
          </ns3:TrackPointExtension>
        </extensions>
      </trkpt>
      <trkpt lat="-4.09781011752784252166748046875" lon="-81.05271323584020137786865234375">
        <ele>0</ele>
        <time>2026-09-07T19:55:03.000Z</time>
        <extensions>
          <ns3:TrackPointExtension>
            <ns3:hr>95</ns3:hr>
          </ns3:TrackPointExtension>
        </extensions>
      </trkpt>
      <trkpt lat="-4.0981023944914340972900390625" lon="-81.052600331604480743408203125">
        <ele>0</ele>
        <time>2026-09-07T19:55:08.000Z</time>
        <extensions>
          <ns3:TrackPointExtension>
            <ns3:hr>98</ns3:hr>
          </ns3:TrackPointExtension>
        </extensions>
      </trkpt>
      <trkpt lat="-4.09816433675587177276611328125" lon="-81.0525797121226787567138671875">
        <ele>0</ele>
        <time>2026-09-07T19:55:09.000Z</time>
        <extensions>
          <ns3:TrackPointExtension>
            <ns3:hr>98</ns3:hr>
          </ns3:TrackPointExtension>
        </extensions>
      </trkpt>
      <trkpt lat="-4.098334573209285736083984375" lon="-81.0525176860392093658447265625">
        <ele>0</ele>
        <time>2026-09-07T19:55:12.000Z</time>
        <extensions>
          <ns3:TrackPointExtension>
            <ns3:hr>101</ns3:hr>
          </ns3:TrackPointExtension>
        </extensions>
      </trkpt>
      <trkpt lat="-4.09843289293348789215087890625" lon="-81.05248390696942806243896484375">
        <ele>0</ele>
        <time>2026-09-07T19:55:14.000Z</time>
        <extensions>
          <ns3:TrackPointExtension>
            <ns3:hr>103</ns3:hr>
          </ns3:TrackPointExtension>
        </extensions>
      </trkpt>
      <trkpt lat="-4.09884788095951080322265625" lon="-81.0523939691483974456787109375">
        <ele>0</ele>
        <time>2026-09-07T19:55:22.000Z</time>
        <extensions>
          <ns3:TrackPointExtension>
            <ns3:hr>103</ns3:hr>
          </ns3:TrackPointExtension>
        </extensions>
      </trkpt>
      <trkpt lat="-4.09889280796051025390625" lon="-81.052389442920684814453125">
        <ele>0</ele>
        <time>2026-09-07T19:55:23.000Z</time>
        <extensions>
          <ns3:TrackPointExtension>
            <ns3:hr>103</ns3:hr>
          </ns3:TrackPointExtension>
        </extensions>
      </trkpt>
      <trkpt lat="-4.0989539958536624908447265625" lon="-81.052381731569766998291015625">
        <ele>0</ele>
        <time>2026-09-07T19:55:25.000Z</time>
        <extensions>
          <ns3:TrackPointExtension>
            <ns3:hr>103</ns3:hr>
          </ns3:TrackPointExtension>
        </extensions>
      </trkpt>
      <trkpt lat="-4.0989617072045803070068359375" lon="-81.052369661629199981689453125">
        <ele>0</ele>
        <time>2026-09-07T19:55:26.000Z</time>
        <extensions>
          <ns3:TrackPointExtension>
            <ns3:hr>103</ns3:hr>
          </ns3:TrackPointExtension>
        </extensions>
      </trkpt>
      <trkpt lat="-4.0989043749868869781494140625" lon="-81.0523775406181812286376953125">
        <ele>0</ele>
        <time>2026-09-07T19:55:28.000Z</time>
        <extensions>
          <ns3:TrackPointExtension>
            <ns3:hr>102</ns3:hr>
          </ns3:TrackPointExtension>
        </extensions>
      </trkpt>
      <trkpt lat="-4.09885701723396778106689453125" lon="-81.0523966513574123382568359375">
        <ele>0</ele>
        <time>2026-09-07T19:55:29.000Z</time>
        <extensions>
          <ns3:TrackPointExtension>
            <ns3:hr>102</ns3:hr>
          </ns3:TrackPointExtension>
        </extensions>
      </trkpt>
      <trkpt lat="-4.09874905832111835479736328125" lon="-81.052450127899646759033203125">
        <ele>0</ele>
        <time>2026-09-07T19:55:31.000Z</time>
        <extensions>
          <ns3:TrackPointExtension>
            <ns3:hr>105</ns3:hr>
          </ns3:TrackPointExtension>
        </extensions>
      </trkpt>
      <trkpt lat="-4.09853263758122920989990234375" lon="-81.0525693185627460479736328125">
        <ele>0</ele>
        <time>2026-09-07T19:55:35.000Z</time>
        <extensions>
          <ns3:TrackPointExtension>
            <ns3:hr>102</ns3:hr>
          </ns3:TrackPointExtension>
        </extensions>
      </trkpt>
      <trkpt lat="-4.09835024736821651458740234375" lon="-81.052655316889286041259765625">
        <ele>0</ele>
        <time>2026-09-07T19:55:38.000Z</time>
        <extensions>
          <ns3:TrackPointExtension>
            <ns3:hr>102</ns3:hr>
          </ns3:TrackPointExtension>
        </extensions>
      </trkpt>
      <trkpt lat="-4.09821747802197933197021484375" lon="-81.05271558277308940887451171875">
        <ele>0</ele>
        <time>2026-09-07T19:55:40.000Z</time>
        <extensions>
          <ns3:TrackPointExtension>
            <ns3:hr>103</ns3:hr>
          </ns3:TrackPointExtension>
        </extensions>
      </trkpt>
      <trkpt lat="-4.09802402369678020477294921875" lon="-81.05282622389495372772216796875">
        <ele>0</ele>
        <time>2026-09-07T19:55:43.000Z</time>
        <extensions>
          <ns3:TrackPointExtension>
            <ns3:hr>103</ns3:hr>
          </ns3:TrackPointExtension>
        </extensions>
      </trkpt>
      <trkpt lat="-4.0977272205054759979248046875" lon="-81.05301238596439361572265625">
        <ele>0</ele>
        <time>2026-09-07T19:55:48.000Z</time>
        <extensions>
          <ns3:TrackPointExtension>
            <ns3:hr>102</ns3:hr>
          </ns3:TrackPointExtension>
        </extensions>
      </trkpt>
      <trkpt lat="-4.09768044948577880859375" lon="-81.05305152945220470428466796875">
        <ele>0</ele>
        <time>2026-09-07T19:55:49.000Z</time>
        <extensions>
          <ns3:TrackPointExtension>
            <ns3:hr>104</ns3:hr>
          </ns3:TrackPointExtension>
        </extensions>
      </trkpt>
      <trkpt lat="-4.09742622636258602142333984375" lon="-81.0532438941299915313720703125">
        <ele>0</ele>
        <time>2026-09-07T19:55:55.000Z</time>
        <extensions>
          <ns3:TrackPointExtension>
            <ns3:hr>103</ns3:hr>
          </ns3:TrackPointExtension>
        </extensions>
      </trkpt>
      <trkpt lat="-4.0973010845482349395751953125" lon="-81.053317487239837646484375">
        <ele>0</ele>
        <time>2026-09-07T19:55:58.000Z</time>
        <extensions>
          <ns3:TrackPointExtension>
            <ns3:hr>102</ns3:hr>
          </ns3:TrackPointExtension>
        </extensions>
      </trkpt>
      <trkpt lat="-4.097213409841060638427734375" lon="-81.0533605702221393585205078125">
        <ele>0</ele>
        <time>2026-09-07T19:56:00.000Z</time>
        <extensions>
          <ns3:TrackPointExtension>
            <ns3:hr>103</ns3:hr>
          </ns3:TrackPointExtension>
        </extensions>
      </trkpt>
      <trkpt lat="-4.097118861973285675048828125" lon="-81.05340625159442424774169921875">
        <ele>0</ele>
        <time>2026-09-07T19:56:02.000Z</time>
        <extensions>
          <ns3:TrackPointExtension>
            <ns3:hr>104</ns3:hr>
          </ns3:TrackPointExtension>
        </extensions>
      </trkpt>
      <trkpt lat="-4.09693940542638301849365234375" lon="-81.05353851802647113800048828125">
        <ele>0</ele>
        <time>2026-09-07T19:56:06.000Z</time>
        <extensions>
          <ns3:TrackPointExtension>
            <ns3:hr>105</ns3:hr>
          </ns3:TrackPointExtension>
        </extensions>
      </trkpt>
      <trkpt lat="-4.09678123891353607177734375" lon="-81.05366709642112255096435546875">
        <ele>0</ele>
        <time>2026-09-07T19:56:10.000Z</time>
        <extensions>
          <ns3:TrackPointExtension>
            <ns3:hr>104</ns3:hr>
          </ns3:TrackPointExtension>
        </extensions>
      </trkpt>
      <trkpt lat="-4.096727259457111358642578125" lon="-81.053709425032138824462890625">
        <ele>0</ele>
        <time>2026-09-07T19:56:12.000Z</time>
        <extensions>
          <ns3:TrackPointExtension>
            <ns3:hr>105</ns3:hr>
          </ns3:TrackPointExtension>
        </extensions>
      </trkpt>
      <trkpt lat="-4.09668878652155399322509765625" lon="-81.053679920732975006103515625">
        <ele>0</ele>
        <time>2026-09-07T19:56:14.000Z</time>
        <extensions>
          <ns3:TrackPointExtension>
            <ns3:hr>105</ns3:hr>
          </ns3:TrackPointExtension>
        </extensions>
      </trkpt>
      <trkpt lat="-4.09672080539166927337646484375" lon="-81.05361077003180980682373046875">
        <ele>0</ele>
        <time>2026-09-07T19:56:16.000Z</time>
        <extensions>
          <ns3:TrackPointExtension>
            <ns3:hr>104</ns3:hr>
          </ns3:TrackPointExtension>
        </extensions>
      </trkpt>
      <trkpt lat="-4.09676204435527324676513671875" lon="-81.05358126573264598846435546875">
        <ele>0</ele>
        <time>2026-09-07T19:56:17.000Z</time>
        <extensions>
          <ns3:TrackPointExtension>
            <ns3:hr>105</ns3:hr>
          </ns3:TrackPointExtension>
        </extensions>
      </trkpt>
      <trkpt lat="-4.096865393221378326416015625" lon="-81.0535282082855701446533203125">
        <ele>0</ele>
        <time>2026-09-07T19:56:19.000Z</time>
        <extensions>
          <ns3:TrackPointExtension>
            <ns3:hr>104</ns3:hr>
          </ns3:TrackPointExtension>
        </extensions>
      </trkpt>
      <trkpt lat="-4.09698148258030414581298828125" lon="-81.05349409393966197967529296875">
        <ele>0</ele>
        <time>2026-09-07T19:56:21.000Z</time>
        <extensions>
          <ns3:TrackPointExtension>
            <ns3:hr>103</ns3:hr>
          </ns3:TrackPointExtension>
        </extensions>
      </trkpt>
      <trkpt lat="-4.09710151143372058868408203125" lon="-81.05346693657338619232177734375">
        <ele>0</ele>
        <time>2026-09-07T19:56:23.000Z</time>
        <extensions>
          <ns3:TrackPointExtension>
            <ns3:hr>105</ns3:hr>
          </ns3:TrackPointExtension>
        </extensions>
      </trkpt>
      <trkpt lat="-4.09721433185040950775146484375" lon="-81.053413040935993194580078125">
        <ele>0</ele>
        <time>2026-09-07T19:56:25.000Z</time>
        <extensions>
          <ns3:TrackPointExtension>
            <ns3:hr>105</ns3:hr>
          </ns3:TrackPointExtension>
        </extensions>
      </trkpt>
      <trkpt lat="-4.09727610647678375244140625" lon="-81.0533877275884151458740234375">
        <ele>0</ele>
        <time>2026-09-07T19:56:26.000Z</time>
        <extensions>
          <ns3:TrackPointExtension>
            <ns3:hr>106</ns3:hr>
          </ns3:TrackPointExtension>
        </extensions>
      </trkpt>
      <trkpt lat="-4.09746293909847736358642578125" lon="-81.0533080995082855224609375">
        <ele>0</ele>
        <time>2026-09-07T19:56:29.000Z</time>
        <extensions>
          <ns3:TrackPointExtension>
            <ns3:hr>106</ns3:hr>
          </ns3:TrackPointExtension>
        </extensions>
      </trkpt>
      <trkpt lat="-4.097520522773265838623046875" lon="-81.0532693751156330108642578125">
        <ele>0</ele>
        <time>2026-09-07T19:56:30.000Z</time>
        <extensions>
          <ns3:TrackPointExtension>
            <ns3:hr>107</ns3:hr>
          </ns3:TrackPointExtension>
        </extensions>
      </trkpt>
      <trkpt lat="-4.09757039509713649749755859375" lon="-81.05322821997106075286865234375">
        <ele>0</ele>
        <time>2026-09-07T19:56:31.000Z</time>
        <extensions>
          <ns3:TrackPointExtension>
            <ns3:hr>109</ns3:hr>
          </ns3:TrackPointExtension>
        </extensions>
      </trkpt>
      <trkpt lat="-4.09759168513119220733642578125" lon="-81.05315512977540493011474609375">
        <ele>0</ele>
        <time>2026-09-07T19:56:33.000Z</time>
        <extensions>
          <ns3:TrackPointExtension>
            <ns3:hr>109</ns3:hr>
          </ns3:TrackPointExtension>
        </extensions>
      </trkpt>
      <trkpt lat="-4.0976165793836116790771484375" lon="-81.05309008620679378509521484375">
        <ele>0</ele>
        <time>2026-09-07T19:56:35.000Z</time>
        <extensions>
          <ns3:TrackPointExtension>
            <ns3:hr>108</ns3:hr>
          </ns3:TrackPointExtension>
        </extensions>
      </trkpt>
      <trkpt lat="-4.0976836346089839935302734375" lon="-81.05303627438843250274658203125">
        <ele>0</ele>
        <time>2026-09-07T19:56:37.000Z</time>
        <extensions>
          <ns3:TrackPointExtension>
            <ns3:hr>107</ns3:hr>
          </ns3:TrackPointExtension>
        </extensions>
      </trkpt>
      <trkpt lat="-4.09773250110447406768798828125" lon="-81.05300559662282466888427734375">
        <ele>0</ele>
        <time>2026-09-07T19:56:38.000Z</time>
        <extensions>
          <ns3:TrackPointExtension>
            <ns3:hr>103</ns3:hr>
          </ns3:TrackPointExtension>
        </extensions>
      </trkpt>
      <trkpt lat="-4.0977875702083110809326171875" lon="-81.05297910980880260467529296875">
        <ele>0</ele>
        <time>2026-09-07T19:56:39.000Z</time>
        <extensions>
          <ns3:TrackPointExtension>
            <ns3:hr>107</ns3:hr>
          </ns3:TrackPointExtension>
        </extensions>
      </trkpt>
      <trkpt lat="-4.09784582443535327911376953125" lon="-81.052955724298954010009765625">
        <ele>0</ele>
        <time>2026-09-07T19:56:40.000Z</time>
        <extensions>
          <ns3:TrackPointExtension>
            <ns3:hr>107</ns3:hr>
          </ns3:TrackPointExtension>
        </extensions>
      </trkpt>
      <trkpt lat="-4.09819786436855792999267578125" lon="-81.05276520363986492156982421875">
        <ele>0</ele>
        <time>2026-09-07T19:56:46.000Z</time>
        <extensions>
          <ns3:TrackPointExtension>
            <ns3:hr>109</ns3:hr>
          </ns3:TrackPointExtension>
        </extensions>
      </trkpt>
      <trkpt lat="-4.09824932925403118133544921875" lon="-81.05273268185555934906005859375">
        <ele>0</ele>
        <time>2026-09-07T19:56:47.000Z</time>
        <extensions>
          <ns3:TrackPointExtension>
            <ns3:hr>106</ns3:hr>
          </ns3:TrackPointExtension>
        </extensions>
      </trkpt>
      <trkpt lat="-4.0982867963612079620361328125" lon="-81.05270334519445896148681640625">
        <ele>0</ele>
        <time>2026-09-07T19:56:48.000Z</time>
        <extensions>
          <ns3:TrackPointExtension>
            <ns3:hr>106</ns3:hr>
          </ns3:TrackPointExtension>
        </extensions>
      </trkpt>
      <trkpt lat="-4.09830364398658275604248046875" lon="-81.05268037877976894378662109375">
        <ele>0</ele>
        <time>2026-09-07T19:56:49.000Z</time>
        <extensions>
          <ns3:TrackPointExtension>
            <ns3:hr>105</ns3:hr>
          </ns3:TrackPointExtension>
        </extensions>
      </trkpt>
      <trkpt lat="-4.09830247052013874053955078125" lon="-81.05266830883920192718505859375">
        <ele>0</ele>
        <time>2026-09-07T19:56:50.000Z</time>
        <extensions>
          <ns3:TrackPointExtension>
            <ns3:hr>105</ns3:hr>
          </ns3:TrackPointExtension>
        </extensions>
      </trkpt>
      <trkpt lat="-4.09828201867640018463134765625" lon="-81.05266906321048736572265625">
        <ele>0</ele>
        <time>2026-09-07T19:56:51.000Z</time>
        <extensions>
          <ns3:TrackPointExtension>
            <ns3:hr>106</ns3:hr>
          </ns3:TrackPointExtension>
        </extensions>
      </trkpt>
      <trkpt lat="-4.09815612249076366424560546875" lon="-81.0527007468044757843017578125">
        <ele>0</ele>
        <time>2026-09-07T19:56:54.000Z</time>
        <extensions>
          <ns3:TrackPointExtension>
            <ns3:hr>104</ns3:hr>
          </ns3:TrackPointExtension>
        </extensions>
      </trkpt>
      <trkpt lat="-4.098099209368228912353515625" lon="-81.05272413231432437896728515625">
        <ele>0</ele>
        <time>2026-09-07T19:56:55.000Z</time>
        <extensions>
          <ns3:TrackPointExtension>
            <ns3:hr>104</ns3:hr>
          </ns3:TrackPointExtension>
        </extensions>
      </trkpt>
      <trkpt lat="-4.0978335030376911163330078125" lon="-81.05289034545421600341796875">
        <ele>0</ele>
        <time>2026-09-07T19:57:00.000Z</time>
        <extensions>
          <ns3:TrackPointExtension>
            <ns3:hr>102</ns3:hr>
          </ns3:TrackPointExtension>
        </extensions>
      </trkpt>
      <trkpt lat="-4.0976321697235107421875" lon="-81.053002662956714630126953125">
        <ele>0</ele>
        <time>2026-09-07T19:57:04.000Z</time>
        <extensions>
          <ns3:TrackPointExtension>
            <ns3:hr>103</ns3:hr>
          </ns3:TrackPointExtension>
        </extensions>
      </trkpt>
      <trkpt lat="-4.0975262224674224853515625" lon="-81.05305152945220470428466796875">
        <ele>0</ele>
        <time>2026-09-07T19:57:06.000Z</time>
        <extensions>
          <ns3:TrackPointExtension>
            <ns3:hr>103</ns3:hr>
          </ns3:TrackPointExtension>
        </extensions>
      </trkpt>
      <trkpt lat="-4.09737794660031795501708984375" lon="-81.05317390523850917816162109375">
        <ele>0</ele>
        <time>2026-09-07T19:57:09.000Z</time>
        <extensions>
          <ns3:TrackPointExtension>
            <ns3:hr>104</ns3:hr>
          </ns3:TrackPointExtension>
        </extensions>
      </trkpt>
      <trkpt lat="-4.097290523350238800048828125" lon="-81.05325822718441486358642578125">
        <ele>0</ele>
        <time>2026-09-07T19:57:11.000Z</time>
        <extensions>
          <ns3:TrackPointExtension>
            <ns3:hr>104</ns3:hr>
          </ns3:TrackPointExtension>
        </extensions>
      </trkpt>
      <trkpt lat="-4.0969986654818058013916015625" lon="-81.05348956771194934844970703125">
        <ele>0</ele>
        <time>2026-09-07T19:57:18.000Z</time>
        <extensions>
          <ns3:TrackPointExtension>
            <ns3:hr>106</ns3:hr>
          </ns3:TrackPointExtension>
        </extensions>
      </trkpt>
      <trkpt lat="-4.09691308625042438507080078125" lon="-81.05355511419475078582763671875">
        <ele>0</ele>
        <time>2026-09-07T19:57:20.000Z</time>
        <extensions>
          <ns3:TrackPointExtension>
            <ns3:hr>107</ns3:hr>
          </ns3:TrackPointExtension>
        </extensions>
      </trkpt>
      <trkpt lat="-4.09683831967413425445556640625" lon="-81.0536254383623600006103515625">
        <ele>0</ele>
        <time>2026-09-07T19:57:22.000Z</time>
        <extensions>
          <ns3:TrackPointExtension>
            <ns3:hr>104</ns3:hr>
          </ns3:TrackPointExtension>
        </extensions>
      </trkpt>
      <trkpt lat="-4.096808396279811859130859375" lon="-81.05364262126386165618896484375">
        <ele>0</ele>
        <time>2026-09-07T19:57:23.000Z</time>
        <extensions>
          <ns3:TrackPointExtension>
            <ns3:hr>106</ns3:hr>
          </ns3:TrackPointExtension>
        </extensions>
      </trkpt>
      <trkpt lat="-4.0967844240367412567138671875" lon="-81.05363197624683380126953125">
        <ele>0</ele>
        <time>2026-09-07T19:57:24.000Z</time>
        <extensions>
          <ns3:TrackPointExtension>
            <ns3:hr>105</ns3:hr>
          </ns3:TrackPointExtension>
        </extensions>
      </trkpt>
      <trkpt lat="-4.09676858223974704742431640625" lon="-81.05354555882513523101806640625">
        <ele>0</ele>
        <time>2026-09-07T19:57:26.000Z</time>
        <extensions>
          <ns3:TrackPointExtension>
            <ns3:hr>107</ns3:hr>
          </ns3:TrackPointExtension>
        </extensions>
      </trkpt>
      <trkpt lat="-4.09679724834859371185302734375" lon="-81.05350532568991184234619140625">
        <ele>0</ele>
        <time>2026-09-07T19:57:27.000Z</time>
        <extensions>
          <ns3:TrackPointExtension>
            <ns3:hr>107</ns3:hr>
          </ns3:TrackPointExtension>
        </extensions>
      </trkpt>
      <trkpt lat="-4.09684234298765659332275390625" lon="-81.0534718818962574005126953125">
        <ele>0</ele>
        <time>2026-09-07T19:57:28.000Z</time>
        <extensions>
          <ns3:TrackPointExtension>
            <ns3:hr>105</ns3:hr>
          </ns3:TrackPointExtension>
        </extensions>
      </trkpt>
      <trkpt lat="-4.09700780175626277923583984375" lon="-81.05339191854000091552734375">
        <ele>0</ele>
        <time>2026-09-07T19:57:31.000Z</time>
        <extensions>
          <ns3:TrackPointExtension>
            <ns3:hr>105</ns3:hr>
          </ns3:TrackPointExtension>
        </extensions>
      </trkpt>
      <trkpt lat="-4.0973175130784511566162109375" lon="-81.05326141230762004852294921875">
        <ele>0</ele>
        <time>2026-09-07T19:57:36.000Z</time>
        <extensions>
          <ns3:TrackPointExtension>
            <ns3:hr>108</ns3:hr>
          </ns3:TrackPointExtension>
        </extensions>
      </trkpt>
      <trkpt lat="-4.09738473594188690185546875" lon="-81.05323500931262969970703125">
        <ele>0</ele>
        <time>2026-09-07T19:57:37.000Z</time>
        <extensions>
          <ns3:TrackPointExtension>
            <ns3:hr>107</ns3:hr>
          </ns3:TrackPointExtension>
        </extensions>
      </trkpt>
      <trkpt lat="-4.09751943312585353851318359375" lon="-81.053172647953033447265625">
        <ele>0</ele>
        <time>2026-09-07T19:57:39.000Z</time>
        <extensions>
          <ns3:TrackPointExtension>
            <ns3:hr>104</ns3:hr>
          </ns3:TrackPointExtension>
        </extensions>
      </trkpt>
      <trkpt lat="-4.09773484803736209869384765625" lon="-81.05305530130863189697265625">
        <ele>0</ele>
        <time>2026-09-07T19:57:42.000Z</time>
        <extensions>
          <ns3:TrackPointExtension>
            <ns3:hr>107</ns3:hr>
          </ns3:TrackPointExtension>
        </extensions>
      </trkpt>
      <trkpt lat="-4.09780240617692470550537109375" lon="-81.0529924370348453521728515625">
        <ele>0</ele>
        <time>2026-09-07T19:57:43.000Z</time>
        <extensions>
          <ns3:TrackPointExtension>
            <ns3:hr>107</ns3:hr>
          </ns3:TrackPointExtension>
        </extensions>
      </trkpt>
      <trkpt lat="-4.09788941033184528350830078125" lon="-81.05288422666490077972412109375">
        <ele>0</ele>
        <time>2026-09-07T19:57:45.000Z</time>
        <extensions>
          <ns3:TrackPointExtension>
            <ns3:hr>110</ns3:hr>
          </ns3:TrackPointExtension>
        </extensions>
      </trkpt>
      <trkpt lat="-4.0979069285094738006591796875" lon="-81.0528425686061382293701171875">
        <ele>0</ele>
        <time>2026-09-07T19:57:46.000Z</time>
        <extensions>
          <ns3:TrackPointExtension>
            <ns3:hr>108</ns3:hr>
          </ns3:TrackPointExtension>
        </extensions>
      </trkpt>
      <trkpt lat="-4.0979444794356822967529296875" lon="-81.05274927802383899688720703125">
        <ele>0</ele>
        <time>2026-09-07T19:57:48.000Z</time>
        <extensions>
          <ns3:TrackPointExtension>
            <ns3:hr>107</ns3:hr>
          </ns3:TrackPointExtension>
        </extensions>
      </trkpt>
      <trkpt lat="-4.09803693182766437530517578125" lon="-81.05269731022417545318603515625">
        <ele>0</ele>
        <time>2026-09-07T19:57:50.000Z</time>
        <extensions>
          <ns3:TrackPointExtension>
            <ns3:hr>107</ns3:hr>
          </ns3:TrackPointExtension>
        </extensions>
      </trkpt>
      <trkpt lat="-4.09832644276320934295654296875" lon="-81.05265372432768344879150390625">
        <ele>0</ele>
        <time>2026-09-07T19:57:55.000Z</time>
        <extensions>
          <ns3:TrackPointExtension>
            <ns3:hr>107</ns3:hr>
          </ns3:TrackPointExtension>
        </extensions>
      </trkpt>
      <trkpt lat="-4.0985124371945858001708984375" lon="-81.052604019641876220703125">
        <ele>0</ele>
        <time>2026-09-07T19:57:58.000Z</time>
        <extensions>
          <ns3:TrackPointExtension>
            <ns3:hr>106</ns3:hr>
          </ns3:TrackPointExtension>
        </extensions>
      </trkpt>
      <trkpt lat="-4.0987082384526729583740234375" lon="-81.0525290854275226593017578125">
        <ele>0</ele>
        <time>2026-09-07T19:58:01.000Z</time>
        <extensions>
          <ns3:TrackPointExtension>
            <ns3:hr>107</ns3:hr>
          </ns3:TrackPointExtension>
        </extensions>
      </trkpt>
      <trkpt lat="-4.0988594479858875274658203125" lon="-81.05247871018946170806884765625">
        <ele>0</ele>
        <time>2026-09-07T19:58:04.000Z</time>
        <extensions>
          <ns3:TrackPointExtension>
            <ns3:hr>108</ns3:hr>
          </ns3:TrackPointExtension>
        </extensions>
      </trkpt>
      <trkpt lat="-4.09887696616351604461669921875" lon="-81.05246596969664096832275390625">
        <ele>0</ele>
        <time>2026-09-07T19:58:05.000Z</time>
        <extensions>
          <ns3:TrackPointExtension>
            <ns3:hr>108</ns3:hr>
          </ns3:TrackPointExtension>
        </extensions>
      </trkpt>
      <trkpt lat="-4.0988700091838836669921875" lon="-81.0524499602615833282470703125">
        <ele>0</ele>
        <time>2026-09-07T19:58:06.000Z</time>
        <extensions>
          <ns3:TrackPointExtension>
            <ns3:hr>107</ns3:hr>
          </ns3:TrackPointExtension>
        </extensions>
      </trkpt>
      <trkpt lat="-4.0988378226757049560546875" lon="-81.05244434438645839691162109375">
        <ele>0</ele>
        <time>2026-09-07T19:58:07.000Z</time>
        <extensions>
          <ns3:TrackPointExtension>
            <ns3:hr>107</ns3:hr>
          </ns3:TrackPointExtension>
        </extensions>
      </trkpt>
      <trkpt lat="-4.09873028285801410675048828125" lon="-81.0524792969226837158203125">
        <ele>0</ele>
        <time>2026-09-07T19:58:09.000Z</time>
        <extensions>
          <ns3:TrackPointExtension>
            <ns3:hr>107</ns3:hr>
          </ns3:TrackPointExtension>
        </extensions>
      </trkpt>
      <trkpt lat="-4.09867630340158939361572265625" lon="-81.05250318534672260284423828125">
        <ele>0</ele>
        <time>2026-09-07T19:58:10.000Z</time>
        <extensions>
          <ns3:TrackPointExtension>
            <ns3:hr>108</ns3:hr>
          </ns3:TrackPointExtension>
        </extensions>
      </trkpt>
      <trkpt lat="-4.09846390597522258758544921875" lon="-81.05261935852468013763427734375">
        <ele>0</ele>
        <time>2026-09-07T19:58:14.000Z</time>
        <extensions>
          <ns3:TrackPointExtension>
            <ns3:hr>108</ns3:hr>
          </ns3:TrackPointExtension>
        </extensions>
      </trkpt>
      <trkpt lat="-4.0984182246029376983642578125" lon="-81.05264517478644847869873046875">
        <ele>0</ele>
        <time>2026-09-07T19:58:15.000Z</time>
        <extensions>
          <ns3:TrackPointExtension>
            <ns3:hr>104</ns3:hr>
          </ns3:TrackPointExtension>
        </extensions>
      </trkpt>
      <trkpt lat="-4.09831018187105655670166015625" lon="-81.05270938016474246978759765625">
        <ele>0</ele>
        <time>2026-09-07T19:58:17.000Z</time>
        <extensions>
          <ns3:TrackPointExtension>
            <ns3:hr>103</ns3:hr>
          </ns3:TrackPointExtension>
        </extensions>
      </trkpt>
      <trkpt lat="-4.09800055436789989471435546875" lon="-81.0529138147830963134765625">
        <ele>0</ele>
        <time>2026-09-07T19:58:24.000Z</time>
        <extensions>
          <ns3:TrackPointExtension>
            <ns3:hr>104</ns3:hr>
          </ns3:TrackPointExtension>
        </extensions>
      </trkpt>
      <trkpt lat="-4.09787683747708797454833984375" lon="-81.0529983043670654296875">
        <ele>0</ele>
        <time>2026-09-07T19:58:27.000Z</time>
        <extensions>
          <ns3:TrackPointExtension>
            <ns3:hr>103</ns3:hr>
          </ns3:TrackPointExtension>
        </extensions>
      </trkpt>
      <trkpt lat="-4.09779117442667484283447265625" lon="-81.0530693829059600830078125">
        <ele>0</ele>
        <time>2026-09-07T19:58:29.000Z</time>
        <extensions>
          <ns3:TrackPointExtension>
            <ns3:hr>106</ns3:hr>
          </ns3:TrackPointExtension>
        </extensions>
      </trkpt>
      <trkpt lat="-4.09775462932884693145751953125" lon="-81.05309746228158473968505859375">
        <ele>0</ele>
        <time>2026-09-07T19:58:30.000Z</time>
        <extensions>
          <ns3:TrackPointExtension>
            <ns3:hr>106</ns3:hr>
          </ns3:TrackPointExtension>
        </extensions>
      </trkpt>
      <trkpt lat="-4.09768455661833286285400390625" lon="-81.0531471669673919677734375">
        <ele>0</ele>
        <time>2026-09-07T19:58:32.000Z</time>
        <extensions>
          <ns3:TrackPointExtension>
            <ns3:hr>105</ns3:hr>
          </ns3:TrackPointExtension>
        </extensions>
      </trkpt>
      <trkpt lat="-4.09756737761199474334716796875" lon="-81.05324045754969120025634765625">
        <ele>0</ele>
        <time>2026-09-07T19:58:35.000Z</time>
        <extensions>
          <ns3:TrackPointExtension>
            <ns3:hr>105</ns3:hr>
          </ns3:TrackPointExtension>
        </extensions>
      </trkpt>
      <trkpt lat="-4.09753301180899143218994140625" lon="-81.05327549390494823455810546875">
        <ele>0</ele>
        <time>2026-09-07T19:58:36.000Z</time>
        <extensions>
          <ns3:TrackPointExtension>
            <ns3:hr>103</ns3:hr>
          </ns3:TrackPointExtension>
        </extensions>
      </trkpt>
      <trkpt lat="-4.09750317223370075225830078125" lon="-81.053300388157367706298828125">
        <ele>0</ele>
        <time>2026-09-07T19:58:37.000Z</time>
        <extensions>
          <ns3:TrackPointExtension>
            <ns3:hr>103</ns3:hr>
          </ns3:TrackPointExtension>
        </extensions>
      </trkpt>
      <trkpt lat="-4.0974633581936359405517578125" lon="-81.05327515862882137298583984375">
        <ele>0</ele>
        <time>2026-09-07T19:58:39.000Z</time>
        <extensions>
          <ns3:TrackPointExtension>
            <ns3:hr>104</ns3:hr>
          </ns3:TrackPointExtension>
        </extensions>
      </trkpt>
      <trkpt lat="-4.09751255996525287628173828125" lon="-81.0532033257186412811279296875">
        <ele>0</ele>
        <time>2026-09-07T19:58:41.000Z</time>
        <extensions>
          <ns3:TrackPointExtension>
            <ns3:hr>104</ns3:hr>
          </ns3:TrackPointExtension>
        </extensions>
      </trkpt>
      <trkpt lat="-4.09756335429847240447998046875" lon="-81.05317826382815837860107421875">
        <ele>0</ele>
        <time>2026-09-07T19:58:42.000Z</time>
        <extensions>
          <ns3:TrackPointExtension>
            <ns3:hr>104</ns3:hr>
          </ns3:TrackPointExtension>
        </extensions>
      </trkpt>
      <trkpt lat="-4.097696878015995025634765625" lon="-81.05312143452465534210205078125">
        <ele>0</ele>
        <time>2026-09-07T19:58:44.000Z</time>
        <extensions>
          <ns3:TrackPointExtension>
            <ns3:hr>104</ns3:hr>
          </ns3:TrackPointExtension>
        </extensions>
      </trkpt>
      <trkpt lat="-4.09775060601532459259033203125" lon="-81.05310433544218540191650390625">
        <ele>0</ele>
        <time>2026-09-07T19:58:45.000Z</time>
        <extensions>
          <ns3:TrackPointExtension>
            <ns3:hr>104</ns3:hr>
          </ns3:TrackPointExtension>
        </extensions>
      </trkpt>
      <trkpt lat="-4.09807984717190265655517578125" lon="-81.05298983864486217498779296875">
        <ele>0</ele>
        <time>2026-09-07T19:58:50.000Z</time>
        <extensions>
          <ns3:TrackPointExtension>
            <ns3:hr>101</ns3:hr>
          </ns3:TrackPointExtension>
        </extensions>
      </trkpt>
      <trkpt lat="-4.0982021391391754150390625" lon="-81.0529451631009578704833984375">
        <ele>0</ele>
        <time>2026-09-07T19:58:52.000Z</time>
        <extensions>
          <ns3:TrackPointExtension>
            <ns3:hr>103</ns3:hr>
          </ns3:TrackPointExtension>
        </extensions>
      </trkpt>
      <trkpt lat="-4.09824245609343051910400390625" lon="-81.05290551669895648956298828125">
        <ele>0</ele>
        <time>2026-09-07T19:58:54.000Z</time>
        <extensions>
          <ns3:TrackPointExtension>
            <ns3:hr>103</ns3:hr>
          </ns3:TrackPointExtension>
        </extensions>
      </trkpt>
      <trkpt lat="-4.09827925264835357666015625" lon="-81.05282907374203205108642578125">
        <ele>0</ele>
        <time>2026-09-07T19:58:58.000Z</time>
        <extensions>
          <ns3:TrackPointExtension>
            <ns3:hr>104</ns3:hr>
          </ns3:TrackPointExtension>
        </extensions>
      </trkpt>
      <trkpt lat="-4.09818680025637149810791015625" lon="-81.05281599797308444976806640625">
        <ele>0</ele>
        <time>2026-09-07T19:59:01.000Z</time>
        <extensions>
          <ns3:TrackPointExtension>
            <ns3:hr>104</ns3:hr>
          </ns3:TrackPointExtension>
        </extensions>
      </trkpt>
      <trkpt lat="-4.09814522601664066314697265625" lon="-81.052831001579761505126953125">
        <ele>0</ele>
        <time>2026-09-07T19:59:02.000Z</time>
        <extensions>
          <ns3:TrackPointExtension>
            <ns3:hr>105</ns3:hr>
          </ns3:TrackPointExtension>
        </extensions>
      </trkpt>
      <trkpt lat="-4.09794037230312824249267578125" lon="-81.05292814783751964569091796875">
        <ele>0</ele>
        <time>2026-09-07T19:59:06.000Z</time>
        <extensions>
          <ns3:TrackPointExtension>
            <ns3:hr>105</ns3:hr>
          </ns3:TrackPointExtension>
        </extensions>
      </trkpt>
      <trkpt lat="-4.0975840575993061065673828125" lon="-81.0531305707991123199462890625">
        <ele>0</ele>
        <time>2026-09-07T19:59:13.000Z</time>
        <extensions>
          <ns3:TrackPointExtension>
            <ns3:hr>107</ns3:hr>
          </ns3:TrackPointExtension>
        </extensions>
      </trkpt>
      <trkpt lat="-4.09731005318462848663330078125" lon="-81.05327163822948932647705078125">
        <ele>0</ele>
        <time>2026-09-07T19:59:18.000Z</time>
        <extensions>
          <ns3:TrackPointExtension>
            <ns3:hr>110</ns3:hr>
          </ns3:TrackPointExtension>
        </extensions>
      </trkpt>
      <trkpt lat="-4.097203351557254791259765625" lon="-81.05335059575736522674560546875">
        <ele>0</ele>
        <time>2026-09-07T19:59:20.000Z</time>
        <extensions>
          <ns3:TrackPointExtension>
            <ns3:hr>111</ns3:hr>
          </ns3:TrackPointExtension>
        </extensions>
      </trkpt>
      <trkpt lat="-4.09716621972620487213134765625" lon="-81.0533780045807361602783203125">
        <ele>0</ele>
        <time>2026-09-07T19:59:21.000Z</time>
        <extensions>
          <ns3:TrackPointExtension>
            <ns3:hr>110</ns3:hr>
          </ns3:TrackPointExtension>
        </extensions>
      </trkpt>
      <trkpt lat="-4.0969835780560970306396484375" lon="-81.05349627323448657989501953125">
        <ele>0</ele>
        <time>2026-09-07T19:59:25.000Z</time>
        <extensions>
          <ns3:TrackPointExtension>
            <ns3:hr>110</ns3:hr>
          </ns3:TrackPointExtension>
        </extensions>
      </trkpt>
      <trkpt lat="-4.09672264941036701202392578125" lon="-81.05363868176937103271484375">
        <ele>0</ele>
        <time>2026-09-07T19:59:31.000Z</time>
        <extensions>
          <ns3:TrackPointExtension>
            <ns3:hr>111</ns3:hr>
          </ns3:TrackPointExtension>
        </extensions>
      </trkpt>
      <trkpt lat="-4.0966214798390865325927734375" lon="-81.0537062399089336395263671875">
        <ele>0</ele>
        <time>2026-09-07T19:59:33.000Z</time>
        <extensions>
          <ns3:TrackPointExtension>
            <ns3:hr>111</ns3:hr>
          </ns3:TrackPointExtension>
        </extensions>
      </trkpt>
      <trkpt lat="-4.09641738049685955047607421875" lon="-81.053855605423450469970703125">
        <ele>0</ele>
        <time>2026-09-07T19:59:38.000Z</time>
        <extensions>
          <ns3:TrackPointExtension>
            <ns3:hr>109</ns3:hr>
          </ns3:TrackPointExtension>
        </extensions>
      </trkpt>
      <trkpt lat="-4.0962996147572994232177734375" lon="-81.0539550147950649261474609375">
        <ele>0</ele>
        <time>2026-09-07T19:59:41.000Z</time>
        <extensions>
          <ns3:TrackPointExtension>
            <ns3:hr>109</ns3:hr>
          </ns3:TrackPointExtension>
        </extensions>
      </trkpt>
      <trkpt lat="-4.0962328948080539703369140625" lon="-81.05399633757770061492919921875">
        <ele>0</ele>
        <time>2026-09-07T19:59:43.000Z</time>
        <extensions>
          <ns3:TrackPointExtension>
            <ns3:hr>109</ns3:hr>
          </ns3:TrackPointExtension>
        </extensions>
      </trkpt>
      <trkpt lat="-4.096003733575344085693359375" lon="-81.054132878780364990234375">
        <ele>0</ele>
        <time>2026-09-07T19:59:48.000Z</time>
        <extensions>
          <ns3:TrackPointExtension>
            <ns3:hr>109</ns3:hr>
          </ns3:TrackPointExtension>
        </extensions>
      </trkpt>
      <trkpt lat="-4.09591681323945522308349609375" lon="-81.05420538224279880523681640625">
        <ele>0</ele>
        <time>2026-09-07T19:59:50.000Z</time>
        <extensions>
          <ns3:TrackPointExtension>
            <ns3:hr>108</ns3:hr>
          </ns3:TrackPointExtension>
        </extensions>
      </trkpt>
      <trkpt lat="-4.0958650968968868255615234375" lon="-81.054224073886871337890625">
        <ele>0</ele>
        <time>2026-09-07T19:59:52.000Z</time>
        <extensions>
          <ns3:TrackPointExtension>
            <ns3:hr>108</ns3:hr>
          </ns3:TrackPointExtension>
        </extensions>
      </trkpt>
      <trkpt lat="-4.0958469919860363006591796875" lon="-81.05416364036500453948974609375">
        <ele>0</ele>
        <time>2026-09-07T19:59:54.000Z</time>
        <extensions>
          <ns3:TrackPointExtension>
            <ns3:hr>108</ns3:hr>
          </ns3:TrackPointExtension>
        </extensions>
      </trkpt>
      <trkpt lat="-4.095916561782360076904296875" lon="-81.0540924780070781707763671875">
        <ele>0</ele>
        <time>2026-09-07T19:59:56.000Z</time>
        <extensions>
          <ns3:TrackPointExtension>
            <ns3:hr>106</ns3:hr>
          </ns3:TrackPointExtension>
        </extensions>
      </trkpt>
      <trkpt lat="-4.09597045741975307464599609375" lon="-81.05406649410724639892578125">
        <ele>0</ele>
        <time>2026-09-07T19:59:57.000Z</time>
        <extensions>
          <ns3:TrackPointExtension>
            <ns3:hr>108</ns3:hr>
          </ns3:TrackPointExtension>
        </extensions>
      </trkpt>
      <trkpt lat="-4.09616424702107906341552734375" lon="-81.05399097315967082977294921875">
        <ele>0</ele>
        <time>2026-09-07T20:00:00.000Z</time>
        <extensions>
          <ns3:TrackPointExtension>
            <ns3:hr>108</ns3:hr>
          </ns3:TrackPointExtension>
        </extensions>
      </trkpt>
      <trkpt lat="-4.09655400551855564117431640625" lon="-81.05383590795099735260009765625">
        <ele>0</ele>
        <time>2026-09-07T20:00:06.000Z</time>
        <extensions>
          <ns3:TrackPointExtension>
            <ns3:hr>107</ns3:hr>
          </ns3:TrackPointExtension>
        </extensions>
      </trkpt>
      <trkpt lat="-4.0970030240714550018310546875" lon="-81.05364128015935420989990234375">
        <ele>0</ele>
        <time>2026-09-07T20:00:12.000Z</time>
        <extensions>
          <ns3:TrackPointExtension>
            <ns3:hr>107</ns3:hr>
          </ns3:TrackPointExtension>
        </extensions>
      </trkpt>
      <trkpt lat="-4.09720393829047679901123046875" lon="-81.05351069010794162750244140625">
        <ele>0</ele>
        <time>2026-09-07T20:00:15.000Z</time>
        <extensions>
          <ns3:TrackPointExtension>
            <ns3:hr>107</ns3:hr>
          </ns3:TrackPointExtension>
        </extensions>
      </trkpt>
      <trkpt lat="-4.09722380340099334716796875" lon="-81.05347364209592342376708984375">
        <ele>0</ele>
        <time>2026-09-07T20:00:16.000Z</time>
        <extensions>
          <ns3:TrackPointExtension>
            <ns3:hr>106</ns3:hr>
          </ns3:TrackPointExtension>
        </extensions>
      </trkpt>
      <trkpt lat="-4.09724551253020763397216796875" lon="-81.05341681279242038726806640625">
        <ele>0</ele>
        <time>2026-09-07T20:00:17.000Z</time>
        <extensions>
          <ns3:TrackPointExtension>
            <ns3:hr>107</ns3:hr>
          </ns3:TrackPointExtension>
        </extensions>
      </trkpt>
      <trkpt lat="-4.09730033017694950103759765625" lon="-81.0533317364752292633056640625">
        <ele>0</ele>
        <time>2026-09-07T20:00:19.000Z</time>
        <extensions>
          <ns3:TrackPointExtension>
            <ns3:hr>106</ns3:hr>
          </ns3:TrackPointExtension>
        </extensions>
      </trkpt>
      <trkpt lat="-4.0973785333335399627685546875" lon="-81.0532844625413417816162109375">
        <ele>0</ele>
        <time>2026-09-07T20:00:21.000Z</time>
        <extensions>
          <ns3:TrackPointExtension>
            <ns3:hr>106</ns3:hr>
          </ns3:TrackPointExtension>
        </extensions>
      </trkpt>
      <trkpt lat="-4.09749713726341724395751953125" lon="-81.05323794297873973846435546875">
        <ele>0</ele>
        <time>2026-09-07T20:00:23.000Z</time>
        <extensions>
          <ns3:TrackPointExtension>
            <ns3:hr>104</ns3:hr>
          </ns3:TrackPointExtension>
        </extensions>
      </trkpt>
      <trkpt lat="-4.09759235568344593048095703125" lon="-81.05319100432097911834716796875">
        <ele>0</ele>
        <time>2026-09-07T20:00:25.000Z</time>
        <extensions>
          <ns3:TrackPointExtension>
            <ns3:hr>101</ns3:hr>
          </ns3:TrackPointExtension>
        </extensions>
      </trkpt>
      <trkpt lat="-4.09772076644003391265869140625" lon="-81.05310752056539058685302734375">
        <ele>0</ele>
        <time>2026-09-07T20:00:27.000Z</time>
        <extensions>
          <ns3:TrackPointExtension>
            <ns3:hr>99</ns3:hr>
          </ns3:TrackPointExtension>
        </extensions>
      </trkpt>
      <trkpt lat="-4.097967110574245452880859375" lon="-81.052972488105297088623046875">
        <ele>0</ele>
        <time>2026-09-07T20:00:31.000Z</time>
        <extensions>
          <ns3:TrackPointExtension>
            <ns3:hr>98</ns3:hr>
          </ns3:TrackPointExtension>
        </extensions>
      </trkpt>
      <trkpt lat="-4.09806610085070133209228515625" lon="-81.05289864353835582733154296875">
        <ele>0</ele>
        <time>2026-09-07T20:00:33.000Z</time>
        <extensions>
          <ns3:TrackPointExtension>
            <ns3:hr>98</ns3:hr>
          </ns3:TrackPointExtension>
        </extensions>
      </trkpt>
      <trkpt lat="-4.0980993770062923431396484375" lon="-81.0528539679944515228271484375">
        <ele>0</ele>
        <time>2026-09-07T20:00:34.000Z</time>
        <extensions>
          <ns3:TrackPointExtension>
            <ns3:hr>98</ns3:hr>
          </ns3:TrackPointExtension>
        </extensions>
      </trkpt>
      <trkpt lat="-4.098117314279079437255859375" lon="-81.05276294052600860595703125">
        <ele>0</ele>
        <time>2026-09-07T20:00:36.000Z</time>
        <extensions>
          <ns3:TrackPointExtension>
            <ns3:hr>99</ns3:hr>
          </ns3:TrackPointExtension>
        </extensions>
      </trkpt>
      <trkpt lat="-4.09803709946572780609130859375" lon="-81.0527024231851100921630859375">
        <ele>0</ele>
        <time>2026-09-07T20:00:39.000Z</time>
        <extensions>
          <ns3:TrackPointExtension>
            <ns3:hr>99</ns3:hr>
          </ns3:TrackPointExtension>
        </extensions>
      </trkpt>
      <trkpt lat="-4.09799636341631412506103515625" lon="-81.052699573338031768798828125">
        <ele>0</ele>
        <time>2026-09-07T20:00:40.000Z</time>
        <extensions>
          <ns3:TrackPointExtension>
            <ns3:hr>99</ns3:hr>
          </ns3:TrackPointExtension>
        </extensions>
      </trkpt>
      <trkpt lat="-4.097886644303798675537109375" lon="-81.0527319274842739105224609375">
        <ele>0</ele>
        <time>2026-09-07T20:00:42.000Z</time>
        <extensions>
          <ns3:TrackPointExtension>
            <ns3:hr>100</ns3:hr>
          </ns3:TrackPointExtension>
        </extensions>
      </trkpt>
      <trkpt lat="-4.09771523438394069671630859375" lon="-81.052828989923000335693359375">
        <ele>0</ele>
        <time>2026-09-07T20:00:45.000Z</time>
        <extensions>
          <ns3:TrackPointExtension>
            <ns3:hr>101</ns3:hr>
          </ns3:TrackPointExtension>
        </extensions>
      </trkpt>
      <trkpt lat="-4.09767516888678073883056640625" lon="-81.05286276899278163909912109375">
        <ele>0</ele>
        <time>2026-09-07T20:00:46.000Z</time>
        <extensions>
          <ns3:TrackPointExtension>
            <ns3:hr>101</ns3:hr>
          </ns3:TrackPointExtension>
        </extensions>
      </trkpt>
      <trkpt lat="-4.0976206026971340179443359375" lon="-81.0529019124805927276611328125">
        <ele>0</ele>
        <time>2026-09-07T20:00:47.000Z</time>
        <extensions>
          <ns3:TrackPointExtension>
            <ns3:hr>103</ns3:hr>
          </ns3:TrackPointExtension>
        </extensions>
      </trkpt>
      <trkpt lat="-4.0973822213709354400634765625" lon="-81.0530801117420196533203125">
        <ele>0</ele>
        <time>2026-09-07T20:00:52.000Z</time>
        <extensions>
          <ns3:TrackPointExtension>
            <ns3:hr>100</ns3:hr>
          </ns3:TrackPointExtension>
        </extensions>
      </trkpt>
      <trkpt lat="-4.09710603766143321990966796875" lon="-81.05326677672564983367919921875">
        <ele>0</ele>
        <time>2026-09-07T20:00:58.000Z</time>
        <extensions>
          <ns3:TrackPointExtension>
            <ns3:hr>100</ns3:hr>
          </ns3:TrackPointExtension>
        </extensions>
      </trkpt>
      <trkpt lat="-4.09706287086009979248046875" lon="-81.05329326353967189788818359375">
        <ele>0</ele>
        <time>2026-09-07T20:00:59.000Z</time>
        <extensions>
          <ns3:TrackPointExtension>
            <ns3:hr>100</ns3:hr>
          </ns3:TrackPointExtension>
        </extensions>
      </trkpt>
      <trkpt lat="-4.09694485366344451904296875" lon="-81.05337222106754779815673828125">
        <ele>0</ele>
        <time>2026-09-07T20:01:02.000Z</time>
        <extensions>
          <ns3:TrackPointExtension>
            <ns3:hr>99</ns3:hr>
          </ns3:TrackPointExtension>
        </extensions>
      </trkpt>
      <trkpt lat="-4.09686044789850711822509765625" lon="-81.05342251248657703399658203125">
        <ele>0</ele>
        <time>2026-09-07T20:01:05.000Z</time>
        <extensions>
          <ns3:TrackPointExtension>
            <ns3:hr>99</ns3:hr>
          </ns3:TrackPointExtension>
        </extensions>
      </trkpt>
      <trkpt lat="-4.096846282482147216796875" lon="-81.05335411615669727325439453125">
        <ele>0</ele>
        <time>2026-09-07T20:01:07.000Z</time>
        <extensions>
          <ns3:TrackPointExtension>
            <ns3:hr>100</ns3:hr>
          </ns3:TrackPointExtension>
        </extensions>
      </trkpt>
      <trkpt lat="-4.09691878594458103179931640625" lon="-81.0532978735864162445068359375">
        <ele>0</ele>
        <time>2026-09-07T20:01:09.000Z</time>
        <extensions>
          <ns3:TrackPointExtension>
            <ns3:hr>99</ns3:hr>
          </ns3:TrackPointExtension>
        </extensions>
      </trkpt>
      <trkpt lat="-4.0969684906303882598876953125" lon="-81.0532821156084537506103515625">
        <ele>0</ele>
        <time>2026-09-07T20:01:10.000Z</time>
        <extensions>
          <ns3:TrackPointExtension>
            <ns3:hr>99</ns3:hr>
          </ns3:TrackPointExtension>
        </extensions>
      </trkpt>
      <trkpt lat="-4.0971421636641025543212890625" lon="-81.0532210953533649444580078125">
        <ele>0</ele>
        <time>2026-09-07T20:01:13.000Z</time>
        <extensions>
          <ns3:TrackPointExtension>
            <ns3:hr>100</ns3:hr>
          </ns3:TrackPointExtension>
        </extensions>
      </trkpt>
      <trkpt lat="-4.0971882641315460205078125" lon="-81.0531999729573726654052734375">
        <ele>0</ele>
        <time>2026-09-07T20:01:14.000Z</time>
        <extensions>
          <ns3:TrackPointExtension>
            <ns3:hr>98</ns3:hr>
          </ns3:TrackPointExtension>
        </extensions>
      </trkpt>
      <trkpt lat="-4.09732463769614696502685546875" lon="-81.05314113199710845947265625">
        <ele>0</ele>
        <time>2026-09-07T20:01:16.000Z</time>
        <extensions>
          <ns3:TrackPointExtension>
            <ns3:hr>100</ns3:hr>
          </ns3:TrackPointExtension>
        </extensions>
      </trkpt>
      <trkpt lat="-4.09750518389046192169189453125" lon="-81.05306946672499179840087890625">
        <ele>0</ele>
        <time>2026-09-07T20:01:19.000Z</time>
        <extensions>
          <ns3:TrackPointExtension>
            <ns3:hr>100</ns3:hr>
          </ns3:TrackPointExtension>
        </extensions>
      </trkpt>
      <trkpt lat="-4.09782118164002895355224609375" lon="-81.0529223643243312835693359375">
        <ele>0</ele>
        <time>2026-09-07T20:01:24.000Z</time>
        <extensions>
          <ns3:TrackPointExtension>
            <ns3:hr>99</ns3:hr>
          </ns3:TrackPointExtension>
        </extensions>
      </trkpt>
      <trkpt lat="-4.09788588993251323699951171875" lon="-81.05287400074303150177001953125">
        <ele>0</ele>
        <time>2026-09-07T20:01:25.000Z</time>
        <extensions>
          <ns3:TrackPointExtension>
            <ns3:hr>98</ns3:hr>
          </ns3:TrackPointExtension>
        </extensions>
      </trkpt>
      <trkpt lat="-4.0979179926216602325439453125" lon="-81.0528422333300113677978515625">
        <ele>0</ele>
        <time>2026-09-07T20:01:26.000Z</time>
        <extensions>
          <ns3:TrackPointExtension>
            <ns3:hr>99</ns3:hr>
          </ns3:TrackPointExtension>
        </extensions>
      </trkpt>
      <trkpt lat="-4.09793634898960590362548828125" lon="-81.05279169045388698577880859375">
        <ele>0</ele>
        <time>2026-09-07T20:01:28.000Z</time>
        <extensions>
          <ns3:TrackPointExtension>
            <ns3:hr>98</ns3:hr>
          </ns3:TrackPointExtension>
        </extensions>
      </trkpt>
      <trkpt lat="-4.09793861210346221923828125" lon="-81.05274307541549205780029296875">
        <ele>0</ele>
        <time>2026-09-07T20:01:32.000Z</time>
        <extensions>
          <ns3:TrackPointExtension>
            <ns3:hr>98</ns3:hr>
          </ns3:TrackPointExtension>
        </extensions>
      </trkpt>
      <trkpt lat="-4.09794808365404605865478515625" lon="-81.052677445113658905029296875">
        <ele>0</ele>
        <time>2026-09-07T20:01:37.000Z</time>
        <extensions>
          <ns3:TrackPointExtension>
            <ns3:hr>101</ns3:hr>
          </ns3:TrackPointExtension>
        </extensions>
      </trkpt>
      <trkpt lat="-4.09797943197190761566162109375" lon="-81.05264551006257534027099609375">
        <ele>0</ele>
        <time>2026-09-07T20:01:38.000Z</time>
        <extensions>
          <ns3:TrackPointExtension>
            <ns3:hr>100</ns3:hr>
          </ns3:TrackPointExtension>
        </extensions>
      </trkpt>
      <trkpt lat="-4.098074734210968017578125" lon="-81.05259438045322895050048828125">
        <ele>0</ele>
        <time>2026-09-07T20:01:40.000Z</time>
        <extensions>
          <ns3:TrackPointExtension>
            <ns3:hr>99</ns3:hr>
          </ns3:TrackPointExtension>
        </extensions>
      </trkpt>
      <trkpt lat="-4.0981835313141345977783203125" lon="-81.0525616072118282318115234375">
        <ele>0</ele>
        <time>2026-09-07T20:01:42.000Z</time>
        <extensions>
          <ns3:TrackPointExtension>
            <ns3:hr>99</ns3:hr>
          </ns3:TrackPointExtension>
        </extensions>
      </trkpt>
      <trkpt lat="-4.0984681807458400726318359375" lon="-81.0524774529039859771728515625">
        <ele>0</ele>
        <time>2026-09-07T20:01:47.000Z</time>
        <extensions>
          <ns3:TrackPointExtension>
            <ns3:hr>101</ns3:hr>
          </ns3:TrackPointExtension>
        </extensions>
      </trkpt>
      <trkpt lat="-4.0985251776874065399169921875" lon="-81.05245507322251796722412109375">
        <ele>0</ele>
        <time>2026-09-07T20:01:48.000Z</time>
        <extensions>
          <ns3:TrackPointExtension>
            <ns3:hr>98</ns3:hr>
          </ns3:TrackPointExtension>
        </extensions>
      </trkpt>
      <trkpt lat="-4.09857370890676975250244140625" lon="-81.0524372197687625885009765625">
        <ele>0</ele>
        <time>2026-09-07T20:01:49.000Z</time>
        <extensions>
          <ns3:TrackPointExtension>
            <ns3:hr>99</ns3:hr>
          </ns3:TrackPointExtension>
        </extensions>
      </trkpt>
      <trkpt lat="-4.0987783111631870269775390625" lon="-81.0523490421473979949951171875">
        <ele>0</ele>
        <time>2026-09-07T20:01:53.000Z</time>
        <extensions>
          <ns3:TrackPointExtension>
            <ns3:hr>98</ns3:hr>
          </ns3:TrackPointExtension>
        </extensions>
      </trkpt>
      <trkpt lat="-4.09878040663897991180419921875" lon="-81.05233638547360897064208984375">
        <ele>0</ele>
        <time>2026-09-07T20:01:54.000Z</time>
        <extensions>
          <ns3:TrackPointExtension>
            <ns3:hr>98</ns3:hr>
          </ns3:TrackPointExtension>
        </extensions>
      </trkpt>
      <trkpt lat="-4.0987385809421539306640625" lon="-81.0523306019604206085205078125">
        <ele>0</ele>
        <time>2026-09-07T20:01:56.000Z</time>
        <extensions>
          <ns3:TrackPointExtension>
            <ns3:hr>98</ns3:hr>
          </ns3:TrackPointExtension>
        </extensions>
      </trkpt>
      <trkpt lat="-4.09865216352045536041259765625" lon="-81.0523259080946445465087890625">
        <ele>0</ele>
        <time>2026-09-07T20:01:58.000Z</time>
        <extensions>
          <ns3:TrackPointExtension>
            <ns3:hr>99</ns3:hr>
          </ns3:TrackPointExtension>
        </extensions>
      </trkpt>
      <trkpt lat="-4.09853850491344928741455078125" lon="-81.05234560556709766387939453125">
        <ele>0</ele>
        <time>2026-09-07T20:02:00.000Z</time>
        <extensions>
          <ns3:TrackPointExtension>
            <ns3:hr>98</ns3:hr>
          </ns3:TrackPointExtension>
        </extensions>
      </trkpt>
      <trkpt lat="-4.09835360012948513031005859375" lon="-81.0524150915443897247314453125">
        <ele>0</ele>
        <time>2026-09-07T20:02:03.000Z</time>
        <extensions>
          <ns3:TrackPointExtension>
            <ns3:hr>97</ns3:hr>
          </ns3:TrackPointExtension>
        </extensions>
      </trkpt>
      <trkpt lat="-4.09822292625904083251953125" lon="-81.0524841584265232086181640625">
        <ele>0</ele>
        <time>2026-09-07T20:02:05.000Z</time>
        <extensions>
          <ns3:TrackPointExtension>
            <ns3:hr>97</ns3:hr>
          </ns3:TrackPointExtension>
        </extensions>
      </trkpt>
      <trkpt lat="-4.0978770889341831207275390625" lon="-81.0526933707296848297119140625">
        <ele>0</ele>
        <time>2026-09-07T20:02:11.000Z</time>
        <extensions>
          <ns3:TrackPointExtension>
            <ns3:hr>96</ns3:hr>
          </ns3:TrackPointExtension>
        </extensions>
      </trkpt>
      <trkpt lat="-4.0976283140480518341064453125" lon="-81.0528398863971233367919921875">
        <ele>0</ele>
        <time>2026-09-07T20:02:15.000Z</time>
        <extensions>
          <ns3:TrackPointExtension>
            <ns3:hr>99</ns3:hr>
          </ns3:TrackPointExtension>
        </extensions>
      </trkpt>
      <trkpt lat="-4.09753938205540180206298828125" lon="-81.0529124736785888671875">
        <ele>0</ele>
        <time>2026-09-07T20:02:17.000Z</time>
        <extensions>
          <ns3:TrackPointExtension>
            <ns3:hr>99</ns3:hr>
          </ns3:TrackPointExtension>
        </extensions>
      </trkpt>
      <trkpt lat="-4.09749663434922695159912109375" lon="-81.05294667184352874755859375">
        <ele>0</ele>
        <time>2026-09-07T20:02:18.000Z</time>
        <extensions>
          <ns3:TrackPointExtension>
            <ns3:hr>96</ns3:hr>
          </ns3:TrackPointExtension>
        </extensions>
      </trkpt>
      <trkpt lat="-4.0974472649395465850830078125" lon="-81.05298698879778385162353515625">
        <ele>0</ele>
        <time>2026-09-07T20:02:19.000Z</time>
        <extensions>
          <ns3:TrackPointExtension>
            <ns3:hr>100</ns3:hr>
          </ns3:TrackPointExtension>
        </extensions>
      </trkpt>
      <trkpt lat="-4.09737895242869853973388671875" lon="-81.0530420579016208648681640625">
        <ele>0</ele>
        <time>2026-09-07T20:02:21.000Z</time>
        <extensions>
          <ns3:TrackPointExtension>
            <ns3:hr>100</ns3:hr>
          </ns3:TrackPointExtension>
        </extensions>
      </trkpt>
      <trkpt lat="-4.09721315838396549224853515625" lon="-81.0531382821500301361083984375">
        <ele>0</ele>
        <time>2026-09-07T20:02:25.000Z</time>
        <extensions>
          <ns3:TrackPointExtension>
            <ns3:hr>104</ns3:hr>
          </ns3:TrackPointExtension>
        </extensions>
      </trkpt>
      <trkpt lat="-4.097087346017360687255859375" lon="-81.05320592410862445831298828125">
        <ele>0</ele>
        <time>2026-09-07T20:02:28.000Z</time>
        <extensions>
          <ns3:TrackPointExtension>
            <ns3:hr>105</ns3:hr>
          </ns3:TrackPointExtension>
        </extensions>
      </trkpt>
      <trkpt lat="-4.09697427414357662200927734375" lon="-81.05326610617339611053466796875">
        <ele>0</ele>
        <time>2026-09-07T20:02:31.000Z</time>
        <extensions>
          <ns3:TrackPointExtension>
            <ns3:hr>108</ns3:hr>
          </ns3:TrackPointExtension>
        </extensions>
      </trkpt>
      <trkpt lat="-4.0968618728220462799072265625" lon="-81.05333332903683185577392578125">
        <ele>0</ele>
        <time>2026-09-07T20:02:34.000Z</time>
        <extensions>
          <ns3:TrackPointExtension>
            <ns3:hr>111</ns3:hr>
          </ns3:TrackPointExtension>
        </extensions>
      </trkpt>
      <trkpt lat="-4.096725918352603912353515625" lon="-81.05341496877372264862060546875">
        <ele>0</ele>
        <time>2026-09-07T20:02:37.000Z</time>
        <extensions>
          <ns3:TrackPointExtension>
            <ns3:hr>114</ns3:hr>
          </ns3:TrackPointExtension>
        </extensions>
      </trkpt>
      <trkpt lat="-4.09661016426980495452880859375" lon="-81.05349518358707427978515625">
        <ele>0</ele>
        <time>2026-09-07T20:02:40.000Z</time>
        <extensions>
          <ns3:TrackPointExtension>
            <ns3:hr>115</ns3:hr>
          </ns3:TrackPointExtension>
        </extensions>
      </trkpt>
      <trkpt lat="-4.09655836410820484161376953125" lon="-81.0534913279116153717041015625">
        <ele>0</ele>
        <time>2026-09-07T20:02:42.000Z</time>
        <extensions>
          <ns3:TrackPointExtension>
            <ns3:hr>118</ns3:hr>
          </ns3:TrackPointExtension>
        </extensions>
      </trkpt>
      <trkpt lat="-4.09654746763408184051513671875" lon="-81.05348101817071437835693359375">
        <ele>0</ele>
        <time>2026-09-07T20:02:43.000Z</time>
        <extensions>
          <ns3:TrackPointExtension>
            <ns3:hr>116</ns3:hr>
          </ns3:TrackPointExtension>
        </extensions>
      </trkpt>
      <trkpt lat="-4.09652885980904102325439453125" lon="-81.0534422099590301513671875">
        <ele>0</ele>
        <time>2026-09-07T20:02:45.000Z</time>
        <extensions>
          <ns3:TrackPointExtension>
            <ns3:hr>118</ns3:hr>
          </ns3:TrackPointExtension>
        </extensions>
      </trkpt>
      <trkpt lat="-4.0965721942484378814697265625" lon="-81.053391583263874053955078125">
        <ele>0</ele>
        <time>2026-09-07T20:02:47.000Z</time>
        <extensions>
          <ns3:TrackPointExtension>
            <ns3:hr>119</ns3:hr>
          </ns3:TrackPointExtension>
        </extensions>
      </trkpt>
      <trkpt lat="-4.0966040454804897308349609375" lon="-81.0533733107149600982666015625">
        <ele>0</ele>
        <time>2026-09-07T20:02:48.000Z</time>
        <extensions>
          <ns3:TrackPointExtension>
            <ns3:hr>118</ns3:hr>
          </ns3:TrackPointExtension>
        </extensions>
      </trkpt>
      <trkpt lat="-4.09667319618165493011474609375" lon="-81.05335436761379241943359375">
        <ele>0</ele>
        <time>2026-09-07T20:02:50.000Z</time>
        <extensions>
          <ns3:TrackPointExtension>
            <ns3:hr>117</ns3:hr>
          </ns3:TrackPointExtension>
        </extensions>
      </trkpt>
      <trkpt lat="-4.0968449413776397705078125" lon="-81.0532687045633792877197265625">
        <ele>0</ele>
        <time>2026-09-07T20:02:54.000Z</time>
        <extensions>
          <ns3:TrackPointExtension>
            <ns3:hr>119</ns3:hr>
          </ns3:TrackPointExtension>
        </extensions>
      </trkpt>
      <trkpt lat="-4.09695960581302642822265625" lon="-81.0532180778682231903076171875">
        <ele>0</ele>
        <time>2026-09-07T20:02:56.000Z</time>
        <extensions>
          <ns3:TrackPointExtension>
            <ns3:hr>113</ns3:hr>
          </ns3:TrackPointExtension>
        </extensions>
      </trkpt>
      <trkpt lat="-4.097019620239734649658203125" lon="-81.0531982965767383575439453125">
        <ele>0</ele>
        <time>2026-09-07T20:02:57.000Z</time>
        <extensions>
          <ns3:TrackPointExtension>
            <ns3:hr>113</ns3:hr>
          </ns3:TrackPointExtension>
        </extensions>
      </trkpt>
      <trkpt lat="-4.0971351228654384613037109375" lon="-81.05315429158508777618408203125">
        <ele>0</ele>
        <time>2026-09-07T20:02:59.000Z</time>
        <extensions>
          <ns3:TrackPointExtension>
            <ns3:hr>113</ns3:hr>
          </ns3:TrackPointExtension>
        </extensions>
      </trkpt>
      <trkpt lat="-4.09746511839330196380615234375" lon="-81.05299629271030426025390625">
        <ele>0</ele>
        <time>2026-09-07T20:03:04.000Z</time>
        <extensions>
          <ns3:TrackPointExtension>
            <ns3:hr>113</ns3:hr>
          </ns3:TrackPointExtension>
        </extensions>
      </trkpt>
      <trkpt lat="-4.0978975407779216766357421875" lon="-81.05278347618877887725830078125">
        <ele>0</ele>
        <time>2026-09-07T20:03:10.000Z</time>
        <extensions>
          <ns3:TrackPointExtension>
            <ns3:hr>114</ns3:hr>
          </ns3:TrackPointExtension>
        </extensions>
      </trkpt>
      <trkpt lat="-4.09816903062164783477783203125" lon="-81.05265967547893524169921875">
        <ele>0</ele>
        <time>2026-09-07T20:03:14.000Z</time>
        <extensions>
          <ns3:TrackPointExtension>
            <ns3:hr>114</ns3:hr>
          </ns3:TrackPointExtension>
        </extensions>
      </trkpt>
      <trkpt lat="-4.0983380936086177825927734375" lon="-81.052548699080944061279296875">
        <ele>0</ele>
        <time>2026-09-07T20:03:17.000Z</time>
        <extensions>
          <ns3:TrackPointExtension>
            <ns3:hr>114</ns3:hr>
          </ns3:TrackPointExtension>
        </extensions>
      </trkpt>
      <trkpt lat="-4.09836650826036930084228515625" lon="-81.05247200466692447662353515625">
        <ele>0</ele>
        <time>2026-09-07T20:03:19.000Z</time>
        <extensions>
          <ns3:TrackPointExtension>
            <ns3:hr>113</ns3:hr>
          </ns3:TrackPointExtension>
        </extensions>
      </trkpt>
      <trkpt lat="-4.0983890555799007415771484375" lon="-81.0524358786642551422119140625">
        <ele>0</ele>
        <time>2026-09-07T20:03:20.000Z</time>
        <extensions>
          <ns3:TrackPointExtension>
            <ns3:hr>113</ns3:hr>
          </ns3:TrackPointExtension>
        </extensions>
      </trkpt>
      <trkpt lat="-4.09846357069909572601318359375" lon="-81.05238047428429126739501953125">
        <ele>0</ele>
        <time>2026-09-07T20:03:22.000Z</time>
        <extensions>
          <ns3:TrackPointExtension>
            <ns3:hr>113</ns3:hr>
          </ns3:TrackPointExtension>
        </extensions>
      </trkpt>
      <trkpt lat="-4.0985188074409961700439453125" lon="-81.052323393523693084716796875">
        <ele>0</ele>
        <time>2026-09-07T20:03:24.000Z</time>
        <extensions>
          <ns3:TrackPointExtension>
            <ns3:hr>113</ns3:hr>
          </ns3:TrackPointExtension>
        </extensions>
      </trkpt>
      <trkpt lat="-4.09851101227104663848876953125" lon="-81.0522910393774509429931640625">
        <ele>0</ele>
        <time>2026-09-07T20:03:25.000Z</time>
        <extensions>
          <ns3:TrackPointExtension>
            <ns3:hr>112</ns3:hr>
          </ns3:TrackPointExtension>
        </extensions>
      </trkpt>
      <trkpt lat="-4.09842752851545810699462890625" lon="-81.05226815678179264068603515625">
        <ele>0</ele>
        <time>2026-09-07T20:03:27.000Z</time>
        <extensions>
          <ns3:TrackPointExtension>
            <ns3:hr>113</ns3:hr>
          </ns3:TrackPointExtension>
        </extensions>
      </trkpt>
      <trkpt lat="-4.09836986102163791656494140625" lon="-81.05227804742753505706787109375">
        <ele>0</ele>
        <time>2026-09-07T20:03:28.000Z</time>
        <extensions>
          <ns3:TrackPointExtension>
            <ns3:hr>112</ns3:hr>
          </ns3:TrackPointExtension>
        </extensions>
      </trkpt>
      <trkpt lat="-4.09823977388441562652587890625" lon="-81.05232171714305877685546875">
        <ele>0</ele>
        <time>2026-09-07T20:03:30.000Z</time>
        <extensions>
          <ns3:TrackPointExtension>
            <ns3:hr>113</ns3:hr>
          </ns3:TrackPointExtension>
        </extensions>
      </trkpt>
      <trkpt lat="-4.09799703396856784820556640625" lon="-81.05248005129396915435791015625">
        <ele>0</ele>
        <time>2026-09-07T20:03:34.000Z</time>
        <extensions>
          <ns3:TrackPointExtension>
            <ns3:hr>112</ns3:hr>
          </ns3:TrackPointExtension>
        </extensions>
      </trkpt>
      <trkpt lat="-4.09794791601598262786865234375" lon="-81.05252279900014400482177734375">
        <ele>0</ele>
        <time>2026-09-07T20:03:35.000Z</time>
        <extensions>
          <ns3:TrackPointExtension>
            <ns3:hr>112</ns3:hr>
          </ns3:TrackPointExtension>
        </extensions>
      </trkpt>
      <trkpt lat="-4.0978140570223331451416015625" lon="-81.0526243038475513458251953125">
        <ele>0</ele>
        <time>2026-09-07T20:03:38.000Z</time>
        <extensions>
          <ns3:TrackPointExtension>
            <ns3:hr>111</ns3:hr>
          </ns3:TrackPointExtension>
        </extensions>
      </trkpt>
      <trkpt lat="-4.09764432348310947418212890625" lon="-81.05271290056407451629638671875">
        <ele>0</ele>
        <time>2026-09-07T20:03:41.000Z</time>
        <extensions>
          <ns3:TrackPointExtension>
            <ns3:hr>114</ns3:hr>
          </ns3:TrackPointExtension>
        </extensions>
      </trkpt>
      <trkpt lat="-4.0975449979305267333984375" lon="-81.05278515256941318511962890625">
        <ele>0</ele>
        <time>2026-09-07T20:03:43.000Z</time>
        <extensions>
          <ns3:TrackPointExtension>
            <ns3:hr>113</ns3:hr>
          </ns3:TrackPointExtension>
        </extensions>
      </trkpt>
      <trkpt lat="-4.09735263325273990631103515625" lon="-81.05290970765054225921630859375">
        <ele>0</ele>
        <time>2026-09-07T20:03:47.000Z</time>
        <extensions>
          <ns3:TrackPointExtension>
            <ns3:hr>110</ns3:hr>
          </ns3:TrackPointExtension>
        </extensions>
      </trkpt>
      <trkpt lat="-4.09721852280199527740478515625" lon="-81.0530004836618900299072265625">
        <ele>0</ele>
        <time>2026-09-07T20:03:50.000Z</time>
        <extensions>
          <ns3:TrackPointExtension>
            <ns3:hr>110</ns3:hr>
          </ns3:TrackPointExtension>
        </extensions>
      </trkpt>
      <trkpt lat="-4.097141325473785400390625" lon="-81.05304666794836521148681640625">
        <ele>0</ele>
        <time>2026-09-07T20:03:52.000Z</time>
        <extensions>
          <ns3:TrackPointExtension>
            <ns3:hr>109</ns3:hr>
          </ns3:TrackPointExtension>
        </extensions>
      </trkpt>
      <trkpt lat="-4.0970855019986629486083984375" lon="-81.053022779524326324462890625">
        <ele>0</ele>
        <time>2026-09-07T20:03:54.000Z</time>
        <extensions>
          <ns3:TrackPointExtension>
            <ns3:hr>108</ns3:hr>
          </ns3:TrackPointExtension>
        </extensions>
      </trkpt>
      <trkpt lat="-4.097084663808345794677734375" lon="-81.0529937781393527984619140625">
        <ele>0</ele>
        <time>2026-09-07T20:03:55.000Z</time>
        <extensions>
          <ns3:TrackPointExtension>
            <ns3:hr>109</ns3:hr>
          </ns3:TrackPointExtension>
        </extensions>
      </trkpt>
      <trkpt lat="-4.0971052832901477813720703125" lon="-81.052958071231842041015625">
        <ele>0</ele>
        <time>2026-09-07T20:03:56.000Z</time>
        <extensions>
          <ns3:TrackPointExtension>
            <ns3:hr>108</ns3:hr>
          </ns3:TrackPointExtension>
        </extensions>
      </trkpt>
      <trkpt lat="-4.09714308567345142364501953125" lon="-81.05292546562850475311279296875">
        <ele>0</ele>
        <time>2026-09-07T20:03:57.000Z</time>
        <extensions>
          <ns3:TrackPointExtension>
            <ns3:hr>109</ns3:hr>
          </ns3:TrackPointExtension>
        </extensions>
      </trkpt>
      <trkpt lat="-4.09724836237728595733642578125" lon="-81.05289042927324771881103515625">
        <ele>0</ele>
        <time>2026-09-07T20:03:59.000Z</time>
        <extensions>
          <ns3:TrackPointExtension>
            <ns3:hr>108</ns3:hr>
          </ns3:TrackPointExtension>
        </extensions>
      </trkpt>
      <trkpt lat="-4.09753468818962574005126953125" lon="-81.0528472624719142913818359375">
        <ele>0</ele>
        <time>2026-09-07T20:04:04.000Z</time>
        <extensions>
          <ns3:TrackPointExtension>
            <ns3:hr>106</ns3:hr>
          </ns3:TrackPointExtension>
        </extensions>
      </trkpt>
      <trkpt lat="-4.09758992493152618408203125" lon="-81.0528325103223323822021484375">
        <ele>0</ele>
        <time>2026-09-07T20:04:05.000Z</time>
        <extensions>
          <ns3:TrackPointExtension>
            <ns3:hr>108</ns3:hr>
          </ns3:TrackPointExtension>
        </extensions>
      </trkpt>
      <trkpt lat="-4.0979714691638946533203125" lon="-81.05270552448928356170654296875">
        <ele>0</ele>
        <time>2026-09-07T20:04:11.000Z</time>
        <extensions>
          <ns3:TrackPointExtension>
            <ns3:hr>111</ns3:hr>
          </ns3:TrackPointExtension>
        </extensions>
      </trkpt>
      <trkpt lat="-4.09814489074051380157470703125" lon="-81.05261734686791896820068359375">
        <ele>0</ele>
        <time>2026-09-07T20:04:14.000Z</time>
        <extensions>
          <ns3:TrackPointExtension>
            <ns3:hr>111</ns3:hr>
          </ns3:TrackPointExtension>
        </extensions>
      </trkpt>
      <trkpt lat="-4.0981592237949371337890625" lon="-81.05258851312100887298583984375">
        <ele>0</ele>
        <time>2026-09-07T20:04:15.000Z</time>
        <extensions>
          <ns3:TrackPointExtension>
            <ns3:hr>113</ns3:hr>
          </ns3:TrackPointExtension>
        </extensions>
      </trkpt>
      <trkpt lat="-4.0981563739478588104248046875" lon="-81.05256454087793827056884765625">
        <ele>0</ele>
        <time>2026-09-07T20:04:16.000Z</time>
        <extensions>
          <ns3:TrackPointExtension>
            <ns3:hr>113</ns3:hr>
          </ns3:TrackPointExtension>
        </extensions>
      </trkpt>
      <trkpt lat="-4.098143465816974639892578125" lon="-81.05254744179546833038330078125">
        <ele>0</ele>
        <time>2026-09-07T20:04:17.000Z</time>
        <extensions>
          <ns3:TrackPointExtension>
            <ns3:hr>112</ns3:hr>
          </ns3:TrackPointExtension>
        </extensions>
      </trkpt>
      <trkpt lat="-4.09809552133083343505859375" lon="-81.05253134854137897491455078125">
        <ele>0</ele>
        <time>2026-09-07T20:04:19.000Z</time>
        <extensions>
          <ns3:TrackPointExtension>
            <ns3:hr>114</ns3:hr>
          </ns3:TrackPointExtension>
        </extensions>
      </trkpt>
      <trkpt lat="-4.09803760237991809844970703125" lon="-81.05254140682518482208251953125">
        <ele>0</ele>
        <time>2026-09-07T20:04:21.000Z</time>
        <extensions>
          <ns3:TrackPointExtension>
            <ns3:hr>113</ns3:hr>
          </ns3:TrackPointExtension>
        </extensions>
      </trkpt>
      <trkpt lat="-4.09787951968610286712646484375" lon="-81.052592955529689788818359375">
        <ele>0</ele>
        <time>2026-09-07T20:04:24.000Z</time>
        <extensions>
          <ns3:TrackPointExtension>
            <ns3:hr>113</ns3:hr>
          </ns3:TrackPointExtension>
        </extensions>
      </trkpt>
      <trkpt lat="-4.09782185219228267669677734375" lon="-81.05262656696140766143798828125">
        <ele>0</ele>
        <time>2026-09-07T20:04:25.000Z</time>
        <extensions>
          <ns3:TrackPointExtension>
            <ns3:hr>115</ns3:hr>
          </ns3:TrackPointExtension>
        </extensions>
      </trkpt>
      <trkpt lat="-4.0977151505649089813232421875" lon="-81.05269412510097026824951171875">
        <ele>0</ele>
        <time>2026-09-07T20:04:27.000Z</time>
        <extensions>
          <ns3:TrackPointExtension>
            <ns3:hr>112</ns3:hr>
          </ns3:TrackPointExtension>
        </extensions>
      </trkpt>
      <trkpt lat="-4.09761750139296054840087890625" lon="-81.05276268906891345977783203125">
        <ele>0</ele>
        <time>2026-09-07T20:04:29.000Z</time>
        <extensions>
          <ns3:TrackPointExtension>
            <ns3:hr>112</ns3:hr>
          </ns3:TrackPointExtension>
        </extensions>
      </trkpt>
      <trkpt lat="-4.0975240431725978851318359375" lon="-81.0528231225907802581787109375">
        <ele>0</ele>
        <time>2026-09-07T20:04:31.000Z</time>
        <extensions>
          <ns3:TrackPointExtension>
            <ns3:hr>113</ns3:hr>
          </ns3:TrackPointExtension>
        </extensions>
      </trkpt>
      <trkpt lat="-4.09738339483737945556640625" lon="-81.05289579369127750396728515625">
        <ele>0</ele>
        <time>2026-09-07T20:04:34.000Z</time>
        <extensions>
          <ns3:TrackPointExtension>
            <ns3:hr>116</ns3:hr>
          </ns3:TrackPointExtension>
        </extensions>
      </trkpt>
      <trkpt lat="-4.09706178121268749237060546875" lon="-81.053069718182086944580078125">
        <ele>0</ele>
        <time>2026-09-07T20:04:41.000Z</time>
        <extensions>
          <ns3:TrackPointExtension>
            <ns3:hr>119</ns3:hr>
          </ns3:TrackPointExtension>
        </extensions>
      </trkpt>
      <trkpt lat="-4.09692146815359592437744140625" lon="-81.05315362103283405303955078125">
        <ele>0</ele>
        <time>2026-09-07T20:04:44.000Z</time>
        <extensions>
          <ns3:TrackPointExtension>
            <ns3:hr>118</ns3:hr>
          </ns3:TrackPointExtension>
        </extensions>
      </trkpt>
      <trkpt lat="-4.09680294804275035858154296875" lon="-81.05325068347156047821044921875">
        <ele>0</ele>
        <time>2026-09-07T20:04:47.000Z</time>
        <extensions>
          <ns3:TrackPointExtension>
            <ns3:hr>117</ns3:hr>
          </ns3:TrackPointExtension>
        </extensions>
      </trkpt>
      <trkpt lat="-4.09676707349717617034912109375" lon="-81.053257472813129425048828125">
        <ele>0</ele>
        <time>2026-09-07T20:04:48.000Z</time>
        <extensions>
          <ns3:TrackPointExtension>
            <ns3:hr>117</ns3:hr>
          </ns3:TrackPointExtension>
        </extensions>
      </trkpt>
      <trkpt lat="-4.0967401675879955291748046875" lon="-81.053240038454532623291015625">
        <ele>0</ele>
        <time>2026-09-07T20:04:49.000Z</time>
        <extensions>
          <ns3:TrackPointExtension>
            <ns3:hr>116</ns3:hr>
          </ns3:TrackPointExtension>
        </extensions>
      </trkpt>
      <trkpt lat="-4.09673220477998256683349609375" lon="-81.0531520284712314605712890625">
        <ele>0</ele>
        <time>2026-09-07T20:04:51.000Z</time>
        <extensions>
          <ns3:TrackPointExtension>
            <ns3:hr>114</ns3:hr>
          </ns3:TrackPointExtension>
        </extensions>
      </trkpt>
      <trkpt lat="-4.09677185118198394775390625" lon="-81.05310601182281970977783203125">
        <ele>0</ele>
        <time>2026-09-07T20:04:52.000Z</time>
        <extensions>
          <ns3:TrackPointExtension>
            <ns3:hr>114</ns3:hr>
          </ns3:TrackPointExtension>
        </extensions>
      </trkpt>
      <trkpt lat="-4.09682356752455234527587890625" lon="-81.05307365767657756805419921875">
        <ele>0</ele>
        <time>2026-09-07T20:04:53.000Z</time>
        <extensions>
          <ns3:TrackPointExtension>
            <ns3:hr>113</ns3:hr>
          </ns3:TrackPointExtension>
        </extensions>
      </trkpt>
      <trkpt lat="-4.09694326110184192657470703125" lon="-81.05302252806723117828369140625">
        <ele>0</ele>
        <time>2026-09-07T20:04:55.000Z</time>
        <extensions>
          <ns3:TrackPointExtension>
            <ns3:hr>109</ns3:hr>
          </ns3:TrackPointExtension>
        </extensions>
      </trkpt>
      <trkpt lat="-4.0969990007579326629638671875" lon="-81.0529996454715728759765625">
        <ele>0</ele>
        <time>2026-09-07T20:04:56.000Z</time>
        <extensions>
          <ns3:TrackPointExtension>
            <ns3:hr>112</ns3:hr>
          </ns3:TrackPointExtension>
        </extensions>
      </trkpt>
      <trkpt lat="-4.09724853001534938812255859375" lon="-81.0528789460659027099609375">
        <ele>0</ele>
        <time>2026-09-07T20:05:00.000Z</time>
        <extensions>
          <ns3:TrackPointExtension>
            <ns3:hr>115</ns3:hr>
          </ns3:TrackPointExtension>
        </extensions>
      </trkpt>
      <trkpt lat="-4.09731223247945308685302734375" lon="-81.0528472624719142913818359375">
        <ele>0</ele>
        <time>2026-09-07T20:05:01.000Z</time>
        <extensions>
          <ns3:TrackPointExtension>
            <ns3:hr>114</ns3:hr>
          </ns3:TrackPointExtension>
        </extensions>
      </trkpt>
      <trkpt lat="-4.09760844893753528594970703125" lon="-81.0527329333126544952392578125">
        <ele>0</ele>
        <time>2026-09-07T20:05:06.000Z</time>
        <extensions>
          <ns3:TrackPointExtension>
            <ns3:hr>114</ns3:hr>
          </ns3:TrackPointExtension>
        </extensions>
      </trkpt>
      <trkpt lat="-4.09772135317325592041015625" lon="-81.052705943584442138671875">
        <ele>0</ele>
        <time>2026-09-07T20:05:08.000Z</time>
        <extensions>
          <ns3:TrackPointExtension>
            <ns3:hr>114</ns3:hr>
          </ns3:TrackPointExtension>
        </extensions>
      </trkpt>
      <trkpt lat="-4.09790751524269580841064453125" lon="-81.05263285338878631591796875">
        <ele>0</ele>
        <time>2026-09-07T20:05:11.000Z</time>
        <extensions>
          <ns3:TrackPointExtension>
            <ns3:hr>113</ns3:hr>
          </ns3:TrackPointExtension>
        </extensions>
      </trkpt>
      <trkpt lat="-4.0979756601154804229736328125" lon="-81.0525971464812755584716796875">
        <ele>0</ele>
        <time>2026-09-07T20:05:12.000Z</time>
        <extensions>
          <ns3:TrackPointExtension>
            <ns3:hr>114</ns3:hr>
          </ns3:TrackPointExtension>
        </extensions>
      </trkpt>
      <trkpt lat="-4.09812108613550662994384765625" lon="-81.052480973303318023681640625">
        <ele>0</ele>
        <time>2026-09-07T20:05:15.000Z</time>
        <extensions>
          <ns3:TrackPointExtension>
            <ns3:hr>115</ns3:hr>
          </ns3:TrackPointExtension>
        </extensions>
      </trkpt>
      <trkpt lat="-4.09813382662832736968994140625" lon="-81.05240008793771266937255859375">
        <ele>0</ele>
        <time>2026-09-07T20:05:17.000Z</time>
        <extensions>
          <ns3:TrackPointExtension>
            <ns3:hr>115</ns3:hr>
          </ns3:TrackPointExtension>
        </extensions>
      </trkpt>
      <trkpt lat="-4.09820306114852428436279296875" lon="-81.05233185924589633941650390625">
        <ele>0</ele>
        <time>2026-09-07T20:05:19.000Z</time>
        <extensions>
          <ns3:TrackPointExtension>
            <ns3:hr>114</ns3:hr>
          </ns3:TrackPointExtension>
        </extensions>
      </trkpt>
      <trkpt lat="-4.098256118595600128173828125" lon="-81.052300594747066497802734375">
        <ele>0</ele>
        <time>2026-09-07T20:05:20.000Z</time>
        <extensions>
          <ns3:TrackPointExtension>
            <ns3:hr>114</ns3:hr>
          </ns3:TrackPointExtension>
        </extensions>
      </trkpt>
      <trkpt lat="-4.09854873083531856536865234375" lon="-81.05218819342553615570068359375">
        <ele>0</ele>
        <time>2026-09-07T20:05:25.000Z</time>
        <extensions>
          <ns3:TrackPointExtension>
            <ns3:hr>112</ns3:hr>
          </ns3:TrackPointExtension>
        </extensions>
      </trkpt>
      <trkpt lat="-4.0985986031591892242431640625" lon="-81.0521572642028331756591796875">
        <ele>0</ele>
        <time>2026-09-07T20:05:27.000Z</time>
        <extensions>
          <ns3:TrackPointExtension>
            <ns3:hr>111</ns3:hr>
          </ns3:TrackPointExtension>
        </extensions>
      </trkpt>
      <trkpt lat="-4.0985778160393238067626953125" lon="-81.05213932693004608154296875">
        <ele>0</ele>
        <time>2026-09-07T20:05:28.000Z</time>
        <extensions>
          <ns3:TrackPointExtension>
            <ns3:hr>112</ns3:hr>
          </ns3:TrackPointExtension>
        </extensions>
      </trkpt>
      <trkpt lat="-4.0984953381121158599853515625" lon="-81.0521542467176914215087890625">
        <ele>0</ele>
        <time>2026-09-07T20:05:30.000Z</time>
        <extensions>
          <ns3:TrackPointExtension>
            <ns3:hr>111</ns3:hr>
          </ns3:TrackPointExtension>
        </extensions>
      </trkpt>
      <trkpt lat="-4.09844730980694293975830078125" lon="-81.05217880569398403167724609375">
        <ele>0</ele>
        <time>2026-09-07T20:05:31.000Z</time>
        <extensions>
          <ns3:TrackPointExtension>
            <ns3:hr>110</ns3:hr>
          </ns3:TrackPointExtension>
        </extensions>
      </trkpt>
      <trkpt lat="-4.09810599870979785919189453125" lon="-81.05235214345157146453857421875">
        <ele>0</ele>
        <time>2026-09-07T20:05:37.000Z</time>
        <extensions>
          <ns3:TrackPointExtension>
            <ns3:hr>107</ns3:hr>
          </ns3:TrackPointExtension>
        </extensions>
      </trkpt>
      <trkpt lat="-4.0980480797588825225830078125" lon="-81.05237997137010097503662109375">
        <ele>0</ele>
        <time>2026-09-07T20:05:38.000Z</time>
        <extensions>
          <ns3:TrackPointExtension>
            <ns3:hr>109</ns3:hr>
          </ns3:TrackPointExtension>
        </extensions>
      </trkpt>
      <trkpt lat="-4.09780961461365222930908203125" lon="-81.05249379761517047882080078125">
        <ele>0</ele>
        <time>2026-09-07T20:05:42.000Z</time>
        <extensions>
          <ns3:TrackPointExtension>
            <ns3:hr>111</ns3:hr>
          </ns3:TrackPointExtension>
        </extensions>
      </trkpt>
      <trkpt lat="-4.09767818637192249298095703125" lon="-81.052528582513332366943359375">
        <ele>0</ele>
        <time>2026-09-07T20:05:44.000Z</time>
        <extensions>
          <ns3:TrackPointExtension>
            <ns3:hr>110</ns3:hr>
          </ns3:TrackPointExtension>
        </extensions>
      </trkpt>
      <trkpt lat="-4.0975411422550678253173828125" lon="-81.0525750182569026947021484375">
        <ele>0</ele>
        <time>2026-09-07T20:05:46.000Z</time>
        <extensions>
          <ns3:TrackPointExtension>
            <ns3:hr>113</ns3:hr>
          </ns3:TrackPointExtension>
        </extensions>
      </trkpt>
      <trkpt lat="-4.09741113893687725067138671875" lon="-81.05264349840581417083740234375">
        <ele>0</ele>
        <time>2026-09-07T20:05:48.000Z</time>
        <extensions>
          <ns3:TrackPointExtension>
            <ns3:hr>111</ns3:hr>
          </ns3:TrackPointExtension>
        </extensions>
      </trkpt>
      <trkpt lat="-4.0971921198070049285888671875" lon="-81.05279906652867794036865234375">
        <ele>0</ele>
        <time>2026-09-07T20:05:52.000Z</time>
        <extensions>
          <ns3:TrackPointExtension>
            <ns3:hr>114</ns3:hr>
          </ns3:TrackPointExtension>
        </extensions>
      </trkpt>
      <trkpt lat="-4.09714828245341777801513671875" lon="-81.0528294928371906280517578125">
        <ele>0</ele>
        <time>2026-09-07T20:05:53.000Z</time>
        <extensions>
          <ns3:TrackPointExtension>
            <ns3:hr>114</ns3:hr>
          </ns3:TrackPointExtension>
        </extensions>
      </trkpt>
      <trkpt lat="-4.0970590151846408843994140625" lon="-81.05288472957909107208251953125">
        <ele>0</ele>
        <time>2026-09-07T20:05:55.000Z</time>
        <extensions>
          <ns3:TrackPointExtension>
            <ns3:hr>118</ns3:hr>
          </ns3:TrackPointExtension>
        </extensions>
      </trkpt>
      <trkpt lat="-4.0967814065515995025634765625" lon="-81.05304515920579433441162109375">
        <ele>0</ele>
        <time>2026-09-07T20:06:01.000Z</time>
        <extensions>
          <ns3:TrackPointExtension>
            <ns3:hr>121</ns3:hr>
          </ns3:TrackPointExtension>
        </extensions>
      </trkpt>
      <trkpt lat="-4.09663614816963672637939453125" lon="-81.05312227271497249603271484375">
        <ele>0</ele>
        <time>2026-09-07T20:06:04.000Z</time>
        <extensions>
          <ns3:TrackPointExtension>
            <ns3:hr>124</ns3:hr>
          </ns3:TrackPointExtension>
        </extensions>
      </trkpt>
      <trkpt lat="-4.09632484428584575653076171875" lon="-81.05332293547689914703369140625">
        <ele>0</ele>
        <time>2026-09-07T20:06:11.000Z</time>
        <extensions>
          <ns3:TrackPointExtension>
            <ns3:hr>125</ns3:hr>
          </ns3:TrackPointExtension>
        </extensions>
      </trkpt>
      <trkpt lat="-4.09620531834661960601806640625" lon="-81.05341262184083461761474609375">
        <ele>0</ele>
        <time>2026-09-07T20:06:14.000Z</time>
        <extensions>
          <ns3:TrackPointExtension>
            <ns3:hr>128</ns3:hr>
          </ns3:TrackPointExtension>
        </extensions>
      </trkpt>
      <trkpt lat="-4.09601655788719654083251953125" lon="-81.05355528183281421661376953125">
        <ele>0</ele>
        <time>2026-09-07T20:06:18.000Z</time>
        <extensions>
          <ns3:TrackPointExtension>
            <ns3:hr>130</ns3:hr>
          </ns3:TrackPointExtension>
        </extensions>
      </trkpt>
      <trkpt lat="-4.09579074941575527191162109375" lon="-81.053687296807765960693359375">
        <ele>0</ele>
        <time>2026-09-07T20:06:23.000Z</time>
        <extensions>
          <ns3:TrackPointExtension>
            <ns3:hr>130</ns3:hr>
          </ns3:TrackPointExtension>
        </extensions>
      </trkpt>
      <trkpt lat="-4.09576577134430408477783203125" lon="-81.05367631651461124420166015625">
        <ele>0</ele>
        <time>2026-09-07T20:06:24.000Z</time>
        <extensions>
          <ns3:TrackPointExtension>
            <ns3:hr>130</ns3:hr>
          </ns3:TrackPointExtension>
        </extensions>
      </trkpt>
      <trkpt lat="-4.0958069264888763427734375" lon="-81.05357430875301361083984375">
        <ele>0</ele>
        <time>2026-09-07T20:06:27.000Z</time>
        <extensions>
          <ns3:TrackPointExtension>
            <ns3:hr>131</ns3:hr>
          </ns3:TrackPointExtension>
        </extensions>
      </trkpt>
      <trkpt lat="-4.0959127061069011688232421875" lon="-81.05352460406720638275146484375">
        <ele>0</ele>
        <time>2026-09-07T20:06:29.000Z</time>
        <extensions>
          <ns3:TrackPointExtension>
            <ns3:hr>131</ns3:hr>
          </ns3:TrackPointExtension>
        </extensions>
      </trkpt>
      <trkpt lat="-4.09597464837133884429931640625" lon="-81.0535044036805629730224609375">
        <ele>0</ele>
        <time>2026-09-07T20:06:30.000Z</time>
        <extensions>
          <ns3:TrackPointExtension>
            <ns3:hr>131</ns3:hr>
          </ns3:TrackPointExtension>
        </extensions>
      </trkpt>
      <trkpt lat="-4.09635719843208789825439453125" lon="-81.05340071953833103179931640625">
        <ele>0</ele>
        <time>2026-09-07T20:06:36.000Z</time>
        <extensions>
          <ns3:TrackPointExtension>
            <ns3:hr>132</ns3:hr>
          </ns3:TrackPointExtension>
        </extensions>
      </trkpt>
      <trkpt lat="-4.09654478542506694793701171875" lon="-81.05330818332731723785400390625">
        <ele>0</ele>
        <time>2026-09-07T20:06:39.000Z</time>
        <extensions>
          <ns3:TrackPointExtension>
            <ns3:hr>131</ns3:hr>
          </ns3:TrackPointExtension>
        </extensions>
      </trkpt>
      <trkpt lat="-4.09662164747714996337890625" lon="-81.05322889052331447601318359375">
        <ele>0</ele>
        <time>2026-09-07T20:06:41.000Z</time>
        <extensions>
          <ns3:TrackPointExtension>
            <ns3:hr>131</ns3:hr>
          </ns3:TrackPointExtension>
        </extensions>
      </trkpt>
      <trkpt lat="-4.0966707654297351837158203125" lon="-81.05311875231564044952392578125">
        <ele>0</ele>
        <time>2026-09-07T20:06:44.000Z</time>
        <extensions>
          <ns3:TrackPointExtension>
            <ns3:hr>132</ns3:hr>
          </ns3:TrackPointExtension>
        </extensions>
      </trkpt>
      <trkpt lat="-4.0967418439686298370361328125" lon="-81.0530621744692325592041015625">
        <ele>0</ele>
        <time>2026-09-07T20:06:46.000Z</time>
        <extensions>
          <ns3:TrackPointExtension>
            <ns3:hr>132</ns3:hr>
          </ns3:TrackPointExtension>
        </extensions>
      </trkpt>
      <trkpt lat="-4.09684452228248119354248046875" lon="-81.05301314033567905426025390625">
        <ele>0</ele>
        <time>2026-09-07T20:06:48.000Z</time>
        <extensions>
          <ns3:TrackPointExtension>
            <ns3:hr>132</ns3:hr>
          </ns3:TrackPointExtension>
        </extensions>
      </trkpt>
      <trkpt lat="-4.0971693210303783416748046875" lon="-81.05291314423084259033203125">
        <ele>0</ele>
        <time>2026-09-07T20:06:53.000Z</time>
        <extensions>
          <ns3:TrackPointExtension>
            <ns3:hr>132</ns3:hr>
          </ns3:TrackPointExtension>
        </extensions>
      </trkpt>
      <trkpt lat="-4.09754910506308078765869140625" lon="-81.0527667962014675140380859375">
        <ele>0</ele>
        <time>2026-09-07T20:06:59.000Z</time>
        <extensions>
          <ns3:TrackPointExtension>
            <ns3:hr>131</ns3:hr>
          </ns3:TrackPointExtension>
        </extensions>
      </trkpt>
      <trkpt lat="-4.09796149469912052154541015625" lon="-81.0525683127343654632568359375">
        <ele>0</ele>
        <time>2026-09-07T20:07:05.000Z</time>
        <extensions>
          <ns3:TrackPointExtension>
            <ns3:hr>131</ns3:hr>
          </ns3:TrackPointExtension>
        </extensions>
      </trkpt>
      <trkpt lat="-4.0980695374310016632080078125" lon="-81.05251005850732326507568359375">
        <ele>0</ele>
        <time>2026-09-07T20:07:07.000Z</time>
        <extensions>
          <ns3:TrackPointExtension>
            <ns3:hr>132</ns3:hr>
          </ns3:TrackPointExtension>
        </extensions>
      </trkpt>
      <trkpt lat="-4.0981275402009487152099609375" lon="-81.05245716869831085205078125">
        <ele>0</ele>
        <time>2026-09-07T20:07:09.000Z</time>
        <extensions>
          <ns3:TrackPointExtension>
            <ns3:hr>132</ns3:hr>
          </ns3:TrackPointExtension>
        </extensions>
      </trkpt>
      <trkpt lat="-4.098223932087421417236328125" lon="-81.05241500772535800933837890625">
        <ele>0</ele>
        <time>2026-09-07T20:07:12.000Z</time>
        <extensions>
          <ns3:TrackPointExtension>
            <ns3:hr>135</ns3:hr>
          </ns3:TrackPointExtension>
        </extensions>
      </trkpt>
      <trkpt lat="-4.0982603095471858978271484375" lon="-81.05240561999380588531494140625">
        <ele>0</ele>
        <time>2026-09-07T20:07:13.000Z</time>
        <extensions>
          <ns3:TrackPointExtension>
            <ns3:hr>135</ns3:hr>
          </ns3:TrackPointExtension>
        </extensions>
      </trkpt>
      <trkpt lat="-4.098369441926479339599609375" lon="-81.05235381983220577239990234375">
        <ele>0</ele>
        <time>2026-09-07T20:07:16.000Z</time>
        <extensions>
          <ns3:TrackPointExtension>
            <ns3:hr>137</ns3:hr>
          </ns3:TrackPointExtension>
        </extensions>
      </trkpt>
      <trkpt lat="-4.098468013107776641845703125" lon="-81.05230771936476230621337890625">
        <ele>0</ele>
        <time>2026-09-07T20:07:18.000Z</time>
        <extensions>
          <ns3:TrackPointExtension>
            <ns3:hr>137</ns3:hr>
          </ns3:TrackPointExtension>
        </extensions>
      </trkpt>
      <trkpt lat="-4.098608158528804779052734375" lon="-81.05226161889731884002685546875">
        <ele>0</ele>
        <time>2026-09-07T20:07:21.000Z</time>
        <extensions>
          <ns3:TrackPointExtension>
            <ns3:hr>138</ns3:hr>
          </ns3:TrackPointExtension>
        </extensions>
      </trkpt>
      <trkpt lat="-4.09861846826970577239990234375" lon="-81.0522377304732799530029296875">
        <ele>0</ele>
        <time>2026-09-07T20:07:22.000Z</time>
        <extensions>
          <ns3:TrackPointExtension>
            <ns3:hr>139</ns3:hr>
          </ns3:TrackPointExtension>
        </extensions>
      </trkpt>
      <trkpt lat="-4.098557196557521820068359375" lon="-81.0521998442709445953369140625">
        <ele>0</ele>
        <time>2026-09-07T20:07:24.000Z</time>
        <extensions>
          <ns3:TrackPointExtension>
            <ns3:hr>140</ns3:hr>
          </ns3:TrackPointExtension>
        </extensions>
      </trkpt>
      <trkpt lat="-4.09850397147238254547119140625" lon="-81.05221283622086048126220703125">
        <ele>0</ele>
        <time>2026-09-07T20:07:25.000Z</time>
        <extensions>
          <ns3:TrackPointExtension>
            <ns3:hr>140</ns3:hr>
          </ns3:TrackPointExtension>
        </extensions>
      </trkpt>
      <trkpt lat="-4.09845351241528987884521484375" lon="-81.0522330366075038909912109375">
        <ele>0</ele>
        <time>2026-09-07T20:07:26.000Z</time>
        <extensions>
          <ns3:TrackPointExtension>
            <ns3:hr>141</ns3:hr>
          </ns3:TrackPointExtension>
        </extensions>
      </trkpt>
      <trkpt lat="-4.0984054841101169586181640625" lon="-81.05225608684122562408447265625">
        <ele>0</ele>
        <time>2026-09-07T20:07:27.000Z</time>
        <extensions>
          <ns3:TrackPointExtension>
            <ns3:hr>141</ns3:hr>
          </ns3:TrackPointExtension>
        </extensions>
      </trkpt>
      <trkpt lat="-4.0980527736246585845947265625" lon="-81.0524073801934719085693359375">
        <ele>0</ele>
        <time>2026-09-07T20:07:33.000Z</time>
        <extensions>
          <ns3:TrackPointExtension>
            <ns3:hr>141</ns3:hr>
          </ns3:TrackPointExtension>
        </extensions>
      </trkpt>
      <trkpt lat="-4.09776829183101654052734375" lon="-81.05254911817610263824462890625">
        <ele>0</ele>
        <time>2026-09-07T20:07:38.000Z</time>
        <extensions>
          <ns3:TrackPointExtension>
            <ns3:hr>141</ns3:hr>
          </ns3:TrackPointExtension>
        </extensions>
      </trkpt>
      <trkpt lat="-4.09771875478327274322509765625" lon="-81.0525803826749324798583984375">
        <ele>0</ele>
        <time>2026-09-07T20:07:39.000Z</time>
        <extensions>
          <ns3:TrackPointExtension>
            <ns3:hr>140</ns3:hr>
          </ns3:TrackPointExtension>
        </extensions>
      </trkpt>
      <trkpt lat="-4.09739873372018337249755859375" lon="-81.0527681373059749603271484375">
        <ele>0</ele>
        <time>2026-09-07T20:07:45.000Z</time>
        <extensions>
          <ns3:TrackPointExtension>
            <ns3:hr>137</ns3:hr>
          </ns3:TrackPointExtension>
        </extensions>
      </trkpt>
      <trkpt lat="-4.097346179187297821044921875" lon="-81.05280007235705852508544921875">
        <ele>0</ele>
        <time>2026-09-07T20:07:46.000Z</time>
        <extensions>
          <ns3:TrackPointExtension>
            <ns3:hr>137</ns3:hr>
          </ns3:TrackPointExtension>
        </extensions>
      </trkpt>
      <trkpt lat="-4.09698433242738246917724609375" lon="-81.05303518474102020263671875">
        <ele>0</ele>
        <time>2026-09-07T20:07:53.000Z</time>
        <extensions>
          <ns3:TrackPointExtension>
            <ns3:hr>138</ns3:hr>
          </ns3:TrackPointExtension>
        </extensions>
      </trkpt>
      <trkpt lat="-4.09661100246012210845947265625" lon="-81.05326795019209384918212890625">
        <ele>0</ele>
        <time>2026-09-07T20:08:00.000Z</time>
        <extensions>
          <ns3:TrackPointExtension>
            <ns3:hr>137</ns3:hr>
          </ns3:TrackPointExtension>
        </extensions>
      </trkpt>
      <trkpt lat="-4.09635501913726329803466796875" lon="-81.05344363488256931304931640625">
        <ele>0</ele>
        <time>2026-09-07T20:08:05.000Z</time>
        <extensions>
          <ns3:TrackPointExtension>
            <ns3:hr>134</ns3:hr>
          </ns3:TrackPointExtension>
        </extensions>
      </trkpt>
      <trkpt lat="-4.09631587564945220947265625" lon="-81.05348043143749237060546875">
        <ele>0</ele>
        <time>2026-09-07T20:08:06.000Z</time>
        <extensions>
          <ns3:TrackPointExtension>
            <ns3:hr>133</ns3:hr>
          </ns3:TrackPointExtension>
        </extensions>
      </trkpt>
      <trkpt lat="-4.09628159366548061370849609375" lon="-81.05350968427956104278564453125">
        <ele>0</ele>
        <time>2026-09-07T20:08:07.000Z</time>
        <extensions>
          <ns3:TrackPointExtension>
            <ns3:hr>133</ns3:hr>
          </ns3:TrackPointExtension>
        </extensions>
      </trkpt>
      <trkpt lat="-4.09625418484210968017578125" lon="-81.05351119302213191986083984375">
        <ele>0</ele>
        <time>2026-09-07T20:08:08.000Z</time>
        <extensions>
          <ns3:TrackPointExtension>
            <ns3:hr>133</ns3:hr>
          </ns3:TrackPointExtension>
        </extensions>
      </trkpt>
      <trkpt lat="-4.09623482264578342437744140625" lon="-81.0534851253032684326171875">
        <ele>0</ele>
        <time>2026-09-07T20:08:09.000Z</time>
        <extensions>
          <ns3:TrackPointExtension>
            <ns3:hr>132</ns3:hr>
          </ns3:TrackPointExtension>
        </extensions>
      </trkpt>
      <trkpt lat="-4.09626365639269351959228515625" lon="-81.0534065030515193939208984375">
        <ele>0</ele>
        <time>2026-09-07T20:08:11.000Z</time>
        <extensions>
          <ns3:TrackPointExtension>
            <ns3:hr>131</ns3:hr>
          </ns3:TrackPointExtension>
        </extensions>
      </trkpt>
      <trkpt lat="-4.0963138639926910400390625" lon="-81.053379513323307037353515625">
        <ele>0</ele>
        <time>2026-09-07T20:08:12.000Z</time>
        <extensions>
          <ns3:TrackPointExtension>
            <ns3:hr>131</ns3:hr>
          </ns3:TrackPointExtension>
        </extensions>
      </trkpt>
      <trkpt lat="-4.096373878419399261474609375" lon="-81.0533592291176319122314453125">
        <ele>0</ele>
        <time>2026-09-07T20:08:13.000Z</time>
        <extensions>
          <ns3:TrackPointExtension>
            <ns3:hr>130</ns3:hr>
          </ns3:TrackPointExtension>
        </extensions>
      </trkpt>
      <trkpt lat="-4.09643950872123241424560546875" lon="-81.0533401183784008026123046875">
        <ele>0</ele>
        <time>2026-09-07T20:08:14.000Z</time>
        <extensions>
          <ns3:TrackPointExtension>
            <ns3:hr>130</ns3:hr>
          </ns3:TrackPointExtension>
        </extensions>
      </trkpt>
      <trkpt lat="-4.0968565084040164947509765625" lon="-81.053237020969390869140625">
        <ele>0</ele>
        <time>2026-09-07T20:08:20.000Z</time>
        <extensions>
          <ns3:TrackPointExtension>
            <ns3:hr>130</ns3:hr>
          </ns3:TrackPointExtension>
        </extensions>
      </trkpt>
      <trkpt lat="-4.09729781560599803924560546875" lon="-81.0531128011643886566162109375">
        <ele>0</ele>
        <time>2026-09-07T20:08:27.000Z</time>
        <extensions>
          <ns3:TrackPointExtension>
            <ns3:hr>129</ns3:hr>
          </ns3:TrackPointExtension>
        </extensions>
      </trkpt>
      <trkpt lat="-4.09774876199662685394287109375" lon="-81.05294130742549896240234375">
        <ele>0</ele>
        <time>2026-09-07T20:08:34.000Z</time>
        <extensions>
          <ns3:TrackPointExtension>
            <ns3:hr>129</ns3:hr>
          </ns3:TrackPointExtension>
        </extensions>
      </trkpt>
      <trkpt lat="-4.09781816415488719940185546875" lon="-81.0529190115630626678466796875">
        <ele>0</ele>
        <time>2026-09-07T20:08:35.000Z</time>
        <extensions>
          <ns3:TrackPointExtension>
            <ns3:hr>129</ns3:hr>
          </ns3:TrackPointExtension>
        </extensions>
      </trkpt>
      <trkpt lat="-4.09816500730812549591064453125" lon="-81.05280845426023006439208984375">
        <ele>0</ele>
        <time>2026-09-07T20:08:40.000Z</time>
        <extensions>
          <ns3:TrackPointExtension>
            <ns3:hr>132</ns3:hr>
          </ns3:TrackPointExtension>
        </extensions>
      </trkpt>
      <trkpt lat="-4.098299033939838409423828125" lon="-81.05274659581482410430908203125">
        <ele>0</ele>
        <time>2026-09-07T20:08:42.000Z</time>
        <extensions>
          <ns3:TrackPointExtension>
            <ns3:hr>130</ns3:hr>
          </ns3:TrackPointExtension>
        </extensions>
      </trkpt>
      <trkpt lat="-4.09855526871979236602783203125" lon="-81.05260695330798625946044921875">
        <ele>0</ele>
        <time>2026-09-07T20:08:46.000Z</time>
        <extensions>
          <ns3:TrackPointExtension>
            <ns3:hr>130</ns3:hr>
          </ns3:TrackPointExtension>
        </extensions>
      </trkpt>
      <trkpt lat="-4.09857907332479953765869140625" lon="-81.05256822891533374786376953125">
        <ele>0</ele>
        <time>2026-09-07T20:08:47.000Z</time>
        <extensions>
          <ns3:TrackPointExtension>
            <ns3:hr>129</ns3:hr>
          </ns3:TrackPointExtension>
        </extensions>
      </trkpt>
      <trkpt lat="-4.0985905565321445465087890625" lon="-81.05252464301884174346923828125">
        <ele>0</ele>
        <time>2026-09-07T20:08:48.000Z</time>
        <extensions>
          <ns3:TrackPointExtension>
            <ns3:hr>129</ns3:hr>
          </ns3:TrackPointExtension>
        </extensions>
      </trkpt>
      <trkpt lat="-4.09862634725868701934814453125" lon="-81.05245071463286876678466796875">
        <ele>0</ele>
        <time>2026-09-07T20:08:50.000Z</time>
        <extensions>
          <ns3:TrackPointExtension>
            <ns3:hr>129</ns3:hr>
          </ns3:TrackPointExtension>
        </extensions>
      </trkpt>
      <trkpt lat="-4.09863062202930450439453125" lon="-81.05238206684589385986328125">
        <ele>0</ele>
        <time>2026-09-07T20:08:52.000Z</time>
        <extensions>
          <ns3:TrackPointExtension>
            <ns3:hr>128</ns3:hr>
          </ns3:TrackPointExtension>
        </extensions>
      </trkpt>
      <trkpt lat="-4.098594747483730316162109375" lon="-81.05236890725791454315185546875">
        <ele>0</ele>
        <time>2026-09-07T20:08:53.000Z</time>
        <extensions>
          <ns3:TrackPointExtension>
            <ns3:hr>128</ns3:hr>
          </ns3:TrackPointExtension>
        </extensions>
      </trkpt>
      <trkpt lat="-4.09849894233047962188720703125" lon="-81.05238835327327251434326171875">
        <ele>0</ele>
        <time>2026-09-07T20:08:55.000Z</time>
        <extensions>
          <ns3:TrackPointExtension>
            <ns3:hr>128</ns3:hr>
          </ns3:TrackPointExtension>
        </extensions>
      </trkpt>
      <trkpt lat="-4.098440520465373992919921875" lon="-81.052404530346393585205078125">
        <ele>0</ele>
        <time>2026-09-07T20:08:56.000Z</time>
        <extensions>
          <ns3:TrackPointExtension>
            <ns3:hr>128</ns3:hr>
          </ns3:TrackPointExtension>
        </extensions>
      </trkpt>
      <trkpt lat="-4.0981647558510303497314453125" lon="-81.052488349378108978271484375">
        <ele>0</ele>
        <time>2026-09-07T20:09:00.000Z</time>
        <extensions>
          <ns3:TrackPointExtension>
            <ns3:hr>128</ns3:hr>
          </ns3:TrackPointExtension>
        </extensions>
      </trkpt>
      <trkpt lat="-4.0978038311004638671875" lon="-81.0526536405086517333984375">
        <ele>0</ele>
        <time>2026-09-07T20:09:05.000Z</time>
        <extensions>
          <ns3:TrackPointExtension>
            <ns3:hr>127</ns3:hr>
          </ns3:TrackPointExtension>
        </extensions>
      </trkpt>
      <trkpt lat="-4.09751088358461856842041015625" lon="-81.052818596363067626953125">
        <ele>0</ele>
        <time>2026-09-07T20:09:10.000Z</time>
        <extensions>
          <ns3:TrackPointExtension>
            <ns3:hr>127</ns3:hr>
          </ns3:TrackPointExtension>
        </extensions>
      </trkpt>
      <trkpt lat="-4.09721215255558490753173828125" lon="-81.05297760106623172760009765625">
        <ele>0</ele>
        <time>2026-09-07T20:09:16.000Z</time>
        <extensions>
          <ns3:TrackPointExtension>
            <ns3:hr>128</ns3:hr>
          </ns3:TrackPointExtension>
        </extensions>
      </trkpt>
      <trkpt lat="-4.09715582616627216339111328125" lon="-81.05296469293534755706787109375">
        <ele>0</ele>
        <time>2026-09-07T20:09:18.000Z</time>
        <extensions>
          <ns3:TrackPointExtension>
            <ns3:hr>127</ns3:hr>
          </ns3:TrackPointExtension>
        </extensions>
      </trkpt>
      <trkpt lat="-4.09717552363872528076171875" lon="-81.05290669016540050506591796875">
        <ele>0</ele>
        <time>2026-09-07T20:09:20.000Z</time>
        <extensions>
          <ns3:TrackPointExtension>
            <ns3:hr>127</ns3:hr>
          </ns3:TrackPointExtension>
        </extensions>
      </trkpt>
      <trkpt lat="-4.097210727632045745849609375" lon="-81.05287936516106128692626953125">
        <ele>0</ele>
        <time>2026-09-07T20:09:21.000Z</time>
        <extensions>
          <ns3:TrackPointExtension>
            <ns3:hr>128</ns3:hr>
          </ns3:TrackPointExtension>
        </extensions>
      </trkpt>
      <trkpt lat="-4.09730167128145694732666015625" lon="-81.0528429038822650909423828125">
        <ele>0</ele>
        <time>2026-09-07T20:09:23.000Z</time>
        <extensions>
          <ns3:TrackPointExtension>
            <ns3:hr>127</ns3:hr>
          </ns3:TrackPointExtension>
        </extensions>
      </trkpt>
      <trkpt lat="-4.09734827466309070587158203125" lon="-81.05282186530530452728271484375">
        <ele>0</ele>
        <time>2026-09-07T20:09:24.000Z</time>
        <extensions>
          <ns3:TrackPointExtension>
            <ns3:hr>128</ns3:hr>
          </ns3:TrackPointExtension>
        </extensions>
      </trkpt>
      <trkpt lat="-4.09755296073853969573974609375" lon="-81.05272295884788036346435546875">
        <ele>0</ele>
        <time>2026-09-07T20:09:28.000Z</time>
        <extensions>
          <ns3:TrackPointExtension>
            <ns3:hr>129</ns3:hr>
          </ns3:TrackPointExtension>
        </extensions>
      </trkpt>
      <trkpt lat="-4.097956717014312744140625" lon="-81.0525498725473880767822265625">
        <ele>0</ele>
        <time>2026-09-07T20:09:34.000Z</time>
        <extensions>
          <ns3:TrackPointExtension>
            <ns3:hr>130</ns3:hr>
          </ns3:TrackPointExtension>
        </extensions>
      </trkpt>
      <trkpt lat="-4.09809552133083343505859375" lon="-81.05245859362185001373291015625">
        <ele>0</ele>
        <time>2026-09-07T20:09:36.000Z</time>
        <extensions>
          <ns3:TrackPointExtension>
            <ns3:hr>130</ns3:hr>
          </ns3:TrackPointExtension>
        </extensions>
      </trkpt>
      <trkpt lat="-4.09813784994184970855712890625" lon="-81.0523988306522369384765625">
        <ele>0</ele>
        <time>2026-09-07T20:09:37.000Z</time>
        <extensions>
          <ns3:TrackPointExtension>
            <ns3:hr>131</ns3:hr>
          </ns3:TrackPointExtension>
        </extensions>
      </trkpt>
      <trkpt lat="-4.0981565415859222412109375" lon="-81.05234845541417598724365234375">
        <ele>0</ele>
        <time>2026-09-07T20:09:38.000Z</time>
        <extensions>
          <ns3:TrackPointExtension>
            <ns3:hr>131</ns3:hr>
          </ns3:TrackPointExtension>
        </extensions>
      </trkpt>
      <trkpt lat="-4.09815981052815914154052734375" lon="-81.05231593362987041473388671875">
        <ele>0</ele>
        <time>2026-09-07T20:09:39.000Z</time>
        <extensions>
          <ns3:TrackPointExtension>
            <ns3:hr>131</ns3:hr>
          </ns3:TrackPointExtension>
        </extensions>
      </trkpt>
      <trkpt lat="-4.09815327264368534088134765625" lon="-81.05227050371468067169189453125">
        <ele>0</ele>
        <time>2026-09-07T20:09:41.000Z</time>
        <extensions>
          <ns3:TrackPointExtension>
            <ns3:hr>131</ns3:hr>
          </ns3:TrackPointExtension>
        </extensions>
      </trkpt>
      <trkpt lat="-4.0981288813054561614990234375" lon="-81.0522424243390560150146484375">
        <ele>0</ele>
        <time>2026-09-07T20:09:42.000Z</time>
        <extensions>
          <ns3:TrackPointExtension>
            <ns3:hr>131</ns3:hr>
          </ns3:TrackPointExtension>
        </extensions>
      </trkpt>
      <trkpt lat="-4.09808747470378875732421875" lon="-81.05222188867628574371337890625">
        <ele>0</ele>
        <time>2026-09-07T20:09:43.000Z</time>
        <extensions>
          <ns3:TrackPointExtension>
            <ns3:hr>131</ns3:hr>
          </ns3:TrackPointExtension>
        </extensions>
      </trkpt>
      <trkpt lat="-4.09797708503901958465576171875" lon="-81.0522280074656009674072265625">
        <ele>0</ele>
        <time>2026-09-07T20:09:45.000Z</time>
        <extensions>
          <ns3:TrackPointExtension>
            <ns3:hr>131</ns3:hr>
          </ns3:TrackPointExtension>
        </extensions>
      </trkpt>
      <trkpt lat="-4.0977161563932895660400390625" lon="-81.05232867412269115447998046875">
        <ele>0</ele>
        <time>2026-09-07T20:09:49.000Z</time>
        <extensions>
          <ns3:TrackPointExtension>
            <ns3:hr>131</ns3:hr>
          </ns3:TrackPointExtension>
        </extensions>
      </trkpt>
      <trkpt lat="-4.09752613864839076995849609375" lon="-81.05239187367260456085205078125">
        <ele>0</ele>
        <time>2026-09-07T20:09:52.000Z</time>
        <extensions>
          <ns3:TrackPointExtension>
            <ns3:hr>130</ns3:hr>
          </ns3:TrackPointExtension>
        </extensions>
      </trkpt>
      <trkpt lat="-4.09739353694021701812744140625" lon="-81.052388437092304229736328125">
        <ele>0</ele>
        <time>2026-09-07T20:09:54.000Z</time>
        <extensions>
          <ns3:TrackPointExtension>
            <ns3:hr>130</ns3:hr>
          </ns3:TrackPointExtension>
        </extensions>
      </trkpt>
      <trkpt lat="-4.09700193442404270172119140625" lon="-81.0523666441440582275390625">
        <ele>0</ele>
        <time>2026-09-07T20:10:00.000Z</time>
        <extensions>
          <ns3:TrackPointExtension>
            <ns3:hr>127</ns3:hr>
          </ns3:TrackPointExtension>
        </extensions>
      </trkpt>
      <trkpt lat="-4.09685357473790645599365234375" lon="-81.05238416232168674468994140625">
        <ele>0</ele>
        <time>2026-09-07T20:10:02.000Z</time>
        <extensions>
          <ns3:TrackPointExtension>
            <ns3:hr>127</ns3:hr>
          </ns3:TrackPointExtension>
        </extensions>
      </trkpt>
      <trkpt lat="-4.09648309461772441864013671875" lon="-81.052505783736705780029296875">
        <ele>0</ele>
        <time>2026-09-07T20:10:07.000Z</time>
        <extensions>
          <ns3:TrackPointExtension>
            <ns3:hr>128</ns3:hr>
          </ns3:TrackPointExtension>
        </extensions>
      </trkpt>
      <trkpt lat="-4.09610624425113201141357421875" lon="-81.05270183645188808441162109375">
        <ele>0</ele>
        <time>2026-09-07T20:10:13.000Z</time>
        <extensions>
          <ns3:TrackPointExtension>
            <ns3:hr>130</ns3:hr>
          </ns3:TrackPointExtension>
        </extensions>
      </trkpt>
      <trkpt lat="-4.09566535614430904388427734375" lon="-81.052902750670909881591796875">
        <ele>0</ele>
        <time>2026-09-07T20:10:20.000Z</time>
        <extensions>
          <ns3:TrackPointExtension>
            <ns3:hr>131</ns3:hr>
          </ns3:TrackPointExtension>
        </extensions>
      </trkpt>
      <trkpt lat="-4.09560509026050567626953125" lon="-81.0529337637126445770263671875">
        <ele>0</ele>
        <time>2026-09-07T20:10:21.000Z</time>
        <extensions>
          <ns3:TrackPointExtension>
            <ns3:hr>131</ns3:hr>
          </ns3:TrackPointExtension>
        </extensions>
      </trkpt>
      <trkpt lat="-4.09531801007688045501708984375" lon="-81.0531466640532016754150390625">
        <ele>0</ele>
        <time>2026-09-07T20:10:27.000Z</time>
        <extensions>
          <ns3:TrackPointExtension>
            <ns3:hr>131</ns3:hr>
          </ns3:TrackPointExtension>
        </extensions>
      </trkpt>
      <trkpt lat="-4.09528188407421112060546875" lon="-81.053167283535003662109375">
        <ele>0</ele>
        <time>2026-09-07T20:10:28.000Z</time>
        <extensions>
          <ns3:TrackPointExtension>
            <ns3:hr>131</ns3:hr>
          </ns3:TrackPointExtension>
        </extensions>
      </trkpt>
      <trkpt lat="-4.09522958099842071533203125" lon="-81.05314875952899456024169921875">
        <ele>0</ele>
        <time>2026-09-07T20:10:30.000Z</time>
        <extensions>
          <ns3:TrackPointExtension>
            <ns3:hr>131</ns3:hr>
          </ns3:TrackPointExtension>
        </extensions>
      </trkpt>
      <trkpt lat="-4.09524860791862010955810546875" lon="-81.05307080782949924468994140625">
        <ele>0</ele>
        <time>2026-09-07T20:10:32.000Z</time>
        <extensions>
          <ns3:TrackPointExtension>
            <ns3:hr>131</ns3:hr>
          </ns3:TrackPointExtension>
        </extensions>
      </trkpt>
      <trkpt lat="-4.09529236145317554473876953125" lon="-81.0530316643416881561279296875">
        <ele>0</ele>
        <time>2026-09-07T20:10:33.000Z</time>
        <extensions>
          <ns3:TrackPointExtension>
            <ns3:hr>132</ns3:hr>
          </ns3:TrackPointExtension>
        </extensions>
      </trkpt>
      <trkpt lat="-4.09535220824182033538818359375" lon="-81.0530038364231586456298828125">
        <ele>0</ele>
        <time>2026-09-07T20:10:34.000Z</time>
        <extensions>
          <ns3:TrackPointExtension>
            <ns3:hr>132</ns3:hr>
          </ns3:TrackPointExtension>
        </extensions>
      </trkpt>
      <trkpt lat="-4.0954823791980743408203125" lon="-81.0529693029820919036865234375">
        <ele>0</ele>
        <time>2026-09-07T20:10:36.000Z</time>
        <extensions>
          <ns3:TrackPointExtension>
            <ns3:hr>132</ns3:hr>
          </ns3:TrackPointExtension>
        </extensions>
      </trkpt>
      <trkpt lat="-4.0958687849342823028564453125" lon="-81.0528841428458690643310546875">
        <ele>0</ele>
        <time>2026-09-07T20:10:42.000Z</time>
        <extensions>
          <ns3:TrackPointExtension>
            <ns3:hr>131</ns3:hr>
          </ns3:TrackPointExtension>
        </extensions>
      </trkpt>
      <trkpt lat="-4.09628410823643207550048828125" lon="-81.05276185087859630584716796875">
        <ele>0</ele>
        <time>2026-09-07T20:10:49.000Z</time>
        <extensions>
          <ns3:TrackPointExtension>
            <ns3:hr>132</ns3:hr>
          </ns3:TrackPointExtension>
        </extensions>
      </trkpt>
      <trkpt lat="-4.09647135995328426361083984375" lon="-81.05269814841449260711669921875">
        <ele>0</ele>
        <time>2026-09-07T20:10:52.000Z</time>
        <extensions>
          <ns3:TrackPointExtension>
            <ns3:hr>136</ns3:hr>
          </ns3:TrackPointExtension>
        </extensions>
      </trkpt>
      <trkpt lat="-4.09653539769351482391357421875" lon="-81.05267568491399288177490234375">
        <ele>0</ele>
        <time>2026-09-07T20:10:53.000Z</time>
        <extensions>
          <ns3:TrackPointExtension>
            <ns3:hr>133</ns3:hr>
          </ns3:TrackPointExtension>
        </extensions>
      </trkpt>
      <trkpt lat="-4.0966640599071979522705078125" lon="-81.05262891389429569244384765625">
        <ele>0</ele>
        <time>2026-09-07T20:10:55.000Z</time>
        <extensions>
          <ns3:TrackPointExtension>
            <ns3:hr>133</ns3:hr>
          </ns3:TrackPointExtension>
        </extensions>
      </trkpt>
      <trkpt lat="-4.09693337045609951019287109375" lon="-81.05252061970531940460205078125">
        <ele>0</ele>
        <time>2026-09-07T20:10:59.000Z</time>
        <extensions>
          <ns3:TrackPointExtension>
            <ns3:hr>133</ns3:hr>
          </ns3:TrackPointExtension>
        </extensions>
      </trkpt>
      <trkpt lat="-4.097262360155582427978515625" lon="-81.05239908210933208465576171875">
        <ele>0</ele>
        <time>2026-09-07T20:11:04.000Z</time>
        <extensions>
          <ns3:TrackPointExtension>
            <ns3:hr>134</ns3:hr>
          </ns3:TrackPointExtension>
        </extensions>
      </trkpt>
      <trkpt lat="-4.09738817252218723297119140625" lon="-81.0523701645433902740478515625">
        <ele>0</ele>
        <time>2026-09-07T20:11:06.000Z</time>
        <extensions>
          <ns3:TrackPointExtension>
            <ns3:hr>135</ns3:hr>
          </ns3:TrackPointExtension>
        </extensions>
      </trkpt>
      <trkpt lat="-4.0976474247872829437255859375" lon="-81.05227570049464702606201171875">
        <ele>0</ele>
        <time>2026-09-07T20:11:10.000Z</time>
        <extensions>
          <ns3:TrackPointExtension>
            <ns3:hr>138</ns3:hr>
          </ns3:TrackPointExtension>
        </extensions>
      </trkpt>
      <trkpt lat="-4.0977600775659084320068359375" lon="-81.05221870355308055877685546875">
        <ele>0</ele>
        <time>2026-09-07T20:11:12.000Z</time>
        <extensions>
          <ns3:TrackPointExtension>
            <ns3:hr>137</ns3:hr>
          </ns3:TrackPointExtension>
        </extensions>
      </trkpt>
      <trkpt lat="-4.09779268316924571990966796875" lon="-81.05218760669231414794921875">
        <ele>0</ele>
        <time>2026-09-07T20:11:13.000Z</time>
        <extensions>
          <ns3:TrackPointExtension>
            <ns3:hr>137</ns3:hr>
          </ns3:TrackPointExtension>
        </extensions>
      </trkpt>
      <trkpt lat="-4.09780450165271759033203125" lon="-81.05216371826827526092529296875">
        <ele>0</ele>
        <time>2026-09-07T20:11:14.000Z</time>
        <extensions>
          <ns3:TrackPointExtension>
            <ns3:hr>137</ns3:hr>
          </ns3:TrackPointExtension>
        </extensions>
      </trkpt>
      <trkpt lat="-4.0977952815592288970947265625" lon="-81.0521559230983257293701171875">
        <ele>0</ele>
        <time>2026-09-07T20:11:15.000Z</time>
        <extensions>
          <ns3:TrackPointExtension>
            <ns3:hr>138</ns3:hr>
          </ns3:TrackPointExtension>
        </extensions>
      </trkpt>
      <trkpt lat="-4.0977791883051395416259765625" lon="-81.05216120369732379913330078125">
        <ele>0</ele>
        <time>2026-09-07T20:11:16.000Z</time>
        <extensions>
          <ns3:TrackPointExtension>
            <ns3:hr>139</ns3:hr>
          </ns3:TrackPointExtension>
        </extensions>
      </trkpt>
      <trkpt lat="-4.09774482250213623046875" lon="-81.05216422118246555328369140625">
        <ele>0</ele>
        <time>2026-09-07T20:11:18.000Z</time>
        <extensions>
          <ns3:TrackPointExtension>
            <ns3:hr>137</ns3:hr>
          </ns3:TrackPointExtension>
        </extensions>
      </trkpt>
      <trkpt lat="-4.09768321551382541656494140625" lon="-81.05215047486126422882080078125">
        <ele>0</ele>
        <time>2026-09-07T20:11:20.000Z</time>
        <extensions>
          <ns3:TrackPointExtension>
            <ns3:hr>137</ns3:hr>
          </ns3:TrackPointExtension>
        </extensions>
      </trkpt>
      <trkpt lat="-4.0976346842944622039794921875" lon="-81.05215650983154773712158203125">
        <ele>0</ele>
        <time>2026-09-07T20:11:21.000Z</time>
        <extensions>
          <ns3:TrackPointExtension>
            <ns3:hr>138</ns3:hr>
          </ns3:TrackPointExtension>
        </extensions>
      </trkpt>
      <trkpt lat="-4.0975267253816127777099609375" lon="-81.05219858698546886444091796875">
        <ele>0</ele>
        <time>2026-09-07T20:11:23.000Z</time>
        <extensions>
          <ns3:TrackPointExtension>
            <ns3:hr>136</ns3:hr>
          </ns3:TrackPointExtension>
        </extensions>
      </trkpt>
      <trkpt lat="-4.09712213091552257537841796875" lon="-81.05236907489597797393798828125">
        <ele>0</ele>
        <time>2026-09-07T20:11:30.000Z</time>
        <extensions>
          <ns3:TrackPointExtension>
            <ns3:hr>136</ns3:hr>
          </ns3:TrackPointExtension>
        </extensions>
      </trkpt>
      <trkpt lat="-4.096733629703521728515625" lon="-81.0525317676365375518798828125">
        <ele>0</ele>
        <time>2026-09-07T20:11:36.000Z</time>
        <extensions>
          <ns3:TrackPointExtension>
            <ns3:hr>134</ns3:hr>
          </ns3:TrackPointExtension>
        </extensions>
      </trkpt>
      <trkpt lat="-4.09633071161806583404541015625" lon="-81.05271038599312305450439453125">
        <ele>0</ele>
        <time>2026-09-07T20:11:42.000Z</time>
        <extensions>
          <ns3:TrackPointExtension>
            <ns3:hr>133</ns3:hr>
          </ns3:TrackPointExtension>
        </extensions>
      </trkpt>
      <trkpt lat="-4.095986969769001007080078125" lon="-81.05291993357241153717041015625">
        <ele>0</ele>
        <time>2026-09-07T20:11:48.000Z</time>
        <extensions>
          <ns3:TrackPointExtension>
            <ns3:hr>134</ns3:hr>
          </ns3:TrackPointExtension>
        </extensions>
      </trkpt>
      <trkpt lat="-4.09577733837068080902099609375" lon="-81.0530675388872623443603515625">
        <ele>0</ele>
        <time>2026-09-07T20:11:53.000Z</time>
        <extensions>
          <ns3:TrackPointExtension>
            <ns3:hr>133</ns3:hr>
          </ns3:TrackPointExtension>
        </extensions>
      </trkpt>
      <trkpt lat="-4.09574397839605808258056640625" lon="-81.0530930198729038238525390625">
        <ele>0</ele>
        <time>2026-09-07T20:11:54.000Z</time>
        <extensions>
          <ns3:TrackPointExtension>
            <ns3:hr>133</ns3:hr>
          </ns3:TrackPointExtension>
        </extensions>
      </trkpt>
      <trkpt lat="-4.0956874005496501922607421875" lon="-81.053087152540683746337890625">
        <ele>0</ele>
        <time>2026-09-07T20:11:56.000Z</time>
        <extensions>
          <ns3:TrackPointExtension>
            <ns3:hr>133</ns3:hr>
          </ns3:TrackPointExtension>
        </extensions>
      </trkpt>
      <trkpt lat="-4.09570609219372272491455078125" lon="-81.05302956886589527130126953125">
        <ele>0</ele>
        <time>2026-09-07T20:11:58.000Z</time>
        <extensions>
          <ns3:TrackPointExtension>
            <ns3:hr>133</ns3:hr>
          </ns3:TrackPointExtension>
        </extensions>
      </trkpt>
      <trkpt lat="-4.09577918238937854766845703125" lon="-81.052974164485931396484375">
        <ele>0</ele>
        <time>2026-09-07T20:12:00.000Z</time>
        <extensions>
          <ns3:TrackPointExtension>
            <ns3:hr>131</ns3:hr>
          </ns3:TrackPointExtension>
        </extensions>
      </trkpt>
      <trkpt lat="-4.09581103362143039703369140625" lon="-81.0529299080371856689453125">
        <ele>0</ele>
        <time>2026-09-07T20:12:01.000Z</time>
        <extensions>
          <ns3:TrackPointExtension>
            <ns3:hr>132</ns3:hr>
          </ns3:TrackPointExtension>
        </extensions>
      </trkpt>
      <trkpt lat="-4.0958439745008945465087890625" lon="-81.0528854839503765106201171875">
        <ele>0</ele>
        <time>2026-09-07T20:12:02.000Z</time>
        <extensions>
          <ns3:TrackPointExtension>
            <ns3:hr>133</ns3:hr>
          </ns3:TrackPointExtension>
        </extensions>
      </trkpt>
      <trkpt lat="-4.09593625925481319427490234375" lon="-81.05281515978276729583740234375">
        <ele>0</ele>
        <time>2026-09-07T20:12:04.000Z</time>
        <extensions>
          <ns3:TrackPointExtension>
            <ns3:hr>132</ns3:hr>
          </ns3:TrackPointExtension>
        </extensions>
      </trkpt>
      <trkpt lat="-4.09598990343511104583740234375" lon="-81.0527996532618999481201171875">
        <ele>0</ele>
        <time>2026-09-07T20:12:05.000Z</time>
        <extensions>
          <ns3:TrackPointExtension>
            <ns3:hr>133</ns3:hr>
          </ns3:TrackPointExtension>
        </extensions>
      </trkpt>
      <trkpt lat="-4.09639743156731128692626953125" lon="-81.05264953337609767913818359375">
        <ele>0</ele>
        <time>2026-09-07T20:12:12.000Z</time>
        <extensions>
          <ns3:TrackPointExtension>
            <ns3:hr>132</ns3:hr>
          </ns3:TrackPointExtension>
        </extensions>
      </trkpt>
      <trkpt lat="-4.09673254005610942840576171875" lon="-81.0524697415530681610107421875">
        <ele>0</ele>
        <time>2026-09-07T20:12:17.000Z</time>
        <extensions>
          <ns3:TrackPointExtension>
            <ns3:hr>131</ns3:hr>
          </ns3:TrackPointExtension>
        </extensions>
      </trkpt>
      <trkpt lat="-4.09713889472186565399169921875" lon="-81.0523010976612567901611328125">
        <ele>0</ele>
        <time>2026-09-07T20:12:23.000Z</time>
        <extensions>
          <ns3:TrackPointExtension>
            <ns3:hr>130</ns3:hr>
          </ns3:TrackPointExtension>
        </extensions>
      </trkpt>
      <trkpt lat="-4.0975693054497241973876953125" lon="-81.05217411182820796966552734375">
        <ele>0</ele>
        <time>2026-09-07T20:12:30.000Z</time>
        <extensions>
          <ns3:TrackPointExtension>
            <ns3:hr>128</ns3:hr>
          </ns3:TrackPointExtension>
        </extensions>
      </trkpt>
      <trkpt lat="-4.09761138260364532470703125" lon="-81.05214930139482021331787109375">
        <ele>0</ele>
        <time>2026-09-07T20:12:31.000Z</time>
        <extensions>
          <ns3:TrackPointExtension>
            <ns3:hr>128</ns3:hr>
          </ns3:TrackPointExtension>
        </extensions>
      </trkpt>
      <trkpt lat="-4.09769679419696331024169921875" lon="-81.05208543129265308380126953125">
        <ele>0</ele>
        <time>2026-09-07T20:12:33.000Z</time>
        <extensions>
          <ns3:TrackPointExtension>
            <ns3:hr>128</ns3:hr>
          </ns3:TrackPointExtension>
        </extensions>
      </trkpt>
      <trkpt lat="-4.0979129634797573089599609375" lon="-81.05202625505626201629638671875">
        <ele>0</ele>
        <time>2026-09-07T20:12:37.000Z</time>
        <extensions>
          <ns3:TrackPointExtension>
            <ns3:hr>127</ns3:hr>
          </ns3:TrackPointExtension>
        </extensions>
      </trkpt>
      <trkpt lat="-4.0980417095124721527099609375" lon="-81.05200177989900112152099609375">
        <ele>0</ele>
        <time>2026-09-07T20:12:40.000Z</time>
        <extensions>
          <ns3:TrackPointExtension>
            <ns3:hr>125</ns3:hr>
          </ns3:TrackPointExtension>
        </extensions>
      </trkpt>
      <trkpt lat="-4.09804833121597766876220703125" lon="-81.05198216624557971954345703125">
        <ele>0</ele>
        <time>2026-09-07T20:12:41.000Z</time>
        <extensions>
          <ns3:TrackPointExtension>
            <ns3:hr>122</ns3:hr>
          </ns3:TrackPointExtension>
        </extensions>
      </trkpt>
      <trkpt lat="-4.097959734499454498291015625" lon="-81.05194754898548126220703125">
        <ele>0</ele>
        <time>2026-09-07T20:12:44.000Z</time>
        <extensions>
          <ns3:TrackPointExtension>
            <ns3:hr>123</ns3:hr>
          </ns3:TrackPointExtension>
        </extensions>
      </trkpt>
      <trkpt lat="-4.09790885634720325469970703125" lon="-81.05195953510701656341552734375">
        <ele>0</ele>
        <time>2026-09-07T20:12:45.000Z</time>
        <extensions>
          <ns3:TrackPointExtension>
            <ns3:hr>124</ns3:hr>
          </ns3:TrackPointExtension>
        </extensions>
      </trkpt>
      <trkpt lat="-4.0977939404547214508056640625" lon="-81.0520191304385662078857421875">
        <ele>0</ele>
        <time>2026-09-07T20:12:47.000Z</time>
        <extensions>
          <ns3:TrackPointExtension>
            <ns3:hr>124</ns3:hr>
          </ns3:TrackPointExtension>
        </extensions>
      </trkpt>
      <trkpt lat="-4.09740359522402286529541015625" lon="-81.05226539075374603271484375">
        <ele>0</ele>
        <time>2026-09-07T20:12:54.000Z</time>
        <extensions>
          <ns3:TrackPointExtension>
            <ns3:hr>120</ns3:hr>
          </ns3:TrackPointExtension>
        </extensions>
      </trkpt>
      <trkpt lat="-4.097028672695159912109375" lon="-81.05250083841383457183837890625">
        <ele>0</ele>
        <time>2026-09-07T20:13:01.000Z</time>
        <extensions>
          <ns3:TrackPointExtension>
            <ns3:hr>119</ns3:hr>
          </ns3:TrackPointExtension>
        </extensions>
      </trkpt>
      <trkpt lat="-4.096925072371959686279296875" lon="-81.05256672017276287078857421875">
        <ele>0</ele>
        <time>2026-09-07T20:13:03.000Z</time>
        <extensions>
          <ns3:TrackPointExtension>
            <ns3:hr>116</ns3:hr>
          </ns3:TrackPointExtension>
        </extensions>
      </trkpt>
      <trkpt lat="-4.09666045568883419036865234375" lon="-81.052722036838531494140625">
        <ele>0</ele>
        <time>2026-09-07T20:13:08.000Z</time>
        <extensions>
          <ns3:TrackPointExtension>
            <ns3:hr>118</ns3:hr>
          </ns3:TrackPointExtension>
        </extensions>
      </trkpt>
      <trkpt lat="-4.096613936126232147216796875" lon="-81.0527553968131542205810546875">
        <ele>0</ele>
        <time>2026-09-07T20:13:09.000Z</time>
        <extensions>
          <ns3:TrackPointExtension>
            <ns3:hr>113</ns3:hr>
          </ns3:TrackPointExtension>
        </extensions>
      </trkpt>
      <trkpt lat="-4.09642794169485569000244140625" lon="-81.05288422666490077972412109375">
        <ele>0</ele>
        <time>2026-09-07T20:13:13.000Z</time>
        <extensions>
          <ns3:TrackPointExtension>
            <ns3:hr>116</ns3:hr>
          </ns3:TrackPointExtension>
        </extensions>
      </trkpt>
      <trkpt lat="-4.09637488424777984619140625" lon="-81.05291440151631832122802734375">
        <ele>0</ele>
        <time>2026-09-07T20:13:14.000Z</time>
        <extensions>
          <ns3:TrackPointExtension>
            <ns3:hr>114</ns3:hr>
          </ns3:TrackPointExtension>
        </extensions>
      </trkpt>
      <trkpt lat="-4.0962697751820087432861328125" lon="-81.0529796965420246124267578125">
        <ele>0</ele>
        <time>2026-09-07T20:13:16.000Z</time>
        <extensions>
          <ns3:TrackPointExtension>
            <ns3:hr>117</ns3:hr>
          </ns3:TrackPointExtension>
        </extensions>
      </trkpt>
      <trkpt lat="-4.09616567194461822509765625" lon="-81.05304348282516002655029296875">
        <ele>0</ele>
        <time>2026-09-07T20:13:18.000Z</time>
        <extensions>
          <ns3:TrackPointExtension>
            <ns3:hr>117</ns3:hr>
          </ns3:TrackPointExtension>
        </extensions>
      </trkpt>
      <trkpt lat="-4.09605477936565876007080078125" lon="-81.05310249142348766326904296875">
        <ele>0</ele>
        <time>2026-09-07T20:13:20.000Z</time>
        <extensions>
          <ns3:TrackPointExtension>
            <ns3:hr>117</ns3:hr>
          </ns3:TrackPointExtension>
        </extensions>
      </trkpt>
      <trkpt lat="-4.09568714909255504608154296875" lon="-81.0533458180725574493408203125">
        <ele>0</ele>
        <time>2026-09-07T20:13:27.000Z</time>
        <extensions>
          <ns3:TrackPointExtension>
            <ns3:hr>120</ns3:hr>
          </ns3:TrackPointExtension>
        </extensions>
      </trkpt>
      <trkpt lat="-4.09551532007753849029541015625" lon="-81.0534849576652050018310546875">
        <ele>0</ele>
        <time>2026-09-07T20:13:32.000Z</time>
        <extensions>
          <ns3:TrackPointExtension>
            <ns3:hr>121</ns3:hr>
          </ns3:TrackPointExtension>
        </extensions>
      </trkpt>
      <trkpt lat="-4.09549771808087825775146484375" lon="-81.0534789226949214935302734375">
        <ele>0</ele>
        <time>2026-09-07T20:13:33.000Z</time>
        <extensions>
          <ns3:TrackPointExtension>
            <ns3:hr>119</ns3:hr>
          </ns3:TrackPointExtension>
        </extensions>
      </trkpt>
      <trkpt lat="-4.09549109637737274169921875" lon="-81.05346241034567356109619140625">
        <ele>0</ele>
        <time>2026-09-07T20:13:34.000Z</time>
        <extensions>
          <ns3:TrackPointExtension>
            <ns3:hr>120</ns3:hr>
          </ns3:TrackPointExtension>
        </extensions>
      </trkpt>
      <trkpt lat="-4.0955616720020771026611328125" lon="-81.053424775600433349609375">
        <ele>0</ele>
        <time>2026-09-07T20:13:37.000Z</time>
        <extensions>
          <ns3:TrackPointExtension>
            <ns3:hr>119</ns3:hr>
          </ns3:TrackPointExtension>
        </extensions>
      </trkpt>
      <trkpt lat="-4.09573710523545742034912109375" lon="-81.053321845829486846923828125">
        <ele>0</ele>
        <time>2026-09-07T20:13:41.000Z</time>
        <extensions>
          <ns3:TrackPointExtension>
            <ns3:hr>121</ns3:hr>
          </ns3:TrackPointExtension>
        </extensions>
      </trkpt>
      <trkpt lat="-4.09604522399604320526123046875" lon="-81.0531885735690593719482421875">
        <ele>0</ele>
        <time>2026-09-07T20:13:46.000Z</time>
        <extensions>
          <ns3:TrackPointExtension>
            <ns3:hr>119</ns3:hr>
          </ns3:TrackPointExtension>
        </extensions>
      </trkpt>
      <trkpt lat="-4.09624169580638408660888671875" lon="-81.05308740399777889251708984375">
        <ele>0</ele>
        <time>2026-09-07T20:13:49.000Z</time>
        <extensions>
          <ns3:TrackPointExtension>
            <ns3:hr>120</ns3:hr>
          </ns3:TrackPointExtension>
        </extensions>
      </trkpt>
      <trkpt lat="-4.0962992794811725616455078125" lon="-81.05304867960512638092041015625">
        <ele>0</ele>
        <time>2026-09-07T20:13:50.000Z</time>
        <extensions>
          <ns3:TrackPointExtension>
            <ns3:hr>123</ns3:hr>
          </ns3:TrackPointExtension>
        </extensions>
      </trkpt>
      <trkpt lat="-4.096332974731922149658203125" lon="-81.0529998131096363067626953125">
        <ele>0</ele>
        <time>2026-09-07T20:13:51.000Z</time>
        <extensions>
          <ns3:TrackPointExtension>
            <ns3:hr>123</ns3:hr>
          </ns3:TrackPointExtension>
        </extensions>
      </trkpt>
      <trkpt lat="-4.09638050012290477752685546875" lon="-81.05286260135471820831298828125">
        <ele>0</ele>
        <time>2026-09-07T20:13:54.000Z</time>
        <extensions>
          <ns3:TrackPointExtension>
            <ns3:hr>124</ns3:hr>
          </ns3:TrackPointExtension>
        </extensions>
      </trkpt>
      <trkpt lat="-4.0964514948427677154541015625" lon="-81.0528038442134857177734375">
        <ele>0</ele>
        <time>2026-09-07T20:13:56.000Z</time>
        <extensions>
          <ns3:TrackPointExtension>
            <ns3:hr>125</ns3:hr>
          </ns3:TrackPointExtension>
        </extensions>
      </trkpt>
      <trkpt lat="-4.09650136716663837432861328125" lon="-81.052783392369747161865234375">
        <ele>0</ele>
        <time>2026-09-07T20:13:57.000Z</time>
        <extensions>
          <ns3:TrackPointExtension>
            <ns3:hr>125</ns3:hr>
          </ns3:TrackPointExtension>
        </extensions>
      </trkpt>
      <trkpt lat="-4.0965525805950164794921875" lon="-81.05277257971465587615966796875">
        <ele>0</ele>
        <time>2026-09-07T20:13:58.000Z</time>
        <extensions>
          <ns3:TrackPointExtension>
            <ns3:hr>124</ns3:hr>
          </ns3:TrackPointExtension>
        </extensions>
      </trkpt>
      <trkpt lat="-4.09683949314057826995849609375" lon="-81.0526992380619049072265625">
        <ele>0</ele>
        <time>2026-09-07T20:14:03.000Z</time>
        <extensions>
          <ns3:TrackPointExtension>
            <ns3:hr>125</ns3:hr>
          </ns3:TrackPointExtension>
        </extensions>
      </trkpt>
      <trkpt lat="-4.096967987716197967529296875" lon="-81.05265808291733264923095703125">
        <ele>0</ele>
        <time>2026-09-07T20:14:05.000Z</time>
        <extensions>
          <ns3:TrackPointExtension>
            <ns3:hr>128</ns3:hr>
          </ns3:TrackPointExtension>
        </extensions>
      </trkpt>
      <trkpt lat="-4.09709832631051540374755859375" lon="-81.052614748477935791015625">
        <ele>0</ele>
        <time>2026-09-07T20:14:07.000Z</time>
        <extensions>
          <ns3:TrackPointExtension>
            <ns3:hr>125</ns3:hr>
          </ns3:TrackPointExtension>
        </extensions>
      </trkpt>
      <trkpt lat="-4.09729228354990482330322265625" lon="-81.05254459194839000701904296875">
        <ele>0</ele>
        <time>2026-09-07T20:14:10.000Z</time>
        <extensions>
          <ns3:TrackPointExtension>
            <ns3:hr>126</ns3:hr>
          </ns3:TrackPointExtension>
        </extensions>
      </trkpt>
      <trkpt lat="-4.09766745753586292266845703125" lon="-81.05241551063954830169677734375">
        <ele>0</ele>
        <time>2026-09-07T20:14:16.000Z</time>
        <extensions>
          <ns3:TrackPointExtension>
            <ns3:hr>125</ns3:hr>
          </ns3:TrackPointExtension>
        </extensions>
      </trkpt>
      <trkpt lat="-4.09804531373083591461181640625" lon="-81.052289865911006927490234375">
        <ele>0</ele>
        <time>2026-09-07T20:14:22.000Z</time>
        <extensions>
          <ns3:TrackPointExtension>
            <ns3:hr>126</ns3:hr>
          </ns3:TrackPointExtension>
        </extensions>
      </trkpt>
      <trkpt lat="-4.0981037355959415435791015625" lon="-81.05225977487862110137939453125">
        <ele>0</ele>
        <time>2026-09-07T20:14:23.000Z</time>
        <extensions>
          <ns3:TrackPointExtension>
            <ns3:hr>126</ns3:hr>
          </ns3:TrackPointExtension>
        </extensions>
      </trkpt>
      <trkpt lat="-4.09818260930478572845458984375" lon="-81.05220948345959186553955078125">
        <ele>0</ele>
        <time>2026-09-07T20:14:25.000Z</time>
        <extensions>
          <ns3:TrackPointExtension>
            <ns3:hr>127</ns3:hr>
          </ns3:TrackPointExtension>
        </extensions>
      </trkpt>
      <trkpt lat="-4.098186381161212921142578125" lon="-81.0521974973380565643310546875">
        <ele>0</ele>
        <time>2026-09-07T20:14:26.000Z</time>
        <extensions>
          <ns3:TrackPointExtension>
            <ns3:hr>128</ns3:hr>
          </ns3:TrackPointExtension>
        </extensions>
      </trkpt>
      <trkpt lat="-4.0981422923505306243896484375" lon="-81.05218668468296527862548828125">
        <ele>0</ele>
        <time>2026-09-07T20:14:29.000Z</time>
        <extensions>
          <ns3:TrackPointExtension>
            <ns3:hr>126</ns3:hr>
          </ns3:TrackPointExtension>
        </extensions>
      </trkpt>
      <trkpt lat="-4.0980101935565471649169921875" lon="-81.05219841934740543365478515625">
        <ele>0</ele>
        <time>2026-09-07T20:14:32.000Z</time>
        <extensions>
          <ns3:TrackPointExtension>
            <ns3:hr>128</ns3:hr>
          </ns3:TrackPointExtension>
        </extensions>
      </trkpt>
      <trkpt lat="-4.097953028976917266845703125" lon="-81.05221367441117763519287109375">
        <ele>0</ele>
        <time>2026-09-07T20:14:33.000Z</time>
        <extensions>
          <ns3:TrackPointExtension>
            <ns3:hr>128</ns3:hr>
          </ns3:TrackPointExtension>
        </extensions>
      </trkpt>
      <trkpt lat="-4.097834341228008270263671875" lon="-81.0522687435150146484375">
        <ele>0</ele>
        <time>2026-09-07T20:14:35.000Z</time>
        <extensions>
          <ns3:TrackPointExtension>
            <ns3:hr>128</ns3:hr>
          </ns3:TrackPointExtension>
        </extensions>
      </trkpt>
      <trkpt lat="-4.09778128378093242645263671875" lon="-81.0523037798702716827392578125">
        <ele>0</ele>
        <time>2026-09-07T20:14:36.000Z</time>
        <extensions>
          <ns3:TrackPointExtension>
            <ns3:hr>128</ns3:hr>
          </ns3:TrackPointExtension>
        </extensions>
      </trkpt>
      <trkpt lat="-4.09754005260765552520751953125" lon="-81.0524875111877918243408203125">
        <ele>0</ele>
        <time>2026-09-07T20:14:41.000Z</time>
        <extensions>
          <ns3:TrackPointExtension>
            <ns3:hr>132</ns3:hr>
          </ns3:TrackPointExtension>
        </extensions>
      </trkpt>
      <trkpt lat="-4.09748875536024570465087890625" lon="-81.05252154171466827392578125">
        <ele>0</ele>
        <time>2026-09-07T20:14:42.000Z</time>
        <extensions>
          <ns3:TrackPointExtension>
            <ns3:hr>131</ns3:hr>
          </ns3:TrackPointExtension>
        </extensions>
      </trkpt>
      <trkpt lat="-4.09717845730483531951904296875" lon="-81.05268909595906734466552734375">
        <ele>0</ele>
        <time>2026-09-07T20:14:48.000Z</time>
        <extensions>
          <ns3:TrackPointExtension>
            <ns3:hr>131</ns3:hr>
          </ns3:TrackPointExtension>
        </extensions>
      </trkpt>
      <trkpt lat="-4.09693152643740177154541015625" lon="-81.05283544398844242095947265625">
        <ele>0</ele>
        <time>2026-09-07T20:14:53.000Z</time>
        <extensions>
          <ns3:TrackPointExtension>
            <ns3:hr>130</ns3:hr>
          </ns3:TrackPointExtension>
        </extensions>
      </trkpt>
      <trkpt lat="-4.0968387387692928314208984375" lon="-81.05289260856807231903076171875">
        <ele>0</ele>
        <time>2026-09-07T20:14:55.000Z</time>
        <extensions>
          <ns3:TrackPointExtension>
            <ns3:hr>130</ns3:hr>
          </ns3:TrackPointExtension>
        </extensions>
      </trkpt>
      <trkpt lat="-4.096516035497188568115234375" lon="-81.053095869719982147216796875">
        <ele>0</ele>
        <time>2026-09-07T20:15:02.000Z</time>
        <extensions>
          <ns3:TrackPointExtension>
            <ns3:hr>132</ns3:hr>
          </ns3:TrackPointExtension>
        </extensions>
      </trkpt>
      <trkpt lat="-4.0964481420814990997314453125" lon="-81.05314490385353565216064453125">
        <ele>0</ele>
        <time>2026-09-07T20:15:04.000Z</time>
        <extensions>
          <ns3:TrackPointExtension>
            <ns3:hr>132</ns3:hr>
          </ns3:TrackPointExtension>
        </extensions>
      </trkpt>
      <trkpt lat="-4.0964199788868427276611328125" lon="-81.05314490385353565216064453125">
        <ele>0</ele>
        <time>2026-09-07T20:15:05.000Z</time>
        <extensions>
          <ns3:TrackPointExtension>
            <ns3:hr>131</ns3:hr>
          </ns3:TrackPointExtension>
        </extensions>
      </trkpt>
      <trkpt lat="-4.0963958390057086944580078125" lon="-81.05307181365787982940673828125">
        <ele>0</ele>
        <time>2026-09-07T20:15:07.000Z</time>
        <extensions>
          <ns3:TrackPointExtension>
            <ns3:hr>132</ns3:hr>
          </ns3:TrackPointExtension>
        </extensions>
      </trkpt>
      <trkpt lat="-4.09641989506781101226806640625" lon="-81.0530279763042926788330078125">
        <ele>0</ele>
        <time>2026-09-07T20:15:08.000Z</time>
        <extensions>
          <ns3:TrackPointExtension>
            <ns3:hr>131</ns3:hr>
          </ns3:TrackPointExtension>
        </extensions>
      </trkpt>
      <trkpt lat="-4.09646180458366870880126953125" lon="-81.05299235321581363677978515625">
        <ele>0</ele>
        <time>2026-09-07T20:15:09.000Z</time>
        <extensions>
          <ns3:TrackPointExtension>
            <ns3:hr>132</ns3:hr>
          </ns3:TrackPointExtension>
        </extensions>
      </trkpt>
      <trkpt lat="-4.09657395444810390472412109375" lon="-81.05293837375938892364501953125">
        <ele>0</ele>
        <time>2026-09-07T20:15:11.000Z</time>
        <extensions>
          <ns3:TrackPointExtension>
            <ns3:hr>131</ns3:hr>
          </ns3:TrackPointExtension>
        </extensions>
      </trkpt>
      <trkpt lat="-4.09669498912990093231201171875" lon="-81.05290375649929046630859375">
        <ele>0</ele>
        <time>2026-09-07T20:15:13.000Z</time>
        <extensions>
          <ns3:TrackPointExtension>
            <ns3:hr>132</ns3:hr>
          </ns3:TrackPointExtension>
        </extensions>
      </trkpt>
      <trkpt lat="-4.09713327884674072265625" lon="-81.0527674667537212371826171875">
        <ele>0</ele>
        <time>2026-09-07T20:15:20.000Z</time>
        <extensions>
          <ns3:TrackPointExtension>
            <ns3:hr>130</ns3:hr>
          </ns3:TrackPointExtension>
        </extensions>
      </trkpt>
      <trkpt lat="-4.09720234572887420654296875" lon="-81.052743829786777496337890625">
        <ele>0</ele>
        <time>2026-09-07T20:15:21.000Z</time>
        <extensions>
          <ns3:TrackPointExtension>
            <ns3:hr>130</ns3:hr>
          </ns3:TrackPointExtension>
        </extensions>
      </trkpt>
      <trkpt lat="-4.0974831394851207733154296875" lon="-81.0526430793106555938720703125">
        <ele>0</ele>
        <time>2026-09-07T20:15:25.000Z</time>
        <extensions>
          <ns3:TrackPointExtension>
            <ns3:hr>127</ns3:hr>
          </ns3:TrackPointExtension>
        </extensions>
      </trkpt>
      <trkpt lat="-4.09760979004204273223876953125" lon="-81.052589602768421173095703125">
        <ele>0</ele>
        <time>2026-09-07T20:15:27.000Z</time>
        <extensions>
          <ns3:TrackPointExtension>
            <ns3:hr>128</ns3:hr>
          </ns3:TrackPointExtension>
        </extensions>
      </trkpt>
      <trkpt lat="-4.097854793071746826171875" lon="-81.05250469408929347991943359375">
        <ele>0</ele>
        <time>2026-09-07T20:15:31.000Z</time>
        <extensions>
          <ns3:TrackPointExtension>
            <ns3:hr>127</ns3:hr>
          </ns3:TrackPointExtension>
        </extensions>
      </trkpt>
      <trkpt lat="-4.0978918410837650299072265625" lon="-81.0524764470756053924560546875">
        <ele>0</ele>
        <time>2026-09-07T20:15:32.000Z</time>
        <extensions>
          <ns3:TrackPointExtension>
            <ns3:hr>126</ns3:hr>
          </ns3:TrackPointExtension>
        </extensions>
      </trkpt>
      <trkpt lat="-4.0979124605655670166015625" lon="-81.05243428610265254974365234375">
        <ele>0</ele>
        <time>2026-09-07T20:15:33.000Z</time>
        <extensions>
          <ns3:TrackPointExtension>
            <ns3:hr>126</ns3:hr>
          </ns3:TrackPointExtension>
        </extensions>
      </trkpt>
      <trkpt lat="-4.09793131984770298004150390625" lon="-81.05236438103020191192626953125">
        <ele>0</ele>
        <time>2026-09-07T20:15:35.000Z</time>
        <extensions>
          <ns3:TrackPointExtension>
            <ns3:hr>126</ns3:hr>
          </ns3:TrackPointExtension>
        </extensions>
      </trkpt>
      <trkpt lat="-4.09793651662766933441162109375" lon="-81.052353568375110626220703125">
        <ele>0</ele>
        <time>2026-09-07T20:15:37.000Z</time>
        <extensions>
          <ns3:TrackPointExtension>
            <ns3:hr>125</ns3:hr>
          </ns3:TrackPointExtension>
        </extensions>
      </trkpt>
      <trkpt lat="-4.09793400205671787261962890625" lon="-81.05232305824756622314453125">
        <ele>0</ele>
        <time>2026-09-07T20:15:43.000Z</time>
        <extensions>
          <ns3:TrackPointExtension>
            <ns3:hr>126</ns3:hr>
          </ns3:TrackPointExtension>
        </extensions>
      </trkpt>
      <trkpt lat="-4.0979233570396900177001953125" lon="-81.05227871797978878021240234375">
        <ele>0</ele>
        <time>2026-09-07T20:15:52.000Z</time>
        <extensions>
          <ns3:TrackPointExtension>
            <ns3:hr>126</ns3:hr>
          </ns3:TrackPointExtension>
        </extensions>
      </trkpt>
      <trkpt lat="-4.09793819300830364227294921875" lon="-81.0522511415183544158935546875">
        <ele>0</ele>
        <time>2026-09-07T20:15:54.000Z</time>
        <extensions>
          <ns3:TrackPointExtension>
            <ns3:hr>126</ns3:hr>
          </ns3:TrackPointExtension>
        </extensions>
      </trkpt>
      <trkpt lat="-4.0980075113475322723388671875" lon="-81.05219456367194652557373046875">
        <ele>0</ele>
        <time>2026-09-07T20:15:58.000Z</time>
        <extensions>
          <ns3:TrackPointExtension>
            <ns3:hr>127</ns3:hr>
          </ns3:TrackPointExtension>
        </extensions>
      </trkpt>
      <trkpt lat="-4.09799133427441120147705078125" lon="-81.05216505937278270721435546875">
        <ele>0</ele>
        <time>2026-09-07T20:15:59.000Z</time>
        <extensions>
          <ns3:TrackPointExtension>
            <ns3:hr>128</ns3:hr>
          </ns3:TrackPointExtension>
        </extensions>
      </trkpt>
      <trkpt lat="-4.09789980389177799224853515625" lon="-81.05213798582553863525390625">
        <ele>0</ele>
        <time>2026-09-07T20:16:01.000Z</time>
        <extensions>
          <ns3:TrackPointExtension>
            <ns3:hr>126</ns3:hr>
          </ns3:TrackPointExtension>
        </extensions>
      </trkpt>
      <trkpt lat="-4.097843728959560394287109375" lon="-81.052152402698993682861328125">
        <ele>0</ele>
        <time>2026-09-07T20:16:02.000Z</time>
        <extensions>
          <ns3:TrackPointExtension>
            <ns3:hr>126</ns3:hr>
          </ns3:TrackPointExtension>
        </extensions>
      </trkpt>
      <trkpt lat="-4.09778648056089878082275390625" lon="-81.05217461474239826202392578125">
        <ele>0</ele>
        <time>2026-09-07T20:16:03.000Z</time>
        <extensions>
          <ns3:TrackPointExtension>
            <ns3:hr>126</ns3:hr>
          </ns3:TrackPointExtension>
        </extensions>
      </trkpt>
      <trkpt lat="-4.09756469540297985076904296875" lon="-81.05229514651000499725341796875">
        <ele>0</ele>
        <time>2026-09-07T20:16:07.000Z</time>
        <extensions>
          <ns3:TrackPointExtension>
            <ns3:hr>125</ns3:hr>
          </ns3:TrackPointExtension>
        </extensions>
      </trkpt>
      <trkpt lat="-4.097237549722194671630859375" lon="-81.05246764607727527618408203125">
        <ele>0</ele>
        <time>2026-09-07T20:16:13.000Z</time>
        <extensions>
          <ns3:TrackPointExtension>
            <ns3:hr>128</ns3:hr>
          </ns3:TrackPointExtension>
        </extensions>
      </trkpt>
      <trkpt lat="-4.09719253890216350555419921875" lon="-81.05250234715640544891357421875">
        <ele>0</ele>
        <time>2026-09-07T20:16:14.000Z</time>
        <extensions>
          <ns3:TrackPointExtension>
            <ns3:hr>128</ns3:hr>
          </ns3:TrackPointExtension>
        </extensions>
      </trkpt>
      <trkpt lat="-4.09695683978497982025146484375" lon="-81.0526447556912899017333984375">
        <ele>0</ele>
        <time>2026-09-07T20:16:19.000Z</time>
        <extensions>
          <ns3:TrackPointExtension>
            <ns3:hr>131</ns3:hr>
          </ns3:TrackPointExtension>
        </extensions>
      </trkpt>
      <trkpt lat="-4.0969131700694561004638671875" lon="-81.05267685838043689727783203125">
        <ele>0</ele>
        <time>2026-09-07T20:16:20.000Z</time>
        <extensions>
          <ns3:TrackPointExtension>
            <ns3:hr>130</ns3:hr>
          </ns3:TrackPointExtension>
        </extensions>
      </trkpt>
      <trkpt lat="-4.0966918878257274627685546875" lon="-81.0528211109340190887451171875">
        <ele>0</ele>
        <time>2026-09-07T20:16:26.000Z</time>
        <extensions>
          <ns3:TrackPointExtension>
            <ns3:hr>132</ns3:hr>
          </ns3:TrackPointExtension>
        </extensions>
      </trkpt>
      <trkpt lat="-4.096579737961292266845703125" lon="-81.0528593324124813079833984375">
        <ele>0</ele>
        <time>2026-09-07T20:16:29.000Z</time>
        <extensions>
          <ns3:TrackPointExtension>
            <ns3:hr>132</ns3:hr>
          </ns3:TrackPointExtension>
        </extensions>
      </trkpt>
      <trkpt lat="-4.09642375074326992034912109375" lon="-81.05289914645254611968994140625">
        <ele>0</ele>
        <time>2026-09-07T20:16:33.000Z</time>
        <extensions>
          <ns3:TrackPointExtension>
            <ns3:hr>131</ns3:hr>
          </ns3:TrackPointExtension>
        </extensions>
      </trkpt>
      <trkpt lat="-4.096237085759639739990234375" lon="-81.0529448278248310089111328125">
        <ele>0</ele>
        <time>2026-09-07T20:16:39.000Z</time>
        <extensions>
          <ns3:TrackPointExtension>
            <ns3:hr>130</ns3:hr>
          </ns3:TrackPointExtension>
        </extensions>
      </trkpt>
      <trkpt lat="-4.09605192951858043670654296875" lon="-81.0529907606542110443115234375">
        <ele>0</ele>
        <time>2026-09-07T20:16:44.000Z</time>
        <extensions>
          <ns3:TrackPointExtension>
            <ns3:hr>130</ns3:hr>
          </ns3:TrackPointExtension>
        </extensions>
      </trkpt>
      <trkpt lat="-4.0959395281970500946044921875" lon="-81.05303711257874965667724609375">
        <ele>0</ele>
        <time>2026-09-07T20:16:49.000Z</time>
        <extensions>
          <ns3:TrackPointExtension>
            <ns3:hr>128</ns3:hr>
          </ns3:TrackPointExtension>
        </extensions>
      </trkpt>
      <trkpt lat="-4.0959247760474681854248046875" lon="-81.05303510092198848724365234375">
        <ele>0</ele>
        <time>2026-09-07T20:16:50.000Z</time>
        <extensions>
          <ns3:TrackPointExtension>
            <ns3:hr>129</ns3:hr>
          </ns3:TrackPointExtension>
        </extensions>
      </trkpt>
      <trkpt lat="-4.09591848962008953094482421875" lon="-81.05299629271030426025390625">
        <ele>0</ele>
        <time>2026-09-07T20:16:52.000Z</time>
        <extensions>
          <ns3:TrackPointExtension>
            <ns3:hr>128</ns3:hr>
          </ns3:TrackPointExtension>
        </extensions>
      </trkpt>
      <trkpt lat="-4.09598956815898418426513671875" lon="-81.052941642701625823974609375">
        <ele>0</ele>
        <time>2026-09-07T20:16:54.000Z</time>
        <extensions>
          <ns3:TrackPointExtension>
            <ns3:hr>127</ns3:hr>
          </ns3:TrackPointExtension>
        </extensions>
      </trkpt>
      <trkpt lat="-4.0960434637963771820068359375" lon="-81.0529243759810924530029296875">
        <ele>0</ele>
        <time>2026-09-07T20:16:55.000Z</time>
        <extensions>
          <ns3:TrackPointExtension>
            <ns3:hr>126</ns3:hr>
          </ns3:TrackPointExtension>
        </extensions>
      </trkpt>
      <trkpt lat="-4.0964109264314174652099609375" lon="-81.05282404460012912750244140625">
        <ele>0</ele>
        <time>2026-09-07T20:17:01.000Z</time>
        <extensions>
          <ns3:TrackPointExtension>
            <ns3:hr>124</ns3:hr>
          </ns3:TrackPointExtension>
        </extensions>
      </trkpt>
      <trkpt lat="-4.09654411487281322479248046875" lon="-81.0527721606194972991943359375">
        <ele>0</ele>
        <time>2026-09-07T20:17:03.000Z</time>
        <extensions>
          <ns3:TrackPointExtension>
            <ns3:hr>124</ns3:hr>
          </ns3:TrackPointExtension>
        </extensions>
      </trkpt>
      <trkpt lat="-4.096753410995006561279296875" lon="-81.052656657993793487548828125">
        <ele>0</ele>
        <time>2026-09-07T20:17:06.000Z</time>
        <extensions>
          <ns3:TrackPointExtension>
            <ns3:hr>123</ns3:hr>
          </ns3:TrackPointExtension>
        </extensions>
      </trkpt>
      <trkpt lat="-4.09706664271652698516845703125" lon="-81.05239212512969970703125">
        <ele>0</ele>
        <time>2026-09-07T20:17:11.000Z</time>
        <extensions>
          <ns3:TrackPointExtension>
            <ns3:hr>122</ns3:hr>
          </ns3:TrackPointExtension>
        </extensions>
      </trkpt>
      <trkpt lat="-4.09730083309113979339599609375" lon="-81.05225105769932270050048828125">
        <ele>0</ele>
        <time>2026-09-07T20:17:15.000Z</time>
        <extensions>
          <ns3:TrackPointExtension>
            <ns3:hr>121</ns3:hr>
          </ns3:TrackPointExtension>
        </extensions>
      </trkpt>
      <trkpt lat="-4.0975257195532321929931640625" lon="-81.05212180875241756439208984375">
        <ele>0</ele>
        <time>2026-09-07T20:17:19.000Z</time>
        <extensions>
          <ns3:TrackPointExtension>
            <ns3:hr>120</ns3:hr>
          </ns3:TrackPointExtension>
        </extensions>
      </trkpt>
      <trkpt lat="-4.09758229739964008331298828125" lon="-81.0521012730896472930908203125">
        <ele>0</ele>
        <time>2026-09-07T20:17:20.000Z</time>
        <extensions>
          <ns3:TrackPointExtension>
            <ns3:hr>119</ns3:hr>
          </ns3:TrackPointExtension>
        </extensions>
      </trkpt>
      <trkpt lat="-4.0978784300386905670166015625" lon="-81.05199314653873443603515625">
        <ele>0</ele>
        <time>2026-09-07T20:17:26.000Z</time>
        <extensions>
          <ns3:TrackPointExtension>
            <ns3:hr>121</ns3:hr>
          </ns3:TrackPointExtension>
        </extensions>
      </trkpt>
      <trkpt lat="-4.09820683300495147705078125" lon="-81.0519106686115264892578125">
        <ele>0</ele>
        <time>2026-09-07T20:17:32.000Z</time>
        <extensions>
          <ns3:TrackPointExtension>
            <ns3:hr>121</ns3:hr>
          </ns3:TrackPointExtension>
        </extensions>
      </trkpt>
      <trkpt lat="-4.09829392097890377044677734375" lon="-81.05190672911703586578369140625">
        <ele>0</ele>
        <time>2026-09-07T20:17:34.000Z</time>
        <extensions>
          <ns3:TrackPointExtension>
            <ns3:hr>121</ns3:hr>
          </ns3:TrackPointExtension>
        </extensions>
      </trkpt>
      <trkpt lat="-4.09830900840461254119873046875" lon="-81.051898263394832611083984375">
        <ele>0</ele>
        <time>2026-09-07T20:17:35.000Z</time>
        <extensions>
          <ns3:TrackPointExtension>
            <ns3:hr>121</ns3:hr>
          </ns3:TrackPointExtension>
        </extensions>
      </trkpt>
      <trkpt lat="-4.098293669521808624267578125" lon="-81.05188719928264617919921875">
        <ele>0</ele>
        <time>2026-09-07T20:17:36.000Z</time>
        <extensions>
          <ns3:TrackPointExtension>
            <ns3:hr>121</ns3:hr>
          </ns3:TrackPointExtension>
        </extensions>
      </trkpt>
      <trkpt lat="-4.098258130252361297607421875" lon="-81.0518890433013439178466796875">
        <ele>0</ele>
        <time>2026-09-07T20:17:37.000Z</time>
        <extensions>
          <ns3:TrackPointExtension>
            <ns3:hr>121</ns3:hr>
          </ns3:TrackPointExtension>
        </extensions>
      </trkpt>
      <trkpt lat="-4.098164923489093780517578125" lon="-81.05192299000918865203857421875">
        <ele>0</ele>
        <time>2026-09-07T20:17:39.000Z</time>
        <extensions>
          <ns3:TrackPointExtension>
            <ns3:hr>121</ns3:hr>
          </ns3:TrackPointExtension>
        </extensions>
      </trkpt>
      <trkpt lat="-4.09806467592716217041015625" lon="-81.05197965167462825775146484375">
        <ele>0</ele>
        <time>2026-09-07T20:17:41.000Z</time>
        <extensions>
          <ns3:TrackPointExtension>
            <ns3:hr>122</ns3:hr>
          </ns3:TrackPointExtension>
        </extensions>
      </trkpt>
      <trkpt lat="-4.09796635620296001434326171875" lon="-81.05202960781753063201904296875">
        <ele>0</ele>
        <time>2026-09-07T20:17:43.000Z</time>
        <extensions>
          <ns3:TrackPointExtension>
            <ns3:hr>125</ns3:hr>
          </ns3:TrackPointExtension>
        </extensions>
      </trkpt>
      <trkpt lat="-4.097753874957561492919921875" lon="-81.0521294362843036651611328125">
        <ele>0</ele>
        <time>2026-09-07T20:17:47.000Z</time>
        <extensions>
          <ns3:TrackPointExtension>
            <ns3:hr>128</ns3:hr>
          </ns3:TrackPointExtension>
        </extensions>
      </trkpt>
      <trkpt lat="-4.09745891578495502471923828125" lon="-81.052325405180454254150390625">
        <ele>0</ele>
        <time>2026-09-07T20:17:53.000Z</time>
        <extensions>
          <ns3:TrackPointExtension>
            <ns3:hr>129</ns3:hr>
          </ns3:TrackPointExtension>
        </extensions>
      </trkpt>
      <trkpt lat="-4.09728054888546466827392578125" lon="-81.0524496249854564666748046875">
        <ele>0</ele>
        <time>2026-09-07T20:17:57.000Z</time>
        <extensions>
          <ns3:TrackPointExtension>
            <ns3:hr>129</ns3:hr>
          </ns3:TrackPointExtension>
        </extensions>
      </trkpt>
      <trkpt lat="-4.0971257351338863372802734375" lon="-81.052545346319675445556640625">
        <ele>0</ele>
        <time>2026-09-07T20:18:00.000Z</time>
        <extensions>
          <ns3:TrackPointExtension>
            <ns3:hr>129</ns3:hr>
          </ns3:TrackPointExtension>
        </extensions>
      </trkpt>
      <trkpt lat="-4.097079969942569732666015625" lon="-81.05257845483720302581787109375">
        <ele>0</ele>
        <time>2026-09-07T20:18:01.000Z</time>
        <extensions>
          <ns3:TrackPointExtension>
            <ns3:hr>129</ns3:hr>
          </ns3:TrackPointExtension>
        </extensions>
      </trkpt>
      <trkpt lat="-4.09689850173890590667724609375" lon="-81.052710302174091339111328125">
        <ele>0</ele>
        <time>2026-09-07T20:18:05.000Z</time>
        <extensions>
          <ns3:TrackPointExtension>
            <ns3:hr>128</ns3:hr>
          </ns3:TrackPointExtension>
        </extensions>
      </trkpt>
      <trkpt lat="-4.0966881997883319854736328125" lon="-81.052851788699626922607421875">
        <ele>0</ele>
        <time>2026-09-07T20:18:10.000Z</time>
        <extensions>
          <ns3:TrackPointExtension>
            <ns3:hr>127</ns3:hr>
          </ns3:TrackPointExtension>
        </extensions>
      </trkpt>
      <trkpt lat="-4.09664989449083805084228515625" lon="-81.0528735816478729248046875">
        <ele>0</ele>
        <time>2026-09-07T20:18:11.000Z</time>
        <extensions>
          <ns3:TrackPointExtension>
            <ns3:hr>126</ns3:hr>
          </ns3:TrackPointExtension>
        </extensions>
      </trkpt>
      <trkpt lat="-4.096523411571979522705078125" lon="-81.0529411397874355316162109375">
        <ele>0</ele>
        <time>2026-09-07T20:18:14.000Z</time>
        <extensions>
          <ns3:TrackPointExtension>
            <ns3:hr>125</ns3:hr>
          </ns3:TrackPointExtension>
        </extensions>
      </trkpt>
      <trkpt lat="-4.09636910073459148406982421875" lon="-81.0530092008411884307861328125">
        <ele>0</ele>
        <time>2026-09-07T20:18:17.000Z</time>
        <extensions>
          <ns3:TrackPointExtension>
            <ns3:hr>124</ns3:hr>
          </ns3:TrackPointExtension>
        </extensions>
      </trkpt>
      <trkpt lat="-4.09604807384312152862548828125" lon="-81.0532128810882568359375">
        <ele>0</ele>
        <time>2026-09-07T20:18:24.000Z</time>
        <extensions>
          <ns3:TrackPointExtension>
            <ns3:hr>125</ns3:hr>
          </ns3:TrackPointExtension>
        </extensions>
      </trkpt>
      <trkpt lat="-4.095866940915584564208984375" lon="-81.053334586322307586669921875">
        <ele>0</ele>
        <time>2026-09-07T20:18:29.000Z</time>
        <extensions>
          <ns3:TrackPointExtension>
            <ns3:hr>125</ns3:hr>
          </ns3:TrackPointExtension>
        </extensions>
      </trkpt>
      <trkpt lat="-4.09583953209221363067626953125" lon="-81.053343303501605987548828125">
        <ele>0</ele>
        <time>2026-09-07T20:18:30.000Z</time>
        <extensions>
          <ns3:TrackPointExtension>
            <ns3:hr>126</ns3:hr>
          </ns3:TrackPointExtension>
        </extensions>
      </trkpt>
      <trkpt lat="-4.0958064235746860504150390625" lon="-81.05331455357372760772705078125">
        <ele>0</ele>
        <time>2026-09-07T20:18:32.000Z</time>
        <extensions>
          <ns3:TrackPointExtension>
            <ns3:hr>126</ns3:hr>
          </ns3:TrackPointExtension>
        </extensions>
      </trkpt>
      <trkpt lat="-4.09588060341775417327880859375" lon="-81.05324079282581806182861328125">
        <ele>0</ele>
        <time>2026-09-07T20:18:35.000Z</time>
        <extensions>
          <ns3:TrackPointExtension>
            <ns3:hr>125</ns3:hr>
          </ns3:TrackPointExtension>
        </extensions>
      </trkpt>
      <trkpt lat="-4.096131138503551483154296875" lon="-81.0531409643590450286865234375">
        <ele>0</ele>
        <time>2026-09-07T20:18:40.000Z</time>
        <extensions>
          <ns3:TrackPointExtension>
            <ns3:hr>125</ns3:hr>
          </ns3:TrackPointExtension>
        </extensions>
      </trkpt>
      <trkpt lat="-4.0962992794811725616455078125" lon="-81.05307382531464099884033203125">
        <ele>0</ele>
        <time>2026-09-07T20:18:43.000Z</time>
        <extensions>
          <ns3:TrackPointExtension>
            <ns3:hr>124</ns3:hr>
          </ns3:TrackPointExtension>
        </extensions>
      </trkpt>
      <trkpt lat="-4.09647689200937747955322265625" lon="-81.05301900766789913177490234375">
        <ele>0</ele>
        <time>2026-09-07T20:18:46.000Z</time>
        <extensions>
          <ns3:TrackPointExtension>
            <ns3:hr>123</ns3:hr>
          </ns3:TrackPointExtension>
        </extensions>
      </trkpt>
      <trkpt lat="-4.096635393798351287841796875" lon="-81.052977181971073150634765625">
        <ele>0</ele>
        <time>2026-09-07T20:18:49.000Z</time>
        <extensions>
          <ns3:TrackPointExtension>
            <ns3:hr>124</ns3:hr>
          </ns3:TrackPointExtension>
        </extensions>
      </trkpt>
      <trkpt lat="-4.0967314504086971282958984375" lon="-81.05294440872967243194580078125">
        <ele>0</ele>
        <time>2026-09-07T20:18:51.000Z</time>
        <extensions>
          <ns3:TrackPointExtension>
            <ns3:hr>123</ns3:hr>
          </ns3:TrackPointExtension>
        </extensions>
      </trkpt>
      <trkpt lat="-4.09702892415225505828857421875" lon="-81.05284164659678936004638671875">
        <ele>0</ele>
        <time>2026-09-07T20:18:56.000Z</time>
        <extensions>
          <ns3:TrackPointExtension>
            <ns3:hr>124</ns3:hr>
          </ns3:TrackPointExtension>
        </extensions>
      </trkpt>
      <trkpt lat="-4.09709061495959758758544921875" lon="-81.05282521806657314300537109375">
        <ele>0</ele>
        <time>2026-09-07T20:18:57.000Z</time>
        <extensions>
          <ns3:TrackPointExtension>
            <ns3:hr>125</ns3:hr>
          </ns3:TrackPointExtension>
        </extensions>
      </trkpt>
      <trkpt lat="-4.0974107198417186737060546875" lon="-81.0527215339243412017822265625">
        <ele>0</ele>
        <time>2026-09-07T20:19:02.000Z</time>
        <extensions>
          <ns3:TrackPointExtension>
            <ns3:hr>124</ns3:hr>
          </ns3:TrackPointExtension>
        </extensions>
      </trkpt>
      <trkpt lat="-4.09759528934955596923828125" lon="-81.05267040431499481201171875">
        <ele>0</ele>
        <time>2026-09-07T20:19:05.000Z</time>
        <extensions>
          <ns3:TrackPointExtension>
            <ns3:hr>124</ns3:hr>
          </ns3:TrackPointExtension>
        </extensions>
      </trkpt>
      <trkpt lat="-4.0977193415164947509765625" lon="-81.052625477313995361328125">
        <ele>0</ele>
        <time>2026-09-07T20:19:07.000Z</time>
        <extensions>
          <ns3:TrackPointExtension>
            <ns3:hr>125</ns3:hr>
          </ns3:TrackPointExtension>
        </extensions>
      </trkpt>
      <trkpt lat="-4.0980806015431880950927734375" lon="-81.052541993558406829833984375">
        <ele>0</ele>
        <time>2026-09-07T20:19:13.000Z</time>
        <extensions>
          <ns3:TrackPointExtension>
            <ns3:hr>126</ns3:hr>
          </ns3:TrackPointExtension>
        </extensions>
      </trkpt>
      <trkpt lat="-4.0982046537101268768310546875" lon="-81.05250821448862552642822265625">
        <ele>0</ele>
        <time>2026-09-07T20:19:15.000Z</time>
        <extensions>
          <ns3:TrackPointExtension>
            <ns3:hr>125</ns3:hr>
          </ns3:TrackPointExtension>
        </extensions>
      </trkpt>
      <trkpt lat="-4.09840540029108524322509765625" lon="-81.05242431163787841796875">
        <ele>0</ele>
        <time>2026-09-07T20:19:18.000Z</time>
        <extensions>
          <ns3:TrackPointExtension>
            <ns3:hr>125</ns3:hr>
          </ns3:TrackPointExtension>
        </extensions>
      </trkpt>
      <trkpt lat="-4.0984879620373249053955078125" lon="-81.0523607768118381500244140625">
        <ele>0</ele>
        <time>2026-09-07T20:19:20.000Z</time>
        <extensions>
          <ns3:TrackPointExtension>
            <ns3:hr>125</ns3:hr>
          </ns3:TrackPointExtension>
        </extensions>
      </trkpt>
      <trkpt lat="-4.0985012054443359375" lon="-81.05232699774205684661865234375">
        <ele>0</ele>
        <time>2026-09-07T20:19:21.000Z</time>
        <extensions>
          <ns3:TrackPointExtension>
            <ns3:hr>125</ns3:hr>
          </ns3:TrackPointExtension>
        </extensions>
      </trkpt>
      <trkpt lat="-4.0985345654189586639404296875" lon="-81.05226312763988971710205078125">
        <ele>0</ele>
        <time>2026-09-07T20:19:23.000Z</time>
        <extensions>
          <ns3:TrackPointExtension>
            <ns3:hr>126</ns3:hr>
          </ns3:TrackPointExtension>
        </extensions>
      </trkpt>
      <trkpt lat="-4.0985690988600254058837890625" lon="-81.05223052203655242919921875">
        <ele>0</ele>
        <time>2026-09-07T20:19:25.000Z</time>
        <extensions>
          <ns3:TrackPointExtension>
            <ns3:hr>126</ns3:hr>
          </ns3:TrackPointExtension>
        </extensions>
      </trkpt>
      <trkpt lat="-4.098518975079059600830078125" lon="-81.05220629833638668060302734375">
        <ele>0</ele>
        <time>2026-09-07T20:19:27.000Z</time>
        <extensions>
          <ns3:TrackPointExtension>
            <ns3:hr>126</ns3:hr>
          </ns3:TrackPointExtension>
        </extensions>
      </trkpt>
      <trkpt lat="-4.09842903725802898406982421875" lon="-81.0522296838462352752685546875">
        <ele>0</ele>
        <time>2026-09-07T20:19:29.000Z</time>
        <extensions>
          <ns3:TrackPointExtension>
            <ns3:hr>126</ns3:hr>
          </ns3:TrackPointExtension>
        </extensions>
      </trkpt>
      <trkpt lat="-4.0983796678483486175537109375" lon="-81.0522472858428955078125">
        <ele>0</ele>
        <time>2026-09-07T20:19:30.000Z</time>
        <extensions>
          <ns3:TrackPointExtension>
            <ns3:hr>126</ns3:hr>
          </ns3:TrackPointExtension>
        </extensions>
      </trkpt>
      <trkpt lat="-4.09811018966138362884521484375" lon="-81.0523614473640918731689453125">
        <ele>0</ele>
        <time>2026-09-07T20:19:35.000Z</time>
        <extensions>
          <ns3:TrackPointExtension>
            <ns3:hr>125</ns3:hr>
          </ns3:TrackPointExtension>
        </extensions>
      </trkpt>
      <trkpt lat="-4.098011367022991180419921875" lon="-81.0524191148579120635986328125">
        <ele>0</ele>
        <time>2026-09-07T20:19:37.000Z</time>
        <extensions>
          <ns3:TrackPointExtension>
            <ns3:hr>126</ns3:hr>
          </ns3:TrackPointExtension>
        </extensions>
      </trkpt>
      <trkpt lat="-4.09782134927809238433837890625" lon="-81.052544675767421722412109375">
        <ele>0</ele>
        <time>2026-09-07T20:19:41.000Z</time>
        <extensions>
          <ns3:TrackPointExtension>
            <ns3:hr>125</ns3:hr>
          </ns3:TrackPointExtension>
        </extensions>
      </trkpt>
      <trkpt lat="-4.09766393713653087615966796875" lon="-81.05261617340147495269775390625">
        <ele>0</ele>
        <time>2026-09-07T20:19:44.000Z</time>
        <extensions>
          <ns3:TrackPointExtension>
            <ns3:hr>126</ns3:hr>
          </ns3:TrackPointExtension>
        </extensions>
      </trkpt>
      <trkpt lat="-4.09754223190248012542724609375" lon="-81.05261064134538173675537109375">
        <ele>0</ele>
        <time>2026-09-07T20:19:46.000Z</time>
        <extensions>
          <ns3:TrackPointExtension>
            <ns3:hr>126</ns3:hr>
          </ns3:TrackPointExtension>
        </extensions>
      </trkpt>
      <trkpt lat="-4.0973357856273651123046875" lon="-81.05257476679980754852294921875">
        <ele>0</ele>
        <time>2026-09-07T20:19:49.000Z</time>
        <extensions>
          <ns3:TrackPointExtension>
            <ns3:hr>125</ns3:hr>
          </ns3:TrackPointExtension>
        </extensions>
      </trkpt>
      <trkpt lat="-4.09725976176559925079345703125" lon="-81.0525812208652496337890625">
        <ele>0</ele>
        <time>2026-09-07T20:19:50.000Z</time>
        <extensions>
          <ns3:TrackPointExtension>
            <ns3:hr>126</ns3:hr>
          </ns3:TrackPointExtension>
        </extensions>
      </trkpt>
      <trkpt lat="-4.09718147478997707366943359375" lon="-81.05260175652801990509033203125">
        <ele>0</ele>
        <time>2026-09-07T20:19:51.000Z</time>
        <extensions>
          <ns3:TrackPointExtension>
            <ns3:hr>126</ns3:hr>
          </ns3:TrackPointExtension>
        </extensions>
      </trkpt>
      <trkpt lat="-4.09703244455158710479736328125" lon="-81.05266428552567958831787109375">
        <ele>0</ele>
        <time>2026-09-07T20:19:53.000Z</time>
        <extensions>
          <ns3:TrackPointExtension>
            <ns3:hr>125</ns3:hr>
          </ns3:TrackPointExtension>
        </extensions>
      </trkpt>
      <trkpt lat="-4.09679590724408626556396484375" lon="-81.05280593968927860260009765625">
        <ele>0</ele>
        <time>2026-09-07T20:19:57.000Z</time>
        <extensions>
          <ns3:TrackPointExtension>
            <ns3:hr>126</ns3:hr>
          </ns3:TrackPointExtension>
        </extensions>
      </trkpt>
      <trkpt lat="-4.0966234914958477020263671875" lon="-81.05294139124453067779541015625">
        <ele>0</ele>
        <time>2026-09-07T20:20:01.000Z</time>
        <extensions>
          <ns3:TrackPointExtension>
            <ns3:hr>123</ns3:hr>
          </ns3:TrackPointExtension>
        </extensions>
      </trkpt>
      <trkpt lat="-4.09658418036997318267822265625" lon="-81.0529706440865993499755859375">
        <ele>0</ele>
        <time>2026-09-07T20:20:02.000Z</time>
        <extensions>
          <ns3:TrackPointExtension>
            <ns3:hr>123</ns3:hr>
          </ns3:TrackPointExtension>
        </extensions>
      </trkpt>
      <trkpt lat="-4.09654931165277957916259765625" lon="-81.05299268849194049835205078125">
        <ele>0</ele>
        <time>2026-09-07T20:20:03.000Z</time>
        <extensions>
          <ns3:TrackPointExtension>
            <ns3:hr>124</ns3:hr>
          </ns3:TrackPointExtension>
        </extensions>
      </trkpt>
      <trkpt lat="-4.09649918787181377410888671875" lon="-81.052981875836849212646484375">
        <ele>0</ele>
        <time>2026-09-07T20:20:05.000Z</time>
        <extensions>
          <ns3:TrackPointExtension>
            <ns3:hr>123</ns3:hr>
          </ns3:TrackPointExtension>
        </extensions>
      </trkpt>
      <trkpt lat="-4.09651595167815685272216796875" lon="-81.052912808954715728759765625">
        <ele>0</ele>
        <time>2026-09-07T20:20:07.000Z</time>
        <extensions>
          <ns3:TrackPointExtension>
            <ns3:hr>122</ns3:hr>
          </ns3:TrackPointExtension>
        </extensions>
      </trkpt>
      <trkpt lat="-4.0965550951659679412841796875" lon="-81.05288137681782245635986328125">
        <ele>0</ele>
        <time>2026-09-07T20:20:08.000Z</time>
        <extensions>
          <ns3:TrackPointExtension>
            <ns3:hr>122</ns3:hr>
          </ns3:TrackPointExtension>
        </extensions>
      </trkpt>
      <trkpt lat="-4.09666699357330799102783203125" lon="-81.0528372041881084442138671875">
        <ele>0</ele>
        <time>2026-09-07T20:20:10.000Z</time>
        <extensions>
          <ns3:TrackPointExtension>
            <ns3:hr>122</ns3:hr>
          </ns3:TrackPointExtension>
        </extensions>
      </trkpt>
      <trkpt lat="-4.097053818404674530029296875" lon="-81.0527386330068111419677734375">
        <ele>0</ele>
        <time>2026-09-07T20:20:16.000Z</time>
        <extensions>
          <ns3:TrackPointExtension>
            <ns3:hr>123</ns3:hr>
          </ns3:TrackPointExtension>
        </extensions>
      </trkpt>
      <trkpt lat="-4.09711710177361965179443359375" lon="-81.0527154989540576934814453125">
        <ele>0</ele>
        <time>2026-09-07T20:20:17.000Z</time>
        <extensions>
          <ns3:TrackPointExtension>
            <ns3:hr>123</ns3:hr>
          </ns3:TrackPointExtension>
        </extensions>
      </trkpt>
      <trkpt lat="-4.097216427326202392578125" lon="-81.05266495607793331146240234375">
        <ele>0</ele>
        <time>2026-09-07T20:20:19.000Z</time>
        <extensions>
          <ns3:TrackPointExtension>
            <ns3:hr>124</ns3:hr>
          </ns3:TrackPointExtension>
        </extensions>
      </trkpt>
      <trkpt lat="-4.09722841344773769378662109375" lon="-81.05264500714838504791259765625">
        <ele>0</ele>
        <time>2026-09-07T20:20:20.000Z</time>
        <extensions>
          <ns3:TrackPointExtension>
            <ns3:hr>124</ns3:hr>
          </ns3:TrackPointExtension>
        </extensions>
      </trkpt>
      <trkpt lat="-4.0972082130610942840576171875" lon="-81.0526310093700885772705078125">
        <ele>0</ele>
        <time>2026-09-07T20:20:22.000Z</time>
        <extensions>
          <ns3:TrackPointExtension>
            <ns3:hr>124</ns3:hr>
          </ns3:TrackPointExtension>
        </extensions>
      </trkpt>
      <trkpt lat="-4.09719957970082759857177734375" lon="-81.05262455530464649200439453125">
        <ele>0</ele>
        <time>2026-09-07T20:20:23.000Z</time>
        <extensions>
          <ns3:TrackPointExtension>
            <ns3:hr>127</ns3:hr>
          </ns3:TrackPointExtension>
        </extensions>
      </trkpt>
      <trkpt lat="-4.097189605236053466796875" lon="-81.0526169277727603912353515625">
        <ele>0</ele>
        <time>2026-09-07T20:20:24.000Z</time>
        <extensions>
          <ns3:TrackPointExtension>
            <ns3:hr>124</ns3:hr>
          </ns3:TrackPointExtension>
        </extensions>
      </trkpt>
      <trkpt lat="-4.09717812202870845794677734375" lon="-81.05261801742017269134521484375">
        <ele>0</ele>
        <time>2026-09-07T20:20:25.000Z</time>
        <extensions>
          <ns3:TrackPointExtension>
            <ns3:hr>124</ns3:hr>
          </ns3:TrackPointExtension>
        </extensions>
      </trkpt>
      <trkpt lat="-4.097159765660762786865234375" lon="-81.05261416174471378326416015625">
        <ele>0</ele>
        <time>2026-09-07T20:20:27.000Z</time>
        <extensions>
          <ns3:TrackPointExtension>
            <ns3:hr>125</ns3:hr>
          </ns3:TrackPointExtension>
        </extensions>
      </trkpt>
      <trkpt lat="-4.0972150862216949462890625" lon="-81.052564121782779693603515625">
        <ele>0</ele>
        <time>2026-09-07T20:20:30.000Z</time>
        <extensions>
          <ns3:TrackPointExtension>
            <ns3:hr>125</ns3:hr>
          </ns3:TrackPointExtension>
        </extensions>
      </trkpt>
      <trkpt lat="-4.09733377397060394287109375" lon="-81.05251424945890903472900390625">
        <ele>0</ele>
        <time>2026-09-07T20:20:33.000Z</time>
        <extensions>
          <ns3:TrackPointExtension>
            <ns3:hr>125</ns3:hr>
          </ns3:TrackPointExtension>
        </extensions>
      </trkpt>
      <trkpt lat="-4.09738230518996715545654296875" lon="-81.0524891875684261322021484375">
        <ele>0</ele>
        <time>2026-09-07T20:20:34.000Z</time>
        <extensions>
          <ns3:TrackPointExtension>
            <ns3:hr>125</ns3:hr>
          </ns3:TrackPointExtension>
        </extensions>
      </trkpt>
      <trkpt lat="-4.097554385662078857421875" lon="-81.0524207912385463714599609375">
        <ele>0</ele>
        <time>2026-09-07T20:20:37.000Z</time>
        <extensions>
          <ns3:TrackPointExtension>
            <ns3:hr>125</ns3:hr>
          </ns3:TrackPointExtension>
        </extensions>
      </trkpt>
      <trkpt lat="-4.09767500124871730804443359375" lon="-81.052389442920684814453125">
        <ele>0</ele>
        <time>2026-09-07T20:20:39.000Z</time>
        <extensions>
          <ns3:TrackPointExtension>
            <ns3:hr>124</ns3:hr>
          </ns3:TrackPointExtension>
        </extensions>
      </trkpt>
      <trkpt lat="-4.0977996401488780975341796875" lon="-81.05234409682452678680419921875">
        <ele>0</ele>
        <time>2026-09-07T20:20:41.000Z</time>
        <extensions>
          <ns3:TrackPointExtension>
            <ns3:hr>122</ns3:hr>
          </ns3:TrackPointExtension>
        </extensions>
      </trkpt>
      <trkpt lat="-4.09788337536156177520751953125" lon="-81.0522863455116748809814453125">
        <ele>0</ele>
        <time>2026-09-07T20:20:43.000Z</time>
        <extensions>
          <ns3:TrackPointExtension>
            <ns3:hr>122</ns3:hr>
          </ns3:TrackPointExtension>
        </extensions>
      </trkpt>
      <trkpt lat="-4.09780726768076419830322265625" lon="-81.0522293485701084136962890625">
        <ele>0</ele>
        <time>2026-09-07T20:20:54.000Z</time>
        <extensions>
          <ns3:TrackPointExtension>
            <ns3:hr>122</ns3:hr>
          </ns3:TrackPointExtension>
        </extensions>
      </trkpt>
      <trkpt lat="-4.09782386384904384613037109375" lon="-81.0522015206515789031982421875">
        <ele>0</ele>
        <time>2026-09-07T20:21:02.000Z</time>
        <extensions>
          <ns3:TrackPointExtension>
            <ns3:hr>123</ns3:hr>
          </ns3:TrackPointExtension>
        </extensions>
      </trkpt>
      <trkpt lat="-4.097865521907806396484375" lon="-81.0523084737360477447509765625">
        <ele>0</ele>
        <time>2026-09-07T20:21:14.000Z</time>
        <extensions>
          <ns3:TrackPointExtension>
            <ns3:hr>123</ns3:hr>
          </ns3:TrackPointExtension>
        </extensions>
      </trkpt>
      <trkpt lat="-4.097765274345874786376953125" lon="-81.0522095672786235809326171875">
        <ele>0</ele>
        <time>2026-09-07T20:21:19.000Z</time>
        <extensions>
          <ns3:TrackPointExtension>
            <ns3:hr>121</ns3:hr>
          </ns3:TrackPointExtension>
        </extensions>
      </trkpt>
      <trkpt lat="-4.09774993546307086944580078125" lon="-81.0522001795470714569091796875">
        <ele>0</ele>
        <time>2026-09-07T20:21:20.000Z</time>
        <extensions>
          <ns3:TrackPointExtension>
            <ns3:hr>121</ns3:hr>
          </ns3:TrackPointExtension>
        </extensions>
      </trkpt>
      <trkpt lat="-4.0977235324680805206298828125" lon="-81.05216271243989467620849609375">
        <ele>0</ele>
        <time>2026-09-07T20:21:22.000Z</time>
        <extensions>
          <ns3:TrackPointExtension>
            <ns3:hr>119</ns3:hr>
          </ns3:TrackPointExtension>
        </extensions>
      </trkpt>
      <trkpt lat="-4.09776426851749420166015625" lon="-81.052099429070949554443359375">
        <ele>0</ele>
        <time>2026-09-07T20:21:24.000Z</time>
        <extensions>
          <ns3:TrackPointExtension>
            <ns3:hr>117</ns3:hr>
          </ns3:TrackPointExtension>
        </extensions>
      </trkpt>
      <trkpt lat="-4.0979236923158168792724609375" lon="-81.05203731916844844818115234375">
        <ele>0</ele>
        <time>2026-09-07T20:21:28.000Z</time>
        <extensions>
          <ns3:TrackPointExtension>
            <ns3:hr>114</ns3:hr>
          </ns3:TrackPointExtension>
        </extensions>
      </trkpt>
      <trkpt lat="-4.09820993430912494659423828125" lon="-81.0519604571163654327392578125">
        <ele>0</ele>
        <time>2026-09-07T20:21:34.000Z</time>
        <extensions>
          <ns3:TrackPointExtension>
            <ns3:hr>113</ns3:hr>
          </ns3:TrackPointExtension>
        </extensions>
      </trkpt>
      <trkpt lat="-4.0983629040420055389404296875" lon="-81.05195316486060619354248046875">
        <ele>0</ele>
        <time>2026-09-07T20:21:38.000Z</time>
        <extensions>
          <ns3:TrackPointExtension>
            <ns3:hr>115</ns3:hr>
          </ns3:TrackPointExtension>
        </extensions>
      </trkpt>
      <trkpt lat="-4.09836181439459323883056640625" lon="-81.05193682014942169189453125">
        <ele>0</ele>
        <time>2026-09-07T20:21:39.000Z</time>
        <extensions>
          <ns3:TrackPointExtension>
            <ns3:hr>115</ns3:hr>
          </ns3:TrackPointExtension>
        </extensions>
      </trkpt>
      <trkpt lat="-4.0982861258089542388916015625" lon="-81.05191762559115886688232421875">
        <ele>0</ele>
        <time>2026-09-07T20:21:41.000Z</time>
        <extensions>
          <ns3:TrackPointExtension>
            <ns3:hr>116</ns3:hr>
          </ns3:TrackPointExtension>
        </extensions>
      </trkpt>
      <trkpt lat="-4.09823373891413211822509765625" lon="-81.0519292764365673065185546875">
        <ele>0</ele>
        <time>2026-09-07T20:21:42.000Z</time>
        <extensions>
          <ns3:TrackPointExtension>
            <ns3:hr>117</ns3:hr>
          </ns3:TrackPointExtension>
        </extensions>
      </trkpt>
      <trkpt lat="-4.09806526266038417816162109375" lon="-81.05200119316577911376953125">
        <ele>0</ele>
        <time>2026-09-07T20:21:45.000Z</time>
        <extensions>
          <ns3:TrackPointExtension>
            <ns3:hr>120</ns3:hr>
          </ns3:TrackPointExtension>
        </extensions>
      </trkpt>
      <trkpt lat="-4.09790433011949062347412109375" lon="-81.05209196917712688446044921875">
        <ele>0</ele>
        <time>2026-09-07T20:21:48.000Z</time>
        <extensions>
          <ns3:TrackPointExtension>
            <ns3:hr>123</ns3:hr>
          </ns3:TrackPointExtension>
        </extensions>
      </trkpt>
      <trkpt lat="-4.09773065708577632904052734375" lon="-81.05218232609331607818603515625">
        <ele>0</ele>
        <time>2026-09-07T20:21:51.000Z</time>
        <extensions>
          <ns3:TrackPointExtension>
            <ns3:hr>124</ns3:hr>
          </ns3:TrackPointExtension>
        </extensions>
      </trkpt>
      <trkpt lat="-4.0974412299692630767822265625" lon="-81.05231861583888530731201171875">
        <ele>0</ele>
        <time>2026-09-07T20:21:57.000Z</time>
        <extensions>
          <ns3:TrackPointExtension>
            <ns3:hr>126</ns3:hr>
          </ns3:TrackPointExtension>
        </extensions>
      </trkpt>
      <trkpt lat="-4.09706094302237033843994140625" lon="-81.0525414906442165374755859375">
        <ele>0</ele>
        <time>2026-09-07T20:22:05.000Z</time>
        <extensions>
          <ns3:TrackPointExtension>
            <ns3:hr>126</ns3:hr>
          </ns3:TrackPointExtension>
        </extensions>
      </trkpt>
      <trkpt lat="-4.09689246676862239837646484375" lon="-81.05264115147292613983154296875">
        <ele>0</ele>
        <time>2026-09-07T20:22:10.000Z</time>
        <extensions>
          <ns3:TrackPointExtension>
            <ns3:hr>125</ns3:hr>
          </ns3:TrackPointExtension>
        </extensions>
      </trkpt>
      <trkpt lat="-4.09687243402004241943359375" lon="-81.0525756888091564178466796875">
        <ele>0</ele>
        <time>2026-09-07T20:22:12.000Z</time>
        <extensions>
          <ns3:TrackPointExtension>
            <ns3:hr>125</ns3:hr>
          </ns3:TrackPointExtension>
        </extensions>
      </trkpt>
      <trkpt lat="-4.0969426743686199188232421875" lon="-81.052523553371429443359375">
        <ele>0</ele>
        <time>2026-09-07T20:22:14.000Z</time>
        <extensions>
          <ns3:TrackPointExtension>
            <ns3:hr>125</ns3:hr>
          </ns3:TrackPointExtension>
        </extensions>
      </trkpt>
      <trkpt lat="-4.09705524332821369171142578125" lon="-81.05248038657009601593017578125">
        <ele>0</ele>
        <time>2026-09-07T20:22:16.000Z</time>
        <extensions>
          <ns3:TrackPointExtension>
            <ns3:hr>125</ns3:hr>
          </ns3:TrackPointExtension>
        </extensions>
      </trkpt>
      <trkpt lat="-4.0971807204186916351318359375" lon="-81.05244585312902927398681640625">
        <ele>0</ele>
        <time>2026-09-07T20:22:18.000Z</time>
        <extensions>
          <ns3:TrackPointExtension>
            <ns3:hr>125</ns3:hr>
          </ns3:TrackPointExtension>
        </extensions>
      </trkpt>
      <trkpt lat="-4.09751708619296550750732421875" lon="-81.0523688234388828277587890625">
        <ele>0</ele>
        <time>2026-09-07T20:22:23.000Z</time>
        <extensions>
          <ns3:TrackPointExtension>
            <ns3:hr>125</ns3:hr>
          </ns3:TrackPointExtension>
        </extensions>
      </trkpt>
      <trkpt lat="-4.09781045280396938323974609375" lon="-81.052305288612842559814453125">
        <ele>0</ele>
        <time>2026-09-07T20:22:27.000Z</time>
        <extensions>
          <ns3:TrackPointExtension>
            <ns3:hr>125</ns3:hr>
          </ns3:TrackPointExtension>
        </extensions>
      </trkpt>
      <trkpt lat="-4.097945652902126312255859375" lon="-81.052258349955081939697265625">
        <ele>0</ele>
        <time>2026-09-07T20:22:29.000Z</time>
        <extensions>
          <ns3:TrackPointExtension>
            <ns3:hr>124</ns3:hr>
          </ns3:TrackPointExtension>
        </extensions>
      </trkpt>
      <trkpt lat="-4.097985886037349700927734375" lon="-81.05222876183688640594482421875">
        <ele>0</ele>
        <time>2026-09-07T20:22:30.000Z</time>
        <extensions>
          <ns3:TrackPointExtension>
            <ns3:hr>124</ns3:hr>
          </ns3:TrackPointExtension>
        </extensions>
      </trkpt>
      <trkpt lat="-4.0980075113475322723388671875" lon="-81.05218626558780670166015625">
        <ele>0</ele>
        <time>2026-09-07T20:22:31.000Z</time>
        <extensions>
          <ns3:TrackPointExtension>
            <ns3:hr>124</ns3:hr>
          </ns3:TrackPointExtension>
        </extensions>
      </trkpt>
      <trkpt lat="-4.09803089685738086700439453125" lon="-81.05214276351034641265869140625">
        <ele>0</ele>
        <time>2026-09-07T20:22:32.000Z</time>
        <extensions>
          <ns3:TrackPointExtension>
            <ns3:hr>126</ns3:hr>
          </ns3:TrackPointExtension>
        </extensions>
      </trkpt>
      <trkpt lat="-4.0981101058423519134521484375" lon="-81.05208274908363819122314453125">
        <ele>0</ele>
        <time>2026-09-07T20:22:34.000Z</time>
        <extensions>
          <ns3:TrackPointExtension>
            <ns3:hr>124</ns3:hr>
          </ns3:TrackPointExtension>
        </extensions>
      </trkpt>
      <trkpt lat="-4.09820876084268093109130859375" lon="-81.05204050429165363311767578125">
        <ele>0</ele>
        <time>2026-09-07T20:22:37.000Z</time>
        <extensions>
          <ns3:TrackPointExtension>
            <ns3:hr>125</ns3:hr>
          </ns3:TrackPointExtension>
        </extensions>
      </trkpt>
      <trkpt lat="-4.09819602034986019134521484375" lon="-81.052015610039234161376953125">
        <ele>0</ele>
        <time>2026-09-07T20:22:38.000Z</time>
        <extensions>
          <ns3:TrackPointExtension>
            <ns3:hr>124</ns3:hr>
          </ns3:TrackPointExtension>
        </extensions>
      </trkpt>
      <trkpt lat="-4.0981027297675609588623046875" lon="-81.0519857704639434814453125">
        <ele>0</ele>
        <time>2026-09-07T20:22:40.000Z</time>
        <extensions>
          <ns3:TrackPointExtension>
            <ns3:hr>124</ns3:hr>
          </ns3:TrackPointExtension>
        </extensions>
      </trkpt>
      <trkpt lat="-4.0979126282036304473876953125" lon="-81.0520556755363941192626953125">
        <ele>0</ele>
        <time>2026-09-07T20:22:43.000Z</time>
        <extensions>
          <ns3:TrackPointExtension>
            <ns3:hr>124</ns3:hr>
          </ns3:TrackPointExtension>
        </extensions>
      </trkpt>
      <trkpt lat="-4.097631163895130157470703125" lon="-81.05222490616142749786376953125">
        <ele>0</ele>
        <time>2026-09-07T20:22:48.000Z</time>
        <extensions>
          <ns3:TrackPointExtension>
            <ns3:hr>125</ns3:hr>
          </ns3:TrackPointExtension>
        </extensions>
      </trkpt>
      <trkpt lat="-4.09757693298161029815673828125" lon="-81.05225239880383014678955078125">
        <ele>0</ele>
        <time>2026-09-07T20:22:49.000Z</time>
        <extensions>
          <ns3:TrackPointExtension>
            <ns3:hr>124</ns3:hr>
          </ns3:TrackPointExtension>
        </extensions>
      </trkpt>
      <trkpt lat="-4.09746746532618999481201171875" lon="-81.0523114912211894989013671875">
        <ele>0</ele>
        <time>2026-09-07T20:22:51.000Z</time>
        <extensions>
          <ns3:TrackPointExtension>
            <ns3:hr>124</ns3:hr>
          </ns3:TrackPointExtension>
        </extensions>
      </trkpt>
      <trkpt lat="-4.0973708219826221466064453125" lon="-81.05237410403788089752197265625">
        <ele>0</ele>
        <time>2026-09-07T20:22:53.000Z</time>
        <extensions>
          <ns3:TrackPointExtension>
            <ns3:hr>123</ns3:hr>
          </ns3:TrackPointExtension>
        </extensions>
      </trkpt>
      <trkpt lat="-4.09710268490016460418701171875" lon="-81.052551381289958953857421875">
        <ele>0</ele>
        <time>2026-09-07T20:22:59.000Z</time>
        <extensions>
          <ns3:TrackPointExtension>
            <ns3:hr>121</ns3:hr>
          </ns3:TrackPointExtension>
        </extensions>
      </trkpt>
      <trkpt lat="-4.09675064496695995330810546875" lon="-81.0527711547911167144775390625">
        <ele>0</ele>
        <time>2026-09-07T20:23:07.000Z</time>
        <extensions>
          <ns3:TrackPointExtension>
            <ns3:hr>121</ns3:hr>
          </ns3:TrackPointExtension>
        </extensions>
      </trkpt>
      <trkpt lat="-4.09658485092222690582275390625" lon="-81.05288992635905742645263671875">
        <ele>0</ele>
        <time>2026-09-07T20:23:11.000Z</time>
        <extensions>
          <ns3:TrackPointExtension>
            <ns3:hr>119</ns3:hr>
          </ns3:TrackPointExtension>
        </extensions>
      </trkpt>
      <trkpt lat="-4.09648024477064609527587890625" lon="-81.0529672913253307342529296875">
        <ele>0</ele>
        <time>2026-09-07T20:23:14.000Z</time>
        <extensions>
          <ns3:TrackPointExtension>
            <ns3:hr>120</ns3:hr>
          </ns3:TrackPointExtension>
        </extensions>
      </trkpt>
      <trkpt lat="-4.096448309719562530517578125" lon="-81.05297424830496311187744140625">
        <ele>0</ele>
        <time>2026-09-07T20:23:15.000Z</time>
        <extensions>
          <ns3:TrackPointExtension>
            <ns3:hr>121</ns3:hr>
          </ns3:TrackPointExtension>
        </extensions>
      </trkpt>
      <trkpt lat="-4.096406064927577972412109375" lon="-81.0529454983770847320556640625">
        <ele>0</ele>
        <time>2026-09-07T20:23:17.000Z</time>
        <extensions>
          <ns3:TrackPointExtension>
            <ns3:hr>122</ns3:hr>
          </ns3:TrackPointExtension>
        </extensions>
      </trkpt>
      <trkpt lat="-4.0964585356414318084716796875" lon="-81.052877269685268402099609375">
        <ele>0</ele>
        <time>2026-09-07T20:23:19.000Z</time>
        <extensions>
          <ns3:TrackPointExtension>
            <ns3:hr>124</ns3:hr>
          </ns3:TrackPointExtension>
        </extensions>
      </trkpt>
      <trkpt lat="-4.0965098328888416290283203125" lon="-81.05284516699612140655517578125">
        <ele>0</ele>
        <time>2026-09-07T20:23:20.000Z</time>
        <extensions>
          <ns3:TrackPointExtension>
            <ns3:hr>126</ns3:hr>
          </ns3:TrackPointExtension>
        </extensions>
      </trkpt>
      <trkpt lat="-4.09662759862840175628662109375" lon="-81.05277928523719310760498046875">
        <ele>0</ele>
        <time>2026-09-07T20:23:22.000Z</time>
        <extensions>
          <ns3:TrackPointExtension>
            <ns3:hr>126</ns3:hr>
          </ns3:TrackPointExtension>
        </extensions>
      </trkpt>
      <trkpt lat="-4.09680403769016265869140625" lon="-81.05267803184688091278076171875">
        <ele>0</ele>
        <time>2026-09-07T20:23:25.000Z</time>
        <extensions>
          <ns3:TrackPointExtension>
            <ns3:hr>126</ns3:hr>
          </ns3:TrackPointExtension>
        </extensions>
      </trkpt>
      <trkpt lat="-4.09691979177296161651611328125" lon="-81.05262991972267627716064453125">
        <ele>0</ele>
        <time>2026-09-07T20:23:27.000Z</time>
        <extensions>
          <ns3:TrackPointExtension>
            <ns3:hr>126</ns3:hr>
          </ns3:TrackPointExtension>
        </extensions>
      </trkpt>
      <trkpt lat="-4.09726428799331188201904296875" lon="-81.052543334662914276123046875">
        <ele>0</ele>
        <time>2026-09-07T20:23:32.000Z</time>
        <extensions>
          <ns3:TrackPointExtension>
            <ns3:hr>128</ns3:hr>
          </ns3:TrackPointExtension>
        </extensions>
      </trkpt>
      <trkpt lat="-4.09773233346641063690185546875" lon="-81.05244954116642475128173828125">
        <ele>0</ele>
        <time>2026-09-07T20:23:39.000Z</time>
        <extensions>
          <ns3:TrackPointExtension>
            <ns3:hr>130</ns3:hr>
          </ns3:TrackPointExtension>
        </extensions>
      </trkpt>
      <trkpt lat="-4.0978244505822658538818359375" lon="-81.052389442920684814453125">
        <ele>0</ele>
        <time>2026-09-07T20:23:41.000Z</time>
        <extensions>
          <ns3:TrackPointExtension>
            <ns3:hr>130</ns3:hr>
          </ns3:TrackPointExtension>
        </extensions>
      </trkpt>
      <trkpt lat="-4.0978529490530490875244140625" lon="-81.0523477010428905487060546875">
        <ele>0</ele>
        <time>2026-09-07T20:23:42.000Z</time>
        <extensions>
          <ns3:TrackPointExtension>
            <ns3:hr>129</ns3:hr>
          </ns3:TrackPointExtension>
        </extensions>
      </trkpt>
      <trkpt lat="-4.0979230217635631561279296875" lon="-81.05225709266960620880126953125">
        <ele>0</ele>
        <time>2026-09-07T20:23:44.000Z</time>
        <extensions>
          <ns3:TrackPointExtension>
            <ns3:hr>130</ns3:hr>
          </ns3:TrackPointExtension>
        </extensions>
      </trkpt>
      <trkpt lat="-4.098016731441020965576171875" lon="-81.05220906436443328857421875">
        <ele>0</ele>
        <time>2026-09-07T20:23:46.000Z</time>
        <extensions>
          <ns3:TrackPointExtension>
            <ns3:hr>130</ns3:hr>
          </ns3:TrackPointExtension>
        </extensions>
      </trkpt>
      <trkpt lat="-4.09809560514986515045166015625" lon="-81.05217293836176395416259765625">
        <ele>0</ele>
        <time>2026-09-07T20:23:49.000Z</time>
        <extensions>
          <ns3:TrackPointExtension>
            <ns3:hr>129</ns3:hr>
          </ns3:TrackPointExtension>
        </extensions>
      </trkpt>
      <trkpt lat="-4.09799653105437755584716796875" lon="-81.052134968340396881103515625">
        <ele>0</ele>
        <time>2026-09-07T20:23:52.000Z</time>
        <extensions>
          <ns3:TrackPointExtension>
            <ns3:hr>128</ns3:hr>
          </ns3:TrackPointExtension>
        </extensions>
      </trkpt>
      <trkpt lat="-4.0977262146770954132080078125" lon="-81.052169166505336761474609375">
        <ele>0</ele>
        <time>2026-09-07T20:23:56.000Z</time>
        <extensions>
          <ns3:TrackPointExtension>
            <ns3:hr>129</ns3:hr>
          </ns3:TrackPointExtension>
        </extensions>
      </trkpt>
      <trkpt lat="-4.097670055925846099853515625" lon="-81.05218400247395038604736328125">
        <ele>0</ele>
        <time>2026-09-07T20:23:57.000Z</time>
        <extensions>
          <ns3:TrackPointExtension>
            <ns3:hr>129</ns3:hr>
          </ns3:TrackPointExtension>
        </extensions>
      </trkpt>
      <trkpt lat="-4.09745472483336925506591796875" lon="-81.0522444359958171844482421875">
        <ele>0</ele>
        <time>2026-09-07T20:24:01.000Z</time>
        <extensions>
          <ns3:TrackPointExtension>
            <ns3:hr>126</ns3:hr>
          </ns3:TrackPointExtension>
        </extensions>
      </trkpt>
      <trkpt lat="-4.09734718501567840576171875" lon="-81.0522886924445629119873046875">
        <ele>0</ele>
        <time>2026-09-07T20:24:03.000Z</time>
        <extensions>
          <ns3:TrackPointExtension>
            <ns3:hr>126</ns3:hr>
          </ns3:TrackPointExtension>
        </extensions>
      </trkpt>
      <trkpt lat="-4.09729463048279285430908203125" lon="-81.0523175261914730072021484375">
        <ele>0</ele>
        <time>2026-09-07T20:24:04.000Z</time>
        <extensions>
          <ns3:TrackPointExtension>
            <ns3:hr>125</ns3:hr>
          </ns3:TrackPointExtension>
        </extensions>
      </trkpt>
      <trkpt lat="-4.09702892415225505828857421875" lon="-81.05246244929730892181396484375">
        <ele>0</ele>
        <time>2026-09-07T20:24:09.000Z</time>
        <extensions>
          <ns3:TrackPointExtension>
            <ns3:hr>123</ns3:hr>
          </ns3:TrackPointExtension>
        </extensions>
      </trkpt>
      <trkpt lat="-4.09666783176362514495849609375" lon="-81.05267669074237346649169921875">
        <ele>0</ele>
        <time>2026-09-07T20:24:16.000Z</time>
        <extensions>
          <ns3:TrackPointExtension>
            <ns3:hr>125</ns3:hr>
          </ns3:TrackPointExtension>
        </extensions>
      </trkpt>
      <trkpt lat="-4.096324257552623748779296875" lon="-81.05290417559444904327392578125">
        <ele>0</ele>
        <time>2026-09-07T20:24:23.000Z</time>
        <extensions>
          <ns3:TrackPointExtension>
            <ns3:hr>126</ns3:hr>
          </ns3:TrackPointExtension>
        </extensions>
      </trkpt>
      <trkpt lat="-4.09627371467649936676025390625" lon="-81.052930913865566253662109375">
        <ele>0</ele>
        <time>2026-09-07T20:24:24.000Z</time>
        <extensions>
          <ns3:TrackPointExtension>
            <ns3:hr>126</ns3:hr>
          </ns3:TrackPointExtension>
        </extensions>
      </trkpt>
      <trkpt lat="-4.09613759256899356842041015625" lon="-81.05301951058208942413330078125">
        <ele>0</ele>
        <time>2026-09-07T20:24:27.000Z</time>
        <extensions>
          <ns3:TrackPointExtension>
            <ns3:hr>126</ns3:hr>
          </ns3:TrackPointExtension>
        </extensions>
      </trkpt>
      <trkpt lat="-4.09598571248352527618408203125" lon="-81.0531483404338359832763671875">
        <ele>0</ele>
        <time>2026-09-07T20:24:31.000Z</time>
        <extensions>
          <ns3:TrackPointExtension>
            <ns3:hr>126</ns3:hr>
          </ns3:TrackPointExtension>
        </extensions>
      </trkpt>
      <trkpt lat="-4.09593257121741771697998046875" lon="-81.05318698100745677947998046875">
        <ele>0</ele>
        <time>2026-09-07T20:24:33.000Z</time>
        <extensions>
          <ns3:TrackPointExtension>
            <ns3:hr>125</ns3:hr>
          </ns3:TrackPointExtension>
        </extensions>
      </trkpt>
      <trkpt lat="-4.0959137119352817535400390625" lon="-81.05317776091396808624267578125">
        <ele>0</ele>
        <time>2026-09-07T20:24:34.000Z</time>
        <extensions>
          <ns3:TrackPointExtension>
            <ns3:hr>123</ns3:hr>
          </ns3:TrackPointExtension>
        </extensions>
      </trkpt>
      <trkpt lat="-4.09591010771691799163818359375" lon="-81.05315395630896091461181640625">
        <ele>0</ele>
        <time>2026-09-07T20:24:35.000Z</time>
        <extensions>
          <ns3:TrackPointExtension>
            <ns3:hr>122</ns3:hr>
          </ns3:TrackPointExtension>
        </extensions>
      </trkpt>
      <trkpt lat="-4.09600482322275638580322265625" lon="-81.05309125967323780059814453125">
        <ele>0</ele>
        <time>2026-09-07T20:24:38.000Z</time>
        <extensions>
          <ns3:TrackPointExtension>
            <ns3:hr>121</ns3:hr>
          </ns3:TrackPointExtension>
        </extensions>
      </trkpt>
      <trkpt lat="-4.0960575453937053680419921875" lon="-81.05307030491530895233154296875">
        <ele>0</ele>
        <time>2026-09-07T20:24:39.000Z</time>
        <extensions>
          <ns3:TrackPointExtension>
            <ns3:hr>122</ns3:hr>
          </ns3:TrackPointExtension>
        </extensions>
      </trkpt>
      <trkpt lat="-4.09617128781974315643310546875" lon="-81.0530376993119716644287109375">
        <ele>0</ele>
        <time>2026-09-07T20:24:41.000Z</time>
        <extensions>
          <ns3:TrackPointExtension>
            <ns3:hr>122</ns3:hr>
          </ns3:TrackPointExtension>
        </extensions>
      </trkpt>
      <trkpt lat="-4.0962288714945316314697265625" lon="-81.05302286334335803985595703125">
        <ele>0</ele>
        <time>2026-09-07T20:24:42.000Z</time>
        <extensions>
          <ns3:TrackPointExtension>
            <ns3:hr>123</ns3:hr>
          </ns3:TrackPointExtension>
        </extensions>
      </trkpt>
      <trkpt lat="-4.09665928222239017486572265625" lon="-81.0528978891670703887939453125">
        <ele>0</ele>
        <time>2026-09-07T20:24:49.000Z</time>
        <extensions>
          <ns3:TrackPointExtension>
            <ns3:hr>122</ns3:hr>
          </ns3:TrackPointExtension>
        </extensions>
      </trkpt>
      <trkpt lat="-4.097095392644405364990234375" lon="-81.05276855640113353729248046875">
        <ele>0</ele>
        <time>2026-09-07T20:24:56.000Z</time>
        <extensions>
          <ns3:TrackPointExtension>
            <ns3:hr>121</ns3:hr>
          </ns3:TrackPointExtension>
        </extensions>
      </trkpt>
      <trkpt lat="-4.0975569002330303192138671875" lon="-81.05261868797242641448974609375">
        <ele>0</ele>
        <time>2026-09-07T20:25:03.000Z</time>
        <extensions>
          <ns3:TrackPointExtension>
            <ns3:hr>119</ns3:hr>
          </ns3:TrackPointExtension>
        </extensions>
      </trkpt>
      <trkpt lat="-4.097611047327518463134765625" lon="-81.05258834548294544219970703125">
        <ele>0</ele>
        <time>2026-09-07T20:25:04.000Z</time>
        <extensions>
          <ns3:TrackPointExtension>
            <ns3:hr>119</ns3:hr>
          </ns3:TrackPointExtension>
        </extensions>
      </trkpt>
      <trkpt lat="-4.09763560630381107330322265625" lon="-81.05256454087793827056884765625">
        <ele>0</ele>
        <time>2026-09-07T20:25:05.000Z</time>
        <extensions>
          <ns3:TrackPointExtension>
            <ns3:hr>119</ns3:hr>
          </ns3:TrackPointExtension>
        </extensions>
      </trkpt>
      <trkpt lat="-4.0976420603692531585693359375" lon="-81.05255045928061008453369140625">
        <ele>0</ele>
        <time>2026-09-07T20:25:06.000Z</time>
        <extensions>
          <ns3:TrackPointExtension>
            <ns3:hr>119</ns3:hr>
          </ns3:TrackPointExtension>
        </extensions>
      </trkpt>
      <trkpt lat="-4.097641222178936004638671875" lon="-81.05253872461616992950439453125">
        <ele>0</ele>
        <time>2026-09-07T20:25:07.000Z</time>
        <extensions>
          <ns3:TrackPointExtension>
            <ns3:hr>119</ns3:hr>
          </ns3:TrackPointExtension>
        </extensions>
      </trkpt>
      <trkpt lat="-4.09766142256557941436767578125" lon="-81.0524873435497283935546875">
        <ele>0</ele>
        <time>2026-09-07T20:25:09.000Z</time>
        <extensions>
          <ns3:TrackPointExtension>
            <ns3:hr>118</ns3:hr>
          </ns3:TrackPointExtension>
        </extensions>
      </trkpt>
      <trkpt lat="-4.09768857993185520172119140625" lon="-81.05246110819280147552490234375">
        <ele>0</ele>
        <time>2026-09-07T20:25:10.000Z</time>
        <extensions>
          <ns3:TrackPointExtension>
            <ns3:hr>118</ns3:hr>
          </ns3:TrackPointExtension>
        </extensions>
      </trkpt>
      <trkpt lat="-4.09778983332216739654541015625" lon="-81.05238164775073528289794921875">
        <ele>0</ele>
        <time>2026-09-07T20:25:13.000Z</time>
        <extensions>
          <ns3:TrackPointExtension>
            <ns3:hr>119</ns3:hr>
          </ns3:TrackPointExtension>
        </extensions>
      </trkpt>
      <trkpt lat="-4.097938947379589080810546875" lon="-81.05232330970466136932373046875">
        <ele>0</ele>
        <time>2026-09-07T20:25:16.000Z</time>
        <extensions>
          <ns3:TrackPointExtension>
            <ns3:hr>119</ns3:hr>
          </ns3:TrackPointExtension>
        </extensions>
      </trkpt>
      <trkpt lat="-4.09827464260160923004150390625" lon="-81.05220294557511806488037109375">
        <ele>0</ele>
        <time>2026-09-07T20:25:22.000Z</time>
        <extensions>
          <ns3:TrackPointExtension>
            <ns3:hr>120</ns3:hr>
          </ns3:TrackPointExtension>
        </extensions>
      </trkpt>
      <trkpt lat="-4.098384864628314971923828125" lon="-81.052024327218532562255859375">
        <ele>0</ele>
        <time>2026-09-07T20:25:29.000Z</time>
        <extensions>
          <ns3:TrackPointExtension>
            <ns3:hr>119</ns3:hr>
          </ns3:TrackPointExtension>
        </extensions>
      </trkpt>
      <trkpt lat="-4.0983287058770656585693359375" lon="-81.05201083235442638397216796875">
        <ele>0</ele>
        <time>2026-09-07T20:25:33.000Z</time>
        <extensions>
          <ns3:TrackPointExtension>
            <ns3:hr>119</ns3:hr>
          </ns3:TrackPointExtension>
        </extensions>
      </trkpt>
      <trkpt lat="-4.09778480418026447296142578125" lon="-81.05192617513239383697509765625">
        <ele>0</ele>
        <time>2026-09-07T20:26:13.000Z</time>
        <extensions>
          <ns3:TrackPointExtension>
            <ns3:hr>128</ns3:hr>
          </ns3:TrackPointExtension>
        </extensions>
      </trkpt>
      <trkpt lat="-4.09768723882734775543212890625" lon="-81.05189113877713680267333984375">
        <ele>0</ele>
        <time>2026-09-07T20:26:20.000Z</time>
        <extensions>
          <ns3:TrackPointExtension>
            <ns3:hr>127</ns3:hr>
          </ns3:TrackPointExtension>
        </extensions>
      </trkpt>
      <trkpt lat="-4.09768455661833286285400390625" lon="-81.05189063586294651031494140625">
        <ele>0</ele>
        <time>2026-09-07T20:26:21.000Z</time>
        <extensions>
          <ns3:TrackPointExtension>
            <ns3:hr>127</ns3:hr>
          </ns3:TrackPointExtension>
        </extensions>
      </trkpt>
      <trkpt lat="-4.0976511128246784210205078125" lon="-81.051858030259609222412109375">
        <ele>0</ele>
        <time>2026-09-07T20:26:27.000Z</time>
        <extensions>
          <ns3:TrackPointExtension>
            <ns3:hr>126</ns3:hr>
          </ns3:TrackPointExtension>
        </extensions>
      </trkpt>
      <trkpt lat="-4.09762085415422916412353515625" lon="-81.0518022067844867706298828125">
        <ele>0</ele>
        <time>2026-09-07T20:26:37.000Z</time>
        <extensions>
          <ns3:TrackPointExtension>
            <ns3:hr>126</ns3:hr>
          </ns3:TrackPointExtension>
        </extensions>
      </trkpt>
      <trkpt lat="-4.09761515446007251739501953125" lon="-81.0517364926636219024658203125">
        <ele>0</ele>
        <time>2026-09-07T20:26:47.000Z</time>
        <extensions>
          <ns3:TrackPointExtension>
            <ns3:hr>126</ns3:hr>
          </ns3:TrackPointExtension>
        </extensions>
      </trkpt>
      <trkpt lat="-4.09758724272251129150390625" lon="-81.05171193368732929229736328125">
        <ele>0</ele>
        <time>2026-09-07T20:26:52.000Z</time>
        <extensions>
          <ns3:TrackPointExtension>
            <ns3:hr>126</ns3:hr>
          </ns3:TrackPointExtension>
        </extensions>
      </trkpt>
      <trkpt lat="-4.09756310284137725830078125" lon="-81.05171361006796360015869140625">
        <ele>0</ele>
        <time>2026-09-07T20:26:54.000Z</time>
        <extensions>
          <ns3:TrackPointExtension>
            <ns3:hr>126</ns3:hr>
          </ns3:TrackPointExtension>
        </extensions>
      </trkpt>
      <trkpt lat="-4.09754969179630279541015625" lon="-81.05171008966863155364990234375">
        <ele>0</ele>
        <time>2026-09-07T20:26:55.000Z</time>
        <extensions>
          <ns3:TrackPointExtension>
            <ns3:hr>125</ns3:hr>
          </ns3:TrackPointExtension>
        </extensions>
      </trkpt>
      <trkpt lat="-4.09750065766274929046630859375" lon="-81.05168628506362438201904296875">
        <ele>0</ele>
        <time>2026-09-07T20:26:58.000Z</time>
        <extensions>
          <ns3:TrackPointExtension>
            <ns3:hr>126</ns3:hr>
          </ns3:TrackPointExtension>
        </extensions>
      </trkpt>
      <trkpt lat="-4.09747081808745861053466796875" lon="-81.05168603360652923583984375">
        <ele>0</ele>
        <time>2026-09-07T20:26:59.000Z</time>
        <extensions>
          <ns3:TrackPointExtension>
            <ns3:hr>127</ns3:hr>
          </ns3:TrackPointExtension>
        </extensions>
      </trkpt>
      <trkpt lat="-4.0973165072500705718994140625" lon="-81.0517395101487636566162109375">
        <ele>0</ele>
        <time>2026-09-07T20:27:04.000Z</time>
        <extensions>
          <ns3:TrackPointExtension>
            <ns3:hr>126</ns3:hr>
          </ns3:TrackPointExtension>
        </extensions>
      </trkpt>
      <trkpt lat="-4.0972437523305416107177734375" lon="-81.05175577104091644287109375">
        <ele>0</ele>
        <time>2026-09-07T20:27:06.000Z</time>
        <extensions>
          <ns3:TrackPointExtension>
            <ns3:hr>123</ns3:hr>
          </ns3:TrackPointExtension>
        </extensions>
      </trkpt>
      <trkpt lat="-4.0971512161195278167724609375" lon="-81.05177932418882846832275390625">
        <ele>0</ele>
        <time>2026-09-07T20:27:08.000Z</time>
        <extensions>
          <ns3:TrackPointExtension>
            <ns3:hr>124</ns3:hr>
          </ns3:TrackPointExtension>
        </extensions>
      </trkpt>
      <trkpt lat="-4.09710184670984745025634765625" lon="-81.05179910548031330108642578125">
        <ele>0</ele>
        <time>2026-09-07T20:27:09.000Z</time>
        <extensions>
          <ns3:TrackPointExtension>
            <ns3:hr>123</ns3:hr>
          </ns3:TrackPointExtension>
        </extensions>
      </trkpt>
      <trkpt lat="-4.09686480648815631866455078125" lon="-81.05193640105426311492919921875">
        <ele>0</ele>
        <time>2026-09-07T20:27:14.000Z</time>
        <extensions>
          <ns3:TrackPointExtension>
            <ns3:hr>121</ns3:hr>
          </ns3:TrackPointExtension>
        </extensions>
      </trkpt>
      <trkpt lat="-4.09649156033992767333984375" lon="-81.0521267540752887725830078125">
        <ele>0</ele>
        <time>2026-09-07T20:27:22.000Z</time>
        <extensions>
          <ns3:TrackPointExtension>
            <ns3:hr>121</ns3:hr>
          </ns3:TrackPointExtension>
        </extensions>
      </trkpt>
      <trkpt lat="-4.09644998610019683837890625" lon="-81.05215969495475292205810546875">
        <ele>0</ele>
        <time>2026-09-07T20:27:23.000Z</time>
        <extensions>
          <ns3:TrackPointExtension>
            <ns3:hr>122</ns3:hr>
          </ns3:TrackPointExtension>
        </extensions>
      </trkpt>
      <trkpt lat="-4.0962764807045459747314453125" lon="-81.05226664803922176361083984375">
        <ele>0</ele>
        <time>2026-09-07T20:27:27.000Z</time>
        <extensions>
          <ns3:TrackPointExtension>
            <ns3:hr>122</ns3:hr>
          </ns3:TrackPointExtension>
        </extensions>
      </trkpt>
      <trkpt lat="-4.0960417874157428741455078125" lon="-81.05243814177811145782470703125">
        <ele>0</ele>
        <time>2026-09-07T20:27:33.000Z</time>
        <extensions>
          <ns3:TrackPointExtension>
            <ns3:hr>123</ns3:hr>
          </ns3:TrackPointExtension>
        </extensions>
      </trkpt>
      <trkpt lat="-4.0960079245269298553466796875" lon="-81.05245674960315227508544921875">
        <ele>0</ele>
        <time>2026-09-07T20:27:34.000Z</time>
        <extensions>
          <ns3:TrackPointExtension>
            <ns3:hr>124</ns3:hr>
          </ns3:TrackPointExtension>
        </extensions>
      </trkpt>
      <trkpt lat="-4.0958409570157527923583984375" lon="-81.05253621004521846771240234375">
        <ele>0</ele>
        <time>2026-09-07T20:27:38.000Z</time>
        <extensions>
          <ns3:TrackPointExtension>
            <ns3:hr>125</ns3:hr>
          </ns3:TrackPointExtension>
        </extensions>
      </trkpt>
      <trkpt lat="-4.095528312027454376220703125" lon="-81.0527409799396991729736328125">
        <ele>0</ele>
        <time>2026-09-07T20:27:46.000Z</time>
        <extensions>
          <ns3:TrackPointExtension>
            <ns3:hr>125</ns3:hr>
          </ns3:TrackPointExtension>
        </extensions>
      </trkpt>
      <trkpt lat="-4.0954966284334659576416015625" lon="-81.0527131520211696624755859375">
        <ele>0</ele>
        <time>2026-09-07T20:27:47.000Z</time>
        <extensions>
          <ns3:TrackPointExtension>
            <ns3:hr>125</ns3:hr>
          </ns3:TrackPointExtension>
        </extensions>
      </trkpt>
      <trkpt lat="-4.0954966284334659576416015625" lon="-81.0527131520211696624755859375">
        <ele>0</ele>
        <time>2026-09-07T20:27:48.000Z</time>
        <extensions>
          <ns3:TrackPointExtension>
            <ns3:hr>126</ns3:hr>
          </ns3:TrackPointExtension>
        </extensions>
      </trkpt>
      <trkpt lat="-4.095510542392730712890625" lon="-81.0526886768639087677001953125">
        <ele>0</ele>
        <time>2026-09-07T20:27:49.000Z</time>
        <extensions>
          <ns3:TrackPointExtension>
            <ns3:hr>126</ns3:hr>
          </ns3:TrackPointExtension>
        </extensions>
      </trkpt>
      <trkpt lat="-4.09553661011159420013427734375" lon="-81.052668057382106781005859375">
        <ele>0</ele>
        <time>2026-09-07T20:27:50.000Z</time>
        <extensions>
          <ns3:TrackPointExtension>
            <ns3:hr>126</ns3:hr>
          </ns3:TrackPointExtension>
        </extensions>
      </trkpt>
      <trkpt lat="-4.095571227371692657470703125" lon="-81.05265188030898571014404296875">
        <ele>0</ele>
        <time>2026-09-07T20:27:51.000Z</time>
        <extensions>
          <ns3:TrackPointExtension>
            <ns3:hr>126</ns3:hr>
          </ns3:TrackPointExtension>
        </extensions>
      </trkpt>
      <trkpt lat="-4.09567306749522686004638671875" lon="-81.05262438766658306121826171875">
        <ele>0</ele>
        <time>2026-09-07T20:27:53.000Z</time>
        <extensions>
          <ns3:TrackPointExtension>
            <ns3:hr>126</ns3:hr>
          </ns3:TrackPointExtension>
        </extensions>
      </trkpt>
      <trkpt lat="-4.09577515907585620880126953125" lon="-81.05260200798511505126953125">
        <ele>0</ele>
        <time>2026-09-07T20:27:55.000Z</time>
        <extensions>
          <ns3:TrackPointExtension>
            <ns3:hr>127</ns3:hr>
          </ns3:TrackPointExtension>
        </extensions>
      </trkpt>
      <trkpt lat="-4.09604891203343868255615234375" lon="-81.052537970244884490966796875">
        <ele>0</ele>
        <time>2026-09-07T20:27:59.000Z</time>
        <extensions>
          <ns3:TrackPointExtension>
            <ns3:hr>126</ns3:hr>
          </ns3:TrackPointExtension>
        </extensions>
      </trkpt>
      <trkpt lat="-4.09641033969819545745849609375" lon="-81.05245406739413738250732421875">
        <ele>0</ele>
        <time>2026-09-07T20:28:06.000Z</time>
        <extensions>
          <ns3:TrackPointExtension>
            <ns3:hr>124</ns3:hr>
          </ns3:TrackPointExtension>
        </extensions>
      </trkpt>
      <trkpt lat="-4.0967247448861598968505859375" lon="-81.0523527301847934722900390625">
        <ele>0</ele>
        <time>2026-09-07T20:28:11.000Z</time>
        <extensions>
          <ns3:TrackPointExtension>
            <ns3:hr>121</ns3:hr>
          </ns3:TrackPointExtension>
        </extensions>
      </trkpt>
      <trkpt lat="-4.09678928554058074951171875" lon="-81.05233244597911834716796875">
        <ele>0</ele>
        <time>2026-09-07T20:28:12.000Z</time>
        <extensions>
          <ns3:TrackPointExtension>
            <ns3:hr>121</ns3:hr>
          </ns3:TrackPointExtension>
        </extensions>
      </trkpt>
      <trkpt lat="-4.09723855555057525634765625" lon="-81.05220160447061061859130859375">
        <ele>0</ele>
        <time>2026-09-07T20:28:19.000Z</time>
        <extensions>
          <ns3:TrackPointExtension>
            <ns3:hr>122</ns3:hr>
          </ns3:TrackPointExtension>
        </extensions>
      </trkpt>
      <trkpt lat="-4.0974278189241886138916015625" lon="-81.0521361418068408966064453125">
        <ele>0</ele>
        <time>2026-09-07T20:28:21.000Z</time>
        <extensions>
          <ns3:TrackPointExtension>
            <ns3:hr>122</ns3:hr>
          </ns3:TrackPointExtension>
        </extensions>
      </trkpt>
      <trkpt lat="-4.09790768288075923919677734375" lon="-81.051985435187816619873046875">
        <ele>0</ele>
        <time>2026-09-07T20:28:29.000Z</time>
        <extensions>
          <ns3:TrackPointExtension>
            <ns3:hr>123</ns3:hr>
          </ns3:TrackPointExtension>
        </extensions>
      </trkpt>
      <trkpt lat="-4.09790768288075923919677734375" lon="-81.051985435187816619873046875">
        <ele>0</ele>
        <time>2026-09-07T20:28:30.000Z</time>
        <extensions>
          <ns3:TrackPointExtension>
            <ns3:hr>123</ns3:hr>
          </ns3:TrackPointExtension>
        </extensions>
      </trkpt>
      <trkpt lat="-4.098178334534168243408203125" lon="-81.0519051365554332733154296875">
        <ele>0</ele>
        <time>2026-09-07T20:28:35.000Z</time>
        <extensions>
          <ns3:TrackPointExtension>
            <ns3:hr>121</ns3:hr>
          </ns3:TrackPointExtension>
        </extensions>
      </trkpt>
      <trkpt lat="-4.09817707724869251251220703125" lon="-81.05188451707363128662109375">
        <ele>0</ele>
        <time>2026-09-07T20:28:37.000Z</time>
        <extensions>
          <ns3:TrackPointExtension>
            <ns3:hr>119</ns3:hr>
          </ns3:TrackPointExtension>
        </extensions>
      </trkpt>
      <trkpt lat="-4.09815260209143161773681640625" lon="-81.0518699325621128082275390625">
        <ele>0</ele>
        <time>2026-09-07T20:28:38.000Z</time>
        <extensions>
          <ns3:TrackPointExtension>
            <ns3:hr>118</ns3:hr>
          </ns3:TrackPointExtension>
        </extensions>
      </trkpt>
      <trkpt lat="-4.0980685316026210784912109375" lon="-81.0518860258162021636962890625">
        <ele>0</ele>
        <time>2026-09-07T20:28:40.000Z</time>
        <extensions>
          <ns3:TrackPointExtension>
            <ns3:hr>116</ns3:hr>
          </ns3:TrackPointExtension>
        </extensions>
      </trkpt>
      <trkpt lat="-4.09802000038325786590576171875" lon="-81.05191133916378021240234375">
        <ele>0</ele>
        <time>2026-09-07T20:28:41.000Z</time>
        <extensions>
          <ns3:TrackPointExtension>
            <ns3:hr>115</ns3:hr>
          </ns3:TrackPointExtension>
        </extensions>
      </trkpt>
      <trkpt lat="-4.09771774895489215850830078125" lon="-81.05206984095275402069091796875">
        <ele>0</ele>
        <time>2026-09-07T20:28:47.000Z</time>
        <extensions>
          <ns3:TrackPointExtension>
            <ns3:hr>118</ns3:hr>
          </ns3:TrackPointExtension>
        </extensions>
      </trkpt>
      <trkpt lat="-4.09754072315990924835205078125" lon="-81.0521767102181911468505859375">
        <ele>0</ele>
        <time>2026-09-07T20:28:51.000Z</time>
        <extensions>
          <ns3:TrackPointExtension>
            <ns3:hr>121</ns3:hr>
          </ns3:TrackPointExtension>
        </extensions>
      </trkpt>
      <trkpt lat="-4.0974489413201808929443359375" lon="-81.0522323660552501678466796875">
        <ele>0</ele>
        <time>2026-09-07T20:28:53.000Z</time>
        <extensions>
          <ns3:TrackPointExtension>
            <ns3:hr>123</ns3:hr>
          </ns3:TrackPointExtension>
        </extensions>
      </trkpt>
      <trkpt lat="-4.09713101573288440704345703125" lon="-81.05240813456475734710693359375">
        <ele>0</ele>
        <time>2026-09-07T20:28:59.000Z</time>
        <extensions>
          <ns3:TrackPointExtension>
            <ns3:hr>125</ns3:hr>
          </ns3:TrackPointExtension>
        </extensions>
      </trkpt>
      <trkpt lat="-4.09688056446611881256103515625" lon="-81.0525931231677532196044921875">
        <ele>0</ele>
        <time>2026-09-07T20:29:04.000Z</time>
        <extensions>
          <ns3:TrackPointExtension>
            <ns3:hr>124</ns3:hr>
          </ns3:TrackPointExtension>
        </extensions>
      </trkpt>
      <trkpt lat="-4.09683354198932647705078125" lon="-81.05263293720781803131103515625">
        <ele>0</ele>
        <time>2026-09-07T20:29:05.000Z</time>
        <extensions>
          <ns3:TrackPointExtension>
            <ns3:hr>124</ns3:hr>
          </ns3:TrackPointExtension>
        </extensions>
      </trkpt>
      <trkpt lat="-4.09657781012356281280517578125" lon="-81.05282572098076343536376953125">
        <ele>0</ele>
        <time>2026-09-07T20:29:10.000Z</time>
        <extensions>
          <ns3:TrackPointExtension>
            <ns3:hr>123</ns3:hr>
          </ns3:TrackPointExtension>
        </extensions>
      </trkpt>
      <trkpt lat="-4.096540510654449462890625" lon="-81.05285421945154666900634765625">
        <ele>0</ele>
        <time>2026-09-07T20:29:12.000Z</time>
        <extensions>
          <ns3:TrackPointExtension>
            <ns3:hr>122</ns3:hr>
          </ns3:TrackPointExtension>
        </extensions>
      </trkpt>
      <trkpt lat="-4.0964390896260738372802734375" lon="-81.05291188694536685943603515625">
        <ele>0</ele>
        <time>2026-09-07T20:29:15.000Z</time>
        <extensions>
          <ns3:TrackPointExtension>
            <ns3:hr>121</ns3:hr>
          </ns3:TrackPointExtension>
        </extensions>
      </trkpt>
      <trkpt lat="-4.0964390896260738372802734375" lon="-81.05291188694536685943603515625">
        <ele>0</ele>
        <time>2026-09-07T20:29:16.000Z</time>
        <extensions>
          <ns3:TrackPointExtension>
            <ns3:hr>120</ns3:hr>
          </ns3:TrackPointExtension>
        </extensions>
      </trkpt>
      <trkpt lat="-4.09643196500837802886962890625" lon="-81.05288724415004253387451171875">
        <ele>0</ele>
        <time>2026-09-07T20:29:17.000Z</time>
        <extensions>
          <ns3:TrackPointExtension>
            <ns3:hr>121</ns3:hr>
          </ns3:TrackPointExtension>
        </extensions>
      </trkpt>
      <trkpt lat="-4.09652785398066043853759765625" lon="-81.0527902655303478240966796875">
        <ele>0</ele>
        <time>2026-09-07T20:29:19.000Z</time>
        <extensions>
          <ns3:TrackPointExtension>
            <ns3:hr>120</ns3:hr>
          </ns3:TrackPointExtension>
        </extensions>
      </trkpt>
      <trkpt lat="-4.09661686979234218597412109375" lon="-81.05272748507559299468994140625">
        <ele>0</ele>
        <time>2026-09-07T20:29:23.000Z</time>
        <extensions>
          <ns3:TrackPointExtension>
            <ns3:hr>118</ns3:hr>
          </ns3:TrackPointExtension>
        </extensions>
      </trkpt>
      <trkpt lat="-4.0965886227786540985107421875" lon="-81.0527352802455425262451171875">
        <ele>0</ele>
        <time>2026-09-07T20:29:25.000Z</time>
        <extensions>
          <ns3:TrackPointExtension>
            <ns3:hr>118</ns3:hr>
          </ns3:TrackPointExtension>
        </extensions>
      </trkpt>
      <trkpt lat="-4.09652081318199634552001953125" lon="-81.05277056805789470672607421875">
        <ele>0</ele>
        <time>2026-09-07T20:29:27.000Z</time>
        <extensions>
          <ns3:TrackPointExtension>
            <ns3:hr>118</ns3:hr>
          </ns3:TrackPointExtension>
        </extensions>
      </trkpt>
      <trkpt lat="-4.09642207436263561248779296875" lon="-81.05278573930263519287109375">
        <ele>0</ele>
        <time>2026-09-07T20:29:28.000Z</time>
        <extensions>
          <ns3:TrackPointExtension>
            <ns3:hr>118</ns3:hr>
          </ns3:TrackPointExtension>
        </extensions>
      </trkpt>
      <trkpt lat="-4.09636826254427433013916015625" lon="-81.05279873125255107879638671875">
        <ele>0</ele>
        <time>2026-09-07T20:29:30.000Z</time>
        <extensions>
          <ns3:TrackPointExtension>
            <ns3:hr>118</ns3:hr>
          </ns3:TrackPointExtension>
        </extensions>
      </trkpt>
      <trkpt lat="-4.09608713351190090179443359375" lon="-81.05293451808393001556396484375">
        <ele>0</ele>
        <time>2026-09-07T20:29:35.000Z</time>
        <extensions>
          <ns3:TrackPointExtension>
            <ns3:hr>118</ns3:hr>
          </ns3:TrackPointExtension>
        </extensions>
      </trkpt>
      <trkpt lat="-4.0958355925977230072021484375" lon="-81.05308723635971546173095703125">
        <ele>0</ele>
        <time>2026-09-07T20:29:39.000Z</time>
        <extensions>
          <ns3:TrackPointExtension>
            <ns3:hr>116</ns3:hr>
          </ns3:TrackPointExtension>
        </extensions>
      </trkpt>
      <trkpt lat="-4.0958355925977230072021484375" lon="-81.05308723635971546173095703125">
        <ele>0</ele>
        <time>2026-09-07T20:29:40.000Z</time>
        <extensions>
          <ns3:TrackPointExtension>
            <ns3:hr>115</ns3:hr>
          </ns3:TrackPointExtension>
        </extensions>
      </trkpt>
      <trkpt lat="-4.0956099517643451690673828125" lon="-81.0531966201961040496826171875">
        <ele>0</ele>
        <time>2026-09-07T20:29:44.000Z</time>
        <extensions>
          <ns3:TrackPointExtension>
            <ns3:hr>114</ns3:hr>
          </ns3:TrackPointExtension>
        </extensions>
      </trkpt>
      <trkpt lat="-4.0954996459186077117919921875" lon="-81.0532665252685546875">
        <ele>0</ele>
        <time>2026-09-07T20:29:46.000Z</time>
        <extensions>
          <ns3:TrackPointExtension>
            <ns3:hr>113</ns3:hr>
          </ns3:TrackPointExtension>
        </extensions>
      </trkpt>
      <trkpt lat="-4.0953071974217891693115234375" lon="-81.05340532958507537841796875">
        <ele>0</ele>
        <time>2026-09-07T20:29:50.000Z</time>
        <extensions>
          <ns3:TrackPointExtension>
            <ns3:hr>115</ns3:hr>
          </ns3:TrackPointExtension>
        </extensions>
      </trkpt>
      <trkpt lat="-4.09529202617704868316650390625" lon="-81.05339183472096920013427734375">
        <ele>0</ele>
        <time>2026-09-07T20:29:51.000Z</time>
        <extensions>
          <ns3:TrackPointExtension>
            <ns3:hr>115</ns3:hr>
          </ns3:TrackPointExtension>
        </extensions>
      </trkpt>
      <trkpt lat="-4.09531784243881702423095703125" lon="-81.05333852581679821014404296875">
        <ele>0</ele>
        <time>2026-09-07T20:29:53.000Z</time>
        <extensions>
          <ns3:TrackPointExtension>
            <ns3:hr>115</ns3:hr>
          </ns3:TrackPointExtension>
        </extensions>
      </trkpt>
      <trkpt lat="-4.0953568182885646820068359375" lon="-81.0533176548779010772705078125">
        <ele>0</ele>
        <time>2026-09-07T20:29:54.000Z</time>
        <extensions>
          <ns3:TrackPointExtension>
            <ns3:hr>115</ns3:hr>
          </ns3:TrackPointExtension>
        </extensions>
      </trkpt>
      <trkpt lat="-4.09557986073195934295654296875" lon="-81.0532217659056186676025390625">
        <ele>0</ele>
        <time>2026-09-07T20:29:59.000Z</time>
        <extensions>
          <ns3:TrackPointExtension>
            <ns3:hr>116</ns3:hr>
          </ns3:TrackPointExtension>
        </extensions>
      </trkpt>
      <trkpt lat="-4.09601739607751369476318359375" lon="-81.05307533405721187591552734375">
        <ele>0</ele>
        <time>2026-09-07T20:30:04.000Z</time>
        <extensions>
          <ns3:TrackPointExtension>
            <ns3:hr>116</ns3:hr>
          </ns3:TrackPointExtension>
        </extensions>
      </trkpt>
      <trkpt lat="-4.09639961086213588714599609375" lon="-81.0529451631009578704833984375">
        <ele>0</ele>
        <time>2026-09-07T20:30:11.000Z</time>
        <extensions>
          <ns3:TrackPointExtension>
            <ns3:hr>117</ns3:hr>
          </ns3:TrackPointExtension>
        </extensions>
      </trkpt>
      <trkpt lat="-4.09646339714527130126953125" lon="-81.0529245436191558837890625">
        <ele>0</ele>
        <time>2026-09-07T20:30:12.000Z</time>
        <extensions>
          <ns3:TrackPointExtension>
            <ns3:hr>118</ns3:hr>
          </ns3:TrackPointExtension>
        </extensions>
      </trkpt>
      <trkpt lat="-4.09658770076930522918701171875" lon="-81.05287693440914154052734375">
        <ele>0</ele>
        <time>2026-09-07T20:30:13.000Z</time>
        <extensions>
          <ns3:TrackPointExtension>
            <ns3:hr>118</ns3:hr>
          </ns3:TrackPointExtension>
        </extensions>
      </trkpt>
      <trkpt lat="-4.0968434326350688934326171875" lon="-81.0527651198208332061767578125">
        <ele>0</ele>
        <time>2026-09-07T20:30:18.000Z</time>
        <extensions>
          <ns3:TrackPointExtension>
            <ns3:hr>117</ns3:hr>
          </ns3:TrackPointExtension>
        </extensions>
      </trkpt>
      <trkpt lat="-4.09718063659965991973876953125" lon="-81.05262287892401218414306640625">
        <ele>0</ele>
        <time>2026-09-07T20:30:23.000Z</time>
        <extensions>
          <ns3:TrackPointExtension>
            <ns3:hr>116</ns3:hr>
          </ns3:TrackPointExtension>
        </extensions>
      </trkpt>
      <trkpt lat="-4.09737559966742992401123046875" lon="-81.05255431495606899261474609375">
        <ele>0</ele>
        <time>2026-09-07T20:30:26.000Z</time>
        <extensions>
          <ns3:TrackPointExtension>
            <ns3:hr>115</ns3:hr>
          </ns3:TrackPointExtension>
        </extensions>
      </trkpt>
      <trkpt lat="-4.0979454852640628814697265625" lon="-81.052397824823856353759765625">
        <ele>0</ele>
        <time>2026-09-07T20:30:33.000Z</time>
        <extensions>
          <ns3:TrackPointExtension>
            <ns3:hr>116</ns3:hr>
          </ns3:TrackPointExtension>
        </extensions>
      </trkpt>
      <trkpt lat="-4.0980115346610546112060546875" lon="-81.05237963609397411346435546875">
        <ele>0</ele>
        <time>2026-09-07T20:30:35.000Z</time>
        <extensions>
          <ns3:TrackPointExtension>
            <ns3:hr>115</ns3:hr>
          </ns3:TrackPointExtension>
        </extensions>
      </trkpt>
      <trkpt lat="-4.09808772616088390350341796875" lon="-81.05228290893137454986572265625">
        <ele>0</ele>
        <time>2026-09-07T20:30:37.000Z</time>
        <extensions>
          <ns3:TrackPointExtension>
            <ns3:hr>114</ns3:hr>
          </ns3:TrackPointExtension>
        </extensions>
      </trkpt>
      <trkpt lat="-4.0981040708720684051513671875" lon="-81.05224753729999065399169921875">
        <ele>0</ele>
        <time>2026-09-07T20:30:39.000Z</time>
        <extensions>
          <ns3:TrackPointExtension>
            <ns3:hr>116</ns3:hr>
          </ns3:TrackPointExtension>
        </extensions>
      </trkpt>
      <trkpt lat="-4.098123349249362945556640625" lon="-81.05218567885458469390869140625">
        <ele>0</ele>
        <time>2026-09-07T20:30:41.000Z</time>
        <extensions>
          <ns3:TrackPointExtension>
            <ns3:hr>116</ns3:hr>
          </ns3:TrackPointExtension>
        </extensions>
      </trkpt>
      <trkpt lat="-4.09804916940629482269287109375" lon="-81.05217142961919307708740234375">
        <ele>0</ele>
        <time>2026-09-07T20:30:43.000Z</time>
        <extensions>
          <ns3:TrackPointExtension>
            <ns3:hr>116</ns3:hr>
          </ns3:TrackPointExtension>
        </extensions>
      </trkpt>
      <trkpt lat="-4.09804916940629482269287109375" lon="-81.05217142961919307708740234375">
        <ele>0</ele>
        <time>2026-09-07T20:30:44.000Z</time>
        <extensions>
          <ns3:TrackPointExtension>
            <ns3:hr>117</ns3:hr>
          </ns3:TrackPointExtension>
        </extensions>
      </trkpt>
      <trkpt lat="-4.097950346767902374267578125" lon="-81.052200682461261749267578125">
        <ele>0</ele>
        <time>2026-09-07T20:30:45.000Z</time>
        <extensions>
          <ns3:TrackPointExtension>
            <ns3:hr>116</ns3:hr>
          </ns3:TrackPointExtension>
        </extensions>
      </trkpt>
      <trkpt lat="-4.09789561294019222259521484375" lon="-81.05222457088530063629150390625">
        <ele>0</ele>
        <time>2026-09-07T20:30:47.000Z</time>
        <extensions>
          <ns3:TrackPointExtension>
            <ns3:hr>118</ns3:hr>
          </ns3:TrackPointExtension>
        </extensions>
      </trkpt>
      <trkpt lat="-4.09767500124871730804443359375" lon="-81.052351891994476318359375">
        <ele>0</ele>
        <time>2026-09-07T20:30:51.000Z</time>
        <extensions>
          <ns3:TrackPointExtension>
            <ns3:hr>121</ns3:hr>
          </ns3:TrackPointExtension>
        </extensions>
      </trkpt>
      <trkpt lat="-4.09762135706841945648193359375" lon="-81.052385084331035614013671875">
        <ele>0</ele>
        <time>2026-09-07T20:30:52.000Z</time>
        <extensions>
          <ns3:TrackPointExtension>
            <ns3:hr>121</ns3:hr>
          </ns3:TrackPointExtension>
        </extensions>
      </trkpt>
      <trkpt lat="-4.09723461605608463287353515625" lon="-81.052619107067584991455078125">
        <ele>0</ele>
        <time>2026-09-07T20:30:59.000Z</time>
        <extensions>
          <ns3:TrackPointExtension>
            <ns3:hr>123</ns3:hr>
          </ns3:TrackPointExtension>
        </extensions>
      </trkpt>
      <trkpt lat="-4.09709145314991474151611328125" lon="-81.05270653031766414642333984375">
        <ele>0</ele>
        <time>2026-09-07T20:31:01.000Z</time>
        <extensions>
          <ns3:TrackPointExtension>
            <ns3:hr>123</ns3:hr>
          </ns3:TrackPointExtension>
        </extensions>
      </trkpt>
      <trkpt lat="-4.09693538211286067962646484375" lon="-81.05278842151165008544921875">
        <ele>0</ele>
        <time>2026-09-07T20:31:04.000Z</time>
        <extensions>
          <ns3:TrackPointExtension>
            <ns3:hr>124</ns3:hr>
          </ns3:TrackPointExtension>
        </extensions>
      </trkpt>
      <trkpt lat="-4.09683530218899250030517578125" lon="-81.0528543032705783843994140625">
        <ele>0</ele>
        <time>2026-09-07T20:31:06.000Z</time>
        <extensions>
          <ns3:TrackPointExtension>
            <ns3:hr>124</ns3:hr>
          </ns3:TrackPointExtension>
        </extensions>
      </trkpt>
      <trkpt lat="-4.096704460680484771728515625" lon="-81.0529565624892711639404296875">
        <ele>0</ele>
        <time>2026-09-07T20:31:10.000Z</time>
        <extensions>
          <ns3:TrackPointExtension>
            <ns3:hr>125</ns3:hr>
          </ns3:TrackPointExtension>
        </extensions>
      </trkpt>
      <trkpt lat="-4.09662743099033832550048828125" lon="-81.05300509370863437652587890625">
        <ele>0</ele>
        <time>2026-09-07T20:31:11.000Z</time>
        <extensions>
          <ns3:TrackPointExtension>
            <ns3:hr>125</ns3:hr>
          </ns3:TrackPointExtension>
        </extensions>
      </trkpt>
      <trkpt lat="-4.09655115567147731781005859375" lon="-81.05305270291864871978759765625">
        <ele>0</ele>
        <time>2026-09-07T20:31:13.000Z</time>
        <extensions>
          <ns3:TrackPointExtension>
            <ns3:hr>126</ns3:hr>
          </ns3:TrackPointExtension>
        </extensions>
      </trkpt>
      <trkpt lat="-4.096514023840427398681640625" lon="-81.0530789382755756378173828125">
        <ele>0</ele>
        <time>2026-09-07T20:31:15.000Z</time>
        <extensions>
          <ns3:TrackPointExtension>
            <ns3:hr>125</ns3:hr>
          </ns3:TrackPointExtension>
        </extensions>
      </trkpt>
      <trkpt lat="-4.09630808047950267791748046875" lon="-81.0532034933567047119140625">
        <ele>0</ele>
        <time>2026-09-07T20:31:19.000Z</time>
        <extensions>
          <ns3:TrackPointExtension>
            <ns3:hr>125</ns3:hr>
          </ns3:TrackPointExtension>
        </extensions>
      </trkpt>
      <trkpt lat="-4.0962255187332630157470703125" lon="-81.0532566346228122711181640625">
        <ele>0</ele>
        <time>2026-09-07T20:31:21.000Z</time>
        <extensions>
          <ns3:TrackPointExtension>
            <ns3:hr>125</ns3:hr>
          </ns3:TrackPointExtension>
        </extensions>
      </trkpt>
      <trkpt lat="-4.0961824357509613037109375" lon="-81.0532807745039463043212890625">
        <ele>0</ele>
        <time>2026-09-07T20:31:23.000Z</time>
        <extensions>
          <ns3:TrackPointExtension>
            <ns3:hr>124</ns3:hr>
          </ns3:TrackPointExtension>
        </extensions>
      </trkpt>
      <trkpt lat="-4.09613625146448612213134765625" lon="-81.05330382473766803741455078125">
        <ele>0</ele>
        <time>2026-09-07T20:31:24.000Z</time>
        <extensions>
          <ns3:TrackPointExtension>
            <ns3:hr>124</ns3:hr>
          </ns3:TrackPointExtension>
        </extensions>
      </trkpt>
      <trkpt lat="-4.09588596783578395843505859375" lon="-81.05344145558774471282958984375">
        <ele>0</ele>
        <time>2026-09-07T20:31:29.000Z</time>
        <extensions>
          <ns3:TrackPointExtension>
            <ns3:hr>125</ns3:hr>
          </ns3:TrackPointExtension>
        </extensions>
      </trkpt>
      <trkpt lat="-4.0958064235746860504150390625" lon="-81.0535020567476749420166015625">
        <ele>0</ele>
        <time>2026-09-07T20:31:30.000Z</time>
        <extensions>
          <ns3:TrackPointExtension>
            <ns3:hr>123</ns3:hr>
          </ns3:TrackPointExtension>
        </extensions>
      </trkpt>
      <trkpt lat="-4.09574464894831180572509765625" lon="-81.05351353995501995086669921875">
        <ele>0</ele>
        <time>2026-09-07T20:31:32.000Z</time>
        <extensions>
          <ns3:TrackPointExtension>
            <ns3:hr>124</ns3:hr>
          </ns3:TrackPointExtension>
        </extensions>
      </trkpt>
      <trkpt lat="-4.095730483531951904296875" lon="-81.05348646640777587890625">
        <ele>0</ele>
        <time>2026-09-07T20:31:34.000Z</time>
        <extensions>
          <ns3:TrackPointExtension>
            <ns3:hr>122</ns3:hr>
          </ns3:TrackPointExtension>
        </extensions>
      </trkpt>
      <trkpt lat="-4.09575889818370342254638671875" lon="-81.0534105263650417327880859375">
        <ele>0</ele>
        <time>2026-09-07T20:31:35.000Z</time>
        <extensions>
          <ns3:TrackPointExtension>
            <ns3:hr>123</ns3:hr>
          </ns3:TrackPointExtension>
        </extensions>
      </trkpt>
      <trkpt lat="-4.0958003886044025421142578125" lon="-81.05337875895202159881591796875">
        <ele>0</ele>
        <time>2026-09-07T20:31:36.000Z</time>
        <extensions>
          <ns3:TrackPointExtension>
            <ns3:hr>123</ns3:hr>
          </ns3:TrackPointExtension>
        </extensions>
      </trkpt>
      <trkpt lat="-4.09585126675665378570556640625" lon="-81.053360067307949066162109375">
        <ele>0</ele>
        <time>2026-09-07T20:31:38.000Z</time>
        <extensions>
          <ns3:TrackPointExtension>
            <ns3:hr>123</ns3:hr>
          </ns3:TrackPointExtension>
        </extensions>
      </trkpt>
      <trkpt lat="-4.09603013657033443450927734375" lon="-81.05330248363316059112548828125">
        <ele>0</ele>
        <time>2026-09-07T20:31:40.000Z</time>
        <extensions>
          <ns3:TrackPointExtension>
            <ns3:hr>123</ns3:hr>
          </ns3:TrackPointExtension>
        </extensions>
      </trkpt>
      <trkpt lat="-4.09630120731890201568603515625" lon="-81.05322553776204586029052734375">
        <ele>0</ele>
        <time>2026-09-07T20:31:45.000Z</time>
        <extensions>
          <ns3:TrackPointExtension>
            <ns3:hr>123</ns3:hr>
          </ns3:TrackPointExtension>
        </extensions>
      </trkpt>
      <trkpt lat="-4.09670186229050159454345703125" lon="-81.053080447018146514892578125">
        <ele>0</ele>
        <time>2026-09-07T20:31:50.000Z</time>
        <extensions>
          <ns3:TrackPointExtension>
            <ns3:hr>120</ns3:hr>
          </ns3:TrackPointExtension>
        </extensions>
      </trkpt>
      <trkpt lat="-4.096971340477466583251953125" lon="-81.05297843925654888153076171875">
        <ele>0</ele>
        <time>2026-09-07T20:31:54.000Z</time>
        <extensions>
          <ns3:TrackPointExtension>
            <ns3:hr>118</ns3:hr>
          </ns3:TrackPointExtension>
        </extensions>
      </trkpt>
      <trkpt lat="-4.097301252186298370361328125" lon="-81.05285975150763988494873046875">
        <ele>0</ele>
        <time>2026-09-07T20:31:59.000Z</time>
        <extensions>
          <ns3:TrackPointExtension>
            <ns3:hr>115</ns3:hr>
          </ns3:TrackPointExtension>
        </extensions>
      </trkpt>
      <trkpt lat="-4.0975800342857837677001953125" lon="-81.0527828894555568695068359375">
        <ele>0</ele>
        <time>2026-09-07T20:32:03.000Z</time>
        <extensions>
          <ns3:TrackPointExtension>
            <ns3:hr>114</ns3:hr>
          </ns3:TrackPointExtension>
        </extensions>
      </trkpt>
      <trkpt lat="-4.0978304855525493621826171875" lon="-81.052681468427181243896484375">
        <ele>0</ele>
        <time>2026-09-07T20:32:07.000Z</time>
        <extensions>
          <ns3:TrackPointExtension>
            <ns3:hr>114</ns3:hr>
          </ns3:TrackPointExtension>
        </extensions>
      </trkpt>
      <trkpt lat="-4.0978304855525493621826171875" lon="-81.052681468427181243896484375">
        <ele>0</ele>
        <time>2026-09-07T20:32:08.000Z</time>
        <extensions>
          <ns3:TrackPointExtension>
            <ns3:hr>115</ns3:hr>
          </ns3:TrackPointExtension>
        </extensions>
      </trkpt>
      <trkpt lat="-4.097921513020992279052734375" lon="-81.05260494165122509002685546875">
        <ele>0</ele>
        <time>2026-09-07T20:32:09.000Z</time>
        <extensions>
          <ns3:TrackPointExtension>
            <ns3:hr>115</ns3:hr>
          </ns3:TrackPointExtension>
        </extensions>
      </trkpt>
      <trkpt lat="-4.09802184440195560455322265625" lon="-81.05253419838845729827880859375">
        <ele>0</ele>
        <time>2026-09-07T20:32:11.000Z</time>
        <extensions>
          <ns3:TrackPointExtension>
            <ns3:hr>116</ns3:hr>
          </ns3:TrackPointExtension>
        </extensions>
      </trkpt>
      <trkpt lat="-4.0980789251625537872314453125" lon="-81.052509136497974395751953125">
        <ele>0</ele>
        <time>2026-09-07T20:32:12.000Z</time>
        <extensions>
          <ns3:TrackPointExtension>
            <ns3:hr>117</ns3:hr>
          </ns3:TrackPointExtension>
        </extensions>
      </trkpt>
      <trkpt lat="-4.09813919104635715484619140625" lon="-81.052489690482616424560546875">
        <ele>0</ele>
        <time>2026-09-07T20:32:13.000Z</time>
        <extensions>
          <ns3:TrackPointExtension>
            <ns3:hr>117</ns3:hr>
          </ns3:TrackPointExtension>
        </extensions>
      </trkpt>
      <trkpt lat="-4.0983709506690502166748046875" lon="-81.0524402372539043426513671875">
        <ele>0</ele>
        <time>2026-09-07T20:32:17.000Z</time>
        <extensions>
          <ns3:TrackPointExtension>
            <ns3:hr>120</ns3:hr>
          </ns3:TrackPointExtension>
        </extensions>
      </trkpt>
      <trkpt lat="-4.09842384047806262969970703125" lon="-81.0524274967610836029052734375">
        <ele>0</ele>
        <time>2026-09-07T20:32:18.000Z</time>
        <extensions>
          <ns3:TrackPointExtension>
            <ns3:hr>119</ns3:hr>
          </ns3:TrackPointExtension>
        </extensions>
      </trkpt>
      <trkpt lat="-4.0985803306102752685546875" lon="-81.0523827373981475830078125">
        <ele>0</ele>
        <time>2026-09-07T20:32:23.000Z</time>
        <extensions>
          <ns3:TrackPointExtension>
            <ns3:hr>120</ns3:hr>
          </ns3:TrackPointExtension>
        </extensions>
      </trkpt>
      <trkpt lat="-4.0985432825982570648193359375" lon="-81.05236253701150417327880859375">
        <ele>0</ele>
        <time>2026-09-07T20:32:24.000Z</time>
        <extensions>
          <ns3:TrackPointExtension>
            <ns3:hr>120</ns3:hr>
          </ns3:TrackPointExtension>
        </extensions>
      </trkpt>
      <trkpt lat="-4.0985432825982570648193359375" lon="-81.05236253701150417327880859375">
        <ele>0</ele>
        <time>2026-09-07T20:32:25.000Z</time>
        <extensions>
          <ns3:TrackPointExtension>
            <ns3:hr>121</ns3:hr>
          </ns3:TrackPointExtension>
        </extensions>
      </trkpt>
      <trkpt lat="-4.0984507463872432708740234375" lon="-81.0523778758943080902099609375">
        <ele>0</ele>
        <time>2026-09-07T20:32:26.000Z</time>
        <extensions>
          <ns3:TrackPointExtension>
            <ns3:hr>121</ns3:hr>
          </ns3:TrackPointExtension>
        </extensions>
      </trkpt>
      <trkpt lat="-4.09839500673115253448486328125" lon="-81.0523949749767780303955078125">
        <ele>0</ele>
        <time>2026-09-07T20:32:27.000Z</time>
        <extensions>
          <ns3:TrackPointExtension>
            <ns3:hr>121</ns3:hr>
          </ns3:TrackPointExtension>
        </extensions>
      </trkpt>
      <trkpt lat="-4.0982753969728946685791015625" lon="-81.05244367383420467376708984375">
        <ele>0</ele>
        <time>2026-09-07T20:32:29.000Z</time>
        <extensions>
          <ns3:TrackPointExtension>
            <ns3:hr>120</ns3:hr>
          </ns3:TrackPointExtension>
        </extensions>
      </trkpt>
      <trkpt lat="-4.09808403812348842620849609375" lon="-81.05252690613269805908203125">
        <ele>0</ele>
        <time>2026-09-07T20:32:32.000Z</time>
        <extensions>
          <ns3:TrackPointExtension>
            <ns3:hr>120</ns3:hr>
          </ns3:TrackPointExtension>
        </extensions>
      </trkpt>
      <trkpt lat="-4.09767416305840015411376953125" lon="-81.05272815562784671783447265625">
        <ele>0</ele>
        <time>2026-09-07T20:32:39.000Z</time>
        <extensions>
          <ns3:TrackPointExtension>
            <ns3:hr>120</ns3:hr>
          </ns3:TrackPointExtension>
        </extensions>
      </trkpt>
      <trkpt lat="-4.09754072315990924835205078125" lon="-81.05282153002917766571044921875">
        <ele>0</ele>
        <time>2026-09-07T20:32:42.000Z</time>
        <extensions>
          <ns3:TrackPointExtension>
            <ns3:hr>120</ns3:hr>
          </ns3:TrackPointExtension>
        </extensions>
      </trkpt>
      <trkpt lat="-4.09749663434922695159912109375" lon="-81.052844412624835968017578125">
        <ele>0</ele>
        <time>2026-09-07T20:32:44.000Z</time>
        <extensions>
          <ns3:TrackPointExtension>
            <ns3:hr>122</ns3:hr>
          </ns3:TrackPointExtension>
        </extensions>
      </trkpt>
      <trkpt lat="-4.09724802710115909576416015625" lon="-81.0529585741460323333740234375">
        <ele>0</ele>
        <time>2026-09-07T20:32:48.000Z</time>
        <extensions>
          <ns3:TrackPointExtension>
            <ns3:hr>124</ns3:hr>
          </ns3:TrackPointExtension>
        </extensions>
      </trkpt>
      <trkpt lat="-4.097201339900493621826171875" lon="-81.052988581359386444091796875">
        <ele>0</ele>
        <time>2026-09-07T20:32:49.000Z</time>
        <extensions>
          <ns3:TrackPointExtension>
            <ns3:hr>124</ns3:hr>
          </ns3:TrackPointExtension>
        </extensions>
      </trkpt>
      <trkpt lat="-4.0969805605709552764892578125" lon="-81.05311891995370388031005859375">
        <ele>0</ele>
        <time>2026-09-07T20:32:55.000Z</time>
        <extensions>
          <ns3:TrackPointExtension>
            <ns3:hr>125</ns3:hr>
          </ns3:TrackPointExtension>
        </extensions>
      </trkpt>
      <trkpt lat="-4.09676087088882923126220703125" lon="-81.05324573814868927001953125">
        <ele>0</ele>
        <time>2026-09-07T20:32:59.000Z</time>
        <extensions>
          <ns3:TrackPointExtension>
            <ns3:hr>124</ns3:hr>
          </ns3:TrackPointExtension>
        </extensions>
      </trkpt>
      <trkpt lat="-4.09670387394726276397705078125" lon="-81.053261496126651763916015625">
        <ele>0</ele>
        <time>2026-09-07T20:33:01.000Z</time>
        <extensions>
          <ns3:TrackPointExtension>
            <ns3:hr>124</ns3:hr>
          </ns3:TrackPointExtension>
        </extensions>
      </trkpt>
      <trkpt lat="-4.09669146873056888580322265625" lon="-81.05317239649593830108642578125">
        <ele>0</ele>
        <time>2026-09-07T20:33:03.000Z</time>
        <extensions>
          <ns3:TrackPointExtension>
            <ns3:hr>124</ns3:hr>
          </ns3:TrackPointExtension>
        </extensions>
      </trkpt>
      <trkpt lat="-4.09672348760068416595458984375" lon="-81.05312579311430454254150390625">
        <ele>0</ele>
        <time>2026-09-07T20:33:04.000Z</time>
        <extensions>
          <ns3:TrackPointExtension>
            <ns3:hr>124</ns3:hr>
          </ns3:TrackPointExtension>
        </extensions>
      </trkpt>
      <trkpt lat="-4.09677126444876194000244140625" lon="-81.05308740399777889251708984375">
        <ele>0</ele>
        <time>2026-09-07T20:33:05.000Z</time>
        <extensions>
          <ns3:TrackPointExtension>
            <ns3:hr>124</ns3:hr>
          </ns3:TrackPointExtension>
        </extensions>
      </trkpt>
      <trkpt lat="-4.096889533102512359619140625" lon="-81.05303074233233928680419921875">
        <ele>0</ele>
        <time>2026-09-07T20:33:07.000Z</time>
        <extensions>
          <ns3:TrackPointExtension>
            <ns3:hr>124</ns3:hr>
          </ns3:TrackPointExtension>
        </extensions>
      </trkpt>
      <trkpt lat="-4.09702138043940067291259765625" lon="-81.05297072790563106536865234375">
        <ele>0</ele>
        <time>2026-09-07T20:33:10.000Z</time>
        <extensions>
          <ns3:TrackPointExtension>
            <ns3:hr>126</ns3:hr>
          </ns3:TrackPointExtension>
        </extensions>
      </trkpt>
      <trkpt lat="-4.09730016253888607025146484375" lon="-81.05281256139278411865234375">
        <ele>0</ele>
        <time>2026-09-07T20:33:13.000Z</time>
        <extensions>
          <ns3:TrackPointExtension>
            <ns3:hr>125</ns3:hr>
          </ns3:TrackPointExtension>
        </extensions>
      </trkpt>
      <trkpt lat="-4.097350537776947021484375" lon="-81.05277090333402156829833984375">
        <ele>0</ele>
        <time>2026-09-07T20:33:14.000Z</time>
        <extensions>
          <ns3:TrackPointExtension>
            <ns3:hr>125</ns3:hr>
          </ns3:TrackPointExtension>
        </extensions>
      </trkpt>
      <trkpt lat="-4.097377024590969085693359375" lon="-81.05274173431098461151123046875">
        <ele>0</ele>
        <time>2026-09-07T20:33:15.000Z</time>
        <extensions>
          <ns3:TrackPointExtension>
            <ns3:hr>124</ns3:hr>
          </ns3:TrackPointExtension>
        </extensions>
      </trkpt>
      <trkpt lat="-4.09738515503704547882080078125" lon="-81.05272631160914897918701171875">
        <ele>0</ele>
        <time>2026-09-07T20:33:16.000Z</time>
        <extensions>
          <ns3:TrackPointExtension>
            <ns3:hr>122</ns3:hr>
          </ns3:TrackPointExtension>
        </extensions>
      </trkpt>
      <trkpt lat="-4.09741382114589214324951171875" lon="-81.05267845094203948974609375">
        <ele>0</ele>
        <time>2026-09-07T20:33:20.000Z</time>
        <extensions>
          <ns3:TrackPointExtension>
            <ns3:hr>123</ns3:hr>
          </ns3:TrackPointExtension>
        </extensions>
      </trkpt>
      <trkpt lat="-4.09749738872051239013671875" lon="-81.052636206150054931640625">
        <ele>0</ele>
        <time>2026-09-07T20:33:21.000Z</time>
        <extensions>
          <ns3:TrackPointExtension>
            <ns3:hr>123</ns3:hr>
          </ns3:TrackPointExtension>
        </extensions>
      </trkpt>
      <trkpt lat="-4.09755011089146137237548828125" lon="-81.0526212863624095916748046875">
        <ele>0</ele>
        <time>2026-09-07T20:33:22.000Z</time>
        <extensions>
          <ns3:TrackPointExtension>
            <ns3:hr>123</ns3:hr>
          </ns3:TrackPointExtension>
        </extensions>
      </trkpt>
      <trkpt lat="-4.0978509373962879180908203125" lon="-81.05253092944622039794921875">
        <ele>0</ele>
        <time>2026-09-07T20:33:27.000Z</time>
        <extensions>
          <ns3:TrackPointExtension>
            <ns3:hr>124</ns3:hr>
          </ns3:TrackPointExtension>
        </extensions>
      </trkpt>
      <trkpt lat="-4.09791455604135990142822265625" lon="-81.0525133274495601654052734375">
        <ele>0</ele>
        <time>2026-09-07T20:33:28.000Z</time>
        <extensions>
          <ns3:TrackPointExtension>
            <ns3:hr>124</ns3:hr>
          </ns3:TrackPointExtension>
        </extensions>
      </trkpt>
      <trkpt lat="-4.0980792604386806488037109375" lon="-81.0524174384772777557373046875">
        <ele>0</ele>
        <time>2026-09-07T20:33:32.000Z</time>
        <extensions>
          <ns3:TrackPointExtension>
            <ns3:hr>127</ns3:hr>
          </ns3:TrackPointExtension>
        </extensions>
      </trkpt>
      <trkpt lat="-4.0980599820613861083984375" lon="-81.0523976571857929229736328125">
        <ele>0</ele>
        <time>2026-09-07T20:33:34.000Z</time>
        <extensions>
          <ns3:TrackPointExtension>
            <ns3:hr>128</ns3:hr>
          </ns3:TrackPointExtension>
        </extensions>
      </trkpt>
      <trkpt lat="-4.0980373509228229522705078125" lon="-81.0523929633200168609619140625">
        <ele>0</ele>
        <time>2026-09-07T20:33:35.000Z</time>
        <extensions>
          <ns3:TrackPointExtension>
            <ns3:hr>128</ns3:hr>
          </ns3:TrackPointExtension>
        </extensions>
      </trkpt>
      <trkpt lat="-4.0979029051959514617919921875" lon="-81.05235390365123748779296875">
        <ele>0</ele>
        <time>2026-09-07T20:33:38.000Z</time>
        <extensions>
          <ns3:TrackPointExtension>
            <ns3:hr>129</ns3:hr>
          </ns3:TrackPointExtension>
        </extensions>
      </trkpt>
      <trkpt lat="-4.09779150970280170440673828125" lon="-81.05236806906759738922119140625">
        <ele>0</ele>
        <time>2026-09-07T20:33:40.000Z</time>
        <extensions>
          <ns3:TrackPointExtension>
            <ns3:hr>129</ns3:hr>
          </ns3:TrackPointExtension>
        </extensions>
      </trkpt>
      <trkpt lat="-4.09773903898894786834716796875" lon="-81.0523862577974796295166015625">
        <ele>0</ele>
        <time>2026-09-07T20:33:41.000Z</time>
        <extensions>
          <ns3:TrackPointExtension>
            <ns3:hr>129</ns3:hr>
          </ns3:TrackPointExtension>
        </extensions>
      </trkpt>
      <trkpt lat="-4.0974082052707672119140625" lon="-81.05250000022351741790771484375">
        <ele>0</ele>
        <time>2026-09-07T20:33:47.000Z</time>
        <extensions>
          <ns3:TrackPointExtension>
            <ns3:hr>129</ns3:hr>
          </ns3:TrackPointExtension>
        </extensions>
      </trkpt>
      <trkpt lat="-4.0970868431031703948974609375" lon="-81.0526719130575656890869140625">
        <ele>0</ele>
        <time>2026-09-07T20:33:54.000Z</time>
        <extensions>
          <ns3:TrackPointExtension>
            <ns3:hr>130</ns3:hr>
          </ns3:TrackPointExtension>
        </extensions>
      </trkpt>
      <trkpt lat="-4.0968967415392398834228515625" lon="-81.05276025831699371337890625">
        <ele>0</ele>
        <time>2026-09-07T20:33:57.000Z</time>
        <extensions>
          <ns3:TrackPointExtension>
            <ns3:hr>130</ns3:hr>
          </ns3:TrackPointExtension>
        </extensions>
      </trkpt>
      <trkpt lat="-4.09679221920669078826904296875" lon="-81.05280040763318538665771484375">
        <ele>0</ele>
        <time>2026-09-07T20:33:59.000Z</time>
        <extensions>
          <ns3:TrackPointExtension>
            <ns3:hr>129</ns3:hr>
          </ns3:TrackPointExtension>
        </extensions>
      </trkpt>
      <trkpt lat="-4.09643347375094890594482421875" lon="-81.05294130742549896240234375">
        <ele>0</ele>
        <time>2026-09-07T20:34:05.000Z</time>
        <extensions>
          <ns3:TrackPointExtension>
            <ns3:hr>128</ns3:hr>
          </ns3:TrackPointExtension>
        </extensions>
      </trkpt>
      <trkpt lat="-4.09609249792993068695068359375" lon="-81.05312596075236797332763671875">
        <ele>0</ele>
        <time>2026-09-07T20:34:11.000Z</time>
        <extensions>
          <ns3:TrackPointExtension>
            <ns3:hr>126</ns3:hr>
          </ns3:TrackPointExtension>
        </extensions>
      </trkpt>
      <trkpt lat="-4.09590491093695163726806640625" lon="-81.05324448086321353912353515625">
        <ele>0</ele>
        <time>2026-09-07T20:34:15.000Z</time>
        <extensions>
          <ns3:TrackPointExtension>
            <ns3:hr>125</ns3:hr>
          </ns3:TrackPointExtension>
        </extensions>
      </trkpt>
      <trkpt lat="-4.09583383239805698394775390625" lon="-81.053260825574398040771484375">
        <ele>0</ele>
        <time>2026-09-07T20:34:17.000Z</time>
        <extensions>
          <ns3:TrackPointExtension>
            <ns3:hr>125</ns3:hr>
          </ns3:TrackPointExtension>
        </extensions>
      </trkpt>
      <trkpt lat="-4.095820002257823944091796875" lon="-81.05319854803383350372314453125">
        <ele>0</ele>
        <time>2026-09-07T20:34:19.000Z</time>
        <extensions>
          <ns3:TrackPointExtension>
            <ns3:hr>125</ns3:hr>
          </ns3:TrackPointExtension>
        </extensions>
      </trkpt>
      <trkpt lat="-4.0959381870925426483154296875" lon="-81.053122691810131072998046875">
        <ele>0</ele>
        <time>2026-09-07T20:34:22.000Z</time>
        <extensions>
          <ns3:TrackPointExtension>
            <ns3:hr>124</ns3:hr>
          </ns3:TrackPointExtension>
        </extensions>
      </trkpt>
      <trkpt lat="-4.09625552594661712646484375" lon="-81.05301012285053730010986328125">
        <ele>0</ele>
        <time>2026-09-07T20:34:27.000Z</time>
        <extensions>
          <ns3:TrackPointExtension>
            <ns3:hr>122</ns3:hr>
          </ns3:TrackPointExtension>
        </extensions>
      </trkpt>
      <trkpt lat="-4.09671795554459095001220703125" lon="-81.052843071520328521728515625">
        <ele>0</ele>
        <time>2026-09-07T20:34:34.000Z</time>
        <extensions>
          <ns3:TrackPointExtension>
            <ns3:hr>124</ns3:hr>
          </ns3:TrackPointExtension>
        </extensions>
      </trkpt>
      <trkpt lat="-4.0967850945889949798583984375" lon="-81.0528190992772579193115234375">
        <ele>0</ele>
        <time>2026-09-07T20:34:36.000Z</time>
        <extensions>
          <ns3:TrackPointExtension>
            <ns3:hr>124</ns3:hr>
          </ns3:TrackPointExtension>
        </extensions>
      </trkpt>
      <trkpt lat="-4.09692079760134220123291015625" lon="-81.05277978815138339996337890625">
        <ele>0</ele>
        <time>2026-09-07T20:34:37.000Z</time>
        <extensions>
          <ns3:TrackPointExtension>
            <ns3:hr>124</ns3:hr>
          </ns3:TrackPointExtension>
        </extensions>
      </trkpt>
      <trkpt lat="-4.09719388000667095184326171875" lon="-81.05270049534738063812255859375">
        <ele>0</ele>
        <time>2026-09-07T20:34:41.000Z</time>
        <extensions>
          <ns3:TrackPointExtension>
            <ns3:hr>123</ns3:hr>
          </ns3:TrackPointExtension>
        </extensions>
      </trkpt>
      <trkpt lat="-4.09767231903970241546630859375" lon="-81.05257879011332988739013671875">
        <ele>0</ele>
        <time>2026-09-07T20:34:48.000Z</time>
        <extensions>
          <ns3:TrackPointExtension>
            <ns3:hr>122</ns3:hr>
          </ns3:TrackPointExtension>
        </extensions>
      </trkpt>
      <trkpt lat="-4.0977845527231693267822265625" lon="-81.05252422392368316650390625">
        <ele>0</ele>
        <time>2026-09-07T20:34:50.000Z</time>
        <extensions>
          <ns3:TrackPointExtension>
            <ns3:hr>121</ns3:hr>
          </ns3:TrackPointExtension>
        </extensions>
      </trkpt>
      <trkpt lat="-4.09790500067174434661865234375" lon="-81.052462868392467498779296875">
        <ele>0</ele>
        <time>2026-09-07T20:34:52.000Z</time>
        <extensions>
          <ns3:TrackPointExtension>
            <ns3:hr>122</ns3:hr>
          </ns3:TrackPointExtension>
        </extensions>
      </trkpt>
      <trkpt lat="-4.09797105006873607635498046875" lon="-81.05244300328195095062255859375">
        <ele>0</ele>
        <time>2026-09-07T20:34:53.000Z</time>
        <extensions>
          <ns3:TrackPointExtension>
            <ns3:hr>121</ns3:hr>
          </ns3:TrackPointExtension>
        </extensions>
      </trkpt>
      <trkpt lat="-4.09833298064768314361572265625" lon="-81.052320040762424468994140625">
        <ele>0</ele>
        <time>2026-09-07T20:34:59.000Z</time>
        <extensions>
          <ns3:TrackPointExtension>
            <ns3:hr>123</ns3:hr>
          </ns3:TrackPointExtension>
        </extensions>
      </trkpt>
      <trkpt lat="-4.09834873862564563751220703125" lon="-81.05228894390165805816650390625">
        <ele>0</ele>
        <time>2026-09-07T20:35:00.000Z</time>
        <extensions>
          <ns3:TrackPointExtension>
            <ns3:hr>124</ns3:hr>
          </ns3:TrackPointExtension>
        </extensions>
      </trkpt>
      <trkpt lat="-4.0983840264379978179931640625" lon="-81.05223446153104305267333984375">
        <ele>0</ele>
        <time>2026-09-07T20:35:02.000Z</time>
        <extensions>
          <ns3:TrackPointExtension>
            <ns3:hr>124</ns3:hr>
          </ns3:TrackPointExtension>
        </extensions>
      </trkpt>
      <trkpt lat="-4.0983857028186321258544921875" lon="-81.0522001795470714569091796875">
        <ele>0</ele>
        <time>2026-09-07T20:35:04.000Z</time>
        <extensions>
          <ns3:TrackPointExtension>
            <ns3:hr>125</ns3:hr>
          </ns3:TrackPointExtension>
        </extensions>
      </trkpt>
      <trkpt lat="-4.09824999980628490447998046875" lon="-81.05219431221485137939453125">
        <ele>0</ele>
        <time>2026-09-07T20:35:07.000Z</time>
        <extensions>
          <ns3:TrackPointExtension>
            <ns3:hr>125</ns3:hr>
          </ns3:TrackPointExtension>
        </extensions>
      </trkpt>
      <trkpt lat="-4.0979565493762493133544921875" lon="-81.0522692464292049407958984375">
        <ele>0</ele>
        <time>2026-09-07T20:35:12.000Z</time>
        <extensions>
          <ns3:TrackPointExtension>
            <ns3:hr>124</ns3:hr>
          </ns3:TrackPointExtension>
        </extensions>
      </trkpt>
      <trkpt lat="-4.0975763462483882904052734375" lon="-81.05246898718178272247314453125">
        <ele>0</ele>
        <time>2026-09-07T20:35:19.000Z</time>
        <extensions>
          <ns3:TrackPointExtension>
            <ns3:hr>121</ns3:hr>
          </ns3:TrackPointExtension>
        </extensions>
      </trkpt>
      <trkpt lat="-4.0972725860774517059326171875" lon="-81.05264835990965366363525390625">
        <ele>0</ele>
        <time>2026-09-07T20:35:25.000Z</time>
        <extensions>
          <ns3:TrackPointExtension>
            <ns3:hr>121</ns3:hr>
          </ns3:TrackPointExtension>
        </extensions>
      </trkpt>
      <trkpt lat="-4.097227156162261962890625" lon="-81.0526722483336925506591796875">
        <ele>0</ele>
        <time>2026-09-07T20:35:26.000Z</time>
        <extensions>
          <ns3:TrackPointExtension>
            <ns3:hr>121</ns3:hr>
          </ns3:TrackPointExtension>
        </extensions>
      </trkpt>
      <trkpt lat="-4.09683756530284881591796875" lon="-81.05286645703017711639404296875">
        <ele>0</ele>
        <time>2026-09-07T20:35:34.000Z</time>
        <extensions>
          <ns3:TrackPointExtension>
            <ns3:hr>123</ns3:hr>
          </ns3:TrackPointExtension>
        </extensions>
      </trkpt>
      <trkpt lat="-4.09648929722607135772705078125" lon="-81.05301917530596256256103515625">
        <ele>0</ele>
        <time>2026-09-07T20:35:40.000Z</time>
        <extensions>
          <ns3:TrackPointExtension>
            <ns3:hr>121</ns3:hr>
          </ns3:TrackPointExtension>
        </extensions>
      </trkpt>
      <trkpt lat="-4.0963701903820037841796875" lon="-81.053083129227161407470703125">
        <ele>0</ele>
        <time>2026-09-07T20:35:42.000Z</time>
        <extensions>
          <ns3:TrackPointExtension>
            <ns3:hr>120</ns3:hr>
          </ns3:TrackPointExtension>
        </extensions>
      </trkpt>
      <trkpt lat="-4.0962540172040462493896484375" lon="-81.05312562547624111175537109375">
        <ele>0</ele>
        <time>2026-09-07T20:35:44.000Z</time>
        <extensions>
          <ns3:TrackPointExtension>
            <ns3:hr>120</ns3:hr>
          </ns3:TrackPointExtension>
        </extensions>
      </trkpt>
      <trkpt lat="-4.09614664502441883087158203125" lon="-81.0531697981059551239013671875">
        <ele>0</ele>
        <time>2026-09-07T20:35:46.000Z</time>
        <extensions>
          <ns3:TrackPointExtension>
            <ns3:hr>119</ns3:hr>
          </ns3:TrackPointExtension>
        </extensions>
      </trkpt>
      <trkpt lat="-4.096037931740283966064453125" lon="-81.053226627409458160400390625">
        <ele>0</ele>
        <time>2026-09-07T20:35:49.000Z</time>
        <extensions>
          <ns3:TrackPointExtension>
            <ns3:hr>118</ns3:hr>
          </ns3:TrackPointExtension>
        </extensions>
      </trkpt>
      <trkpt lat="-4.09601320512592792510986328125" lon="-81.0531791858375072479248046875">
        <ele>0</ele>
        <time>2026-09-07T20:35:51.000Z</time>
        <extensions>
          <ns3:TrackPointExtension>
            <ns3:hr>117</ns3:hr>
          </ns3:TrackPointExtension>
        </extensions>
      </trkpt>
      <trkpt lat="-4.0960649214684963226318359375" lon="-81.05311053805053234100341796875">
        <ele>0</ele>
        <time>2026-09-07T20:35:53.000Z</time>
        <extensions>
          <ns3:TrackPointExtension>
            <ns3:hr>116</ns3:hr>
          </ns3:TrackPointExtension>
        </extensions>
      </trkpt>
      <trkpt lat="-4.09616357646882534027099609375" lon="-81.05306711979210376739501953125">
        <ele>0</ele>
        <time>2026-09-07T20:35:55.000Z</time>
        <extensions>
          <ns3:TrackPointExtension>
            <ns3:hr>114</ns3:hr>
          </ns3:TrackPointExtension>
        </extensions>
      </trkpt>
      <trkpt lat="-4.09628259949386119842529296875" lon="-81.053030155599117279052734375">
        <ele>0</ele>
        <time>2026-09-07T20:35:57.000Z</time>
        <extensions>
          <ns3:TrackPointExtension>
            <ns3:hr>114</ns3:hr>
          </ns3:TrackPointExtension>
        </extensions>
      </trkpt>
      <trkpt lat="-4.09673639573156833648681640625" lon="-81.05287701822817325592041015625">
        <ele>0</ele>
        <time>2026-09-07T20:36:04.000Z</time>
        <extensions>
          <ns3:TrackPointExtension>
            <ns3:hr>115</ns3:hr>
          </ns3:TrackPointExtension>
        </extensions>
      </trkpt>
      <trkpt lat="-4.09680395387113094329833984375" lon="-81.0528521239757537841796875">
        <ele>0</ele>
        <time>2026-09-07T20:36:05.000Z</time>
        <extensions>
          <ns3:TrackPointExtension>
            <ns3:hr>115</ns3:hr>
          </ns3:TrackPointExtension>
        </extensions>
      </trkpt>
      <trkpt lat="-4.09729831852018833160400390625" lon="-81.05268842540681362152099609375">
        <ele>0</ele>
        <time>2026-09-07T20:36:12.000Z</time>
        <extensions>
          <ns3:TrackPointExtension>
            <ns3:hr>115</ns3:hr>
          </ns3:TrackPointExtension>
        </extensions>
      </trkpt>
      <trkpt lat="-4.097437374293804168701171875" lon="-81.05264383368194103240966796875">
        <ele>0</ele>
        <time>2026-09-07T20:36:14.000Z</time>
        <extensions>
          <ns3:TrackPointExtension>
            <ns3:hr>115</ns3:hr>
          </ns3:TrackPointExtension>
        </extensions>
      </trkpt>
      <trkpt lat="-4.0975045971572399139404296875" lon="-81.0526105575263500213623046875">
        <ele>0</ele>
        <time>2026-09-07T20:36:16.000Z</time>
        <extensions>
          <ns3:TrackPointExtension>
            <ns3:hr>115</ns3:hr>
          </ns3:TrackPointExtension>
        </extensions>
      </trkpt>
      <trkpt lat="-4.09758430905640125274658203125" lon="-81.052535288035869598388671875">
        <ele>0</ele>
        <time>2026-09-07T20:36:17.000Z</time>
        <extensions>
          <ns3:TrackPointExtension>
            <ns3:hr>116</ns3:hr>
          </ns3:TrackPointExtension>
        </extensions>
      </trkpt>
      <trkpt lat="-4.097609706223011016845703125" lon="-81.052437387406826019287109375">
        <ele>0</ele>
        <time>2026-09-07T20:36:20.000Z</time>
        <extensions>
          <ns3:TrackPointExtension>
            <ns3:hr>116</ns3:hr>
          </ns3:TrackPointExtension>
        </extensions>
      </trkpt>
      <trkpt lat="-4.09761046059429645538330078125" lon="-81.05241266079246997833251953125">
        <ele>0</ele>
        <time>2026-09-07T20:36:21.000Z</time>
        <extensions>
          <ns3:TrackPointExtension>
            <ns3:hr>116</ns3:hr>
          </ns3:TrackPointExtension>
        </extensions>
      </trkpt>
      <trkpt lat="-4.09761247225105762481689453125" lon="-81.05237192474305629730224609375">
        <ele>0</ele>
        <time>2026-09-07T20:36:25.000Z</time>
        <extensions>
          <ns3:TrackPointExtension>
            <ns3:hr>116</ns3:hr>
          </ns3:TrackPointExtension>
        </extensions>
      </trkpt>
      <trkpt lat="-4.09756151027977466583251953125" lon="-81.05234560556709766387939453125">
        <ele>0</ele>
        <time>2026-09-07T20:36:33.000Z</time>
        <extensions>
          <ns3:TrackPointExtension>
            <ns3:hr>119</ns3:hr>
          </ns3:TrackPointExtension>
        </extensions>
      </trkpt>
      <trkpt lat="-4.09755371510982513427734375" lon="-81.05234309099614620208740234375">
        <ele>0</ele>
        <time>2026-09-07T20:36:34.000Z</time>
        <extensions>
          <ns3:TrackPointExtension>
            <ns3:hr>116</ns3:hr>
          </ns3:TrackPointExtension>
        </extensions>
      </trkpt>
      <trkpt lat="-4.09743276424705982208251953125" lon="-81.052383743226528167724609375">
        <ele>0</ele>
        <time>2026-09-07T20:36:52.000Z</time>
        <extensions>
          <ns3:TrackPointExtension>
            <ns3:hr>120</ns3:hr>
          </ns3:TrackPointExtension>
        </extensions>
      </trkpt>
      <trkpt lat="-4.09744332544505596160888671875" lon="-81.0523825697600841522216796875">
        <ele>0</ele>
        <time>2026-09-07T20:36:53.000Z</time>
        <extensions>
          <ns3:TrackPointExtension>
            <ns3:hr>117</ns3:hr>
          </ns3:TrackPointExtension>
        </extensions>
      </trkpt>
      <trkpt lat="-4.09749411977827548980712890625" lon="-81.05236153118312358856201171875">
        <ele>0</ele>
        <time>2026-09-07T20:37:00.000Z</time>
        <extensions>
          <ns3:TrackPointExtension>
            <ns3:hr>117</ns3:hr>
          </ns3:TrackPointExtension>
        </extensions>
      </trkpt>
      <trkpt lat="-4.09750132821500301361083984375" lon="-81.05235599912703037261962890625">
        <ele>0</ele>
        <time>2026-09-07T20:37:01.000Z</time>
        <extensions>
          <ns3:TrackPointExtension>
            <ns3:hr>118</ns3:hr>
          </ns3:TrackPointExtension>
        </extensions>
      </trkpt>
      <trkpt lat="-4.097539968788623809814453125" lon="-81.0523413307964801788330078125">
        <ele>0</ele>
        <time>2026-09-07T20:37:05.000Z</time>
        <extensions>
          <ns3:TrackPointExtension>
            <ns3:hr>115</ns3:hr>
          </ns3:TrackPointExtension>
        </extensions>
      </trkpt>
      <trkpt lat="-4.097549356520175933837890625" lon="-81.052340157330036163330078125">
        <ele>0</ele>
        <time>2026-09-07T20:37:06.000Z</time>
        <extensions>
          <ns3:TrackPointExtension>
            <ns3:hr>115</ns3:hr>
          </ns3:TrackPointExtension>
        </extensions>
      </trkpt>
      <trkpt lat="-4.09756335429847240447998046875" lon="-81.0523389838635921478271484375">
        <ele>0</ele>
        <time>2026-09-07T20:37:11.000Z</time>
        <extensions>
          <ns3:TrackPointExtension>
            <ns3:hr>114</ns3:hr>
          </ns3:TrackPointExtension>
        </extensions>
      </trkpt>
      <trkpt lat="-4.09750484861433506011962890625" lon="-81.05237309820950031280517578125">
        <ele>0</ele>
        <time>2026-09-07T20:37:22.000Z</time>
        <extensions>
          <ns3:TrackPointExtension>
            <ns3:hr>113</ns3:hr>
          </ns3:TrackPointExtension>
        </extensions>
      </trkpt>
      <trkpt lat="-4.09739538095891475677490234375" lon="-81.0523223876953125">
        <ele>0</ele>
        <time>2026-09-07T20:37:27.000Z</time>
        <extensions>
          <ns3:TrackPointExtension>
            <ns3:hr>114</ns3:hr>
          </ns3:TrackPointExtension>
        </extensions>
      </trkpt>
      <trkpt lat="-4.09729161299765110015869140625" lon="-81.05228709988296031951904296875">
        <ele>0</ele>
        <time>2026-09-07T20:37:30.000Z</time>
        <extensions>
          <ns3:TrackPointExtension>
            <ns3:hr>118</ns3:hr>
          </ns3:TrackPointExtension>
        </extensions>
      </trkpt>
      <trkpt lat="-4.09717946313321590423583984375" lon="-81.05230428278446197509765625">
        <ele>0</ele>
        <time>2026-09-07T20:37:32.000Z</time>
        <extensions>
          <ns3:TrackPointExtension>
            <ns3:hr>117</ns3:hr>
          </ns3:TrackPointExtension>
        </extensions>
      </trkpt>
      <trkpt lat="-4.0971185266971588134765625" lon="-81.05232498608529567718505859375">
        <ele>0</ele>
        <time>2026-09-07T20:37:33.000Z</time>
        <extensions>
          <ns3:TrackPointExtension>
            <ns3:hr>117</ns3:hr>
          </ns3:TrackPointExtension>
        </extensions>
      </trkpt>
      <trkpt lat="-4.0970595180988311767578125" lon="-81.05234912596642971038818359375">
        <ele>0</ele>
        <time>2026-09-07T20:37:34.000Z</time>
        <extensions>
          <ns3:TrackPointExtension>
            <ns3:hr>118</ns3:hr>
          </ns3:TrackPointExtension>
        </extensions>
      </trkpt>
      <trkpt lat="-4.09685391001403331756591796875" lon="-81.05246814899146556854248046875">
        <ele>0</ele>
        <time>2026-09-07T20:37:38.000Z</time>
        <extensions>
          <ns3:TrackPointExtension>
            <ns3:hr>118</ns3:hr>
          </ns3:TrackPointExtension>
        </extensions>
      </trkpt>
      <trkpt lat="-4.0966124273836612701416015625" lon="-81.05263176374137401580810546875">
        <ele>0</ele>
        <time>2026-09-07T20:37:45.000Z</time>
        <extensions>
          <ns3:TrackPointExtension>
            <ns3:hr>117</ns3:hr>
          </ns3:TrackPointExtension>
        </extensions>
      </trkpt>
      <trkpt lat="-4.096599183976650238037109375" lon="-81.05262589640915393829345703125">
        <ele>0</ele>
        <time>2026-09-07T20:37:46.000Z</time>
        <extensions>
          <ns3:TrackPointExtension>
            <ns3:hr>118</ns3:hr>
          </ns3:TrackPointExtension>
        </extensions>
      </trkpt>
      <trkpt lat="-4.09661536104977130889892578125" lon="-81.0525773651897907257080078125">
        <ele>0</ele>
        <time>2026-09-07T20:37:48.000Z</time>
        <extensions>
          <ns3:TrackPointExtension>
            <ns3:hr>119</ns3:hr>
          </ns3:TrackPointExtension>
        </extensions>
      </trkpt>
      <trkpt lat="-4.09664436243474483489990234375" lon="-81.05255599133670330047607421875">
        <ele>0</ele>
        <time>2026-09-07T20:37:49.000Z</time>
        <extensions>
          <ns3:TrackPointExtension>
            <ns3:hr>118</ns3:hr>
          </ns3:TrackPointExtension>
        </extensions>
      </trkpt>
      <trkpt lat="-4.096777550876140594482421875" lon="-81.05248273350298404693603515625">
        <ele>0</ele>
        <time>2026-09-07T20:37:52.000Z</time>
        <extensions>
          <ns3:TrackPointExtension>
            <ns3:hr>118</ns3:hr>
          </ns3:TrackPointExtension>
        </extensions>
      </trkpt>
      <trkpt lat="-4.09702138043940067291259765625" lon="-81.05238617397844791412353515625">
        <ele>0</ele>
        <time>2026-09-07T20:37:56.000Z</time>
        <extensions>
          <ns3:TrackPointExtension>
            <ns3:hr>119</ns3:hr>
          </ns3:TrackPointExtension>
        </extensions>
      </trkpt>
      <trkpt lat="-4.0970861725509166717529296875" lon="-81.05237008072435855865478515625">
        <ele>0</ele>
        <time>2026-09-07T20:37:57.000Z</time>
        <extensions>
          <ns3:TrackPointExtension>
            <ns3:hr>120</ns3:hr>
          </ns3:TrackPointExtension>
        </extensions>
      </trkpt>
      <trkpt lat="-4.09747282974421977996826171875" lon="-81.05223915539681911468505859375">
        <ele>0</ele>
        <time>2026-09-07T20:38:03.000Z</time>
        <extensions>
          <ns3:TrackPointExtension>
            <ns3:hr>121</ns3:hr>
          </ns3:TrackPointExtension>
        </extensions>
      </trkpt>
      <trkpt lat="-4.09774641506373882293701171875" lon="-81.05210755951702594757080078125">
        <ele>0</ele>
        <time>2026-09-07T20:38:07.000Z</time>
        <extensions>
          <ns3:TrackPointExtension>
            <ns3:hr>120</ns3:hr>
          </ns3:TrackPointExtension>
        </extensions>
      </trkpt>
      <trkpt lat="-4.0978019870817661285400390625" lon="-81.05207419954240322113037109375">
        <ele>0</ele>
        <time>2026-09-07T20:38:08.000Z</time>
        <extensions>
          <ns3:TrackPointExtension>
            <ns3:hr>119</ns3:hr>
          </ns3:TrackPointExtension>
        </extensions>
      </trkpt>
      <trkpt lat="-4.097876586019992828369140625" lon="-81.05198602192103862762451171875">
        <ele>0</ele>
        <time>2026-09-07T20:38:10.000Z</time>
        <extensions>
          <ns3:TrackPointExtension>
            <ns3:hr>119</ns3:hr>
          </ns3:TrackPointExtension>
        </extensions>
      </trkpt>
      <trkpt lat="-4.09793785773217678070068359375" lon="-81.051904968917369842529296875">
        <ele>0</ele>
        <time>2026-09-07T20:38:12.000Z</time>
        <extensions>
          <ns3:TrackPointExtension>
            <ns3:hr>118</ns3:hr>
          </ns3:TrackPointExtension>
        </extensions>
      </trkpt>
      <trkpt lat="-4.09802486188709735870361328125" lon="-81.05186465196311473846435546875">
        <ele>0</ele>
        <time>2026-09-07T20:38:14.000Z</time>
        <extensions>
          <ns3:TrackPointExtension>
            <ns3:hr>117</ns3:hr>
          </ns3:TrackPointExtension>
        </extensions>
      </trkpt>
      <trkpt lat="-4.0980889834463596343994140625" lon="-81.0518417693674564361572265625">
        <ele>0</ele>
        <time>2026-09-07T20:38:16.000Z</time>
        <extensions>
          <ns3:TrackPointExtension>
            <ns3:hr>117</ns3:hr>
          </ns3:TrackPointExtension>
        </extensions>
      </trkpt>
      <trkpt lat="-4.0980829484760761260986328125" lon="-81.051829196512699127197265625">
        <ele>0</ele>
        <time>2026-09-07T20:38:17.000Z</time>
        <extensions>
          <ns3:TrackPointExtension>
            <ns3:hr>117</ns3:hr>
          </ns3:TrackPointExtension>
        </extensions>
      </trkpt>
      <trkpt lat="-4.09799720160663127899169921875" lon="-81.0518421046435832977294921875">
        <ele>0</ele>
        <time>2026-09-07T20:38:20.000Z</time>
        <extensions>
          <ns3:TrackPointExtension>
            <ns3:hr>117</ns3:hr>
          </ns3:TrackPointExtension>
        </extensions>
      </trkpt>
      <trkpt lat="-4.0978137217462062835693359375" lon="-81.051926426589488983154296875">
        <ele>0</ele>
        <time>2026-09-07T20:38:24.000Z</time>
        <extensions>
          <ns3:TrackPointExtension>
            <ns3:hr>117</ns3:hr>
          </ns3:TrackPointExtension>
        </extensions>
      </trkpt>
      <trkpt lat="-4.09755514003336429595947265625" lon="-81.05210772715508937835693359375">
        <ele>0</ele>
        <time>2026-09-07T20:38:29.000Z</time>
        <extensions>
          <ns3:TrackPointExtension>
            <ns3:hr>117</ns3:hr>
          </ns3:TrackPointExtension>
        </extensions>
      </trkpt>
      <trkpt lat="-4.09746252000331878662109375" lon="-81.0521753691136837005615234375">
        <ele>0</ele>
        <time>2026-09-07T20:38:31.000Z</time>
        <extensions>
          <ns3:TrackPointExtension>
            <ns3:hr>117</ns3:hr>
          </ns3:TrackPointExtension>
        </extensions>
      </trkpt>
      <trkpt lat="-4.0972725860774517059326171875" lon="-81.05230185203254222869873046875">
        <ele>0</ele>
        <time>2026-09-07T20:38:35.000Z</time>
        <extensions>
          <ns3:TrackPointExtension>
            <ns3:hr>117</ns3:hr>
          </ns3:TrackPointExtension>
        </extensions>
      </trkpt>
      <trkpt lat="-4.09690453670918941497802734375" lon="-81.05251215398311614990234375">
        <ele>0</ele>
        <time>2026-09-07T20:38:42.000Z</time>
        <extensions>
          <ns3:TrackPointExtension>
            <ns3:hr>118</ns3:hr>
          </ns3:TrackPointExtension>
        </extensions>
      </trkpt>
      <trkpt lat="-4.09665157087147235870361328125" lon="-81.05267534963786602020263671875">
        <ele>0</ele>
        <time>2026-09-07T20:38:48.000Z</time>
        <extensions>
          <ns3:TrackPointExtension>
            <ns3:hr>118</ns3:hr>
          </ns3:TrackPointExtension>
        </extensions>
      </trkpt>
      <trkpt lat="-4.09658451564610004425048828125" lon="-81.05272698216140270233154296875">
        <ele>0</ele>
        <time>2026-09-07T20:38:50.000Z</time>
        <extensions>
          <ns3:TrackPointExtension>
            <ns3:hr>117</ns3:hr>
          </ns3:TrackPointExtension>
        </extensions>
      </trkpt>
      <trkpt lat="-4.09654260613024234771728515625" lon="-81.052727401256561279296875">
        <ele>0</ele>
        <time>2026-09-07T20:38:52.000Z</time>
        <extensions>
          <ns3:TrackPointExtension>
            <ns3:hr>117</ns3:hr>
          </ns3:TrackPointExtension>
        </extensions>
      </trkpt>
      <trkpt lat="-4.0965990163385868072509765625" lon="-81.05266143567860126495361328125">
        <ele>0</ele>
        <time>2026-09-07T20:38:55.000Z</time>
        <extensions>
          <ns3:TrackPointExtension>
            <ns3:hr>117</ns3:hr>
          </ns3:TrackPointExtension>
        </extensions>
      </trkpt>
      <trkpt lat="-4.09687788225710391998291015625" lon="-81.05255934409797191619873046875">
        <ele>0</ele>
        <time>2026-09-07T20:39:01.000Z</time>
        <extensions>
          <ns3:TrackPointExtension>
            <ns3:hr>118</ns3:hr>
          </ns3:TrackPointExtension>
        </extensions>
      </trkpt>
      <trkpt lat="-4.09735330380499362945556640625" lon="-81.05240754783153533935546875">
        <ele>0</ele>
        <time>2026-09-07T20:39:09.000Z</time>
        <extensions>
          <ns3:TrackPointExtension>
            <ns3:hr>118</ns3:hr>
          </ns3:TrackPointExtension>
        </extensions>
      </trkpt>
      <trkpt lat="-4.09765756689012050628662109375" lon="-81.052295900881290435791015625">
        <ele>0</ele>
        <time>2026-09-07T20:39:14.000Z</time>
        <extensions>
          <ns3:TrackPointExtension>
            <ns3:hr>115</ns3:hr>
          </ns3:TrackPointExtension>
        </extensions>
      </trkpt>
      <trkpt lat="-4.09772110171616077423095703125" lon="-81.05227486230432987213134765625">
        <ele>0</ele>
        <time>2026-09-07T20:39:15.000Z</time>
        <extensions>
          <ns3:TrackPointExtension>
            <ns3:hr>115</ns3:hr>
          </ns3:TrackPointExtension>
        </extensions>
      </trkpt>
      <trkpt lat="-4.0978427231311798095703125" lon="-81.0522259958088397979736328125">
        <ele>0</ele>
        <time>2026-09-07T20:39:17.000Z</time>
        <extensions>
          <ns3:TrackPointExtension>
            <ns3:hr>114</ns3:hr>
          </ns3:TrackPointExtension>
        </extensions>
      </trkpt>
      <trkpt lat="-4.09793299622833728790283203125" lon="-81.0521760396659374237060546875">
        <ele>0</ele>
        <time>2026-09-07T20:39:19.000Z</time>
        <extensions>
          <ns3:TrackPointExtension>
            <ns3:hr>114</ns3:hr>
          </ns3:TrackPointExtension>
        </extensions>
      </trkpt>
      <trkpt lat="-4.0979387797415256500244140625" lon="-81.052159778773784637451171875">
        <ele>0</ele>
        <time>2026-09-07T20:39:20.000Z</time>
        <extensions>
          <ns3:TrackPointExtension>
            <ns3:hr>114</ns3:hr>
          </ns3:TrackPointExtension>
        </extensions>
      </trkpt>
      <trkpt lat="-4.09787465818226337432861328125" lon="-81.0521622933447360992431640625">
        <ele>0</ele>
        <time>2026-09-07T20:39:22.000Z</time>
        <extensions>
          <ns3:TrackPointExtension>
            <ns3:hr>114</ns3:hr>
          </ns3:TrackPointExtension>
        </extensions>
      </trkpt>
      <trkpt lat="-4.09777960740029811859130859375" lon="-81.0521948151290416717529296875">
        <ele>0</ele>
        <time>2026-09-07T20:39:24.000Z</time>
        <extensions>
          <ns3:TrackPointExtension>
            <ns3:hr>113</ns3:hr>
          </ns3:TrackPointExtension>
        </extensions>
      </trkpt>
      <trkpt lat="-4.09761817194521427154541015625" lon="-81.05226547457277774810791015625">
        <ele>0</ele>
        <time>2026-09-07T20:39:27.000Z</time>
        <extensions>
          <ns3:TrackPointExtension>
            <ns3:hr>113</ns3:hr>
          </ns3:TrackPointExtension>
        </extensions>
      </trkpt>
      <trkpt lat="-4.09729731269180774688720703125" lon="-81.05244032107293605804443359375">
        <ele>0</ele>
        <time>2026-09-07T20:39:33.000Z</time>
        <extensions>
          <ns3:TrackPointExtension>
            <ns3:hr>114</ns3:hr>
          </ns3:TrackPointExtension>
        </extensions>
      </trkpt>
      <trkpt lat="-4.0968610346317291259765625" lon="-81.05264450423419475555419921875">
        <ele>0</ele>
        <time>2026-09-07T20:39:41.000Z</time>
        <extensions>
          <ns3:TrackPointExtension>
            <ns3:hr>117</ns3:hr>
          </ns3:TrackPointExtension>
        </extensions>
      </trkpt>
      <trkpt lat="-4.0966459549963474273681640625" lon="-81.05275145731866359710693359375">
        <ele>0</ele>
        <time>2026-09-07T20:39:45.000Z</time>
        <extensions>
          <ns3:TrackPointExtension>
            <ns3:hr>120</ns3:hr>
          </ns3:TrackPointExtension>
        </extensions>
      </trkpt>
      <trkpt lat="-4.09653757698833942413330078125" lon="-81.05280392803251743316650390625">
        <ele>0</ele>
        <time>2026-09-07T20:39:47.000Z</time>
        <extensions>
          <ns3:TrackPointExtension>
            <ns3:hr>123</ns3:hr>
          </ns3:TrackPointExtension>
        </extensions>
      </trkpt>
      <trkpt lat="-4.09648309461772441864013671875" lon="-81.0528335161507129669189453125">
        <ele>0</ele>
        <time>2026-09-07T20:39:48.000Z</time>
        <extensions>
          <ns3:TrackPointExtension>
            <ns3:hr>123</ns3:hr>
          </ns3:TrackPointExtension>
        </extensions>
      </trkpt>
      <trkpt lat="-4.0961547754704952239990234375" lon="-81.05303543619811534881591796875">
        <ele>0</ele>
        <time>2026-09-07T20:39:55.000Z</time>
        <extensions>
          <ns3:TrackPointExtension>
            <ns3:hr>124</ns3:hr>
          </ns3:TrackPointExtension>
        </extensions>
      </trkpt>
      <trkpt lat="-4.09581254236400127410888671875" lon="-81.0532073490321636199951171875">
        <ele>0</ele>
        <time>2026-09-07T20:40:02.000Z</time>
        <extensions>
          <ns3:TrackPointExtension>
            <ns3:hr>125</ns3:hr>
          </ns3:TrackPointExtension>
        </extensions>
      </trkpt>
      <trkpt lat="-4.09552169032394886016845703125" lon="-81.053382866084575653076171875">
        <ele>0</ele>
        <time>2026-09-07T20:40:08.000Z</time>
        <extensions>
          <ns3:TrackPointExtension>
            <ns3:hr>125</ns3:hr>
          </ns3:TrackPointExtension>
        </extensions>
      </trkpt>
      <trkpt lat="-4.095430411398410797119140625" lon="-81.05344715528190135955810546875">
        <ele>0</ele>
        <time>2026-09-07T20:40:11.000Z</time>
        <extensions>
          <ns3:TrackPointExtension>
            <ns3:hr>125</ns3:hr>
          </ns3:TrackPointExtension>
        </extensions>
      </trkpt>
      <trkpt lat="-4.095413647592067718505859375" lon="-81.05343307368457317352294921875">
        <ele>0</ele>
        <time>2026-09-07T20:40:12.000Z</time>
        <extensions>
          <ns3:TrackPointExtension>
            <ns3:hr>125</ns3:hr>
          </ns3:TrackPointExtension>
        </extensions>
      </trkpt>
      <trkpt lat="-4.09546670503914356231689453125" lon="-81.05334137566387653350830078125">
        <ele>0</ele>
        <time>2026-09-07T20:40:15.000Z</time>
        <extensions>
          <ns3:TrackPointExtension>
            <ns3:hr>125</ns3:hr>
          </ns3:TrackPointExtension>
        </extensions>
      </trkpt>
      <trkpt lat="-4.0955157391726970672607421875" lon="-81.0533156432211399078369140625">
        <ele>0</ele>
        <time>2026-09-07T20:40:16.000Z</time>
        <extensions>
          <ns3:TrackPointExtension>
            <ns3:hr>124</ns3:hr>
          </ns3:TrackPointExtension>
        </extensions>
      </trkpt>
      <trkpt lat="-4.095704667270183563232421875" lon="-81.05324129574000835418701171875">
        <ele>0</ele>
        <time>2026-09-07T20:40:19.000Z</time>
        <extensions>
          <ns3:TrackPointExtension>
            <ns3:hr>126</ns3:hr>
          </ns3:TrackPointExtension>
        </extensions>
      </trkpt>
      <trkpt lat="-4.09577214159071445465087890625" lon="-81.05321933515369892120361328125">
        <ele>0</ele>
        <time>2026-09-07T20:40:20.000Z</time>
        <extensions>
          <ns3:TrackPointExtension>
            <ns3:hr>124</ns3:hr>
          </ns3:TrackPointExtension>
        </extensions>
      </trkpt>
      <trkpt lat="-4.09602778963744640350341796875" lon="-81.053144820034503936767578125">
        <ele>0</ele>
        <time>2026-09-07T20:40:24.000Z</time>
        <extensions>
          <ns3:TrackPointExtension>
            <ns3:hr>124</ns3:hr>
          </ns3:TrackPointExtension>
        </extensions>
      </trkpt>
      <trkpt lat="-4.09636021591722965240478515625" lon="-81.0530454106628894805908203125">
        <ele>0</ele>
        <time>2026-09-07T20:40:29.000Z</time>
        <extensions>
          <ns3:TrackPointExtension>
            <ns3:hr>124</ns3:hr>
          </ns3:TrackPointExtension>
        </extensions>
      </trkpt>
      <trkpt lat="-4.09649482928216457366943359375" lon="-81.0529820434749126434326171875">
        <ele>0</ele>
        <time>2026-09-07T20:40:31.000Z</time>
        <extensions>
          <ns3:TrackPointExtension>
            <ns3:hr>123</ns3:hr>
          </ns3:TrackPointExtension>
        </extensions>
      </trkpt>
      <trkpt lat="-4.096705801784992218017578125" lon="-81.0528566502034664154052734375">
        <ele>0</ele>
        <time>2026-09-07T20:40:34.000Z</time>
        <extensions>
          <ns3:TrackPointExtension>
            <ns3:hr>123</ns3:hr>
          </ns3:TrackPointExtension>
        </extensions>
      </trkpt>
      <trkpt lat="-4.09681652672588825225830078125" lon="-81.05276972986757755279541015625">
        <ele>0</ele>
        <time>2026-09-07T20:40:36.000Z</time>
        <extensions>
          <ns3:TrackPointExtension>
            <ns3:hr>122</ns3:hr>
          </ns3:TrackPointExtension>
        </extensions>
      </trkpt>
      <trkpt lat="-4.09686170518398284912109375" lon="-81.0526678897440433502197265625">
        <ele>0</ele>
        <time>2026-09-07T20:40:38.000Z</time>
        <extensions>
          <ns3:TrackPointExtension>
            <ns3:hr>122</ns3:hr>
          </ns3:TrackPointExtension>
        </extensions>
      </trkpt>
      <trkpt lat="-4.09689229913055896759033203125" lon="-81.052618436515331268310546875">
        <ele>0</ele>
        <time>2026-09-07T20:40:39.000Z</time>
        <extensions>
          <ns3:TrackPointExtension>
            <ns3:hr>122</ns3:hr>
          </ns3:TrackPointExtension>
        </extensions>
      </trkpt>
      <trkpt lat="-4.09698852337896823883056640625" lon="-81.05254224501550197601318359375">
        <ele>0</ele>
        <time>2026-09-07T20:40:41.000Z</time>
        <extensions>
          <ns3:TrackPointExtension>
            <ns3:hr>121</ns3:hr>
          </ns3:TrackPointExtension>
        </extensions>
      </trkpt>
      <trkpt lat="-4.0973818860948085784912109375" lon="-81.0524000041186809539794921875">
        <ele>0</ele>
        <time>2026-09-07T20:40:47.000Z</time>
        <extensions>
          <ns3:TrackPointExtension>
            <ns3:hr>121</ns3:hr>
          </ns3:TrackPointExtension>
        </extensions>
      </trkpt>
      <trkpt lat="-4.09775563515722751617431640625" lon="-81.05222557671368122100830078125">
        <ele>0</ele>
        <time>2026-09-07T20:40:53.000Z</time>
        <extensions>
          <ns3:TrackPointExtension>
            <ns3:hr>120</ns3:hr>
          </ns3:TrackPointExtension>
        </extensions>
      </trkpt>
      <trkpt lat="-4.0977609157562255859375" lon="-81.0521431826055049896240234375">
        <ele>0</ele>
        <time>2026-09-07T20:40:55.000Z</time>
        <extensions>
          <ns3:TrackPointExtension>
            <ns3:hr>119</ns3:hr>
          </ns3:TrackPointExtension>
        </extensions>
      </trkpt>
      <trkpt lat="-4.097748510539531707763671875" lon="-81.0520838387310504913330078125">
        <ele>0</ele>
        <time>2026-09-07T20:40:57.000Z</time>
        <extensions>
          <ns3:TrackPointExtension>
            <ns3:hr>119</ns3:hr>
          </ns3:TrackPointExtension>
        </extensions>
      </trkpt>
      <trkpt lat="-4.09774490632116794586181640625" lon="-81.05208258144557476043701171875">
        <ele>0</ele>
        <time>2026-09-07T20:40:58.000Z</time>
        <extensions>
          <ns3:TrackPointExtension>
            <ns3:hr>119</ns3:hr>
          </ns3:TrackPointExtension>
        </extensions>
      </trkpt>
      <trkpt lat="-4.09771171398460865020751953125" lon="-81.05210311710834503173828125">
        <ele>0</ele>
        <time>2026-09-07T20:41:00.000Z</time>
        <extensions>
          <ns3:TrackPointExtension>
            <ns3:hr>118</ns3:hr>
          </ns3:TrackPointExtension>
        </extensions>
      </trkpt>
      <trkpt lat="-4.0976363606750965118408203125" lon="-81.052119545638561248779296875">
        <ele>0</ele>
        <time>2026-09-07T20:41:04.000Z</time>
        <extensions>
          <ns3:TrackPointExtension>
            <ns3:hr>116</ns3:hr>
          </ns3:TrackPointExtension>
        </extensions>
      </trkpt>
      <trkpt lat="-4.097538292407989501953125" lon="-81.052118204534053802490234375">
        <ele>0</ele>
        <time>2026-09-07T20:41:06.000Z</time>
        <extensions>
          <ns3:TrackPointExtension>
            <ns3:hr>118</ns3:hr>
          </ns3:TrackPointExtension>
        </extensions>
      </trkpt>
      <trkpt lat="-4.09747618250548839569091796875" lon="-81.0521257482469081878662109375">
        <ele>0</ele>
        <time>2026-09-07T20:41:07.000Z</time>
        <extensions>
          <ns3:TrackPointExtension>
            <ns3:hr>118</ns3:hr>
          </ns3:TrackPointExtension>
        </extensions>
      </trkpt>
      <trkpt lat="-4.097415246069431304931640625" lon="-81.0521441884338855743408203125">
        <ele>0</ele>
        <time>2026-09-07T20:41:08.000Z</time>
        <extensions>
          <ns3:TrackPointExtension>
            <ns3:hr>118</ns3:hr>
          </ns3:TrackPointExtension>
        </extensions>
      </trkpt>
      <trkpt lat="-4.097167812287807464599609375" lon="-81.05224393308162689208984375">
        <ele>0</ele>
        <time>2026-09-07T20:41:12.000Z</time>
        <extensions>
          <ns3:TrackPointExtension>
            <ns3:hr>118</ns3:hr>
          </ns3:TrackPointExtension>
        </extensions>
      </trkpt>
      <trkpt lat="-4.0970516391098499298095703125" lon="-81.0523000918328762054443359375">
        <ele>0</ele>
        <time>2026-09-07T20:41:14.000Z</time>
        <extensions>
          <ns3:TrackPointExtension>
            <ns3:hr>119</ns3:hr>
          </ns3:TrackPointExtension>
        </extensions>
      </trkpt>
      <trkpt lat="-4.0969011001288890838623046875" lon="-81.0524067096412181854248046875">
        <ele>0</ele>
        <time>2026-09-07T20:41:17.000Z</time>
        <extensions>
          <ns3:TrackPointExtension>
            <ns3:hr>119</ns3:hr>
          </ns3:TrackPointExtension>
        </extensions>
      </trkpt>
      <trkpt lat="-4.096674285829067230224609375" lon="-81.05257007293403148651123046875">
        <ele>0</ele>
        <time>2026-09-07T20:41:22.000Z</time>
        <extensions>
          <ns3:TrackPointExtension>
            <ns3:hr>118</ns3:hr>
          </ns3:TrackPointExtension>
        </extensions>
      </trkpt>
      <trkpt lat="-4.09662558697164058685302734375" lon="-81.05258951894938945770263671875">
        <ele>0</ele>
        <time>2026-09-07T20:41:23.000Z</time>
        <extensions>
          <ns3:TrackPointExtension>
            <ns3:hr>118</ns3:hr>
          </ns3:TrackPointExtension>
        </extensions>
      </trkpt>
      <trkpt lat="-4.09648887813091278076171875" lon="-81.05265565216541290283203125">
        <ele>0</ele>
        <time>2026-09-07T20:41:26.000Z</time>
        <extensions>
          <ns3:TrackPointExtension>
            <ns3:hr>119</ns3:hr>
          </ns3:TrackPointExtension>
        </extensions>
      </trkpt>
      <trkpt lat="-4.096365161240100860595703125" lon="-81.05274416506290435791015625">
        <ele>0</ele>
        <time>2026-09-07T20:41:29.000Z</time>
        <extensions>
          <ns3:TrackPointExtension>
            <ns3:hr>118</ns3:hr>
          </ns3:TrackPointExtension>
        </extensions>
      </trkpt>
      <trkpt lat="-4.09632124006748199462890625" lon="-81.05276763439178466796875">
        <ele>0</ele>
        <time>2026-09-07T20:41:30.000Z</time>
        <extensions>
          <ns3:TrackPointExtension>
            <ns3:hr>118</ns3:hr>
          </ns3:TrackPointExtension>
        </extensions>
      </trkpt>
      <trkpt lat="-4.09610356204211711883544921875" lon="-81.0528714023530483245849609375">
        <ele>0</ele>
        <time>2026-09-07T20:41:35.000Z</time>
        <extensions>
          <ns3:TrackPointExtension>
            <ns3:hr>117</ns3:hr>
          </ns3:TrackPointExtension>
        </extensions>
      </trkpt>
      <trkpt lat="-4.09606240689754486083984375" lon="-81.05289327912032604217529296875">
        <ele>0</ele>
        <time>2026-09-07T20:41:36.000Z</time>
        <extensions>
          <ns3:TrackPointExtension>
            <ns3:hr>117</ns3:hr>
          </ns3:TrackPointExtension>
        </extensions>
      </trkpt>
      <trkpt lat="-4.09585327841341495513916015625" lon="-81.05302571319043636322021484375">
        <ele>0</ele>
        <time>2026-09-07T20:41:41.000Z</time>
        <extensions>
          <ns3:TrackPointExtension>
            <ns3:hr>116</ns3:hr>
          </ns3:TrackPointExtension>
        </extensions>
      </trkpt>
      <trkpt lat="-4.095572568476200103759765625" lon="-81.05317197740077972412109375">
        <ele>0</ele>
        <time>2026-09-07T20:41:48.000Z</time>
        <extensions>
          <ns3:TrackPointExtension>
            <ns3:hr>116</ns3:hr>
          </ns3:TrackPointExtension>
        </extensions>
      </trkpt>
      <trkpt lat="-4.09529571421444416046142578125" lon="-81.053344309329986572265625">
        <ele>0</ele>
        <time>2026-09-07T20:41:55.000Z</time>
        <extensions>
          <ns3:TrackPointExtension>
            <ns3:hr>116</ns3:hr>
          </ns3:TrackPointExtension>
        </extensions>
      </trkpt>
      <trkpt lat="-4.0952505357563495635986328125" lon="-81.053350679576396942138671875">
        <ele>0</ele>
        <time>2026-09-07T20:41:57.000Z</time>
        <extensions>
          <ns3:TrackPointExtension>
            <ns3:hr>116</ns3:hr>
          </ns3:TrackPointExtension>
        </extensions>
      </trkpt>
      <trkpt lat="-4.095271490514278411865234375" lon="-81.05326049029827117919921875">
        <ele>0</ele>
        <time>2026-09-07T20:42:00.000Z</time>
        <extensions>
          <ns3:TrackPointExtension>
            <ns3:hr>116</ns3:hr>
          </ns3:TrackPointExtension>
        </extensions>
      </trkpt>
      <trkpt lat="-4.095308370888233184814453125" lon="-81.0532435588538646697998046875">
        <ele>0</ele>
        <time>2026-09-07T20:42:01.000Z</time>
        <extensions>
          <ns3:TrackPointExtension>
            <ns3:hr>116</ns3:hr>
          </ns3:TrackPointExtension>
        </extensions>
      </trkpt>
      <trkpt lat="-4.0954252146184444427490234375" lon="-81.05318899266421794891357421875">
        <ele>0</ele>
        <time>2026-09-07T20:42:04.000Z</time>
        <extensions>
          <ns3:TrackPointExtension>
            <ns3:hr>116</ns3:hr>
          </ns3:TrackPointExtension>
        </extensions>
      </trkpt>
      <trkpt lat="-4.095475338399410247802734375" lon="-81.05316183529794216156005859375">
        <ele>0</ele>
        <time>2026-09-07T20:42:05.000Z</time>
        <extensions>
          <ns3:TrackPointExtension>
            <ns3:hr>117</ns3:hr>
          </ns3:TrackPointExtension>
        </extensions>
      </trkpt>
      <trkpt lat="-4.09565529786050319671630859375" lon="-81.0530983842909336090087890625">
        <ele>0</ele>
        <time>2026-09-07T20:42:08.000Z</time>
        <extensions>
          <ns3:TrackPointExtension>
            <ns3:hr>117</ns3:hr>
          </ns3:TrackPointExtension>
        </extensions>
      </trkpt>
      <trkpt lat="-4.09611395560204982757568359375" lon="-81.052939631044864654541015625">
        <ele>0</ele>
        <time>2026-09-07T20:42:16.000Z</time>
        <extensions>
          <ns3:TrackPointExtension>
            <ns3:hr>118</ns3:hr>
          </ns3:TrackPointExtension>
        </extensions>
      </trkpt>
      <trkpt lat="-4.09637379460036754608154296875" lon="-81.0528113879263401031494140625">
        <ele>0</ele>
        <time>2026-09-07T20:42:20.000Z</time>
        <extensions>
          <ns3:TrackPointExtension>
            <ns3:hr>119</ns3:hr>
          </ns3:TrackPointExtension>
        </extensions>
      </trkpt>
      <trkpt lat="-4.09674729220569133758544921875" lon="-81.052675433456897735595703125">
        <ele>0</ele>
        <time>2026-09-07T20:42:26.000Z</time>
        <extensions>
          <ns3:TrackPointExtension>
            <ns3:hr>117</ns3:hr>
          </ns3:TrackPointExtension>
        </extensions>
      </trkpt>
      <trkpt lat="-4.09692213870584964752197265625" lon="-81.052608378231525421142578125">
        <ele>0</ele>
        <time>2026-09-07T20:42:29.000Z</time>
        <extensions>
          <ns3:TrackPointExtension>
            <ns3:hr>117</ns3:hr>
          </ns3:TrackPointExtension>
        </extensions>
      </trkpt>
      <trkpt lat="-4.09718935377895832061767578125" lon="-81.05248558335006237030029296875">
        <ele>0</ele>
        <time>2026-09-07T20:42:33.000Z</time>
        <extensions>
          <ns3:TrackPointExtension>
            <ns3:hr>115</ns3:hr>
          </ns3:TrackPointExtension>
        </extensions>
      </trkpt>
      <trkpt lat="-4.09736118279397487640380859375" lon="-81.05237930081784725189208984375">
        <ele>0</ele>
        <time>2026-09-07T20:42:36.000Z</time>
        <extensions>
          <ns3:TrackPointExtension>
            <ns3:hr>114</ns3:hr>
          </ns3:TrackPointExtension>
        </extensions>
      </trkpt>
      <trkpt lat="-4.09737928770482540130615234375" lon="-81.052350215613842010498046875">
        <ele>0</ele>
        <time>2026-09-07T20:42:37.000Z</time>
        <extensions>
          <ns3:TrackPointExtension>
            <ns3:hr>114</ns3:hr>
          </ns3:TrackPointExtension>
        </extensions>
      </trkpt>
      <trkpt lat="-4.0974281542003154754638671875" lon="-81.05225608684122562408447265625">
        <ele>0</ele>
        <time>2026-09-07T20:42:40.000Z</time>
        <extensions>
          <ns3:TrackPointExtension>
            <ns3:hr>113</ns3:hr>
          </ns3:TrackPointExtension>
        </extensions>
      </trkpt>
      <trkpt lat="-4.09757609479129314422607421875" lon="-81.05218903161585330963134765625">
        <ele>0</ele>
        <time>2026-09-07T20:42:43.000Z</time>
        <extensions>
          <ns3:TrackPointExtension>
            <ns3:hr>113</ns3:hr>
          </ns3:TrackPointExtension>
        </extensions>
      </trkpt>
      <trkpt lat="-4.09763476811349391937255859375" lon="-81.05217578820884227752685546875">
        <ele>0</ele>
        <time>2026-09-07T20:42:44.000Z</time>
        <extensions>
          <ns3:TrackPointExtension>
            <ns3:hr>113</ns3:hr>
          </ns3:TrackPointExtension>
        </extensions>
      </trkpt>
      <trkpt lat="-4.09789242781698703765869140625" lon="-81.05211258865892887115478515625">
        <ele>0</ele>
        <time>2026-09-07T20:42:48.000Z</time>
        <extensions>
          <ns3:TrackPointExtension>
            <ns3:hr>111</ns3:hr>
          </ns3:TrackPointExtension>
        </extensions>
      </trkpt>
      <trkpt lat="-4.09813173115253448486328125" lon="-81.0520526580512523651123046875">
        <ele>0</ele>
        <time>2026-09-07T20:42:52.000Z</time>
        <extensions>
          <ns3:TrackPointExtension>
            <ns3:hr>113</ns3:hr>
          </ns3:TrackPointExtension>
        </extensions>
      </trkpt>
      <trkpt lat="-4.09817456267774105072021484375" lon="-81.05201988480985164642333984375">
        <ele>0</ele>
        <time>2026-09-07T20:42:55.000Z</time>
        <extensions>
          <ns3:TrackPointExtension>
            <ns3:hr>112</ns3:hr>
          </ns3:TrackPointExtension>
        </extensions>
      </trkpt>
      <trkpt lat="-4.09807272255420684814453125" lon="-81.05197780765593051910400390625">
        <ele>0</ele>
        <time>2026-09-07T20:42:59.000Z</time>
        <extensions>
          <ns3:TrackPointExtension>
            <ns3:hr>113</ns3:hr>
          </ns3:TrackPointExtension>
        </extensions>
      </trkpt>
      <trkpt lat="-4.09803139977157115936279296875" lon="-81.05195769108831882476806640625">
        <ele>0</ele>
        <time>2026-09-07T20:43:00.000Z</time>
        <extensions>
          <ns3:TrackPointExtension>
            <ns3:hr>114</ns3:hr>
          </ns3:TrackPointExtension>
        </extensions>
      </trkpt>
      <trkpt lat="-4.097898043692111968994140625" lon="-81.0519428551197052001953125">
        <ele>0</ele>
        <time>2026-09-07T20:43:03.000Z</time>
        <extensions>
          <ns3:TrackPointExtension>
            <ns3:hr>114</ns3:hr>
          </ns3:TrackPointExtension>
        </extensions>
      </trkpt>
      <trkpt lat="-4.09779536537826061248779296875" lon="-81.05198535136878490447998046875">
        <ele>0</ele>
        <time>2026-09-07T20:43:05.000Z</time>
        <extensions>
          <ns3:TrackPointExtension>
            <ns3:hr>114</ns3:hr>
          </ns3:TrackPointExtension>
        </extensions>
      </trkpt>
      <trkpt lat="-4.0976993925869464874267578125" lon="-81.05203966610133647918701171875">
        <ele>0</ele>
        <time>2026-09-07T20:43:07.000Z</time>
        <extensions>
          <ns3:TrackPointExtension>
            <ns3:hr>114</ns3:hr>
          </ns3:TrackPointExtension>
        </extensions>
      </trkpt>
      <trkpt lat="-4.09753250889480113983154296875" lon="-81.052120216190814971923828125">
        <ele>0</ele>
        <time>2026-09-07T20:43:10.000Z</time>
        <extensions>
          <ns3:TrackPointExtension>
            <ns3:hr>111</ns3:hr>
          </ns3:TrackPointExtension>
        </extensions>
      </trkpt>
      <trkpt lat="-4.09741834737360477447509765625" lon="-81.05218601413071155548095703125">
        <ele>0</ele>
        <time>2026-09-07T20:43:12.000Z</time>
        <extensions>
          <ns3:TrackPointExtension>
            <ns3:hr>114</ns3:hr>
          </ns3:TrackPointExtension>
        </extensions>
      </trkpt>
      <trkpt lat="-4.09736403264105319976806640625" lon="-81.052223145961761474609375">
        <ele>0</ele>
        <time>2026-09-07T20:43:13.000Z</time>
        <extensions>
          <ns3:TrackPointExtension>
            <ns3:hr>113</ns3:hr>
          </ns3:TrackPointExtension>
        </extensions>
      </trkpt>
      <trkpt lat="-4.09703931771218776702880859375" lon="-81.052432022988796234130859375">
        <ele>0</ele>
        <time>2026-09-07T20:43:19.000Z</time>
        <extensions>
          <ns3:TrackPointExtension>
            <ns3:hr>113</ns3:hr>
          </ns3:TrackPointExtension>
        </extensions>
      </trkpt>
      <trkpt lat="-4.09694393165409564971923828125" lon="-81.0525079630315303802490234375">
        <ele>0</ele>
        <time>2026-09-07T20:43:21.000Z</time>
        <extensions>
          <ns3:TrackPointExtension>
            <ns3:hr>110</ns3:hr>
          </ns3:TrackPointExtension>
        </extensions>
      </trkpt>
      <trkpt lat="-4.09675802104175090789794921875" lon="-81.05263645760715007781982421875">
        <ele>0</ele>
        <time>2026-09-07T20:43:25.000Z</time>
        <extensions>
          <ns3:TrackPointExtension>
            <ns3:hr>113</ns3:hr>
          </ns3:TrackPointExtension>
        </extensions>
      </trkpt>
      <trkpt lat="-4.09662961028516292572021484375" lon="-81.05271994136273860931396484375">
        <ele>0</ele>
        <time>2026-09-07T20:43:28.000Z</time>
        <extensions>
          <ns3:TrackPointExtension>
            <ns3:hr>114</ns3:hr>
          </ns3:TrackPointExtension>
        </extensions>
      </trkpt>
      <trkpt lat="-4.09656800329685211181640625" lon="-81.05277207680046558380126953125">
        <ele>0</ele>
        <time>2026-09-07T20:43:30.000Z</time>
        <extensions>
          <ns3:TrackPointExtension>
            <ns3:hr>113</ns3:hr>
          </ns3:TrackPointExtension>
        </extensions>
      </trkpt>
      <trkpt lat="-4.0965215675532817840576171875" lon="-81.052764616906642913818359375">
        <ele>0</ele>
        <time>2026-09-07T20:43:32.000Z</time>
        <extensions>
          <ns3:TrackPointExtension>
            <ns3:hr>114</ns3:hr>
          </ns3:TrackPointExtension>
        </extensions>
      </trkpt>
      <trkpt lat="-4.09651561640202999114990234375" lon="-81.05273586697876453399658203125">
        <ele>0</ele>
        <time>2026-09-07T20:43:33.000Z</time>
        <extensions>
          <ns3:TrackPointExtension>
            <ns3:hr>114</ns3:hr>
          </ns3:TrackPointExtension>
        </extensions>
      </trkpt>
      <trkpt lat="-4.09661569632589817047119140625" lon="-81.05265623889863491058349609375">
        <ele>0</ele>
        <time>2026-09-07T20:43:36.000Z</time>
        <extensions>
          <ns3:TrackPointExtension>
            <ns3:hr>115</ns3:hr>
          </ns3:TrackPointExtension>
        </extensions>
      </trkpt>
      <trkpt lat="-4.096705131232738494873046875" lon="-81.05262120254337787628173828125">
        <ele>0</ele>
        <time>2026-09-07T20:43:38.000Z</time>
        <extensions>
          <ns3:TrackPointExtension>
            <ns3:hr>115</ns3:hr>
          </ns3:TrackPointExtension>
        </extensions>
      </trkpt>
      <trkpt lat="-4.09681132994592189788818359375" lon="-81.05255582369863986968994140625">
        <ele>0</ele>
        <time>2026-09-07T20:43:40.000Z</time>
        <extensions>
          <ns3:TrackPointExtension>
            <ns3:hr>114</ns3:hr>
          </ns3:TrackPointExtension>
        </extensions>
      </trkpt>
      <trkpt lat="-4.097109474241733551025390625" lon="-81.05237510986626148223876953125">
        <ele>0</ele>
        <time>2026-09-07T20:43:45.000Z</time>
        <extensions>
          <ns3:TrackPointExtension>
            <ns3:hr>116</ns3:hr>
          </ns3:TrackPointExtension>
        </extensions>
      </trkpt>
      <trkpt lat="-4.09728239290416240692138671875" lon="-81.0522923804819583892822265625">
        <ele>0</ele>
        <time>2026-09-07T20:43:48.000Z</time>
        <extensions>
          <ns3:TrackPointExtension>
            <ns3:hr>112</ns3:hr>
          </ns3:TrackPointExtension>
        </extensions>
      </trkpt>
      <trkpt lat="-4.097457490861415863037109375" lon="-81.05223211459815502166748046875">
        <ele>0</ele>
        <time>2026-09-07T20:43:51.000Z</time>
        <extensions>
          <ns3:TrackPointExtension>
            <ns3:hr>115</ns3:hr>
          </ns3:TrackPointExtension>
        </extensions>
      </trkpt>
      <trkpt lat="-4.097516499459743499755859375" lon="-81.05221719481050968170166015625">
        <ele>0</ele>
        <time>2026-09-07T20:43:52.000Z</time>
        <extensions>
          <ns3:TrackPointExtension>
            <ns3:hr>116</ns3:hr>
          </ns3:TrackPointExtension>
        </extensions>
      </trkpt>
      <trkpt lat="-4.09797959960997104644775390625" lon="-81.0521032847464084625244140625">
        <ele>0</ele>
        <time>2026-09-07T20:44:00.000Z</time>
        <extensions>
          <ns3:TrackPointExtension>
            <ns3:hr>117</ns3:hr>
          </ns3:TrackPointExtension>
        </extensions>
      </trkpt>
      <trkpt lat="-4.0980474092066287994384765625" lon="-81.05206464417278766632080078125">
        <ele>0</ele>
        <time>2026-09-07T20:44:03.000Z</time>
        <extensions>
          <ns3:TrackPointExtension>
            <ns3:hr>117</ns3:hr>
          </ns3:TrackPointExtension>
        </extensions>
      </trkpt>
      <trkpt lat="-4.09805805422365665435791015625" lon="-81.0520539991557598114013671875">
        <ele>0</ele>
        <time>2026-09-07T20:44:04.000Z</time>
        <extensions>
          <ns3:TrackPointExtension>
            <ns3:hr>117</ns3:hr>
          </ns3:TrackPointExtension>
        </extensions>
      </trkpt>
      <trkpt lat="-4.09804732538759708404541015625" lon="-81.05204083956778049468994140625">
        <ele>0</ele>
        <time>2026-09-07T20:44:06.000Z</time>
        <extensions>
          <ns3:TrackPointExtension>
            <ns3:hr>117</ns3:hr>
          </ns3:TrackPointExtension>
        </extensions>
      </trkpt>
      <trkpt lat="-4.09803190268576145172119140625" lon="-81.0520301945507526397705078125">
        <ele>0</ele>
        <time>2026-09-07T20:44:07.000Z</time>
        <extensions>
          <ns3:TrackPointExtension>
            <ns3:hr>116</ns3:hr>
          </ns3:TrackPointExtension>
        </extensions>
      </trkpt>
      <trkpt lat="-4.09790466539561748504638671875" lon="-81.0520496405661106109619140625">
        <ele>0</ele>
        <time>2026-09-07T20:44:10.000Z</time>
        <extensions>
          <ns3:TrackPointExtension>
            <ns3:hr>117</ns3:hr>
          </ns3:TrackPointExtension>
        </extensions>
      </trkpt>
      <trkpt lat="-4.09769318997859954833984375" lon="-81.05216690339148044586181640625">
        <ele>0</ele>
        <time>2026-09-07T20:44:14.000Z</time>
        <extensions>
          <ns3:TrackPointExtension>
            <ns3:hr>117</ns3:hr>
          </ns3:TrackPointExtension>
        </extensions>
      </trkpt>
      <trkpt lat="-4.0974700637161731719970703125" lon="-81.05232766829431056976318359375">
        <ele>0</ele>
        <time>2026-09-07T20:44:19.000Z</time>
        <extensions>
          <ns3:TrackPointExtension>
            <ns3:hr>116</ns3:hr>
          </ns3:TrackPointExtension>
        </extensions>
      </trkpt>
      <trkpt lat="-4.0973047725856304168701171875" lon="-81.0524342022836208343505859375">
        <ele>0</ele>
        <time>2026-09-07T20:44:23.000Z</time>
        <extensions>
          <ns3:TrackPointExtension>
            <ns3:hr>116</ns3:hr>
          </ns3:TrackPointExtension>
        </extensions>
      </trkpt>
      <trkpt lat="-4.09722472541034221649169921875" lon="-81.05247049592435359954833984375">
        <ele>0</ele>
        <time>2026-09-07T20:44:25.000Z</time>
        <extensions>
          <ns3:TrackPointExtension>
            <ns3:hr>118</ns3:hr>
          </ns3:TrackPointExtension>
        </extensions>
      </trkpt>
      <trkpt lat="-4.09713772125542163848876953125" lon="-81.05251559056341648101806640625">
        <ele>0</ele>
        <time>2026-09-07T20:44:27.000Z</time>
        <extensions>
          <ns3:TrackPointExtension>
            <ns3:hr>115</ns3:hr>
          </ns3:TrackPointExtension>
        </extensions>
      </trkpt>
      <trkpt lat="-4.09700813703238964080810546875" lon="-81.052593626081943511962890625">
        <ele>0</ele>
        <time>2026-09-07T20:44:30.000Z</time>
        <extensions>
          <ns3:TrackPointExtension>
            <ns3:hr>119</ns3:hr>
          </ns3:TrackPointExtension>
        </extensions>
      </trkpt>
      <trkpt lat="-4.09671829082071781158447265625" lon="-81.0527594201266765594482421875">
        <ele>0</ele>
        <time>2026-09-07T20:44:36.000Z</time>
        <extensions>
          <ns3:TrackPointExtension>
            <ns3:hr>119</ns3:hr>
          </ns3:TrackPointExtension>
        </extensions>
      </trkpt>
      <trkpt lat="-4.09662835299968719482421875" lon="-81.05279118753969669342041015625">
        <ele>0</ele>
        <time>2026-09-07T20:44:38.000Z</time>
        <extensions>
          <ns3:TrackPointExtension>
            <ns3:hr>122</ns3:hr>
          </ns3:TrackPointExtension>
        </extensions>
      </trkpt>
      <trkpt lat="-4.0965393371880054473876953125" lon="-81.05281792581081390380859375">
        <ele>0</ele>
        <time>2026-09-07T20:44:40.000Z</time>
        <extensions>
          <ns3:TrackPointExtension>
            <ns3:hr>122</ns3:hr>
          </ns3:TrackPointExtension>
        </extensions>
      </trkpt>
      <trkpt lat="-4.096457026898860931396484375" lon="-81.05285606347024440765380859375">
        <ele>0</ele>
        <time>2026-09-07T20:44:42.000Z</time>
        <extensions>
          <ns3:TrackPointExtension>
            <ns3:hr>121</ns3:hr>
          </ns3:TrackPointExtension>
        </extensions>
      </trkpt>
      <trkpt lat="-4.09641972742974758148193359375" lon="-81.0528794489800930023193359375">
        <ele>0</ele>
        <time>2026-09-07T20:44:43.000Z</time>
        <extensions>
          <ns3:TrackPointExtension>
            <ns3:hr>121</ns3:hr>
          </ns3:TrackPointExtension>
        </extensions>
      </trkpt>
      <trkpt lat="-4.0963540971279144287109375" lon="-81.052904427051544189453125">
        <ele>0</ele>
        <time>2026-09-07T20:44:45.000Z</time>
        <extensions>
          <ns3:TrackPointExtension>
            <ns3:hr>121</ns3:hr>
          </ns3:TrackPointExtension>
        </extensions>
      </trkpt>
      <trkpt lat="-4.09632660448551177978515625" lon="-81.05289227329194545745849609375">
        <ele>0</ele>
        <time>2026-09-07T20:44:46.000Z</time>
        <extensions>
          <ns3:TrackPointExtension>
            <ns3:hr>120</ns3:hr>
          </ns3:TrackPointExtension>
        </extensions>
      </trkpt>
      <trkpt lat="-4.09631252288818359375" lon="-81.052863858640193939208984375">
        <ele>0</ele>
        <time>2026-09-07T20:44:47.000Z</time>
        <extensions>
          <ns3:TrackPointExtension>
            <ns3:hr>121</ns3:hr>
          </ns3:TrackPointExtension>
        </extensions>
      </trkpt>
      <trkpt lat="-4.09632082097232341766357421875" lon="-81.0528372041881084442138671875">
        <ele>0</ele>
        <time>2026-09-07T20:44:48.000Z</time>
        <extensions>
          <ns3:TrackPointExtension>
            <ns3:hr>121</ns3:hr>
          </ns3:TrackPointExtension>
        </extensions>
      </trkpt>
      <trkpt lat="-4.09639860503375530242919921875" lon="-81.05280962772667407989501953125">
        <ele>0</ele>
        <time>2026-09-07T20:44:51.000Z</time>
        <extensions>
          <ns3:TrackPointExtension>
            <ns3:hr>121</ns3:hr>
          </ns3:TrackPointExtension>
        </extensions>
      </trkpt>
      <trkpt lat="-4.0964347310364246368408203125" lon="-81.052778698503971099853515625">
        <ele>0</ele>
        <time>2026-09-07T20:44:55.000Z</time>
        <extensions>
          <ns3:TrackPointExtension>
            <ns3:hr>120</ns3:hr>
          </ns3:TrackPointExtension>
        </extensions>
      </trkpt>
      <trkpt lat="-4.0964506566524505615234375" lon="-81.0527493618428707122802734375">
        <ele>0</ele>
        <time>2026-09-07T20:44:59.000Z</time>
        <extensions>
          <ns3:TrackPointExtension>
            <ns3:hr>120</ns3:hr>
          </ns3:TrackPointExtension>
        </extensions>
      </trkpt>
      <trkpt lat="-4.09645258449018001556396484375" lon="-81.05273720808327198028564453125">
        <ele>0</ele>
        <time>2026-09-07T20:45:00.000Z</time>
        <extensions>
          <ns3:TrackPointExtension>
            <ns3:hr>120</ns3:hr>
          </ns3:TrackPointExtension>
        </extensions>
      </trkpt>
      <trkpt lat="-4.09651863388717174530029296875" lon="-81.05264685116708278656005859375">
        <ele>0</ele>
        <time>2026-09-07T20:45:03.000Z</time>
        <extensions>
          <ns3:TrackPointExtension>
            <ns3:hr>120</ns3:hr>
          </ns3:TrackPointExtension>
        </extensions>
      </trkpt>
      <trkpt lat="-4.096621312201023101806640625" lon="-81.05259471572935581207275390625">
        <ele>0</ele>
        <time>2026-09-07T20:45:05.000Z</time>
        <extensions>
          <ns3:TrackPointExtension>
            <ns3:hr>120</ns3:hr>
          </ns3:TrackPointExtension>
        </extensions>
      </trkpt>
      <trkpt lat="-4.0967381559312343597412109375" lon="-81.05256034992635250091552734375">
        <ele>0</ele>
        <time>2026-09-07T20:45:07.000Z</time>
        <extensions>
          <ns3:TrackPointExtension>
            <ns3:hr>120</ns3:hr>
          </ns3:TrackPointExtension>
        </extensions>
      </trkpt>
      <trkpt lat="-4.0970989130437374114990234375" lon="-81.05247753672301769256591796875">
        <ele>0</ele>
        <time>2026-09-07T20:45:13.000Z</time>
        <extensions>
          <ns3:TrackPointExtension>
            <ns3:hr>118</ns3:hr>
          </ns3:TrackPointExtension>
        </extensions>
      </trkpt>
      <trkpt lat="-4.09715834073722362518310546875" lon="-81.05246261693537235260009765625">
        <ele>0</ele>
        <time>2026-09-07T20:45:14.000Z</time>
        <extensions>
          <ns3:TrackPointExtension>
            <ns3:hr>117</ns3:hr>
          </ns3:TrackPointExtension>
        </extensions>
      </trkpt>
      <trkpt lat="-4.09753368236124515533447265625" lon="-81.0523788817226886749267578125">
        <ele>0</ele>
        <time>2026-09-07T20:45:20.000Z</time>
        <extensions>
          <ns3:TrackPointExtension>
            <ns3:hr>117</ns3:hr>
          </ns3:TrackPointExtension>
        </extensions>
      </trkpt>
      <trkpt lat="-4.097644574940204620361328125" lon="-81.05234007351100444793701171875">
        <ele>0</ele>
        <time>2026-09-07T20:45:22.000Z</time>
        <extensions>
          <ns3:TrackPointExtension>
            <ns3:hr>117</ns3:hr>
          </ns3:TrackPointExtension>
        </extensions>
      </trkpt>
      <trkpt lat="-4.097696878015995025634765625" lon="-81.05230025947093963623046875">
        <ele>0</ele>
        <time>2026-09-07T20:45:24.000Z</time>
        <extensions>
          <ns3:TrackPointExtension>
            <ns3:hr>118</ns3:hr>
          </ns3:TrackPointExtension>
        </extensions>
      </trkpt>
      <trkpt lat="-4.09774490632116794586181640625" lon="-81.0522414185106754302978515625">
        <ele>0</ele>
        <time>2026-09-07T20:45:28.000Z</time>
        <extensions>
          <ns3:TrackPointExtension>
            <ns3:hr>118</ns3:hr>
          </ns3:TrackPointExtension>
        </extensions>
      </trkpt>
      <trkpt lat="-4.097859151661396026611328125" lon="-81.0521681606769561767578125">
        <ele>0</ele>
        <time>2026-09-07T20:45:32.000Z</time>
        <extensions>
          <ns3:TrackPointExtension>
            <ns3:hr>118</ns3:hr>
          </ns3:TrackPointExtension>
        </extensions>
      </trkpt>
      <trkpt lat="-4.0979414619505405426025390625" lon="-81.0521384887397289276123046875">
        <ele>0</ele>
        <time>2026-09-07T20:45:34.000Z</time>
        <extensions>
          <ns3:TrackPointExtension>
            <ns3:hr>117</ns3:hr>
          </ns3:TrackPointExtension>
        </extensions>
      </trkpt>
      <trkpt lat="-4.09804514609277248382568359375" lon="-81.0521225631237030029296875">
        <ele>0</ele>
        <time>2026-09-07T20:45:36.000Z</time>
        <extensions>
          <ns3:TrackPointExtension>
            <ns3:hr>116</ns3:hr>
          </ns3:TrackPointExtension>
        </extensions>
      </trkpt>
      <trkpt lat="-4.09832677803933620452880859375" lon="-81.0521113313734531402587890625">
        <ele>0</ele>
        <time>2026-09-07T20:45:42.000Z</time>
        <extensions>
          <ns3:TrackPointExtension>
            <ns3:hr>117</ns3:hr>
          </ns3:TrackPointExtension>
        </extensions>
      </trkpt>
      <trkpt lat="-4.09830666147172451019287109375" lon="-81.05208191089332103729248046875">
        <ele>0</ele>
        <time>2026-09-07T20:45:44.000Z</time>
        <extensions>
          <ns3:TrackPointExtension>
            <ns3:hr>118</ns3:hr>
          </ns3:TrackPointExtension>
        </extensions>
      </trkpt>
      <trkpt lat="-4.09817690961062908172607421875" lon="-81.05206984095275402069091796875">
        <ele>0</ele>
        <time>2026-09-07T20:45:47.000Z</time>
        <extensions>
          <ns3:TrackPointExtension>
            <ns3:hr>118</ns3:hr>
          </ns3:TrackPointExtension>
        </extensions>
      </trkpt>
      <trkpt lat="-4.0980722196400165557861328125" lon="-81.05209917761385440826416015625">
        <ele>0</ele>
        <time>2026-09-07T20:45:49.000Z</time>
        <extensions>
          <ns3:TrackPointExtension>
            <ns3:hr>118</ns3:hr>
          </ns3:TrackPointExtension>
        </extensions>
      </trkpt>
      <trkpt lat="-4.0979666076600551605224609375" lon="-81.05215265415608882904052734375">
        <ele>0</ele>
        <time>2026-09-07T20:45:51.000Z</time>
        <extensions>
          <ns3:TrackPointExtension>
            <ns3:hr>117</ns3:hr>
          </ns3:TrackPointExtension>
        </extensions>
      </trkpt>
      <trkpt lat="-4.09775999374687671661376953125" lon="-81.05226128362119197845458984375">
        <ele>0</ele>
        <time>2026-09-07T20:45:55.000Z</time>
        <extensions>
          <ns3:TrackPointExtension>
            <ns3:hr>116</ns3:hr>
          </ns3:TrackPointExtension>
        </extensions>
      </trkpt>
      <trkpt lat="-4.09766075201332569122314453125" lon="-81.0522994212806224822998046875">
        <ele>0</ele>
        <time>2026-09-07T20:45:57.000Z</time>
        <extensions>
          <ns3:TrackPointExtension>
            <ns3:hr>117</ns3:hr>
          </ns3:TrackPointExtension>
        </extensions>
      </trkpt>
      <trkpt lat="-4.09735389053821563720703125" lon="-81.05244384147226810455322265625">
        <ele>0</ele>
        <time>2026-09-07T20:46:03.000Z</time>
        <extensions>
          <ns3:TrackPointExtension>
            <ns3:hr>120</ns3:hr>
          </ns3:TrackPointExtension>
        </extensions>
      </trkpt>
      <trkpt lat="-4.097006879746913909912109375" lon="-81.0526387207210063934326171875">
        <ele>0</ele>
        <time>2026-09-07T20:46:10.000Z</time>
        <extensions>
          <ns3:TrackPointExtension>
            <ns3:hr>121</ns3:hr>
          </ns3:TrackPointExtension>
        </extensions>
      </trkpt>
      <trkpt lat="-4.09661787562072277069091796875" lon="-81.052892692387104034423828125">
        <ele>0</ele>
        <time>2026-09-07T20:46:18.000Z</time>
        <extensions>
          <ns3:TrackPointExtension>
            <ns3:hr>119</ns3:hr>
          </ns3:TrackPointExtension>
        </extensions>
      </trkpt>
      <trkpt lat="-4.0963452123105525970458984375" lon="-81.05303493328392505645751953125">
        <ele>0</ele>
        <time>2026-09-07T20:46:24.000Z</time>
        <extensions>
          <ns3:TrackPointExtension>
            <ns3:hr>118</ns3:hr>
          </ns3:TrackPointExtension>
        </extensions>
      </trkpt>
      <trkpt lat="-4.096226356923580169677734375" lon="-81.053113974630832672119140625">
        <ele>0</ele>
        <time>2026-09-07T20:46:27.000Z</time>
        <extensions>
          <ns3:TrackPointExtension>
            <ns3:hr>119</ns3:hr>
          </ns3:TrackPointExtension>
        </extensions>
      </trkpt>
      <trkpt lat="-4.09615083597600460052490234375" lon="-81.05316267348825931549072265625">
        <ele>0</ele>
        <time>2026-09-07T20:46:30.000Z</time>
        <extensions>
          <ns3:TrackPointExtension>
            <ns3:hr>118</ns3:hr>
          </ns3:TrackPointExtension>
        </extensions>
      </trkpt>
      <trkpt lat="-4.0961514227092266082763671875" lon="-81.05310500599443912506103515625">
        <ele>0</ele>
        <time>2026-09-07T20:46:32.000Z</time>
        <extensions>
          <ns3:TrackPointExtension>
            <ns3:hr>117</ns3:hr>
          </ns3:TrackPointExtension>
        </extensions>
      </trkpt>
      <trkpt lat="-4.0962253510951995849609375" lon="-81.05303459800779819488525390625">
        <ele>0</ele>
        <time>2026-09-07T20:46:34.000Z</time>
        <extensions>
          <ns3:TrackPointExtension>
            <ns3:hr>116</ns3:hr>
          </ns3:TrackPointExtension>
        </extensions>
      </trkpt>
      <trkpt lat="-4.0962805040180683135986328125" lon="-81.05300827883183956146240234375">
        <ele>0</ele>
        <time>2026-09-07T20:46:35.000Z</time>
        <extensions>
          <ns3:TrackPointExtension>
            <ns3:hr>116</ns3:hr>
          </ns3:TrackPointExtension>
        </extensions>
      </trkpt>
      <trkpt lat="-4.09634127281606197357177734375" lon="-81.05299034155905246734619140625">
        <ele>0</ele>
        <time>2026-09-07T20:46:36.000Z</time>
        <extensions>
          <ns3:TrackPointExtension>
            <ns3:hr>117</ns3:hr>
          </ns3:TrackPointExtension>
        </extensions>
      </trkpt>
      <trkpt lat="-4.0965869463980197906494140625" lon="-81.0529270581901073455810546875">
        <ele>0</ele>
        <time>2026-09-07T20:46:40.000Z</time>
        <extensions>
          <ns3:TrackPointExtension>
            <ns3:hr>114</ns3:hr>
          </ns3:TrackPointExtension>
        </extensions>
      </trkpt>
      <trkpt lat="-4.09708701074123382568359375" lon="-81.05281390249729156494140625">
        <ele>0</ele>
        <time>2026-09-07T20:46:48.000Z</time>
        <extensions>
          <ns3:TrackPointExtension>
            <ns3:hr>115</ns3:hr>
          </ns3:TrackPointExtension>
        </extensions>
      </trkpt>
      <trkpt lat="-4.09750166349112987518310546875" lon="-81.05268138460814952850341796875">
        <ele>0</ele>
        <time>2026-09-07T20:46:54.000Z</time>
        <extensions>
          <ns3:TrackPointExtension>
            <ns3:hr>115</ns3:hr>
          </ns3:TrackPointExtension>
        </extensions>
      </trkpt>
      <trkpt lat="-4.0977050922811031341552734375" lon="-81.05261198244988918304443359375">
        <ele>0</ele>
        <time>2026-09-07T20:46:57.000Z</time>
        <extensions>
          <ns3:TrackPointExtension>
            <ns3:hr>115</ns3:hr>
          </ns3:TrackPointExtension>
        </extensions>
      </trkpt>
      <trkpt lat="-4.09780525602400302886962890625" lon="-81.05256152339279651641845703125">
        <ele>0</ele>
        <time>2026-09-07T20:46:59.000Z</time>
        <extensions>
          <ns3:TrackPointExtension>
            <ns3:hr>115</ns3:hr>
          </ns3:TrackPointExtension>
        </extensions>
      </trkpt>
      <trkpt lat="-4.0978465788066387176513671875" lon="-81.05249765329062938690185546875">
        <ele>0</ele>
        <time>2026-09-07T20:47:01.000Z</time>
        <extensions>
          <ns3:TrackPointExtension>
            <ns3:hr>115</ns3:hr>
          </ns3:TrackPointExtension>
        </extensions>
      </trkpt>
      <trkpt lat="-4.09787155687808990478515625" lon="-81.0524613596498966217041015625">
        <ele>0</ele>
        <time>2026-09-07T20:47:02.000Z</time>
        <extensions>
          <ns3:TrackPointExtension>
            <ns3:hr>115</ns3:hr>
          </ns3:TrackPointExtension>
        </extensions>
      </trkpt>
      <trkpt lat="-4.09790801815688610076904296875" lon="-81.0524331964552402496337890625">
        <ele>0</ele>
        <time>2026-09-07T20:47:03.000Z</time>
        <extensions>
          <ns3:TrackPointExtension>
            <ns3:hr>115</ns3:hr>
          </ns3:TrackPointExtension>
        </extensions>
      </trkpt>
      <trkpt lat="-4.09799938090145587921142578125" lon="-81.052399165928363800048828125">
        <ele>0</ele>
        <time>2026-09-07T20:47:05.000Z</time>
        <extensions>
          <ns3:TrackPointExtension>
            <ns3:hr>115</ns3:hr>
          </ns3:TrackPointExtension>
        </extensions>
      </trkpt>
      <trkpt lat="-4.0980450622737407684326171875" lon="-81.0523919574916362762451171875">
        <ele>0</ele>
        <time>2026-09-07T20:47:06.000Z</time>
        <extensions>
          <ns3:TrackPointExtension>
            <ns3:hr>115</ns3:hr>
          </ns3:TrackPointExtension>
        </extensions>
      </trkpt>
      <trkpt lat="-4.09820607863366603851318359375" lon="-81.052382402122020721435546875">
        <ele>0</ele>
        <time>2026-09-07T20:47:10.000Z</time>
        <extensions>
          <ns3:TrackPointExtension>
            <ns3:hr>114</ns3:hr>
          </ns3:TrackPointExtension>
        </extensions>
      </trkpt>
      <trkpt lat="-4.09823340363800525665283203125" lon="-81.05237108655273914337158203125">
        <ele>0</ele>
        <time>2026-09-07T20:47:11.000Z</time>
        <extensions>
          <ns3:TrackPointExtension>
            <ns3:hr>113</ns3:hr>
          </ns3:TrackPointExtension>
        </extensions>
      </trkpt>
      <trkpt lat="-4.09822535701096057891845703125" lon="-81.05232213623821735382080078125">
        <ele>0</ele>
        <time>2026-09-07T20:47:13.000Z</time>
        <extensions>
          <ns3:TrackPointExtension>
            <ns3:hr>116</ns3:hr>
          </ns3:TrackPointExtension>
        </extensions>
      </trkpt>
      <trkpt lat="-4.09813801757991313934326171875" lon="-81.05231526307761669158935546875">
        <ele>0</ele>
        <time>2026-09-07T20:47:15.000Z</time>
        <extensions>
          <ns3:TrackPointExtension>
            <ns3:hr>114</ns3:hr>
          </ns3:TrackPointExtension>
        </extensions>
      </trkpt>
      <trkpt lat="-4.09808571450412273406982421875" lon="-81.05233387090265750885009765625">
        <ele>0</ele>
        <time>2026-09-07T20:47:16.000Z</time>
        <extensions>
          <ns3:TrackPointExtension>
            <ns3:hr>115</ns3:hr>
          </ns3:TrackPointExtension>
        </extensions>
      </trkpt>
      <trkpt lat="-4.09797507338225841522216796875" lon="-81.05239816009998321533203125">
        <ele>0</ele>
        <time>2026-09-07T20:47:18.000Z</time>
        <extensions>
          <ns3:TrackPointExtension>
            <ns3:hr>115</ns3:hr>
          </ns3:TrackPointExtension>
        </extensions>
      </trkpt>
      <trkpt lat="-4.097556732594966888427734375" lon="-81.05265640653669834136962890625">
        <ele>0</ele>
        <time>2026-09-07T20:47:26.000Z</time>
        <extensions>
          <ns3:TrackPointExtension>
            <ns3:hr>116</ns3:hr>
          </ns3:TrackPointExtension>
        </extensions>
      </trkpt>
      <trkpt lat="-4.09721081145107746124267578125" lon="-81.0528707318007946014404296875">
        <ele>0</ele>
        <time>2026-09-07T20:47:33.000Z</time>
        <extensions>
          <ns3:TrackPointExtension>
            <ns3:hr>115</ns3:hr>
          </ns3:TrackPointExtension>
        </extensions>
      </trkpt>
      <trkpt lat="-4.097002856433391571044921875" lon="-81.05294289998710155487060546875">
        <ele>0</ele>
        <time>2026-09-07T20:47:38.000Z</time>
        <extensions>
          <ns3:TrackPointExtension>
            <ns3:hr>115</ns3:hr>
          </ns3:TrackPointExtension>
        </extensions>
      </trkpt>
      <trkpt lat="-4.096949212253093719482421875" lon="-81.05295874178409576416015625">
        <ele>0</ele>
        <time>2026-09-07T20:47:39.000Z</time>
        <extensions>
          <ns3:TrackPointExtension>
            <ns3:hr>115</ns3:hr>
          </ns3:TrackPointExtension>
        </extensions>
      </trkpt>
      <trkpt lat="-4.09678685478866100311279296875" lon="-81.05302168987691402435302734375">
        <ele>0</ele>
        <time>2026-09-07T20:47:42.000Z</time>
        <extensions>
          <ns3:TrackPointExtension>
            <ns3:hr>115</ns3:hr>
          </ns3:TrackPointExtension>
        </extensions>
      </trkpt>
      <trkpt lat="-4.09644956700503826141357421875" lon="-81.05316099710762500762939453125">
        <ele>0</ele>
        <time>2026-09-07T20:47:48.000Z</time>
        <extensions>
          <ns3:TrackPointExtension>
            <ns3:hr>117</ns3:hr>
          </ns3:TrackPointExtension>
        </extensions>
      </trkpt>
      <trkpt lat="-4.09639508463442325592041015625" lon="-81.05319217778742313385009765625">
        <ele>0</ele>
        <time>2026-09-07T20:47:49.000Z</time>
        <extensions>
          <ns3:TrackPointExtension>
            <ns3:hr>117</ns3:hr>
          </ns3:TrackPointExtension>
        </extensions>
      </trkpt>
      <trkpt lat="-4.096211604773998260498046875" lon="-81.05332528240978717803955078125">
        <ele>0</ele>
        <time>2026-09-07T20:47:53.000Z</time>
        <extensions>
          <ns3:TrackPointExtension>
            <ns3:hr>117</ns3:hr>
          </ns3:TrackPointExtension>
        </extensions>
      </trkpt>
      <trkpt lat="-4.09605058841407299041748046875" lon="-81.0534212552011013031005859375">
        <ele>0</ele>
        <time>2026-09-07T20:47:57.000Z</time>
        <extensions>
          <ns3:TrackPointExtension>
            <ns3:hr>119</ns3:hr>
          </ns3:TrackPointExtension>
        </extensions>
      </trkpt>
      <trkpt lat="-4.09598194062709808349609375" lon="-81.0534383542835712432861328125">
        <ele>0</ele>
        <time>2026-09-07T20:47:59.000Z</time>
        <extensions>
          <ns3:TrackPointExtension>
            <ns3:hr>119</ns3:hr>
          </ns3:TrackPointExtension>
        </extensions>
      </trkpt>
      <trkpt lat="-4.0959519334137439727783203125" lon="-81.05339250527322292327880859375">
        <ele>0</ele>
        <time>2026-09-07T20:48:01.000Z</time>
        <extensions>
          <ns3:TrackPointExtension>
            <ns3:hr>118</ns3:hr>
          </ns3:TrackPointExtension>
        </extensions>
      </trkpt>
      <trkpt lat="-4.09597112797200679779052734375" lon="-81.05337037704885005950927734375">
        <ele>0</ele>
        <time>2026-09-07T20:48:02.000Z</time>
        <extensions>
          <ns3:TrackPointExtension>
            <ns3:hr>118</ns3:hr>
          </ns3:TrackPointExtension>
        </extensions>
      </trkpt>
      <trkpt lat="-4.0961356647312641143798828125" lon="-81.05326987802982330322265625">
        <ele>0</ele>
        <time>2026-09-07T20:48:06.000Z</time>
        <extensions>
          <ns3:TrackPointExtension>
            <ns3:hr>117</ns3:hr>
          </ns3:TrackPointExtension>
        </extensions>
      </trkpt>
      <trkpt lat="-4.09649902023375034332275390625" lon="-81.053128726780414581298828125">
        <ele>0</ele>
        <time>2026-09-07T20:48:12.000Z</time>
        <extensions>
          <ns3:TrackPointExtension>
            <ns3:hr>117</ns3:hr>
          </ns3:TrackPointExtension>
        </extensions>
      </trkpt>
      <trkpt lat="-4.0969104878604412078857421875" lon="-81.05300727300345897674560546875">
        <ele>0</ele>
        <time>2026-09-07T20:48:18.000Z</time>
        <extensions>
          <ns3:TrackPointExtension>
            <ns3:hr>117</ns3:hr>
          </ns3:TrackPointExtension>
        </extensions>
      </trkpt>
      <trkpt lat="-4.0973071195185184478759765625" lon="-81.0528968833386898040771484375">
        <ele>0</ele>
        <time>2026-09-07T20:48:24.000Z</time>
        <extensions>
          <ns3:TrackPointExtension>
            <ns3:hr>117</ns3:hr>
          </ns3:TrackPointExtension>
        </extensions>
      </trkpt>
      <trkpt lat="-4.09737325273454189300537109375" lon="-81.05287467129528522491455078125">
        <ele>0</ele>
        <time>2026-09-07T20:48:25.000Z</time>
        <extensions>
          <ns3:TrackPointExtension>
            <ns3:hr>117</ns3:hr>
          </ns3:TrackPointExtension>
        </extensions>
      </trkpt>
      <trkpt lat="-4.097651280462741851806640625" lon="-81.052749864757061004638671875">
        <ele>0</ele>
        <time>2026-09-07T20:48:29.000Z</time>
        <extensions>
          <ns3:TrackPointExtension>
            <ns3:hr>116</ns3:hr>
          </ns3:TrackPointExtension>
        </extensions>
      </trkpt>
      <trkpt lat="-4.09794188104569911956787109375" lon="-81.05257451534271240234375">
        <ele>0</ele>
        <time>2026-09-07T20:48:33.000Z</time>
        <extensions>
          <ns3:TrackPointExtension>
            <ns3:hr>115</ns3:hr>
          </ns3:TrackPointExtension>
        </extensions>
      </trkpt>
      <trkpt lat="-4.098008014261722564697265625" lon="-81.05252430774271488189697265625">
        <ele>0</ele>
        <time>2026-09-07T20:48:34.000Z</time>
        <extensions>
          <ns3:TrackPointExtension>
            <ns3:hr>114</ns3:hr>
          </ns3:TrackPointExtension>
        </extensions>
      </trkpt>
      <trkpt lat="-4.0981158055365085601806640625" lon="-81.05242607183754444122314453125">
        <ele>0</ele>
        <time>2026-09-07T20:48:36.000Z</time>
        <extensions>
          <ns3:TrackPointExtension>
            <ns3:hr>113</ns3:hr>
          </ns3:TrackPointExtension>
        </extensions>
      </trkpt>
      <trkpt lat="-4.09815997816622257232666015625" lon="-81.052373684942722320556640625">
        <ele>0</ele>
        <time>2026-09-07T20:48:37.000Z</time>
        <extensions>
          <ns3:TrackPointExtension>
            <ns3:hr>113</ns3:hr>
          </ns3:TrackPointExtension>
        </extensions>
      </trkpt>
      <trkpt lat="-4.098207838833332061767578125" lon="-81.05233135633170604705810546875">
        <ele>0</ele>
        <time>2026-09-07T20:48:38.000Z</time>
        <extensions>
          <ns3:TrackPointExtension>
            <ns3:hr>112</ns3:hr>
          </ns3:TrackPointExtension>
        </extensions>
      </trkpt>
      <trkpt lat="-4.09829509444534778594970703125" lon="-81.0522766225039958953857421875">
        <ele>0</ele>
        <time>2026-09-07T20:48:40.000Z</time>
        <extensions>
          <ns3:TrackPointExtension>
            <ns3:hr>112</ns3:hr>
          </ns3:TrackPointExtension>
        </extensions>
      </trkpt>
      <trkpt lat="-4.0983121097087860107421875" lon="-81.05225340463221073150634765625">
        <ele>0</ele>
        <time>2026-09-07T20:48:41.000Z</time>
        <extensions>
          <ns3:TrackPointExtension>
            <ns3:hr>113</ns3:hr>
          </ns3:TrackPointExtension>
        </extensions>
      </trkpt>
      <trkpt lat="-4.0983035601675510406494140625" lon="-81.05223546735942363739013671875">
        <ele>0</ele>
        <time>2026-09-07T20:48:42.000Z</time>
        <extensions>
          <ns3:TrackPointExtension>
            <ns3:hr>112</ns3:hr>
          </ns3:TrackPointExtension>
        </extensions>
      </trkpt>
      <trkpt lat="-4.0981922484934329986572265625" lon="-81.05224686674773693084716796875">
        <ele>0</ele>
        <time>2026-09-07T20:48:45.000Z</time>
        <extensions>
          <ns3:TrackPointExtension>
            <ns3:hr>111</ns3:hr>
          </ns3:TrackPointExtension>
        </extensions>
      </trkpt>
      <trkpt lat="-4.09802419133484363555908203125" lon="-81.052318029105663299560546875">
        <ele>0</ele>
        <time>2026-09-07T20:48:48.000Z</time>
        <extensions>
          <ns3:TrackPointExtension>
            <ns3:hr>112</ns3:hr>
          </ns3:TrackPointExtension>
        </extensions>
      </trkpt>
      <trkpt lat="-4.0979661047458648681640625" lon="-81.0523473657667636871337890625">
        <ele>0</ele>
        <time>2026-09-07T20:48:49.000Z</time>
        <extensions>
          <ns3:TrackPointExtension>
            <ns3:hr>113</ns3:hr>
          </ns3:TrackPointExtension>
        </extensions>
      </trkpt>
      <trkpt lat="-4.09791053272783756256103515625" lon="-81.05238600634038448333740234375">
        <ele>0</ele>
        <time>2026-09-07T20:48:50.000Z</time>
        <extensions>
          <ns3:TrackPointExtension>
            <ns3:hr>113</ns3:hr>
          </ns3:TrackPointExtension>
        </extensions>
      </trkpt>
      <trkpt lat="-4.09775622189044952392578125" lon="-81.05248876847326755523681640625">
        <ele>0</ele>
        <time>2026-09-07T20:48:53.000Z</time>
        <extensions>
          <ns3:TrackPointExtension>
            <ns3:hr>114</ns3:hr>
          </ns3:TrackPointExtension>
        </extensions>
      </trkpt>
      <trkpt lat="-4.09759738482534885406494140625" lon="-81.0525750182569026947021484375">
        <ele>0</ele>
        <time>2026-09-07T20:48:56.000Z</time>
        <extensions>
          <ns3:TrackPointExtension>
            <ns3:hr>117</ns3:hr>
          </ns3:TrackPointExtension>
        </extensions>
      </trkpt>
      <trkpt lat="-4.09741248004138469696044921875" lon="-81.05270393192768096923828125">
        <ele>0</ele>
        <time>2026-09-07T20:49:00.000Z</time>
        <extensions>
          <ns3:TrackPointExtension>
            <ns3:hr>117</ns3:hr>
          </ns3:TrackPointExtension>
        </extensions>
      </trkpt>
      <trkpt lat="-4.0971089713275432586669921875" lon="-81.0528717376291751861572265625">
        <ele>0</ele>
        <time>2026-09-07T20:49:06.000Z</time>
        <extensions>
          <ns3:TrackPointExtension>
            <ns3:hr>115</ns3:hr>
          </ns3:TrackPointExtension>
        </extensions>
      </trkpt>
      <trkpt lat="-4.096765480935573577880859375" lon="-81.05305127799510955810546875">
        <ele>0</ele>
        <time>2026-09-07T20:49:12.000Z</time>
        <extensions>
          <ns3:TrackPointExtension>
            <ns3:hr>115</ns3:hr>
          </ns3:TrackPointExtension>
        </extensions>
      </trkpt>
      <trkpt lat="-4.096428193151950836181640625" lon="-81.0532603226602077484130859375">
        <ele>0</ele>
        <time>2026-09-07T20:49:18.000Z</time>
        <extensions>
          <ns3:TrackPointExtension>
            <ns3:hr>113</ns3:hr>
          </ns3:TrackPointExtension>
        </extensions>
      </trkpt>
      <trkpt lat="-4.096374213695526123046875" lon="-81.0532931797206401824951171875">
        <ele>0</ele>
        <time>2026-09-07T20:49:19.000Z</time>
        <extensions>
          <ns3:TrackPointExtension>
            <ns3:hr>112</ns3:hr>
          </ns3:TrackPointExtension>
        </extensions>
      </trkpt>
      <trkpt lat="-4.0963267721235752105712890625" lon="-81.053327880799770355224609375">
        <ele>0</ele>
        <time>2026-09-07T20:49:20.000Z</time>
        <extensions>
          <ns3:TrackPointExtension>
            <ns3:hr>112</ns3:hr>
          </ns3:TrackPointExtension>
        </extensions>
      </trkpt>
      <trkpt lat="-4.09620179794728755950927734375" lon="-81.05342821218073368072509765625">
        <ele>0</ele>
        <time>2026-09-07T20:49:23.000Z</time>
        <extensions>
          <ns3:TrackPointExtension>
            <ns3:hr>111</ns3:hr>
          </ns3:TrackPointExtension>
        </extensions>
      </trkpt>
      <trkpt lat="-4.09616173245012760162353515625" lon="-81.05345604009926319122314453125">
        <ele>0</ele>
        <time>2026-09-07T20:49:24.000Z</time>
        <extensions>
          <ns3:TrackPointExtension>
            <ns3:hr>111</ns3:hr>
          </ns3:TrackPointExtension>
        </extensions>
      </trkpt>
      <trkpt lat="-4.0959650091826915740966796875" lon="-81.0535949282348155975341796875">
        <ele>0</ele>
        <time>2026-09-07T20:49:29.000Z</time>
        <extensions>
          <ns3:TrackPointExtension>
            <ns3:hr>112</ns3:hr>
          </ns3:TrackPointExtension>
        </extensions>
      </trkpt>
      <trkpt lat="-4.0959096886217594146728515625" lon="-81.0536138713359832763671875">
        <ele>0</ele>
        <time>2026-09-07T20:49:31.000Z</time>
        <extensions>
          <ns3:TrackPointExtension>
            <ns3:hr>112</ns3:hr>
          </ns3:TrackPointExtension>
        </extensions>
      </trkpt>
      <trkpt lat="-4.09589870832860469818115234375" lon="-81.05359970591962337493896484375">
        <ele>0</ele>
        <time>2026-09-07T20:49:32.000Z</time>
        <extensions>
          <ns3:TrackPointExtension>
            <ns3:hr>112</ns3:hr>
          </ns3:TrackPointExtension>
        </extensions>
      </trkpt>
      <trkpt lat="-4.095958806574344635009765625" lon="-81.0535453073680400848388671875">
        <ele>0</ele>
        <time>2026-09-07T20:49:35.000Z</time>
        <extensions>
          <ns3:TrackPointExtension>
            <ns3:hr>112</ns3:hr>
          </ns3:TrackPointExtension>
        </extensions>
      </trkpt>
      <trkpt lat="-4.09606366418302059173583984375" lon="-81.0534878075122833251953125">
        <ele>0</ele>
        <time>2026-09-07T20:49:38.000Z</time>
        <extensions>
          <ns3:TrackPointExtension>
            <ns3:hr>113</ns3:hr>
          </ns3:TrackPointExtension>
        </extensions>
      </trkpt>
      <trkpt lat="-4.0961591340601444244384765625" lon="-81.0534557886421680450439453125">
        <ele>0</ele>
        <time>2026-09-07T20:49:40.000Z</time>
        <extensions>
          <ns3:TrackPointExtension>
            <ns3:hr>113</ns3:hr>
          </ns3:TrackPointExtension>
        </extensions>
      </trkpt>
      <trkpt lat="-4.09643280319869518280029296875" lon="-81.05336911976337432861328125">
        <ele>0</ele>
        <time>2026-09-07T20:49:45.000Z</time>
        <extensions>
          <ns3:TrackPointExtension>
            <ns3:hr>116</ns3:hr>
          </ns3:TrackPointExtension>
        </extensions>
      </trkpt>
      <trkpt lat="-4.0964907221496105194091796875" lon="-81.05334456078708171844482421875">
        <ele>0</ele>
        <time>2026-09-07T20:49:46.000Z</time>
        <extensions>
          <ns3:TrackPointExtension>
            <ns3:hr>116</ns3:hr>
          </ns3:TrackPointExtension>
        </extensions>
      </trkpt>
      <trkpt lat="-4.0965460427105426788330078125" lon="-81.0533176548779010772705078125">
        <ele>0</ele>
        <time>2026-09-07T20:49:47.000Z</time>
        <extensions>
          <ns3:TrackPointExtension>
            <ns3:hr>116</ns3:hr>
          </ns3:TrackPointExtension>
        </extensions>
      </trkpt>
      <trkpt lat="-4.09657563082873821258544921875" lon="-81.05329334735870361328125">
        <ele>0</ele>
        <time>2026-09-07T20:49:48.000Z</time>
        <extensions>
          <ns3:TrackPointExtension>
            <ns3:hr>117</ns3:hr>
          </ns3:TrackPointExtension>
        </extensions>
      </trkpt>
      <trkpt lat="-4.09658401273190975189208984375" lon="-81.053277589380741119384765625">
        <ele>0</ele>
        <time>2026-09-07T20:49:49.000Z</time>
        <extensions>
          <ns3:TrackPointExtension>
            <ns3:hr>117</ns3:hr>
          </ns3:TrackPointExtension>
        </extensions>
      </trkpt>
      <trkpt lat="-4.09657931886613368988037109375" lon="-81.05327256023883819580078125">
        <ele>0</ele>
        <time>2026-09-07T20:49:50.000Z</time>
        <extensions>
          <ns3:TrackPointExtension>
            <ns3:hr>117</ns3:hr>
          </ns3:TrackPointExtension>
        </extensions>
      </trkpt>
      <trkpt lat="-4.0965661592781543731689453125" lon="-81.05326510034501552581787109375">
        <ele>0</ele>
        <time>2026-09-07T20:49:52.000Z</time>
        <extensions>
          <ns3:TrackPointExtension>
            <ns3:hr>117</ns3:hr>
          </ns3:TrackPointExtension>
        </extensions>
      </trkpt>
      <trkpt lat="-4.0965364873409271240234375" lon="-81.053247414529323577880859375">
        <ele>0</ele>
        <time>2026-09-07T20:49:55.000Z</time>
        <extensions>
          <ns3:TrackPointExtension>
            <ns3:hr>117</ns3:hr>
          </ns3:TrackPointExtension>
        </extensions>
      </trkpt>
      <trkpt lat="-4.09654679708182811737060546875" lon="-81.053212545812129974365234375">
        <ele>0</ele>
        <time>2026-09-07T20:49:57.000Z</time>
        <extensions>
          <ns3:TrackPointExtension>
            <ns3:hr>117</ns3:hr>
          </ns3:TrackPointExtension>
        </extensions>
      </trkpt>
      <trkpt lat="-4.09664369188249111175537109375" lon="-81.053144820034503936767578125">
        <ele>0</ele>
        <time>2026-09-07T20:50:00.000Z</time>
        <extensions>
          <ns3:TrackPointExtension>
            <ns3:hr>116</ns3:hr>
          </ns3:TrackPointExtension>
        </extensions>
      </trkpt>
      <trkpt lat="-4.096903614699840545654296875" lon="-81.05304767377674579620361328125">
        <ele>0</ele>
        <time>2026-09-07T20:50:05.000Z</time>
        <extensions>
          <ns3:TrackPointExtension>
            <ns3:hr>115</ns3:hr>
          </ns3:TrackPointExtension>
        </extensions>
      </trkpt>
      <trkpt lat="-4.09721600823104381561279296875" lon="-81.05295094661414623260498046875">
        <ele>0</ele>
        <time>2026-09-07T20:50:10.000Z</time>
        <extensions>
          <ns3:TrackPointExtension>
            <ns3:hr>114</ns3:hr>
          </ns3:TrackPointExtension>
        </extensions>
      </trkpt>
      <trkpt lat="-4.09727434627711772918701171875" lon="-81.05291792191565036773681640625">
        <ele>0</ele>
        <time>2026-09-07T20:50:11.000Z</time>
        <extensions>
          <ns3:TrackPointExtension>
            <ns3:hr>115</ns3:hr>
          </ns3:TrackPointExtension>
        </extensions>
      </trkpt>
      <trkpt lat="-4.0973094664514064788818359375" lon="-81.052883304655551910400390625">
        <ele>0</ele>
        <time>2026-09-07T20:50:12.000Z</time>
        <extensions>
          <ns3:TrackPointExtension>
            <ns3:hr>113</ns3:hr>
          </ns3:TrackPointExtension>
        </extensions>
      </trkpt>
      <trkpt lat="-4.09732572734355926513671875" lon="-81.05285824276506900787353515625">
        <ele>0</ele>
        <time>2026-09-07T20:50:13.000Z</time>
        <extensions>
          <ns3:TrackPointExtension>
            <ns3:hr>113</ns3:hr>
          </ns3:TrackPointExtension>
        </extensions>
      </trkpt>
      <trkpt lat="-4.0973272360861301422119140625" lon="-81.05283779092133045196533203125">
        <ele>0</ele>
        <time>2026-09-07T20:50:15.000Z</time>
        <extensions>
          <ns3:TrackPointExtension>
            <ns3:hr>114</ns3:hr>
          </ns3:TrackPointExtension>
        </extensions>
      </trkpt>
      <trkpt lat="-4.09732296131551265716552734375" lon="-81.05281968601047992706298828125">
        <ele>0</ele>
        <time>2026-09-07T20:50:16.000Z</time>
        <extensions>
          <ns3:TrackPointExtension>
            <ns3:hr>114</ns3:hr>
          </ns3:TrackPointExtension>
        </extensions>
      </trkpt>
      <trkpt lat="-4.09734508953988552093505859375" lon="-81.052751205861568450927734375">
        <ele>0</ele>
        <time>2026-09-07T20:50:18.000Z</time>
        <extensions>
          <ns3:TrackPointExtension>
            <ns3:hr>114</ns3:hr>
          </ns3:TrackPointExtension>
        </extensions>
      </trkpt>
      <trkpt lat="-4.09737207926809787750244140625" lon="-81.05272195301949977874755859375">
        <ele>0</ele>
        <time>2026-09-07T20:50:19.000Z</time>
        <extensions>
          <ns3:TrackPointExtension>
            <ns3:hr>114</ns3:hr>
          </ns3:TrackPointExtension>
        </extensions>
      </trkpt>
      <trkpt lat="-4.09744768403470516204833984375" lon="-81.05267182923853397369384765625">
        <ele>0</ele>
        <time>2026-09-07T20:50:21.000Z</time>
        <extensions>
          <ns3:TrackPointExtension>
            <ns3:hr>115</ns3:hr>
          </ns3:TrackPointExtension>
        </extensions>
      </trkpt>
      <trkpt lat="-4.09758246503770351409912109375" lon="-81.052604354918003082275390625">
        <ele>0</ele>
        <time>2026-09-07T20:50:24.000Z</time>
        <extensions>
          <ns3:TrackPointExtension>
            <ns3:hr>115</ns3:hr>
          </ns3:TrackPointExtension>
        </extensions>
      </trkpt>
      <trkpt lat="-4.09792360849678516387939453125" lon="-81.05248910374939441680908203125">
        <ele>0</ele>
        <time>2026-09-07T20:50:31.000Z</time>
        <extensions>
          <ns3:TrackPointExtension>
            <ns3:hr>115</ns3:hr>
          </ns3:TrackPointExtension>
        </extensions>
      </trkpt>
      <trkpt lat="-4.09797188825905323028564453125" lon="-81.0524791292846202850341796875">
        <ele>0</ele>
        <time>2026-09-07T20:50:32.000Z</time>
        <extensions>
          <ns3:TrackPointExtension>
            <ns3:hr>116</ns3:hr>
          </ns3:TrackPointExtension>
        </extensions>
      </trkpt>
      <trkpt lat="-4.09816936589777469635009765625" lon="-81.0524425841867923736572265625">
        <ele>0</ele>
        <time>2026-09-07T20:50:36.000Z</time>
        <extensions>
          <ns3:TrackPointExtension>
            <ns3:hr>116</ns3:hr>
          </ns3:TrackPointExtension>
        </extensions>
      </trkpt>
      <trkpt lat="-4.0982170589268207550048828125" lon="-81.05243009515106678009033203125">
        <ele>0</ele>
        <time>2026-09-07T20:50:37.000Z</time>
        <extensions>
          <ns3:TrackPointExtension>
            <ns3:hr>116</ns3:hr>
          </ns3:TrackPointExtension>
        </extensions>
      </trkpt>
      <trkpt lat="-4.09852207638323307037353515625" lon="-81.052364297211170196533203125">
        <ele>0</ele>
        <time>2026-09-07T20:50:44.000Z</time>
        <extensions>
          <ns3:TrackPointExtension>
            <ns3:hr>113</ns3:hr>
          </ns3:TrackPointExtension>
        </extensions>
      </trkpt>
      <trkpt lat="-4.098546467721462249755859375" lon="-81.05235901661217212677001953125">
        <ele>0</ele>
        <time>2026-09-07T20:50:45.000Z</time>
        <extensions>
          <ns3:TrackPointExtension>
            <ns3:hr>113</ns3:hr>
          </ns3:TrackPointExtension>
        </extensions>
      </trkpt>
      <trkpt lat="-4.09855493344366550445556640625" lon="-81.05234560556709766387939453125">
        <ele>0</ele>
        <time>2026-09-07T20:50:46.000Z</time>
        <extensions>
          <ns3:TrackPointExtension>
            <ns3:hr>114</ns3:hr>
          </ns3:TrackPointExtension>
        </extensions>
      </trkpt>
      <trkpt lat="-4.09853749908506870269775390625" lon="-81.05233202688395977020263671875">
        <ele>0</ele>
        <time>2026-09-07T20:50:47.000Z</time>
        <extensions>
          <ns3:TrackPointExtension>
            <ns3:hr>114</ns3:hr>
          </ns3:TrackPointExtension>
        </extensions>
      </trkpt>
      <trkpt lat="-4.09845585934817790985107421875" lon="-81.052344180643558502197265625">
        <ele>0</ele>
        <time>2026-09-07T20:50:49.000Z</time>
        <extensions>
          <ns3:TrackPointExtension>
            <ns3:hr>117</ns3:hr>
          </ns3:TrackPointExtension>
        </extensions>
      </trkpt>
      <trkpt lat="-4.09840841777622699737548828125" lon="-81.05236706323921680450439453125">
        <ele>0</ele>
        <time>2026-09-07T20:50:50.000Z</time>
        <extensions>
          <ns3:TrackPointExtension>
            <ns3:hr>118</ns3:hr>
          </ns3:TrackPointExtension>
        </extensions>
      </trkpt>
      <trkpt lat="-4.09813173115253448486328125" lon="-81.05249698273837566375732421875">
        <ele>0</ele>
        <time>2026-09-07T20:50:55.000Z</time>
        <extensions>
          <ns3:TrackPointExtension>
            <ns3:hr>119</ns3:hr>
          </ns3:TrackPointExtension>
        </extensions>
      </trkpt>
      <trkpt lat="-4.0978666953742504119873046875" lon="-81.0526645369827747344970703125">
        <ele>0</ele>
        <time>2026-09-07T20:51:00.000Z</time>
        <extensions>
          <ns3:TrackPointExtension>
            <ns3:hr>121</ns3:hr>
          </ns3:TrackPointExtension>
        </extensions>
      </trkpt>
      <trkpt lat="-4.0976682119071483612060546875" lon="-81.05279286392033100128173828125">
        <ele>0</ele>
        <time>2026-09-07T20:51:04.000Z</time>
        <extensions>
          <ns3:TrackPointExtension>
            <ns3:hr>124</ns3:hr>
          </ns3:TrackPointExtension>
        </extensions>
      </trkpt>
      <trkpt lat="-4.09753502346575260162353515625" lon="-81.0528828017413616180419921875">
        <ele>0</ele>
        <time>2026-09-07T20:51:07.000Z</time>
        <extensions>
          <ns3:TrackPointExtension>
            <ns3:hr>123</ns3:hr>
          </ns3:TrackPointExtension>
        </extensions>
      </trkpt>
      <trkpt lat="-4.09741180948913097381591796875" lon="-81.05295647867023944854736328125">
        <ele>0</ele>
        <time>2026-09-07T20:51:10.000Z</time>
        <extensions>
          <ns3:TrackPointExtension>
            <ns3:hr>121</ns3:hr>
          </ns3:TrackPointExtension>
        </extensions>
      </trkpt>
      <trkpt lat="-4.09726562909781932830810546875" lon="-81.0529998131096363067626953125">
        <ele>0</ele>
        <time>2026-09-07T20:51:13.000Z</time>
        <extensions>
          <ns3:TrackPointExtension>
            <ns3:hr>123</ns3:hr>
          </ns3:TrackPointExtension>
        </extensions>
      </trkpt>
      <trkpt lat="-4.09698785282671451568603515625" lon="-81.05309746228158473968505859375">
        <ele>0</ele>
        <time>2026-09-07T20:51:18.000Z</time>
        <extensions>
          <ns3:TrackPointExtension>
            <ns3:hr>122</ns3:hr>
          </ns3:TrackPointExtension>
        </extensions>
      </trkpt>
      <trkpt lat="-4.096938483417034149169921875" lon="-81.05312294326722621917724609375">
        <ele>0</ele>
        <time>2026-09-07T20:51:19.000Z</time>
        <extensions>
          <ns3:TrackPointExtension>
            <ns3:hr>121</ns3:hr>
          </ns3:TrackPointExtension>
        </extensions>
      </trkpt>
      <trkpt lat="-4.0966893732547760009765625" lon="-81.05326979421079158782958984375">
        <ele>0</ele>
        <time>2026-09-07T20:51:25.000Z</time>
        <extensions>
          <ns3:TrackPointExtension>
            <ns3:hr>119</ns3:hr>
          </ns3:TrackPointExtension>
        </extensions>
      </trkpt>
      <trkpt lat="-4.096640087664127349853515625" lon="-81.05324867181479930877685546875">
        <ele>0</ele>
        <time>2026-09-07T20:51:27.000Z</time>
        <extensions>
          <ns3:TrackPointExtension>
            <ns3:hr>119</ns3:hr>
          </ns3:TrackPointExtension>
        </extensions>
      </trkpt>
      <trkpt lat="-4.0966545045375823974609375" lon="-81.05316032655537128448486328125">
        <ele>0</ele>
        <time>2026-09-07T20:51:29.000Z</time>
        <extensions>
          <ns3:TrackPointExtension>
            <ns3:hr>119</ns3:hr>
          </ns3:TrackPointExtension>
        </extensions>
      </trkpt>
      <trkpt lat="-4.0966972522437572479248046875" lon="-81.05312277562916278839111328125">
        <ele>0</ele>
        <time>2026-09-07T20:51:30.000Z</time>
        <extensions>
          <ns3:TrackPointExtension>
            <ns3:hr>118</ns3:hr>
          </ns3:TrackPointExtension>
        </extensions>
      </trkpt>
      <trkpt lat="-4.096813090145587921142578125" lon="-81.05306661687791347503662109375">
        <ele>0</ele>
        <time>2026-09-07T20:51:32.000Z</time>
        <extensions>
          <ns3:TrackPointExtension>
            <ns3:hr>117</ns3:hr>
          </ns3:TrackPointExtension>
        </extensions>
      </trkpt>
      <trkpt lat="-4.09700931049883365631103515625" lon="-81.05300107039511203765869140625">
        <ele>0</ele>
        <time>2026-09-07T20:51:35.000Z</time>
        <extensions>
          <ns3:TrackPointExtension>
            <ns3:hr>114</ns3:hr>
          </ns3:TrackPointExtension>
        </extensions>
      </trkpt>
      <trkpt lat="-4.09714157693088054656982421875" lon="-81.05296544730663299560546875">
        <ele>0</ele>
        <time>2026-09-07T20:51:37.000Z</time>
        <extensions>
          <ns3:TrackPointExtension>
            <ns3:hr>114</ns3:hr>
          </ns3:TrackPointExtension>
        </extensions>
      </trkpt>
      <trkpt lat="-4.09720234572887420654296875" lon="-81.052940301597118377685546875">
        <ele>0</ele>
        <time>2026-09-07T20:51:38.000Z</time>
        <extensions>
          <ns3:TrackPointExtension>
            <ns3:hr>115</ns3:hr>
          </ns3:TrackPointExtension>
        </extensions>
      </trkpt>
      <trkpt lat="-4.09730116836726665496826171875" lon="-81.05287618003785610198974609375">
        <ele>0</ele>
        <time>2026-09-07T20:51:40.000Z</time>
        <extensions>
          <ns3:TrackPointExtension>
            <ns3:hr>115</ns3:hr>
          </ns3:TrackPointExtension>
        </extensions>
      </trkpt>
      <trkpt lat="-4.09739823080599308013916015625" lon="-81.0527453385293483734130859375">
        <ele>0</ele>
        <time>2026-09-07T20:51:43.000Z</time>
        <extensions>
          <ns3:TrackPointExtension>
            <ns3:hr>113</ns3:hr>
          </ns3:TrackPointExtension>
        </extensions>
      </trkpt>
      <trkpt lat="-4.09743879921734333038330078125" lon="-81.05271055363118648529052734375">
        <ele>0</ele>
        <time>2026-09-07T20:51:44.000Z</time>
        <extensions>
          <ns3:TrackPointExtension>
            <ns3:hr>115</ns3:hr>
          </ns3:TrackPointExtension>
        </extensions>
      </trkpt>
      <trkpt lat="-4.097483642399311065673828125" lon="-81.05268054641783237457275390625">
        <ele>0</ele>
        <time>2026-09-07T20:51:45.000Z</time>
        <extensions>
          <ns3:TrackPointExtension>
            <ns3:hr>115</ns3:hr>
          </ns3:TrackPointExtension>
        </extensions>
      </trkpt>
      <trkpt lat="-4.09765354357659816741943359375" lon="-81.052596308290958404541015625">
        <ele>0</ele>
        <time>2026-09-07T20:51:49.000Z</time>
        <extensions>
          <ns3:TrackPointExtension>
            <ns3:hr>117</ns3:hr>
          </ns3:TrackPointExtension>
        </extensions>
      </trkpt>
      <trkpt lat="-4.0979682840406894683837890625" lon="-81.052448451519012451171875">
        <ele>0</ele>
        <time>2026-09-07T20:51:55.000Z</time>
        <extensions>
          <ns3:TrackPointExtension>
            <ns3:hr>116</ns3:hr>
          </ns3:TrackPointExtension>
        </extensions>
      </trkpt>
      <trkpt lat="-4.09810281358659267425537109375" lon="-81.052360944449901580810546875">
        <ele>0</ele>
        <time>2026-09-07T20:51:58.000Z</time>
        <extensions>
          <ns3:TrackPointExtension>
            <ns3:hr>117</ns3:hr>
          </ns3:TrackPointExtension>
        </extensions>
      </trkpt>
      <trkpt lat="-4.0981124527752399444580078125" lon="-81.05234191752970218658447265625">
        <ele>0</ele>
        <time>2026-09-07T20:51:59.000Z</time>
        <extensions>
          <ns3:TrackPointExtension>
            <ns3:hr>117</ns3:hr>
          </ns3:TrackPointExtension>
        </extensions>
      </trkpt>
      <trkpt lat="-4.09811387769877910614013671875" lon="-81.05233135633170604705810546875">
        <ele>0</ele>
        <time>2026-09-07T20:52:00.000Z</time>
        <extensions>
          <ns3:TrackPointExtension>
            <ns3:hr>117</ns3:hr>
          </ns3:TrackPointExtension>
        </extensions>
      </trkpt>
      <trkpt lat="-4.0981144644320011138916015625" lon="-81.0522826574742794036865234375">
        <ele>0</ele>
        <time>2026-09-07T20:52:02.000Z</time>
        <extensions>
          <ns3:TrackPointExtension>
            <ns3:hr>117</ns3:hr>
          </ns3:TrackPointExtension>
        </extensions>
      </trkpt>
      <trkpt lat="-4.0981308929622173309326171875" lon="-81.052242256700992584228515625">
        <ele>0</ele>
        <time>2026-09-07T20:52:03.000Z</time>
        <extensions>
          <ns3:TrackPointExtension>
            <ns3:hr>117</ns3:hr>
          </ns3:TrackPointExtension>
        </extensions>
      </trkpt>
      <trkpt lat="-4.0981865487992763519287109375" lon="-81.052163131535053253173828125">
        <ele>0</ele>
        <time>2026-09-07T20:52:05.000Z</time>
        <extensions>
          <ns3:TrackPointExtension>
            <ns3:hr>116</ns3:hr>
          </ns3:TrackPointExtension>
        </extensions>
      </trkpt>
      <trkpt lat="-4.0982650034129619598388671875" lon="-81.052098087966442108154296875">
        <ele>0</ele>
        <time>2026-09-07T20:52:07.000Z</time>
        <extensions>
          <ns3:TrackPointExtension>
            <ns3:hr>116</ns3:hr>
          </ns3:TrackPointExtension>
        </extensions>
      </trkpt>
      <trkpt lat="-4.09833331592381000518798828125" lon="-81.05205358006060123443603515625">
        <ele>0</ele>
        <time>2026-09-07T20:52:09.000Z</time>
        <extensions>
          <ns3:TrackPointExtension>
            <ns3:hr>116</ns3:hr>
          </ns3:TrackPointExtension>
        </extensions>
      </trkpt>
      <trkpt lat="-4.09833214245736598968505859375" lon="-81.05201301164925098419189453125">
        <ele>0</ele>
        <time>2026-09-07T20:52:11.000Z</time>
        <extensions>
          <ns3:TrackPointExtension>
            <ns3:hr>116</ns3:hr>
          </ns3:TrackPointExtension>
        </extensions>
      </trkpt>
      <trkpt lat="-4.09821362234652042388916015625" lon="-81.05202801525592803955078125">
        <ele>0</ele>
        <time>2026-09-07T20:52:14.000Z</time>
        <extensions>
          <ns3:TrackPointExtension>
            <ns3:hr>116</ns3:hr>
          </ns3:TrackPointExtension>
        </extensions>
      </trkpt>
      <trkpt lat="-4.097951687872409820556640625" lon="-81.0520962439477443695068359375">
        <ele>0</ele>
        <time>2026-09-07T20:52:19.000Z</time>
        <extensions>
          <ns3:TrackPointExtension>
            <ns3:hr>116</ns3:hr>
          </ns3:TrackPointExtension>
        </extensions>
      </trkpt>
      <trkpt lat="-4.097891338169574737548828125" lon="-81.05211443267762660980224609375">
        <ele>0</ele>
        <time>2026-09-07T20:52:20.000Z</time>
        <extensions>
          <ns3:TrackPointExtension>
            <ns3:hr>116</ns3:hr>
          </ns3:TrackPointExtension>
        </extensions>
      </trkpt>
      <trkpt lat="-4.097714312374591827392578125" lon="-81.0522042028605937957763671875">
        <ele>0</ele>
        <time>2026-09-07T20:52:23.000Z</time>
        <extensions>
          <ns3:TrackPointExtension>
            <ns3:hr>117</ns3:hr>
          </ns3:TrackPointExtension>
        </extensions>
      </trkpt>
      <trkpt lat="-4.0976045094430446624755859375" lon="-81.05225910432636737823486328125">
        <ele>0</ele>
        <time>2026-09-07T20:52:25.000Z</time>
        <extensions>
          <ns3:TrackPointExtension>
            <ns3:hr>117</ns3:hr>
          </ns3:TrackPointExtension>
        </extensions>
      </trkpt>
      <trkpt lat="-4.09743829630315303802490234375" lon="-81.05233688838779926300048828125">
        <ele>0</ele>
        <time>2026-09-07T20:52:28.000Z</time>
        <extensions>
          <ns3:TrackPointExtension>
            <ns3:hr>117</ns3:hr>
          </ns3:TrackPointExtension>
        </extensions>
      </trkpt>
      <trkpt lat="-4.09716001711785793304443359375" lon="-81.05251458473503589630126953125">
        <ele>0</ele>
        <time>2026-09-07T20:52:34.000Z</time>
        <extensions>
          <ns3:TrackPointExtension>
            <ns3:hr>117</ns3:hr>
          </ns3:TrackPointExtension>
        </extensions>
      </trkpt>
      <trkpt lat="-4.09700495190918445587158203125" lon="-81.05260259471833705902099609375">
        <ele>0</ele>
        <time>2026-09-07T20:52:38.000Z</time>
        <extensions>
          <ns3:TrackPointExtension>
            <ns3:hr>117</ns3:hr>
          </ns3:TrackPointExtension>
        </extensions>
      </trkpt>
      <trkpt lat="-4.09691040404140949249267578125" lon="-81.0526377148926258087158203125">
        <ele>0</ele>
        <time>2026-09-07T20:52:40.000Z</time>
        <extensions>
          <ns3:TrackPointExtension>
            <ns3:hr>117</ns3:hr>
          </ns3:TrackPointExtension>
        </extensions>
      </trkpt>
      <trkpt lat="-4.09677159972488880157470703125" lon="-81.052708961069583892822265625">
        <ele>0</ele>
        <time>2026-09-07T20:52:43.000Z</time>
        <extensions>
          <ns3:TrackPointExtension>
            <ns3:hr>118</ns3:hr>
          </ns3:TrackPointExtension>
        </extensions>
      </trkpt>
      <trkpt lat="-4.0966184623539447784423828125" lon="-81.052812226116657257080078125">
        <ele>0</ele>
        <time>2026-09-07T20:52:47.000Z</time>
        <extensions>
          <ns3:TrackPointExtension>
            <ns3:hr>120</ns3:hr>
          </ns3:TrackPointExtension>
        </extensions>
      </trkpt>
      <trkpt lat="-4.096583090722560882568359375" lon="-81.05282857082784175872802734375">
        <ele>0</ele>
        <time>2026-09-07T20:52:48.000Z</time>
        <extensions>
          <ns3:TrackPointExtension>
            <ns3:hr>121</ns3:hr>
          </ns3:TrackPointExtension>
        </extensions>
      </trkpt>
      <trkpt lat="-4.09653187729418277740478515625" lon="-81.05280811898410320281982421875">
        <ele>0</ele>
        <time>2026-09-07T20:52:50.000Z</time>
        <extensions>
          <ns3:TrackPointExtension>
            <ns3:hr>123</ns3:hr>
          </ns3:TrackPointExtension>
        </extensions>
      </trkpt>
      <trkpt lat="-4.0965634770691394805908203125" lon="-81.0527507029473781585693359375">
        <ele>0</ele>
        <time>2026-09-07T20:52:52.000Z</time>
        <extensions>
          <ns3:TrackPointExtension>
            <ns3:hr>124</ns3:hr>
          </ns3:TrackPointExtension>
        </extensions>
      </trkpt>
      <trkpt lat="-4.096598513424396514892578125" lon="-81.05272580869495868682861328125">
        <ele>0</ele>
        <time>2026-09-07T20:52:53.000Z</time>
        <extensions>
          <ns3:TrackPointExtension>
            <ns3:hr>125</ns3:hr>
          </ns3:TrackPointExtension>
        </extensions>
      </trkpt>
      <trkpt lat="-4.09669247455894947052001953125" lon="-81.05268490500748157501220703125">
        <ele>0</ele>
        <time>2026-09-07T20:52:55.000Z</time>
        <extensions>
          <ns3:TrackPointExtension>
            <ns3:hr>125</ns3:hr>
          </ns3:TrackPointExtension>
        </extensions>
      </trkpt>
      <trkpt lat="-4.09674528054893016815185546875" lon="-81.05266369879245758056640625">
        <ele>0</ele>
        <time>2026-09-07T20:52:56.000Z</time>
        <extensions>
          <ns3:TrackPointExtension>
            <ns3:hr>125</ns3:hr>
          </ns3:TrackPointExtension>
        </extensions>
      </trkpt>
      <trkpt lat="-4.0970972366631031036376953125" lon="-81.0525471903383731842041015625">
        <ele>0</ele>
        <time>2026-09-07T20:53:02.000Z</time>
        <extensions>
          <ns3:TrackPointExtension>
            <ns3:hr>123</ns3:hr>
          </ns3:TrackPointExtension>
        </extensions>
      </trkpt>
      <trkpt lat="-4.09733637236058712005615234375" lon="-81.05247317813336849212646484375">
        <ele>0</ele>
        <time>2026-09-07T20:53:06.000Z</time>
        <extensions>
          <ns3:TrackPointExtension>
            <ns3:hr>120</ns3:hr>
          </ns3:TrackPointExtension>
        </extensions>
      </trkpt>
      <trkpt lat="-4.097525216639041900634765625" lon="-81.05240612290799617767333984375">
        <ele>0</ele>
        <time>2026-09-07T20:53:09.000Z</time>
        <extensions>
          <ns3:TrackPointExtension>
            <ns3:hr>120</ns3:hr>
          </ns3:TrackPointExtension>
        </extensions>
      </trkpt>
      <trkpt lat="-4.0979692898690700531005859375" lon="-81.05221711099147796630859375">
        <ele>0</ele>
        <time>2026-09-07T20:53:16.000Z</time>
        <extensions>
          <ns3:TrackPointExtension>
            <ns3:hr>120</ns3:hr>
          </ns3:TrackPointExtension>
        </extensions>
      </trkpt>
      <trkpt lat="-4.0980224311351776123046875" lon="-81.052201688289642333984375">
        <ele>0</ele>
        <time>2026-09-07T20:53:17.000Z</time>
        <extensions>
          <ns3:TrackPointExtension>
            <ns3:hr>121</ns3:hr>
          </ns3:TrackPointExtension>
        </extensions>
      </trkpt>
      <trkpt lat="-4.09806241281330585479736328125" lon="-81.05219037272036075592041015625">
        <ele>0</ele>
        <time>2026-09-07T20:53:19.000Z</time>
        <extensions>
          <ns3:TrackPointExtension>
            <ns3:hr>121</ns3:hr>
          </ns3:TrackPointExtension>
        </extensions>
      </trkpt>
      <trkpt lat="-4.098048917949199676513671875" lon="-81.05218484066426753997802734375">
        <ele>0</ele>
        <time>2026-09-07T20:53:22.000Z</time>
        <extensions>
          <ns3:TrackPointExtension>
            <ns3:hr>121</ns3:hr>
          </ns3:TrackPointExtension>
        </extensions>
      </trkpt>
      <trkpt lat="-4.0979156456887722015380859375" lon="-81.0521314479410648345947265625">
        <ele>0</ele>
        <time>2026-09-07T20:53:39.000Z</time>
        <extensions>
          <ns3:TrackPointExtension>
            <ns3:hr>122</ns3:hr>
          </ns3:TrackPointExtension>
        </extensions>
      </trkpt>
      <trkpt lat="-4.097860492765903472900390625" lon="-81.0520667396485805511474609375">
        <ele>0</ele>
        <time>2026-09-07T20:53:44.000Z</time>
        <extensions>
          <ns3:TrackPointExtension>
            <ns3:hr>122</ns3:hr>
          </ns3:TrackPointExtension>
        </extensions>
      </trkpt>
      <trkpt lat="-4.0977322496473789215087890625" lon="-81.0521252453327178955078125">
        <ele>0</ele>
        <time>2026-09-07T20:53:47.000Z</time>
        <extensions>
          <ns3:TrackPointExtension>
            <ns3:hr>121</ns3:hr>
          </ns3:TrackPointExtension>
        </extensions>
      </trkpt>
      <trkpt lat="-4.097686149179935455322265625" lon="-81.0521488822996616363525390625">
        <ele>0</ele>
        <time>2026-09-07T20:53:48.000Z</time>
        <extensions>
          <ns3:TrackPointExtension>
            <ns3:hr>121</ns3:hr>
          </ns3:TrackPointExtension>
        </extensions>
      </trkpt>
      <trkpt lat="-4.09734274260699748992919921875" lon="-81.0522907041013240814208984375">
        <ele>0</ele>
        <time>2026-09-07T20:53:54.000Z</time>
        <extensions>
          <ns3:TrackPointExtension>
            <ns3:hr>122</ns3:hr>
          </ns3:TrackPointExtension>
        </extensions>
      </trkpt>
      <trkpt lat="-4.09699891693890094757080078125" lon="-81.0525139980018138885498046875">
        <ele>0</ele>
        <time>2026-09-07T20:54:01.000Z</time>
        <extensions>
          <ns3:TrackPointExtension>
            <ns3:hr>119</ns3:hr>
          </ns3:TrackPointExtension>
        </extensions>
      </trkpt>
      <trkpt lat="-4.09691124223172664642333984375" lon="-81.05256102047860622406005859375">
        <ele>0</ele>
        <time>2026-09-07T20:54:04.000Z</time>
        <extensions>
          <ns3:TrackPointExtension>
            <ns3:hr>120</ns3:hr>
          </ns3:TrackPointExtension>
        </extensions>
      </trkpt>
      <trkpt lat="-4.0968913771212100982666015625" lon="-81.05253604240715503692626953125">
        <ele>0</ele>
        <time>2026-09-07T20:54:05.000Z</time>
        <extensions>
          <ns3:TrackPointExtension>
            <ns3:hr>118</ns3:hr>
          </ns3:TrackPointExtension>
        </extensions>
      </trkpt>
      <trkpt lat="-4.09692062996327877044677734375" lon="-81.05245674960315227508544921875">
        <ele>0</ele>
        <time>2026-09-07T20:54:07.000Z</time>
        <extensions>
          <ns3:TrackPointExtension>
            <ns3:hr>117</ns3:hr>
          </ns3:TrackPointExtension>
        </extensions>
      </trkpt>
      <trkpt lat="-4.09695784561336040496826171875" lon="-81.05241718702018260955810546875">
        <ele>0</ele>
        <time>2026-09-07T20:54:08.000Z</time>
        <extensions>
          <ns3:TrackPointExtension>
            <ns3:hr>117</ns3:hr>
          </ns3:TrackPointExtension>
        </extensions>
      </trkpt>
      <trkpt lat="-4.0970648825168609619140625" lon="-81.05235834605991840362548828125">
        <ele>0</ele>
        <time>2026-09-07T20:54:10.000Z</time>
        <extensions>
          <ns3:TrackPointExtension>
            <ns3:hr>116</ns3:hr>
          </ns3:TrackPointExtension>
        </extensions>
      </trkpt>
      <trkpt lat="-4.0971270762383937835693359375" lon="-81.05233839713037014007568359375">
        <ele>0</ele>
        <time>2026-09-07T20:54:11.000Z</time>
        <extensions>
          <ns3:TrackPointExtension>
            <ns3:hr>116</ns3:hr>
          </ns3:TrackPointExtension>
        </extensions>
      </trkpt>
      <trkpt lat="-4.0974851511418819427490234375" lon="-81.05223764665424823760986328125">
        <ele>0</ele>
        <time>2026-09-07T20:54:17.000Z</time>
        <extensions>
          <ns3:TrackPointExtension>
            <ns3:hr>117</ns3:hr>
          </ns3:TrackPointExtension>
        </extensions>
      </trkpt>
      <trkpt lat="-4.0976434014737606048583984375" lon="-81.05221576988697052001953125">
        <ele>0</ele>
        <time>2026-09-07T20:54:21.000Z</time>
        <extensions>
          <ns3:TrackPointExtension>
            <ns3:hr>117</ns3:hr>
          </ns3:TrackPointExtension>
        </extensions>
      </trkpt>
      <trkpt lat="-4.09759503789246082305908203125" lon="-81.052189953625202178955078125">
        <ele>0</ele>
        <time>2026-09-07T20:54:23.000Z</time>
        <extensions>
          <ns3:TrackPointExtension>
            <ns3:hr>117</ns3:hr>
          </ns3:TrackPointExtension>
        </extensions>
      </trkpt>
      <trkpt lat="-4.0974854864180088043212890625" lon="-81.05220043100416660308837890625">
        <ele>0</ele>
        <time>2026-09-07T20:54:25.000Z</time>
        <extensions>
          <ns3:TrackPointExtension>
            <ns3:hr>119</ns3:hr>
          </ns3:TrackPointExtension>
        </extensions>
      </trkpt>
      <trkpt lat="-4.09742337651550769805908203125" lon="-81.05221769772469997406005859375">
        <ele>0</ele>
        <time>2026-09-07T20:54:26.000Z</time>
        <extensions>
          <ns3:TrackPointExtension>
            <ns3:hr>117</ns3:hr>
          </ns3:TrackPointExtension>
        </extensions>
      </trkpt>
      <trkpt lat="-4.097024984657764434814453125" lon="-81.05237133800983428955078125">
        <ele>0</ele>
        <time>2026-09-07T20:54:32.000Z</time>
        <extensions>
          <ns3:TrackPointExtension>
            <ns3:hr>116</ns3:hr>
          </ns3:TrackPointExtension>
        </extensions>
      </trkpt>
      <trkpt lat="-4.096749722957611083984375" lon="-81.05251860804855823516845703125">
        <ele>0</ele>
        <time>2026-09-07T20:54:36.000Z</time>
        <extensions>
          <ns3:TrackPointExtension>
            <ns3:hr>114</ns3:hr>
          </ns3:TrackPointExtension>
        </extensions>
      </trkpt>
      <trkpt lat="-4.0963916480541229248046875" lon="-81.052729077637195587158203125">
        <ele>0</ele>
        <time>2026-09-07T20:54:42.000Z</time>
        <extensions>
          <ns3:TrackPointExtension>
            <ns3:hr>115</ns3:hr>
          </ns3:TrackPointExtension>
        </extensions>
      </trkpt>
      <trkpt lat="-4.09629634581506252288818359375" lon="-81.0527996532618999481201171875">
        <ele>0</ele>
        <time>2026-09-07T20:54:45.000Z</time>
        <extensions>
          <ns3:TrackPointExtension>
            <ns3:hr>116</ns3:hr>
          </ns3:TrackPointExtension>
        </extensions>
      </trkpt>
      <trkpt lat="-4.09628310240805149078369140625" lon="-81.05278515256941318511962890625">
        <ele>0</ele>
        <time>2026-09-07T20:54:46.000Z</time>
        <extensions>
          <ns3:TrackPointExtension>
            <ns3:hr>117</ns3:hr>
          </ns3:TrackPointExtension>
        </extensions>
      </trkpt>
      <trkpt lat="-4.09630187787115573883056640625" lon="-81.0527305863797664642333984375">
        <ele>0</ele>
        <time>2026-09-07T20:54:48.000Z</time>
        <extensions>
          <ns3:TrackPointExtension>
            <ns3:hr>119</ns3:hr>
          </ns3:TrackPointExtension>
        </extensions>
      </trkpt>
      <trkpt lat="-4.09633708186447620391845703125" lon="-81.05271256528794765472412109375">
        <ele>0</ele>
        <time>2026-09-07T20:54:49.000Z</time>
        <extensions>
          <ns3:TrackPointExtension>
            <ns3:hr>120</ns3:hr>
          </ns3:TrackPointExtension>
        </extensions>
      </trkpt>
      <trkpt lat="-4.09643280319869518280029296875" lon="-81.05267534963786602020263671875">
        <ele>0</ele>
        <time>2026-09-07T20:54:52.000Z</time>
        <extensions>
          <ns3:TrackPointExtension>
            <ns3:hr>121</ns3:hr>
          </ns3:TrackPointExtension>
        </extensions>
      </trkpt>
      <trkpt lat="-4.0964501537382602691650390625" lon="-81.05264383368194103240966796875">
        <ele>0</ele>
        <time>2026-09-07T20:54:53.000Z</time>
        <extensions>
          <ns3:TrackPointExtension>
            <ns3:hr>121</ns3:hr>
          </ns3:TrackPointExtension>
        </extensions>
      </trkpt>
      <trkpt lat="-4.09648024477064609527587890625" lon="-81.0525999963283538818359375">
        <ele>0</ele>
        <time>2026-09-07T20:54:54.000Z</time>
        <extensions>
          <ns3:TrackPointExtension>
            <ns3:hr>121</ns3:hr>
          </ns3:TrackPointExtension>
        </extensions>
      </trkpt>
      <trkpt lat="-4.09657998941838741302490234375" lon="-81.052523888647556304931640625">
        <ele>0</ele>
        <time>2026-09-07T20:54:56.000Z</time>
        <extensions>
          <ns3:TrackPointExtension>
            <ns3:hr>122</ns3:hr>
          </ns3:TrackPointExtension>
        </extensions>
      </trkpt>
      <trkpt lat="-4.09688240848481655120849609375" lon="-81.05242104269564151763916015625">
        <ele>0</ele>
        <time>2026-09-07T20:55:01.000Z</time>
        <extensions>
          <ns3:TrackPointExtension>
            <ns3:hr>120</ns3:hr>
          </ns3:TrackPointExtension>
        </extensions>
      </trkpt>
      <trkpt lat="-4.09699807874858379364013671875" lon="-81.05240285396575927734375">
        <ele>0</ele>
        <time>2026-09-07T20:55:03.000Z</time>
        <extensions>
          <ns3:TrackPointExtension>
            <ns3:hr>120</ns3:hr>
          </ns3:TrackPointExtension>
        </extensions>
      </trkpt>
      <trkpt lat="-4.097225479781627655029296875" lon="-81.05237443931400775909423828125">
        <ele>0</ele>
        <time>2026-09-07T20:55:07.000Z</time>
        <extensions>
          <ns3:TrackPointExtension>
            <ns3:hr>119</ns3:hr>
          </ns3:TrackPointExtension>
        </extensions>
      </trkpt>
      <trkpt lat="-4.0975921042263507843017578125" lon="-81.05229699052870273590087890625">
        <ele>0</ele>
        <time>2026-09-07T20:55:14.000Z</time>
        <extensions>
          <ns3:TrackPointExtension>
            <ns3:hr>118</ns3:hr>
          </ns3:TrackPointExtension>
        </extensions>
      </trkpt>
      <trkpt lat="-4.0976095385849475860595703125" lon="-81.05227134190499782562255859375">
        <ele>0</ele>
        <time>2026-09-07T20:55:16.000Z</time>
        <extensions>
          <ns3:TrackPointExtension>
            <ns3:hr>117</ns3:hr>
          </ns3:TrackPointExtension>
        </extensions>
      </trkpt>
      <trkpt lat="-4.09758917056024074554443359375" lon="-81.05225474573671817779541015625">
        <ele>0</ele>
        <time>2026-09-07T20:55:17.000Z</time>
        <extensions>
          <ns3:TrackPointExtension>
            <ns3:hr>117</ns3:hr>
          </ns3:TrackPointExtension>
        </extensions>
      </trkpt>
      <trkpt lat="-4.097520522773265838623046875" lon="-81.05224066413938999176025390625">
        <ele>0</ele>
        <time>2026-09-07T20:55:19.000Z</time>
        <extensions>
          <ns3:TrackPointExtension>
            <ns3:hr>118</ns3:hr>
          </ns3:TrackPointExtension>
        </extensions>
      </trkpt>
      <trkpt lat="-4.0974871627986431121826171875" lon="-81.0522504709661006927490234375">
        <ele>0</ele>
        <time>2026-09-07T20:55:20.000Z</time>
        <extensions>
          <ns3:TrackPointExtension>
            <ns3:hr>117</ns3:hr>
          </ns3:TrackPointExtension>
        </extensions>
      </trkpt>
      <trkpt lat="-4.0972467698156833648681640625" lon="-81.0523031093180179595947265625">
        <ele>0</ele>
        <time>2026-09-07T20:55:26.000Z</time>
        <extensions>
          <ns3:TrackPointExtension>
            <ns3:hr>116</ns3:hr>
          </ns3:TrackPointExtension>
        </extensions>
      </trkpt>
      <trkpt lat="-4.09719723276793956756591796875" lon="-81.05231459252536296844482421875">
        <ele>0</ele>
        <time>2026-09-07T20:55:27.000Z</time>
        <extensions>
          <ns3:TrackPointExtension>
            <ns3:hr>117</ns3:hr>
          </ns3:TrackPointExtension>
        </extensions>
      </trkpt>
      <trkpt lat="-4.09704149700701236724853515625" lon="-81.05238483287394046783447265625">
        <ele>0</ele>
        <time>2026-09-07T20:55:30.000Z</time>
        <extensions>
          <ns3:TrackPointExtension>
            <ns3:hr>117</ns3:hr>
          </ns3:TrackPointExtension>
        </extensions>
      </trkpt>
      <trkpt lat="-4.09684351645410060882568359375" lon="-81.052500419318675994873046875">
        <ele>0</ele>
        <time>2026-09-07T20:55:34.000Z</time>
        <extensions>
          <ns3:TrackPointExtension>
            <ns3:hr>118</ns3:hr>
          </ns3:TrackPointExtension>
        </extensions>
      </trkpt>
      <trkpt lat="-4.09673974849283695220947265625" lon="-81.05254107154905796051025390625">
        <ele>0</ele>
        <time>2026-09-07T20:55:36.000Z</time>
        <extensions>
          <ns3:TrackPointExtension>
            <ns3:hr>118</ns3:hr>
          </ns3:TrackPointExtension>
        </extensions>
      </trkpt>
      <trkpt lat="-4.096556939184665679931640625" lon="-81.05261784978210926055908203125">
        <ele>0</ele>
        <time>2026-09-07T20:55:39.000Z</time>
        <extensions>
          <ns3:TrackPointExtension>
            <ns3:hr>119</ns3:hr>
          </ns3:TrackPointExtension>
        </extensions>
      </trkpt>
      <trkpt lat="-4.09643213264644145965576171875" lon="-81.05268540792167186737060546875">
        <ele>0</ele>
        <time>2026-09-07T20:55:41.000Z</time>
        <extensions>
          <ns3:TrackPointExtension>
            <ns3:hr>119</ns3:hr>
          </ns3:TrackPointExtension>
        </extensions>
      </trkpt>
      <trkpt lat="-4.096056036651134490966796875" lon="-81.0528680495917797088623046875">
        <ele>0</ele>
        <time>2026-09-07T20:55:47.000Z</time>
        <extensions>
          <ns3:TrackPointExtension>
            <ns3:hr>117</ns3:hr>
          </ns3:TrackPointExtension>
        </extensions>
      </trkpt>
      <trkpt lat="-4.09558103419840335845947265625" lon="-81.053097210824489593505859375">
        <ele>0</ele>
        <time>2026-09-07T20:55:54.000Z</time>
        <extensions>
          <ns3:TrackPointExtension>
            <ns3:hr>118</ns3:hr>
          </ns3:TrackPointExtension>
        </extensions>
      </trkpt>
      <trkpt lat="-4.09551917575299739837646484375" lon="-81.05313719250261783599853515625">
        <ele>0</ele>
        <time>2026-09-07T20:55:55.000Z</time>
        <extensions>
          <ns3:TrackPointExtension>
            <ns3:hr>117</ns3:hr>
          </ns3:TrackPointExtension>
        </extensions>
      </trkpt>
      <trkpt lat="-4.09524207003414630889892578125" lon="-81.0533102788031101226806640625">
        <ele>0</ele>
        <time>2026-09-07T20:56:00.000Z</time>
        <extensions>
          <ns3:TrackPointExtension>
            <ns3:hr>117</ns3:hr>
          </ns3:TrackPointExtension>
        </extensions>
      </trkpt>
      <trkpt lat="-4.0950768627226352691650390625" lon="-81.05344380252063274383544921875">
        <ele>0</ele>
        <time>2026-09-07T20:56:04.000Z</time>
        <extensions>
          <ns3:TrackPointExtension>
            <ns3:hr>116</ns3:hr>
          </ns3:TrackPointExtension>
        </extensions>
      </trkpt>
      <trkpt lat="-4.09504978917539119720458984375" lon="-81.05345721356570720672607421875">
        <ele>0</ele>
        <time>2026-09-07T20:56:05.000Z</time>
        <extensions>
          <ns3:TrackPointExtension>
            <ns3:hr>116</ns3:hr>
          </ns3:TrackPointExtension>
        </extensions>
      </trkpt>
      <trkpt lat="-4.0950302593410015106201171875" lon="-81.0534527711570262908935546875">
        <ele>0</ele>
        <time>2026-09-07T20:56:06.000Z</time>
        <extensions>
          <ns3:TrackPointExtension>
            <ns3:hr>115</ns3:hr>
          </ns3:TrackPointExtension>
        </extensions>
      </trkpt>
      <trkpt lat="-4.095020033419132232666015625" lon="-81.05343206785619258880615234375">
        <ele>0</ele>
        <time>2026-09-07T20:56:07.000Z</time>
        <extensions>
          <ns3:TrackPointExtension>
            <ns3:hr>115</ns3:hr>
          </ns3:TrackPointExtension>
        </extensions>
      </trkpt>
      <trkpt lat="-4.0950570814311504364013671875" lon="-81.05336752720177173614501953125">
        <ele>0</ele>
        <time>2026-09-07T20:56:09.000Z</time>
        <extensions>
          <ns3:TrackPointExtension>
            <ns3:hr>112</ns3:hr>
          </ns3:TrackPointExtension>
        </extensions>
      </trkpt>
      <trkpt lat="-4.095090441405773162841796875" lon="-81.0533391125500202178955078125">
        <ele>0</ele>
        <time>2026-09-07T20:56:10.000Z</time>
        <extensions>
          <ns3:TrackPointExtension>
            <ns3:hr>114</ns3:hr>
          </ns3:TrackPointExtension>
        </extensions>
      </trkpt>
      <trkpt lat="-4.09513142891228199005126953125" lon="-81.05331321246922016143798828125">
        <ele>0</ele>
        <time>2026-09-07T20:56:11.000Z</time>
        <extensions>
          <ns3:TrackPointExtension>
            <ns3:hr>113</ns3:hr>
          </ns3:TrackPointExtension>
        </extensions>
      </trkpt>
      <trkpt lat="-4.0952877514064311981201171875" lon="-81.05322352610528469085693359375">
        <ele>0</ele>
        <time>2026-09-07T20:56:14.000Z</time>
        <extensions>
          <ns3:TrackPointExtension>
            <ns3:hr>113</ns3:hr>
          </ns3:TrackPointExtension>
        </extensions>
      </trkpt>
      <trkpt lat="-4.09555722959339618682861328125" lon="-81.0530792735517024993896484375">
        <ele>0</ele>
        <time>2026-09-07T20:56:18.000Z</time>
        <extensions>
          <ns3:TrackPointExtension>
            <ns3:hr>116</ns3:hr>
          </ns3:TrackPointExtension>
        </extensions>
      </trkpt>
      <trkpt lat="-4.09562294371426105499267578125" lon="-81.05305337347090244293212890625">
        <ele>0</ele>
        <time>2026-09-07T20:56:19.000Z</time>
        <extensions>
          <ns3:TrackPointExtension>
            <ns3:hr>113</ns3:hr>
          </ns3:TrackPointExtension>
        </extensions>
      </trkpt>
      <trkpt lat="-4.0957477502524852752685546875" lon="-81.05300526134669780731201171875">
        <ele>0</ele>
        <time>2026-09-07T20:56:21.000Z</time>
        <extensions>
          <ns3:TrackPointExtension>
            <ns3:hr>114</ns3:hr>
          </ns3:TrackPointExtension>
        </extensions>
      </trkpt>
      <trkpt lat="-4.095808602869510650634765625" lon="-81.0529736615717411041259765625">
        <ele>0</ele>
        <time>2026-09-07T20:56:22.000Z</time>
        <extensions>
          <ns3:TrackPointExtension>
            <ns3:hr>114</ns3:hr>
          </ns3:TrackPointExtension>
        </extensions>
      </trkpt>
      <trkpt lat="-4.0962657518684864044189453125" lon="-81.0527366213500499725341796875">
        <ele>0</ele>
        <time>2026-09-07T20:56:29.000Z</time>
        <extensions>
          <ns3:TrackPointExtension>
            <ns3:hr>112</ns3:hr>
          </ns3:TrackPointExtension>
        </extensions>
      </trkpt>
      <trkpt lat="-4.0963958390057086944580078125" lon="-81.05267249979078769683837890625">
        <ele>0</ele>
        <time>2026-09-07T20:56:31.000Z</time>
        <extensions>
          <ns3:TrackPointExtension>
            <ns3:hr>112</ns3:hr>
          </ns3:TrackPointExtension>
        </extensions>
      </trkpt>
      <trkpt lat="-4.0966610424220561981201171875" lon="-81.052539981901645660400390625">
        <ele>0</ele>
        <time>2026-09-07T20:56:35.000Z</time>
        <extensions>
          <ns3:TrackPointExtension>
            <ns3:hr>113</ns3:hr>
          </ns3:TrackPointExtension>
        </extensions>
      </trkpt>
      <trkpt lat="-4.09714224748313426971435546875" lon="-81.05234577320516109466552734375">
        <ele>0</ele>
        <time>2026-09-07T20:56:42.000Z</time>
        <extensions>
          <ns3:TrackPointExtension>
            <ns3:hr>114</ns3:hr>
          </ns3:TrackPointExtension>
        </extensions>
      </trkpt>
      <trkpt lat="-4.09728390164673328399658203125" lon="-81.05229330249130725860595703125">
        <ele>0</ele>
        <time>2026-09-07T20:56:44.000Z</time>
        <extensions>
          <ns3:TrackPointExtension>
            <ns3:hr>114</ns3:hr>
          </ns3:TrackPointExtension>
        </extensions>
      </trkpt>
      <trkpt lat="-4.0977694652974605560302734375" lon="-81.05212382040917873382568359375">
        <ele>0</ele>
        <time>2026-09-07T20:56:51.000Z</time>
        <extensions>
          <ns3:TrackPointExtension>
            <ns3:hr>114</ns3:hr>
          </ns3:TrackPointExtension>
        </extensions>
      </trkpt>
      <trkpt lat="-4.09795277751982212066650390625" lon="-81.0520710982382297515869140625">
        <ele>0</ele>
        <time>2026-09-07T20:56:55.000Z</time>
        <extensions>
          <ns3:TrackPointExtension>
            <ns3:hr>114</ns3:hr>
          </ns3:TrackPointExtension>
        </extensions>
      </trkpt>
      <trkpt lat="-4.0979357622563838958740234375" lon="-81.05203111656010150909423828125">
        <ele>0</ele>
        <time>2026-09-07T20:56:57.000Z</time>
        <extensions>
          <ns3:TrackPointExtension>
            <ns3:hr>116</ns3:hr>
          </ns3:TrackPointExtension>
        </extensions>
      </trkpt>
      <trkpt lat="-4.097863845527172088623046875" lon="-81.052035391330718994140625">
        <ele>0</ele>
        <time>2026-09-07T20:56:59.000Z</time>
        <extensions>
          <ns3:TrackPointExtension>
            <ns3:hr>114</ns3:hr>
          </ns3:TrackPointExtension>
        </extensions>
      </trkpt>
      <trkpt lat="-4.097822941839694976806640625" lon="-81.05205408297479152679443359375">
        <ele>0</ele>
        <time>2026-09-07T20:57:00.000Z</time>
        <extensions>
          <ns3:TrackPointExtension>
            <ns3:hr>114</ns3:hr>
          </ns3:TrackPointExtension>
        </extensions>
      </trkpt>
      <trkpt lat="-4.0977798588573932647705078125" lon="-81.0520704276859760284423828125">
        <ele>0</ele>
        <time>2026-09-07T20:57:01.000Z</time>
        <extensions>
          <ns3:TrackPointExtension>
            <ns3:hr>114</ns3:hr>
          </ns3:TrackPointExtension>
        </extensions>
      </trkpt>
      <trkpt lat="-4.09760962240397930145263671875" lon="-81.0521173663437366485595703125">
        <ele>0</ele>
        <time>2026-09-07T20:57:04.000Z</time>
        <extensions>
          <ns3:TrackPointExtension>
            <ns3:hr>113</ns3:hr>
          </ns3:TrackPointExtension>
        </extensions>
      </trkpt>
      <trkpt lat="-4.09720100462436676025390625" lon="-81.05226296000182628631591796875">
        <ele>0</ele>
        <time>2026-09-07T20:57:10.000Z</time>
        <extensions>
          <ns3:TrackPointExtension>
            <ns3:hr>115</ns3:hr>
          </ns3:TrackPointExtension>
        </extensions>
      </trkpt>
      <trkpt lat="-4.096752069890499114990234375" lon="-81.0524482838809490203857421875">
        <ele>0</ele>
        <time>2026-09-07T20:57:16.000Z</time>
        <extensions>
          <ns3:TrackPointExtension>
            <ns3:hr>115</ns3:hr>
          </ns3:TrackPointExtension>
        </extensions>
      </trkpt>
      <trkpt lat="-4.0963385067880153656005859375" lon="-81.0526554845273494720458984375">
        <ele>0</ele>
        <time>2026-09-07T20:57:22.000Z</time>
        <extensions>
          <ns3:TrackPointExtension>
            <ns3:hr>116</ns3:hr>
          </ns3:TrackPointExtension>
        </extensions>
      </trkpt>
      <trkpt lat="-4.09596375189721584320068359375" lon="-81.0528360307216644287109375">
        <ele>0</ele>
        <time>2026-09-07T20:57:28.000Z</time>
        <extensions>
          <ns3:TrackPointExtension>
            <ns3:hr>115</ns3:hr>
          </ns3:TrackPointExtension>
        </extensions>
      </trkpt>
      <trkpt lat="-4.09574850462377071380615234375" lon="-81.05295597575604915618896484375">
        <ele>0</ele>
        <time>2026-09-07T20:57:33.000Z</time>
        <extensions>
          <ns3:TrackPointExtension>
            <ns3:hr>114</ns3:hr>
          </ns3:TrackPointExtension>
        </extensions>
      </trkpt>
      <trkpt lat="-4.09572780132293701171875" lon="-81.0529498569667339324951171875">
        <ele>0</ele>
        <time>2026-09-07T20:57:34.000Z</time>
        <extensions>
          <ns3:TrackPointExtension>
            <ns3:hr>114</ns3:hr>
          </ns3:TrackPointExtension>
        </extensions>
      </trkpt>
      <trkpt lat="-4.09572520293295383453369140625" lon="-81.0529324226081371307373046875">
        <ele>0</ele>
        <time>2026-09-07T20:57:35.000Z</time>
        <extensions>
          <ns3:TrackPointExtension>
            <ns3:hr>115</ns3:hr>
          </ns3:TrackPointExtension>
        </extensions>
      </trkpt>
      <trkpt lat="-4.09580969251692295074462890625" lon="-81.05288892053067684173583984375">
        <ele>0</ele>
        <time>2026-09-07T20:57:38.000Z</time>
        <extensions>
          <ns3:TrackPointExtension>
            <ns3:hr>114</ns3:hr>
          </ns3:TrackPointExtension>
        </extensions>
      </trkpt>
      <trkpt lat="-4.09595436416566371917724609375" lon="-81.05284064076840877532958984375">
        <ele>0</ele>
        <time>2026-09-07T20:57:41.000Z</time>
        <extensions>
          <ns3:TrackPointExtension>
            <ns3:hr>112</ns3:hr>
          </ns3:TrackPointExtension>
        </extensions>
      </trkpt>
      <trkpt lat="-4.096013791859149932861328125" lon="-81.05281633324921131134033203125">
        <ele>0</ele>
        <time>2026-09-07T20:57:42.000Z</time>
        <extensions>
          <ns3:TrackPointExtension>
            <ns3:hr>112</ns3:hr>
          </ns3:TrackPointExtension>
        </extensions>
      </trkpt>
      <trkpt lat="-4.096359126269817352294921875" lon="-81.05266797356307506561279296875">
        <ele>0</ele>
        <time>2026-09-07T20:57:47.000Z</time>
        <extensions>
          <ns3:TrackPointExtension>
            <ns3:hr>109</ns3:hr>
          </ns3:TrackPointExtension>
        </extensions>
      </trkpt>
      <trkpt lat="-4.0964330546557903289794921875" lon="-81.05263712815940380096435546875">
        <ele>0</ele>
        <time>2026-09-07T20:57:48.000Z</time>
        <extensions>
          <ns3:TrackPointExtension>
            <ns3:hr>112</ns3:hr>
          </ns3:TrackPointExtension>
        </extensions>
      </trkpt>
      <trkpt lat="-4.0968662314116954803466796875" lon="-81.05242674238979816436767578125">
        <ele>0</ele>
        <time>2026-09-07T20:57:54.000Z</time>
        <extensions>
          <ns3:TrackPointExtension>
            <ns3:hr>113</ns3:hr>
          </ns3:TrackPointExtension>
        </extensions>
      </trkpt>
      <trkpt lat="-4.09723176620900630950927734375" lon="-81.052261702716350555419921875">
        <ele>0</ele>
        <time>2026-09-07T20:57:59.000Z</time>
        <extensions>
          <ns3:TrackPointExtension>
            <ns3:hr>111</ns3:hr>
          </ns3:TrackPointExtension>
        </extensions>
      </trkpt>
      <trkpt lat="-4.0973463468253612518310546875" lon="-81.0521891154348850250244140625">
        <ele>0</ele>
        <time>2026-09-07T20:58:01.000Z</time>
        <extensions>
          <ns3:TrackPointExtension>
            <ns3:hr>110</ns3:hr>
          </ns3:TrackPointExtension>
        </extensions>
      </trkpt>
      <trkpt lat="-4.09737937152385711669921875" lon="-81.0521130077540874481201171875">
        <ele>0</ele>
        <time>2026-09-07T20:58:03.000Z</time>
        <extensions>
          <ns3:TrackPointExtension>
            <ns3:hr>112</ns3:hr>
          </ns3:TrackPointExtension>
        </extensions>
      </trkpt>
      <trkpt lat="-4.09737794660031795501708984375" lon="-81.05208224616944789886474609375">
        <ele>0</ele>
        <time>2026-09-07T20:58:04.000Z</time>
        <extensions>
          <ns3:TrackPointExtension>
            <ns3:hr>109</ns3:hr>
          </ns3:TrackPointExtension>
        </extensions>
      </trkpt>
      <trkpt lat="-4.09737073816359043121337890625" lon="-81.05203497223556041717529296875">
        <ele>0</ele>
        <time>2026-09-07T20:58:05.000Z</time>
        <extensions>
          <ns3:TrackPointExtension>
            <ns3:hr>110</ns3:hr>
          </ns3:TrackPointExtension>
        </extensions>
      </trkpt>
      <trkpt lat="-4.097311310470104217529296875" lon="-81.05195115320384502410888671875">
        <ele>0</ele>
        <time>2026-09-07T20:58:07.000Z</time>
        <extensions>
          <ns3:TrackPointExtension>
            <ns3:hr>112</ns3:hr>
          </ns3:TrackPointExtension>
        </extensions>
      </trkpt>
      <trkpt lat="-4.09722405485808849334716796875" lon="-81.05191536247730255126953125">
        <ele>0</ele>
        <time>2026-09-07T20:58:09.000Z</time>
        <extensions>
          <ns3:TrackPointExtension>
            <ns3:hr>114</ns3:hr>
          </ns3:TrackPointExtension>
        </extensions>
      </trkpt>
      <trkpt lat="-4.09717225469648838043212890625" lon="-81.05190974660217761993408203125">
        <ele>0</ele>
        <time>2026-09-07T20:58:10.000Z</time>
        <extensions>
          <ns3:TrackPointExtension>
            <ns3:hr>115</ns3:hr>
          </ns3:TrackPointExtension>
        </extensions>
      </trkpt>
      <trkpt lat="-4.096910320222377777099609375" lon="-81.051928102970123291015625">
        <ele>0</ele>
        <time>2026-09-07T20:58:15.000Z</time>
        <extensions>
          <ns3:TrackPointExtension>
            <ns3:hr>117</ns3:hr>
          </ns3:TrackPointExtension>
        </extensions>
      </trkpt>
      <trkpt lat="-4.09656490199267864227294921875" lon="-81.0520332120358943939208984375">
        <ele>0</ele>
        <time>2026-09-07T20:58:22.000Z</time>
        <extensions>
          <ns3:TrackPointExtension>
            <ns3:hr>116</ns3:hr>
          </ns3:TrackPointExtension>
        </extensions>
      </trkpt>
      <trkpt lat="-4.0965177118778228759765625" lon="-81.0520501434803009033203125">
        <ele>0</ele>
        <time>2026-09-07T20:58:23.000Z</time>
        <extensions>
          <ns3:TrackPointExtension>
            <ns3:hr>117</ns3:hr>
          </ns3:TrackPointExtension>
        </extensions>
      </trkpt>
      <trkpt lat="-4.09622602164745330810546875" lon="-81.0521988384425640106201171875">
        <ele>0</ele>
        <time>2026-09-07T20:58:30.000Z</time>
        <extensions>
          <ns3:TrackPointExtension>
            <ns3:hr>116</ns3:hr>
          </ns3:TrackPointExtension>
        </extensions>
      </trkpt>
      <trkpt lat="-4.09596442244946956634521484375" lon="-81.05234962888062000274658203125">
        <ele>0</ele>
        <time>2026-09-07T20:58:36.000Z</time>
        <extensions>
          <ns3:TrackPointExtension>
            <ns3:hr>113</ns3:hr>
          </ns3:TrackPointExtension>
        </extensions>
      </trkpt>
      <trkpt lat="-4.0959264524281024932861328125" lon="-81.052377037703990936279296875">
        <ele>0</ele>
        <time>2026-09-07T20:58:37.000Z</time>
        <extensions>
          <ns3:TrackPointExtension>
            <ns3:hr>114</ns3:hr>
          </ns3:TrackPointExtension>
        </extensions>
      </trkpt>
      <trkpt lat="-4.0958942659199237823486328125" lon="-81.05240696109831333160400390625">
        <ele>0</ele>
        <time>2026-09-07T20:58:38.000Z</time>
        <extensions>
          <ns3:TrackPointExtension>
            <ns3:hr>113</ns3:hr>
          </ns3:TrackPointExtension>
        </extensions>
      </trkpt>
      <trkpt lat="-4.09583651460707187652587890625" lon="-81.0524375550448894500732421875">
        <ele>0</ele>
        <time>2026-09-07T20:58:40.000Z</time>
        <extensions>
          <ns3:TrackPointExtension>
            <ns3:hr>111</ns3:hr>
          </ns3:TrackPointExtension>
        </extensions>
      </trkpt>
      <trkpt lat="-4.095817990601062774658203125" lon="-81.05242364108562469482421875">
        <ele>0</ele>
        <time>2026-09-07T20:58:41.000Z</time>
        <extensions>
          <ns3:TrackPointExtension>
            <ns3:hr>110</ns3:hr>
          </ns3:TrackPointExtension>
        </extensions>
      </trkpt>
      <trkpt lat="-4.09585411660373210906982421875" lon="-81.05236597359180450439453125">
        <ele>0</ele>
        <time>2026-09-07T20:58:43.000Z</time>
        <extensions>
          <ns3:TrackPointExtension>
            <ns3:hr>110</ns3:hr>
          </ns3:TrackPointExtension>
        </extensions>
      </trkpt>
      <trkpt lat="-4.09590256400406360626220703125" lon="-81.0523425042629241943359375">
        <ele>0</ele>
        <time>2026-09-07T20:58:44.000Z</time>
        <extensions>
          <ns3:TrackPointExtension>
            <ns3:hr>110</ns3:hr>
          </ns3:TrackPointExtension>
        </extensions>
      </trkpt>
      <trkpt lat="-4.09596257843077182769775390625" lon="-81.05232305824756622314453125">
        <ele>0</ele>
        <time>2026-09-07T20:58:45.000Z</time>
        <extensions>
          <ns3:TrackPointExtension>
            <ns3:hr>110</ns3:hr>
          </ns3:TrackPointExtension>
        </extensions>
      </trkpt>
      <trkpt lat="-4.09602820873260498046875" lon="-81.05230922810733318328857421875">
        <ele>0</ele>
        <time>2026-09-07T20:58:46.000Z</time>
        <extensions>
          <ns3:TrackPointExtension>
            <ns3:hr>110</ns3:hr>
          </ns3:TrackPointExtension>
        </extensions>
      </trkpt>
      <trkpt lat="-4.09637295641005039215087890625" lon="-81.05222842656075954437255859375">
        <ele>0</ele>
        <time>2026-09-07T20:58:51.000Z</time>
        <extensions>
          <ns3:TrackPointExtension>
            <ns3:hr>111</ns3:hr>
          </ns3:TrackPointExtension>
        </extensions>
      </trkpt>
      <trkpt lat="-4.0968444384634494781494140625" lon="-81.0520627163350582122802734375">
        <ele>0</ele>
        <time>2026-09-07T20:58:58.000Z</time>
        <extensions>
          <ns3:TrackPointExtension>
            <ns3:hr>111</ns3:hr>
          </ns3:TrackPointExtension>
        </extensions>
      </trkpt>
      <trkpt lat="-4.09709111787378787994384765625" lon="-81.05198970995843410491943359375">
        <ele>0</ele>
        <time>2026-09-07T20:59:02.000Z</time>
        <extensions>
          <ns3:TrackPointExtension>
            <ns3:hr>112</ns3:hr>
          </ns3:TrackPointExtension>
        </extensions>
      </trkpt>
      <trkpt lat="-4.09721064381301403045654296875" lon="-81.05196121148765087127685546875">
        <ele>0</ele>
        <time>2026-09-07T20:59:04.000Z</time>
        <extensions>
          <ns3:TrackPointExtension>
            <ns3:hr>111</ns3:hr>
          </ns3:TrackPointExtension>
        </extensions>
      </trkpt>
      <trkpt lat="-4.09759906120598316192626953125" lon="-81.0518917255103588104248046875">
        <ele>0</ele>
        <time>2026-09-07T20:59:11.000Z</time>
        <extensions>
          <ns3:TrackPointExtension>
            <ns3:hr>111</ns3:hr>
          </ns3:TrackPointExtension>
        </extensions>
      </trkpt>
      <trkpt lat="-4.0978143922984600067138671875" lon="-81.05187051929533481597900390625">
        <ele>0</ele>
        <time>2026-09-07T20:59:16.000Z</time>
        <extensions>
          <ns3:TrackPointExtension>
            <ns3:hr>114</ns3:hr>
          </ns3:TrackPointExtension>
        </extensions>
      </trkpt>
      <trkpt lat="-4.09787482582032680511474609375" lon="-81.05185895226895809173583984375">
        <ele>0</ele>
        <time>2026-09-07T20:59:18.000Z</time>
        <extensions>
          <ns3:TrackPointExtension>
            <ns3:hr>114</ns3:hr>
          </ns3:TrackPointExtension>
        </extensions>
      </trkpt>
      <trkpt lat="-4.097885303199291229248046875" lon="-81.05184554122388362884521484375">
        <ele>0</ele>
        <time>2026-09-07T20:59:19.000Z</time>
        <extensions>
          <ns3:TrackPointExtension>
            <ns3:hr>114</ns3:hr>
          </ns3:TrackPointExtension>
        </extensions>
      </trkpt>
      <trkpt lat="-4.09787549637258052825927734375" lon="-81.05182827450335025787353515625">
        <ele>0</ele>
        <time>2026-09-07T20:59:20.000Z</time>
        <extensions>
          <ns3:TrackPointExtension>
            <ns3:hr>113</ns3:hr>
          </ns3:TrackPointExtension>
        </extensions>
      </trkpt>
      <trkpt lat="-4.09777256660163402557373046875" lon="-81.05182877741754055023193359375">
        <ele>0</ele>
        <time>2026-09-07T20:59:23.000Z</time>
        <extensions>
          <ns3:TrackPointExtension>
            <ns3:hr>113</ns3:hr>
          </ns3:TrackPointExtension>
        </extensions>
      </trkpt>
      <trkpt lat="-4.0976480953395366668701171875" lon="-81.05188191868364810943603515625">
        <ele>0</ele>
        <time>2026-09-07T20:59:26.000Z</time>
        <extensions>
          <ns3:TrackPointExtension>
            <ns3:hr>110</ns3:hr>
          </ns3:TrackPointExtension>
        </extensions>
      </trkpt>
      <trkpt lat="-4.09755379892885684967041015625" lon="-81.05192701332271099090576171875">
        <ele>0</ele>
        <time>2026-09-07T20:59:28.000Z</time>
        <extensions>
          <ns3:TrackPointExtension>
            <ns3:hr>109</ns3:hr>
          </ns3:TrackPointExtension>
        </extensions>
      </trkpt>
      <trkpt lat="-4.09750099293887615203857421875" lon="-81.05194897390902042388916015625">
        <ele>0</ele>
        <time>2026-09-07T20:59:29.000Z</time>
        <extensions>
          <ns3:TrackPointExtension>
            <ns3:hr>108</ns3:hr>
          </ns3:TrackPointExtension>
        </extensions>
      </trkpt>
      <trkpt lat="-4.097334779798984527587890625" lon="-81.05202709324657917022705078125">
        <ele>0</ele>
        <time>2026-09-07T20:59:32.000Z</time>
        <extensions>
          <ns3:TrackPointExtension>
            <ns3:hr>107</ns3:hr>
          </ns3:TrackPointExtension>
        </extensions>
      </trkpt>
      <trkpt lat="-4.0972802974283695220947265625" lon="-81.0520608723163604736328125">
        <ele>0</ele>
        <time>2026-09-07T20:59:33.000Z</time>
        <extensions>
          <ns3:TrackPointExtension>
            <ns3:hr>109</ns3:hr>
          </ns3:TrackPointExtension>
        </extensions>
      </trkpt>
      <trkpt lat="-4.096902944147586822509765625" lon="-81.052332110702991485595703125">
        <ele>0</ele>
        <time>2026-09-07T20:59:41.000Z</time>
        <extensions>
          <ns3:TrackPointExtension>
            <ns3:hr>108</ns3:hr>
          </ns3:TrackPointExtension>
        </extensions>
      </trkpt>
      <trkpt lat="-4.09681568853557109832763671875" lon="-81.05239455588161945343017578125">
        <ele>0</ele>
        <time>2026-09-07T20:59:43.000Z</time>
        <extensions>
          <ns3:TrackPointExtension>
            <ns3:hr>113</ns3:hr>
          </ns3:TrackPointExtension>
        </extensions>
      </trkpt>
      <trkpt lat="-4.09669180400669574737548828125" lon="-81.05248156003654003143310546875">
        <ele>0</ele>
        <time>2026-09-07T20:59:46.000Z</time>
        <extensions>
          <ns3:TrackPointExtension>
            <ns3:hr>116</ns3:hr>
          </ns3:TrackPointExtension>
        </extensions>
      </trkpt>
      <trkpt lat="-4.0966546721756458282470703125" lon="-81.052507460117340087890625">
        <ele>0</ele>
        <time>2026-09-07T20:59:47.000Z</time>
        <extensions>
          <ns3:TrackPointExtension>
            <ns3:hr>116</ns3:hr>
          </ns3:TrackPointExtension>
        </extensions>
      </trkpt>
      <trkpt lat="-4.09647638909518718719482421875" lon="-81.05260879732668399810791015625">
        <ele>0</ele>
        <time>2026-09-07T20:59:52.000Z</time>
        <extensions>
          <ns3:TrackPointExtension>
            <ns3:hr>116</ns3:hr>
          </ns3:TrackPointExtension>
        </extensions>
      </trkpt>
      <trkpt lat="-4.09618922509253025054931640625" lon="-81.0527399741113185882568359375">
        <ele>0</ele>
        <time>2026-09-07T20:59:58.000Z</time>
        <extensions>
          <ns3:TrackPointExtension>
            <ns3:hr>116</ns3:hr>
          </ns3:TrackPointExtension>
        </extensions>
      </trkpt>
      <trkpt lat="-4.09587691538035869598388671875" lon="-81.05292789638042449951171875">
        <ele>0</ele>
        <time>2026-09-07T21:00:04.000Z</time>
        <extensions>
          <ns3:TrackPointExtension>
            <ns3:hr>117</ns3:hr>
          </ns3:TrackPointExtension>
        </extensions>
      </trkpt>
      <trkpt lat="-4.09568748436868190765380859375" lon="-81.0530688799917697906494140625">
        <ele>0</ele>
        <time>2026-09-07T21:00:09.000Z</time>
        <extensions>
          <ns3:TrackPointExtension>
            <ns3:hr>115</ns3:hr>
          </ns3:TrackPointExtension>
        </extensions>
      </trkpt>
      <trkpt lat="-4.095661751925945281982421875" lon="-81.05303040705621242523193359375">
        <ele>0</ele>
        <time>2026-09-07T21:00:11.000Z</time>
        <extensions>
          <ns3:TrackPointExtension>
            <ns3:hr>115</ns3:hr>
          </ns3:TrackPointExtension>
        </extensions>
      </trkpt>
      <trkpt lat="-4.095710031688213348388671875" lon="-81.052973158657550811767578125">
        <ele>0</ele>
        <time>2026-09-07T21:00:13.000Z</time>
        <extensions>
          <ns3:TrackPointExtension>
            <ns3:hr>117</ns3:hr>
          </ns3:TrackPointExtension>
        </extensions>
      </trkpt>
      <trkpt lat="-4.09575236029922962188720703125" lon="-81.05294893495738506317138671875">
        <ele>0</ele>
        <time>2026-09-07T21:00:14.000Z</time>
        <extensions>
          <ns3:TrackPointExtension>
            <ns3:hr>116</ns3:hr>
          </ns3:TrackPointExtension>
        </extensions>
      </trkpt>
      <trkpt lat="-4.09597766585648059844970703125" lon="-81.05284634046256542205810546875">
        <ele>0</ele>
        <time>2026-09-07T21:00:18.000Z</time>
        <extensions>
          <ns3:TrackPointExtension>
            <ns3:hr>115</ns3:hr>
          </ns3:TrackPointExtension>
        </extensions>
      </trkpt>
      <trkpt lat="-4.09638293087482452392578125" lon="-81.05266663245856761932373046875">
        <ele>0</ele>
        <time>2026-09-07T21:00:24.000Z</time>
        <extensions>
          <ns3:TrackPointExtension>
            <ns3:hr>116</ns3:hr>
          </ns3:TrackPointExtension>
        </extensions>
      </trkpt>
      <trkpt lat="-4.0964548476040363311767578125" lon="-81.05264232493937015533447265625">
        <ele>0</ele>
        <time>2026-09-07T21:00:25.000Z</time>
        <extensions>
          <ns3:TrackPointExtension>
            <ns3:hr>116</ns3:hr>
          </ns3:TrackPointExtension>
        </extensions>
      </trkpt>
      <trkpt lat="-4.0967324562370777130126953125" lon="-81.0525222122669219970703125">
        <ele>0</ele>
        <time>2026-09-07T21:00:29.000Z</time>
        <extensions>
          <ns3:TrackPointExtension>
            <ns3:hr>116</ns3:hr>
          </ns3:TrackPointExtension>
        </extensions>
      </trkpt>
      <trkpt lat="-4.0968850068747997283935546875" lon="-81.052406542003154754638671875">
        <ele>0</ele>
        <time>2026-09-07T21:00:32.000Z</time>
        <extensions>
          <ns3:TrackPointExtension>
            <ns3:hr>116</ns3:hr>
          </ns3:TrackPointExtension>
        </extensions>
      </trkpt>
      <trkpt lat="-4.09690193831920623779296875" lon="-81.052353568375110626220703125">
        <ele>0</ele>
        <time>2026-09-07T21:00:33.000Z</time>
        <extensions>
          <ns3:TrackPointExtension>
            <ns3:hr>116</ns3:hr>
          </ns3:TrackPointExtension>
        </extensions>
      </trkpt>
      <trkpt lat="-4.096919707953929901123046875" lon="-81.052305288612842559814453125">
        <ele>0</ele>
        <time>2026-09-07T21:00:34.000Z</time>
        <extensions>
          <ns3:TrackPointExtension>
            <ns3:hr>115</ns3:hr>
          </ns3:TrackPointExtension>
        </extensions>
      </trkpt>
      <trkpt lat="-4.0969844162464141845703125" lon="-81.05224787257611751556396484375">
        <ele>0</ele>
        <time>2026-09-07T21:00:36.000Z</time>
        <extensions>
          <ns3:TrackPointExtension>
            <ns3:hr>115</ns3:hr>
          </ns3:TrackPointExtension>
        </extensions>
      </trkpt>
      <trkpt lat="-4.0971367992460727691650390625" lon="-81.05219699442386627197265625">
        <ele>0</ele>
        <time>2026-09-07T21:00:39.000Z</time>
        <extensions>
          <ns3:TrackPointExtension>
            <ns3:hr>118</ns3:hr>
          </ns3:TrackPointExtension>
        </extensions>
      </trkpt>
      <trkpt lat="-4.097194634377956390380859375" lon="-81.0521840862929821014404296875">
        <ele>0</ele>
        <time>2026-09-07T21:00:40.000Z</time>
        <extensions>
          <ns3:TrackPointExtension>
            <ns3:hr>121</ns3:hr>
          </ns3:TrackPointExtension>
        </extensions>
      </trkpt>
      <trkpt lat="-4.09725573845207691192626953125" lon="-81.052170507609844207763671875">
        <ele>0</ele>
        <time>2026-09-07T21:00:41.000Z</time>
        <extensions>
          <ns3:TrackPointExtension>
            <ns3:hr>122</ns3:hr>
          </ns3:TrackPointExtension>
        </extensions>
      </trkpt>
      <trkpt lat="-4.0975723229348659515380859375" lon="-81.05210579931735992431640625">
        <ele>0</ele>
        <time>2026-09-07T21:00:46.000Z</time>
        <extensions>
          <ns3:TrackPointExtension>
            <ns3:hr>124</ns3:hr>
          </ns3:TrackPointExtension>
        </extensions>
      </trkpt>
      <trkpt lat="-4.09774825908243656158447265625" lon="-81.05206481181085109710693359375">
        <ele>0</ele>
        <time>2026-09-07T21:00:49.000Z</time>
        <extensions>
          <ns3:TrackPointExtension>
            <ns3:hr>123</ns3:hr>
          </ns3:TrackPointExtension>
        </extensions>
      </trkpt>
      <trkpt lat="-4.09783476032316684722900390625" lon="-81.052049137651920318603515625">
        <ele>0</ele>
        <time>2026-09-07T21:00:51.000Z</time>
        <extensions>
          <ns3:TrackPointExtension>
            <ns3:hr>122</ns3:hr>
          </ns3:TrackPointExtension>
        </extensions>
      </trkpt>
      <trkpt lat="-4.09785370342433452606201171875" lon="-81.0520291887223720550537109375">
        <ele>0</ele>
        <time>2026-09-07T21:00:52.000Z</time>
        <extensions>
          <ns3:TrackPointExtension>
            <ns3:hr>121</ns3:hr>
          </ns3:TrackPointExtension>
        </extensions>
      </trkpt>
      <trkpt lat="-4.09779536537826061248779296875" lon="-81.05197998695075511932373046875">
        <ele>0</ele>
        <time>2026-09-07T21:00:55.000Z</time>
        <extensions>
          <ns3:TrackPointExtension>
            <ns3:hr>122</ns3:hr>
          </ns3:TrackPointExtension>
        </extensions>
      </trkpt>
      <trkpt lat="-4.09771020524203777313232421875" lon="-81.0520027019083499908447265625">
        <ele>0</ele>
        <time>2026-09-07T21:00:57.000Z</time>
        <extensions>
          <ns3:TrackPointExtension>
            <ns3:hr>120</ns3:hr>
          </ns3:TrackPointExtension>
        </extensions>
      </trkpt>
      <trkpt lat="-4.097603671252727508544921875" lon="-81.05204503051936626434326171875">
        <ele>0</ele>
        <time>2026-09-07T21:00:59.000Z</time>
        <extensions>
          <ns3:TrackPointExtension>
            <ns3:hr>119</ns3:hr>
          </ns3:TrackPointExtension>
        </extensions>
      </trkpt>
      <trkpt lat="-4.09728415310382843017578125" lon="-81.05221836827695369720458984375">
        <ele>0</ele>
        <time>2026-09-07T21:01:05.000Z</time>
        <extensions>
          <ns3:TrackPointExtension>
            <ns3:hr>120</ns3:hr>
          </ns3:TrackPointExtension>
        </extensions>
      </trkpt>
      <trkpt lat="-4.0970697440207004547119140625" lon="-81.05230403132736682891845703125">
        <ele>0</ele>
        <time>2026-09-07T21:01:09.000Z</time>
        <extensions>
          <ns3:TrackPointExtension>
            <ns3:hr>120</ns3:hr>
          </ns3:TrackPointExtension>
        </extensions>
      </trkpt>
      <trkpt lat="-4.09701450727880001068115234375" lon="-81.05233646929264068603515625">
        <ele>0</ele>
        <time>2026-09-07T21:01:10.000Z</time>
        <extensions>
          <ns3:TrackPointExtension>
            <ns3:hr>120</ns3:hr>
          </ns3:TrackPointExtension>
        </extensions>
      </trkpt>
      <trkpt lat="-4.09679439850151538848876953125" lon="-81.05245943181216716766357421875">
        <ele>0</ele>
        <time>2026-09-07T21:01:14.000Z</time>
        <extensions>
          <ns3:TrackPointExtension>
            <ns3:hr>123</ns3:hr>
          </ns3:TrackPointExtension>
        </extensions>
      </trkpt>
      <trkpt lat="-4.0966248326003551483154296875" lon="-81.05254827998578548431396484375">
        <ele>0</ele>
        <time>2026-09-07T21:01:17.000Z</time>
        <extensions>
          <ns3:TrackPointExtension>
            <ns3:hr>121</ns3:hr>
          </ns3:TrackPointExtension>
        </extensions>
      </trkpt>
      <trkpt lat="-4.0963836014270782470703125" lon="-81.05271994136273860931396484375">
        <ele>0</ele>
        <time>2026-09-07T21:01:22.000Z</time>
        <extensions>
          <ns3:TrackPointExtension>
            <ns3:hr>123</ns3:hr>
          </ns3:TrackPointExtension>
        </extensions>
      </trkpt>
      <trkpt lat="-4.0963364951312541961669921875" lon="-81.0527647845447063446044921875">
        <ele>0</ele>
        <time>2026-09-07T21:01:24.000Z</time>
        <extensions>
          <ns3:TrackPointExtension>
            <ns3:hr>123</ns3:hr>
          </ns3:TrackPointExtension>
        </extensions>
      </trkpt>
      <trkpt lat="-4.09632283262908458709716796875" lon="-81.05276294052600860595703125">
        <ele>0</ele>
        <time>2026-09-07T21:01:25.000Z</time>
        <extensions>
          <ns3:TrackPointExtension>
            <ns3:hr>123</ns3:hr>
          </ns3:TrackPointExtension>
        </extensions>
      </trkpt>
      <trkpt lat="-4.0963106788694858551025390625" lon="-81.05274676345288753509521484375">
        <ele>0</ele>
        <time>2026-09-07T21:01:26.000Z</time>
        <extensions>
          <ns3:TrackPointExtension>
            <ns3:hr>123</ns3:hr>
          </ns3:TrackPointExtension>
        </extensions>
      </trkpt>
      <trkpt lat="-4.09629953093826770782470703125" lon="-81.05269932188093662261962890625">
        <ele>0</ele>
        <time>2026-09-07T21:01:29.000Z</time>
        <extensions>
          <ns3:TrackPointExtension>
            <ns3:hr>120</ns3:hr>
          </ns3:TrackPointExtension>
        </extensions>
      </trkpt>
      <trkpt lat="-4.09630640409886837005615234375" lon="-81.052666716277599334716796875">
        <ele>0</ele>
        <time>2026-09-07T21:01:30.000Z</time>
        <extensions>
          <ns3:TrackPointExtension>
            <ns3:hr>121</ns3:hr>
          </ns3:TrackPointExtension>
        </extensions>
      </trkpt>
      <trkpt lat="-4.09633196890354156494140625" lon="-81.05262556113302707672119140625">
        <ele>0</ele>
        <time>2026-09-07T21:01:31.000Z</time>
        <extensions>
          <ns3:TrackPointExtension>
            <ns3:hr>120</ns3:hr>
          </ns3:TrackPointExtension>
        </extensions>
      </trkpt>
      <trkpt lat="-4.09637211821973323822021484375" lon="-81.0525892674922943115234375">
        <ele>0</ele>
        <time>2026-09-07T21:01:32.000Z</time>
        <extensions>
          <ns3:TrackPointExtension>
            <ns3:hr>120</ns3:hr>
          </ns3:TrackPointExtension>
        </extensions>
      </trkpt>
      <trkpt lat="-4.0964783169329166412353515625" lon="-81.05252816341817378997802734375">
        <ele>0</ele>
        <time>2026-09-07T21:01:34.000Z</time>
        <extensions>
          <ns3:TrackPointExtension>
            <ns3:hr>121</ns3:hr>
          </ns3:TrackPointExtension>
        </extensions>
      </trkpt>
      <trkpt lat="-4.0966617129743099212646484375" lon="-81.052444763481616973876953125">
        <ele>0</ele>
        <time>2026-09-07T21:01:37.000Z</time>
        <extensions>
          <ns3:TrackPointExtension>
            <ns3:hr>124</ns3:hr>
          </ns3:TrackPointExtension>
        </extensions>
      </trkpt>
      <trkpt lat="-4.0968471206724643707275390625" lon="-81.05236941017210483551025390625">
        <ele>0</ele>
        <time>2026-09-07T21:01:40.000Z</time>
        <extensions>
          <ns3:TrackPointExtension>
            <ns3:hr>121</ns3:hr>
          </ns3:TrackPointExtension>
        </extensions>
      </trkpt>
      <trkpt lat="-4.0971042774617671966552734375" lon="-81.0522729344666004180908203125">
        <ele>0</ele>
        <time>2026-09-07T21:01:44.000Z</time>
        <extensions>
          <ns3:TrackPointExtension>
            <ns3:hr>117</ns3:hr>
          </ns3:TrackPointExtension>
        </extensions>
      </trkpt>
      <trkpt lat="-4.0972311794757843017578125" lon="-81.0522276721894741058349609375">
        <ele>0</ele>
        <time>2026-09-07T21:01:46.000Z</time>
        <extensions>
          <ns3:TrackPointExtension>
            <ns3:hr>115</ns3:hr>
          </ns3:TrackPointExtension>
        </extensions>
      </trkpt>
      <trkpt lat="-4.09729714505374431610107421875" lon="-81.0522015206515789031982421875">
        <ele>0</ele>
        <time>2026-09-07T21:01:47.000Z</time>
        <extensions>
          <ns3:TrackPointExtension>
            <ns3:hr>115</ns3:hr>
          </ns3:TrackPointExtension>
        </extensions>
      </trkpt>
      <trkpt lat="-4.09748339094221591949462890625" lon="-81.05211786925792694091796875">
        <ele>0</ele>
        <time>2026-09-07T21:01:50.000Z</time>
        <extensions>
          <ns3:TrackPointExtension>
            <ns3:hr>113</ns3:hr>
          </ns3:TrackPointExtension>
        </extensions>
      </trkpt>
      <trkpt lat="-4.0975196845829486846923828125" lon="-81.0520938970148563385009765625">
        <ele>0</ele>
        <time>2026-09-07T21:01:51.000Z</time>
        <extensions>
          <ns3:TrackPointExtension>
            <ns3:hr>113</ns3:hr>
          </ns3:TrackPointExtension>
        </extensions>
      </trkpt>
      <trkpt lat="-4.097541980445384979248046875" lon="-81.052060537040233612060546875">
        <ele>0</ele>
        <time>2026-09-07T21:01:52.000Z</time>
        <extensions>
          <ns3:TrackPointExtension>
            <ns3:hr>112</ns3:hr>
          </ns3:TrackPointExtension>
        </extensions>
      </trkpt>
      <trkpt lat="-4.0975817106664180755615234375" lon="-81.0520099103450775146484375">
        <ele>0</ele>
        <time>2026-09-07T21:01:54.000Z</time>
        <extensions>
          <ns3:TrackPointExtension>
            <ns3:hr>112</ns3:hr>
          </ns3:TrackPointExtension>
        </extensions>
      </trkpt>
      <trkpt lat="-4.0975867398083209991455078125" lon="-81.05199557729065418243408203125">
        <ele>0</ele>
        <time>2026-09-07T21:01:55.000Z</time>
        <extensions>
          <ns3:TrackPointExtension>
            <ns3:hr>112</ns3:hr>
          </ns3:TrackPointExtension>
        </extensions>
      </trkpt>
      <trkpt lat="-4.0975664556026458740234375" lon="-81.051983423531055450439453125">
        <ele>0</ele>
        <time>2026-09-07T21:01:56.000Z</time>
        <extensions>
          <ns3:TrackPointExtension>
            <ns3:hr>112</ns3:hr>
          </ns3:TrackPointExtension>
        </extensions>
      </trkpt>
      <trkpt lat="-4.09747249446809291839599609375" lon="-81.05198736302554607391357421875">
        <ele>0</ele>
        <time>2026-09-07T21:01:58.000Z</time>
        <extensions>
          <ns3:TrackPointExtension>
            <ns3:hr>111</ns3:hr>
          </ns3:TrackPointExtension>
        </extensions>
      </trkpt>
      <trkpt lat="-4.0974234603345394134521484375" lon="-81.0519983433187007904052734375">
        <ele>0</ele>
        <time>2026-09-07T21:01:59.000Z</time>
        <extensions>
          <ns3:TrackPointExtension>
            <ns3:hr>112</ns3:hr>
          </ns3:TrackPointExtension>
        </extensions>
      </trkpt>
      <trkpt lat="-4.09737090580165386199951171875" lon="-81.05201452039182186126708984375">
        <ele>0</ele>
        <time>2026-09-07T21:02:00.000Z</time>
        <extensions>
          <ns3:TrackPointExtension>
            <ns3:hr>112</ns3:hr>
          </ns3:TrackPointExtension>
        </extensions>
      </trkpt>
      <trkpt lat="-4.09720561467111110687255859375" lon="-81.05209649540483951568603515625">
        <ele>0</ele>
        <time>2026-09-07T21:02:03.000Z</time>
        <extensions>
          <ns3:TrackPointExtension>
            <ns3:hr>111</ns3:hr>
          </ns3:TrackPointExtension>
        </extensions>
      </trkpt>
      <trkpt lat="-4.09687955863773822784423828125" lon="-81.052275784313678741455078125">
        <ele>0</ele>
        <time>2026-09-07T21:02:09.000Z</time>
        <extensions>
          <ns3:TrackPointExtension>
            <ns3:hr>109</ns3:hr>
          </ns3:TrackPointExtension>
        </extensions>
      </trkpt>
      <trkpt lat="-4.0966476313769817352294921875" lon="-81.05240947566926479339599609375">
        <ele>0</ele>
        <time>2026-09-07T21:02:13.000Z</time>
        <extensions>
          <ns3:TrackPointExtension>
            <ns3:hr>113</ns3:hr>
          </ns3:TrackPointExtension>
        </extensions>
      </trkpt>
      <trkpt lat="-4.09658635966479778289794921875" lon="-81.05243881233036518096923828125">
        <ele>0</ele>
        <time>2026-09-07T21:02:14.000Z</time>
        <extensions>
          <ns3:TrackPointExtension>
            <ns3:hr>112</ns3:hr>
          </ns3:TrackPointExtension>
        </extensions>
      </trkpt>
      <trkpt lat="-4.09627036191523075103759765625" lon="-81.0526053607463836669921875">
        <ele>0</ele>
        <time>2026-09-07T21:02:19.000Z</time>
        <extensions>
          <ns3:TrackPointExtension>
            <ns3:hr>111</ns3:hr>
          </ns3:TrackPointExtension>
        </extensions>
      </trkpt>
      <trkpt lat="-4.096020162105560302734375" lon="-81.052740477025508880615234375">
        <ele>0</ele>
        <time>2026-09-07T21:02:24.000Z</time>
        <extensions>
          <ns3:TrackPointExtension>
            <ns3:hr>108</ns3:hr>
          </ns3:TrackPointExtension>
        </extensions>
      </trkpt>
      <trkpt lat="-4.09574146382510662078857421875" lon="-81.05291138403117656707763671875">
        <ele>0</ele>
        <time>2026-09-07T21:02:30.000Z</time>
        <extensions>
          <ns3:TrackPointExtension>
            <ns3:hr>106</ns3:hr>
          </ns3:TrackPointExtension>
        </extensions>
      </trkpt>
      <trkpt lat="-4.09566720016300678253173828125" lon="-81.05294021777808666229248046875">
        <ele>0</ele>
        <time>2026-09-07T21:02:32.000Z</time>
        <extensions>
          <ns3:TrackPointExtension>
            <ns3:hr>105</ns3:hr>
          </ns3:TrackPointExtension>
        </extensions>
      </trkpt>
      <trkpt lat="-4.0956448204815387725830078125" lon="-81.0529218614101409912109375">
        <ele>0</ele>
        <time>2026-09-07T21:02:33.000Z</time>
        <extensions>
          <ns3:TrackPointExtension>
            <ns3:hr>106</ns3:hr>
          </ns3:TrackPointExtension>
        </extensions>
      </trkpt>
      <trkpt lat="-4.09569536335766315460205078125" lon="-81.052790768444538116455078125">
        <ele>0</ele>
        <time>2026-09-07T21:02:36.000Z</time>
        <extensions>
          <ns3:TrackPointExtension>
            <ns3:hr>107</ns3:hr>
          </ns3:TrackPointExtension>
        </extensions>
      </trkpt>
      <trkpt lat="-4.09580801613628864288330078125" lon="-81.05271876789629459381103515625">
        <ele>0</ele>
        <time>2026-09-07T21:02:38.000Z</time>
        <extensions>
          <ns3:TrackPointExtension>
            <ns3:hr>106</ns3:hr>
          </ns3:TrackPointExtension>
        </extensions>
      </trkpt>
      <trkpt lat="-4.095875658094882965087890625" lon="-81.052687168121337890625">
        <ele>0</ele>
        <time>2026-09-07T21:02:39.000Z</time>
        <extensions>
          <ns3:TrackPointExtension>
            <ns3:hr>106</ns3:hr>
          </ns3:TrackPointExtension>
        </extensions>
      </trkpt>
      <trkpt lat="-4.0962972678244113922119140625" lon="-81.05251751840114593505859375">
        <ele>0</ele>
        <time>2026-09-07T21:02:45.000Z</time>
        <extensions>
          <ns3:TrackPointExtension>
            <ns3:hr>105</ns3:hr>
          </ns3:TrackPointExtension>
        </extensions>
      </trkpt>
      <trkpt lat="-4.09659993834793567657470703125" lon="-81.0524194501340389251708984375">
        <ele>0</ele>
        <time>2026-09-07T21:02:50.000Z</time>
        <extensions>
          <ns3:TrackPointExtension>
            <ns3:hr>106</ns3:hr>
          </ns3:TrackPointExtension>
        </extensions>
      </trkpt>
      <trkpt lat="-4.0969736874103546142578125" lon="-81.0522715933620929718017578125">
        <ele>0</ele>
        <time>2026-09-07T21:02:56.000Z</time>
        <extensions>
          <ns3:TrackPointExtension>
            <ns3:hr>106</ns3:hr>
          </ns3:TrackPointExtension>
        </extensions>
      </trkpt>
      <trkpt lat="-4.0971005894243717193603515625" lon="-81.05222121812403202056884765625">
        <ele>0</ele>
        <time>2026-09-07T21:02:58.000Z</time>
        <extensions>
          <ns3:TrackPointExtension>
            <ns3:hr>107</ns3:hr>
          </ns3:TrackPointExtension>
        </extensions>
      </trkpt>
      <trkpt lat="-4.09729479812085628509521484375" lon="-81.05214812792837619781494140625">
        <ele>0</ele>
        <time>2026-09-07T21:03:01.000Z</time>
        <extensions>
          <ns3:TrackPointExtension>
            <ns3:hr>109</ns3:hr>
          </ns3:TrackPointExtension>
        </extensions>
      </trkpt>
      <trkpt lat="-4.09735858440399169921875" lon="-81.05212298221886157989501953125">
        <ele>0</ele>
        <time>2026-09-07T21:03:02.000Z</time>
        <extensions>
          <ns3:TrackPointExtension>
            <ns3:hr>110</ns3:hr>
          </ns3:TrackPointExtension>
        </extensions>
      </trkpt>
      <trkpt lat="-4.09755371510982513427734375" lon="-81.0520369000732898712158203125">
        <ele>0</ele>
        <time>2026-09-07T21:03:05.000Z</time>
        <extensions>
          <ns3:TrackPointExtension>
            <ns3:hr>110</ns3:hr>
          </ns3:TrackPointExtension>
        </extensions>
      </trkpt>
      <trkpt lat="-4.09761515446007251739501953125" lon="-81.05200898833572864532470703125">
        <ele>0</ele>
        <time>2026-09-07T21:03:06.000Z</time>
        <extensions>
          <ns3:TrackPointExtension>
            <ns3:hr>111</ns3:hr>
          </ns3:TrackPointExtension>
        </extensions>
      </trkpt>
      <trkpt lat="-4.09770752303302288055419921875" lon="-81.051963306963443756103515625">
        <ele>0</ele>
        <time>2026-09-07T21:03:08.000Z</time>
        <extensions>
          <ns3:TrackPointExtension>
            <ns3:hr>111</ns3:hr>
          </ns3:TrackPointExtension>
        </extensions>
      </trkpt>
      <trkpt lat="-4.09774012863636016845703125" lon="-81.051929108798503875732421875">
        <ele>0</ele>
        <time>2026-09-07T21:03:09.000Z</time>
        <extensions>
          <ns3:TrackPointExtension>
            <ns3:hr>110</ns3:hr>
          </ns3:TrackPointExtension>
        </extensions>
      </trkpt>
      <trkpt lat="-4.09777457825839519500732421875" lon="-81.0519007779657840728759765625">
        <ele>0</ele>
        <time>2026-09-07T21:03:10.000Z</time>
        <extensions>
          <ns3:TrackPointExtension>
            <ns3:hr>110</ns3:hr>
          </ns3:TrackPointExtension>
        </extensions>
      </trkpt>
      <trkpt lat="-4.09782252274453639984130859375" lon="-81.05185459367930889129638671875">
        <ele>0</ele>
        <time>2026-09-07T21:03:12.000Z</time>
        <extensions>
          <ns3:TrackPointExtension>
            <ns3:hr>111</ns3:hr>
          </ns3:TrackPointExtension>
        </extensions>
      </trkpt>
      <trkpt lat="-4.09781120717525482177734375" lon="-81.05183715932071208953857421875">
        <ele>0</ele>
        <time>2026-09-07T21:03:13.000Z</time>
        <extensions>
          <ns3:TrackPointExtension>
            <ns3:hr>111</ns3:hr>
          </ns3:TrackPointExtension>
        </extensions>
      </trkpt>
      <trkpt lat="-4.097752533853054046630859375" lon="-81.0518337227404117584228515625">
        <ele>0</ele>
        <time>2026-09-07T21:03:15.000Z</time>
        <extensions>
          <ns3:TrackPointExtension>
            <ns3:hr>108</ns3:hr>
          </ns3:TrackPointExtension>
        </extensions>
      </trkpt>
      <trkpt lat="-4.0977188386023044586181640625" lon="-81.05184537358582019805908203125">
        <ele>0</ele>
        <time>2026-09-07T21:03:16.000Z</time>
        <extensions>
          <ns3:TrackPointExtension>
            <ns3:hr>110</ns3:hr>
          </ns3:TrackPointExtension>
        </extensions>
      </trkpt>
      <trkpt lat="-4.09749629907310009002685546875" lon="-81.051942519843578338623046875">
        <ele>0</ele>
        <time>2026-09-07T21:03:22.000Z</time>
        <extensions>
          <ns3:TrackPointExtension>
            <ns3:hr>110</ns3:hr>
          </ns3:TrackPointExtension>
        </extensions>
      </trkpt>
      <trkpt lat="-4.09737534821033477783203125" lon="-81.0520097427070140838623046875">
        <ele>0</ele>
        <time>2026-09-07T21:03:25.000Z</time>
        <extensions>
          <ns3:TrackPointExtension>
            <ns3:hr>113</ns3:hr>
          </ns3:TrackPointExtension>
        </extensions>
      </trkpt>
      <trkpt lat="-4.09733033739030361175537109375" lon="-81.05202734470367431640625">
        <ele>0</ele>
        <time>2026-09-07T21:03:26.000Z</time>
        <extensions>
          <ns3:TrackPointExtension>
            <ns3:hr>113</ns3:hr>
          </ns3:TrackPointExtension>
        </extensions>
      </trkpt>
      <trkpt lat="-4.09718465991318225860595703125" lon="-81.052089035511016845703125">
        <ele>0</ele>
        <time>2026-09-07T21:03:29.000Z</time>
        <extensions>
          <ns3:TrackPointExtension>
            <ns3:hr>113</ns3:hr>
          </ns3:TrackPointExtension>
        </extensions>
      </trkpt>
      <trkpt lat="-4.09693948924541473388671875" lon="-81.0522057116031646728515625">
        <ele>0</ele>
        <time>2026-09-07T21:03:34.000Z</time>
        <extensions>
          <ns3:TrackPointExtension>
            <ns3:hr>115</ns3:hr>
          </ns3:TrackPointExtension>
        </extensions>
      </trkpt>
      <trkpt lat="-4.09658200107514858245849609375" lon="-81.05238785035908222198486328125">
        <ele>0</ele>
        <time>2026-09-07T21:03:41.000Z</time>
        <extensions>
          <ns3:TrackPointExtension>
            <ns3:hr>116</ns3:hr>
          </ns3:TrackPointExtension>
        </extensions>
      </trkpt>
      <trkpt lat="-4.09625326283276081085205078125" lon="-81.05254710651934146881103515625">
        <ele>0</ele>
        <time>2026-09-07T21:03:47.000Z</time>
        <extensions>
          <ns3:TrackPointExtension>
            <ns3:hr>115</ns3:hr>
          </ns3:TrackPointExtension>
        </extensions>
      </trkpt>
      <trkpt lat="-4.0959344990551471710205078125" lon="-81.0527475178241729736328125">
        <ele>0</ele>
        <time>2026-09-07T21:03:54.000Z</time>
        <extensions>
          <ns3:TrackPointExtension>
            <ns3:hr>116</ns3:hr>
          </ns3:TrackPointExtension>
        </extensions>
      </trkpt>
      <trkpt lat="-4.0957685373723506927490234375" lon="-81.05281733907759189605712890625">
        <ele>0</ele>
        <time>2026-09-07T21:03:59.000Z</time>
        <extensions>
          <ns3:TrackPointExtension>
            <ns3:hr>116</ns3:hr>
          </ns3:TrackPointExtension>
        </extensions>
      </trkpt>
      <trkpt lat="-4.09579418599605560302734375" lon="-81.05276620946824550628662109375">
        <ele>0</ele>
        <time>2026-09-07T21:04:01.000Z</time>
        <extensions>
          <ns3:TrackPointExtension>
            <ns3:hr>116</ns3:hr>
          </ns3:TrackPointExtension>
        </extensions>
      </trkpt>
      <trkpt lat="-4.095876999199390411376953125" lon="-81.05272446759045124053955078125">
        <ele>0</ele>
        <time>2026-09-07T21:04:03.000Z</time>
        <extensions>
          <ns3:TrackPointExtension>
            <ns3:hr>116</ns3:hr>
          </ns3:TrackPointExtension>
        </extensions>
      </trkpt>
      <trkpt lat="-4.0959281288087368011474609375" lon="-81.0527019202709197998046875">
        <ele>0</ele>
        <time>2026-09-07T21:04:04.000Z</time>
        <extensions>
          <ns3:TrackPointExtension>
            <ns3:hr>116</ns3:hr>
          </ns3:TrackPointExtension>
        </extensions>
      </trkpt>
      <trkpt lat="-4.09623675048351287841796875" lon="-81.052580215036869049072265625">
        <ele>0</ele>
        <time>2026-09-07T21:04:09.000Z</time>
        <extensions>
          <ns3:TrackPointExtension>
            <ns3:hr>118</ns3:hr>
          </ns3:TrackPointExtension>
        </extensions>
      </trkpt>
      <trkpt lat="-4.09670689143240451812744140625" lon="-81.05240209959447383880615234375">
        <ele>0</ele>
        <time>2026-09-07T21:04:16.000Z</time>
        <extensions>
          <ns3:TrackPointExtension>
            <ns3:hr>117</ns3:hr>
          </ns3:TrackPointExtension>
        </extensions>
      </trkpt>
      <trkpt lat="-4.096817784011363983154296875" lon="-81.05232146568596363067626953125">
        <ele>0</ele>
        <time>2026-09-07T21:04:18.000Z</time>
        <extensions>
          <ns3:TrackPointExtension>
            <ns3:hr>117</ns3:hr>
          </ns3:TrackPointExtension>
        </extensions>
      </trkpt>
      <trkpt lat="-4.09684150479733943939208984375" lon="-81.0522749461233615875244140625">
        <ele>0</ele>
        <time>2026-09-07T21:04:19.000Z</time>
        <extensions>
          <ns3:TrackPointExtension>
            <ns3:hr>115</ns3:hr>
          </ns3:TrackPointExtension>
        </extensions>
      </trkpt>
      <trkpt lat="-4.09685156308114528656005859375" lon="-81.05223211459815502166748046875">
        <ele>0</ele>
        <time>2026-09-07T21:04:20.000Z</time>
        <extensions>
          <ns3:TrackPointExtension>
            <ns3:hr>116</ns3:hr>
          </ns3:TrackPointExtension>
        </extensions>
      </trkpt>
      <trkpt lat="-4.09687620587646961212158203125" lon="-81.05213530361652374267578125">
        <ele>0</ele>
        <time>2026-09-07T21:04:22.000Z</time>
        <extensions>
          <ns3:TrackPointExtension>
            <ns3:hr>118</ns3:hr>
          </ns3:TrackPointExtension>
        </extensions>
      </trkpt>
      <trkpt lat="-4.096910655498504638671875" lon="-81.05209398083388805389404296875">
        <ele>0</ele>
        <time>2026-09-07T21:04:23.000Z</time>
        <extensions>
          <ns3:TrackPointExtension>
            <ns3:hr>118</ns3:hr>
          </ns3:TrackPointExtension>
        </extensions>
      </trkpt>
      <trkpt lat="-4.0969580970704555511474609375" lon="-81.05206380598247051239013671875">
        <ele>0</ele>
        <time>2026-09-07T21:04:24.000Z</time>
        <extensions>
          <ns3:TrackPointExtension>
            <ns3:hr>119</ns3:hr>
          </ns3:TrackPointExtension>
        </extensions>
      </trkpt>
      <trkpt lat="-4.09706479869782924652099609375" lon="-81.0520157776772975921630859375">
        <ele>0</ele>
        <time>2026-09-07T21:04:26.000Z</time>
        <extensions>
          <ns3:TrackPointExtension>
            <ns3:hr>118</ns3:hr>
          </ns3:TrackPointExtension>
        </extensions>
      </trkpt>
      <trkpt lat="-4.0971802175045013427734375" lon="-81.0519768856465816497802734375">
        <ele>0</ele>
        <time>2026-09-07T21:04:28.000Z</time>
        <extensions>
          <ns3:TrackPointExtension>
            <ns3:hr>117</ns3:hr>
          </ns3:TrackPointExtension>
        </extensions>
      </trkpt>
      <trkpt lat="-4.0973755158483982086181640625" lon="-81.05192064307630062103271484375">
        <ele>0</ele>
        <time>2026-09-07T21:04:32.000Z</time>
        <extensions>
          <ns3:TrackPointExtension>
            <ns3:hr>116</ns3:hr>
          </ns3:TrackPointExtension>
        </extensions>
      </trkpt>
      <trkpt lat="-4.09763862378895282745361328125" lon="-81.0518602095544338226318359375">
        <ele>0</ele>
        <time>2026-09-07T21:04:38.000Z</time>
        <extensions>
          <ns3:TrackPointExtension>
            <ns3:hr>113</ns3:hr>
          </ns3:TrackPointExtension>
        </extensions>
      </trkpt>
      <trkpt lat="-4.0977282263338565826416015625" lon="-81.05183112435042858123779296875">
        <ele>0</ele>
        <time>2026-09-07T21:04:40.000Z</time>
        <extensions>
          <ns3:TrackPointExtension>
            <ns3:hr>113</ns3:hr>
          </ns3:TrackPointExtension>
        </extensions>
      </trkpt>
      <trkpt lat="-4.09777223132550716400146484375" lon="-81.051819808781147003173828125">
        <ele>0</ele>
        <time>2026-09-07T21:04:41.000Z</time>
        <extensions>
          <ns3:TrackPointExtension>
            <ns3:hr>113</ns3:hr>
          </ns3:TrackPointExtension>
        </extensions>
      </trkpt>
      <trkpt lat="-4.09796367399394512176513671875" lon="-81.0517524182796478271484375">
        <ele>0</ele>
        <time>2026-09-07T21:04:45.000Z</time>
        <extensions>
          <ns3:TrackPointExtension>
            <ns3:hr>111</ns3:hr>
          </ns3:TrackPointExtension>
        </extensions>
      </trkpt>
      <trkpt lat="-4.098067693412303924560546875" lon="-81.05173029005527496337890625">
        <ele>0</ele>
        <time>2026-09-07T21:04:47.000Z</time>
        <extensions>
          <ns3:TrackPointExtension>
            <ns3:hr>111</ns3:hr>
          </ns3:TrackPointExtension>
        </extensions>
      </trkpt>
      <trkpt lat="-4.09819333814084529876708984375" lon="-81.0516959242522716522216796875">
        <ele>0</ele>
        <time>2026-09-07T21:04:50.000Z</time>
        <extensions>
          <ns3:TrackPointExtension>
            <ns3:hr>112</ns3:hr>
          </ns3:TrackPointExtension>
        </extensions>
      </trkpt>
      <trkpt lat="-4.0982036478817462921142578125" lon="-81.05167329311370849609375">
        <ele>0</ele>
        <time>2026-09-07T21:04:51.000Z</time>
        <extensions>
          <ns3:TrackPointExtension>
            <ns3:hr>112</ns3:hr>
          </ns3:TrackPointExtension>
        </extensions>
      </trkpt>
      <trkpt lat="-4.09818931482732295989990234375" lon="-81.051653511822223663330078125">
        <ele>0</ele>
        <time>2026-09-07T21:04:52.000Z</time>
        <extensions>
          <ns3:TrackPointExtension>
            <ns3:hr>112</ns3:hr>
          </ns3:TrackPointExtension>
        </extensions>
      </trkpt>
      <trkpt lat="-4.0980836190283298492431640625" lon="-81.0516583733260631561279296875">
        <ele>0</ele>
        <time>2026-09-07T21:04:55.000Z</time>
        <extensions>
          <ns3:TrackPointExtension>
            <ns3:hr>112</ns3:hr>
          </ns3:TrackPointExtension>
        </extensions>
      </trkpt>
      <trkpt lat="-4.09789661876857280731201171875" lon="-81.051675640046596527099609375">
        <ele>0</ele>
        <time>2026-09-07T21:05:00.000Z</time>
        <extensions>
          <ns3:TrackPointExtension>
            <ns3:hr>113</ns3:hr>
          </ns3:TrackPointExtension>
        </extensions>
      </trkpt>
      <trkpt lat="-4.09784146584570407867431640625" lon="-81.0516794957220554351806640625">
        <ele>0</ele>
        <time>2026-09-07T21:05:01.000Z</time>
        <extensions>
          <ns3:TrackPointExtension>
            <ns3:hr>114</ns3:hr>
          </ns3:TrackPointExtension>
        </extensions>
      </trkpt>
      <trkpt lat="-4.09772462211549282073974609375" lon="-81.0517009533941745758056640625">
        <ele>0</ele>
        <time>2026-09-07T21:05:03.000Z</time>
        <extensions>
          <ns3:TrackPointExtension>
            <ns3:hr>114</ns3:hr>
          </ns3:TrackPointExtension>
        </extensions>
      </trkpt>
      <trkpt lat="-4.0976598300039768218994140625" lon="-81.05171277187764644622802734375">
        <ele>0</ele>
        <time>2026-09-07T21:05:04.000Z</time>
        <extensions>
          <ns3:TrackPointExtension>
            <ns3:hr>114</ns3:hr>
          </ns3:TrackPointExtension>
        </extensions>
      </trkpt>
      <trkpt lat="-4.09752999432384967803955078125" lon="-81.0517435334622859954833984375">
        <ele>0</ele>
        <time>2026-09-07T21:05:06.000Z</time>
        <extensions>
          <ns3:TrackPointExtension>
            <ns3:hr>113</ns3:hr>
          </ns3:TrackPointExtension>
        </extensions>
      </trkpt>
      <trkpt lat="-4.09746612422168254852294921875" lon="-81.051768846809864044189453125">
        <ele>0</ele>
        <time>2026-09-07T21:05:07.000Z</time>
        <extensions>
          <ns3:TrackPointExtension>
            <ns3:hr>113</ns3:hr>
          </ns3:TrackPointExtension>
        </extensions>
      </trkpt>
      <trkpt lat="-4.097120203077793121337890625" lon="-81.0519389994442462921142578125">
        <ele>0</ele>
        <time>2026-09-07T21:05:13.000Z</time>
        <extensions>
          <ns3:TrackPointExtension>
            <ns3:hr>112</ns3:hr>
          </ns3:TrackPointExtension>
        </extensions>
      </trkpt>
      <trkpt lat="-4.096953906118869781494140625" lon="-81.05202072300016880035400390625">
        <ele>0</ele>
        <time>2026-09-07T21:05:16.000Z</time>
        <extensions>
          <ns3:TrackPointExtension>
            <ns3:hr>112</ns3:hr>
          </ns3:TrackPointExtension>
        </extensions>
      </trkpt>
      <trkpt lat="-4.0968001820147037506103515625" lon="-81.05211024172604084014892578125">
        <ele>0</ele>
        <time>2026-09-07T21:05:19.000Z</time>
        <extensions>
          <ns3:TrackPointExtension>
            <ns3:hr>111</ns3:hr>
          </ns3:TrackPointExtension>
        </extensions>
      </trkpt>
      <trkpt lat="-4.0964984335005283355712890625" lon="-81.05228475295007228851318359375">
        <ele>0</ele>
        <time>2026-09-07T21:05:25.000Z</time>
        <extensions>
          <ns3:TrackPointExtension>
            <ns3:hr>110</ns3:hr>
          </ns3:TrackPointExtension>
        </extensions>
      </trkpt>
      <trkpt lat="-4.0964464657008647918701171875" lon="-81.05230989865958690643310546875">
        <ele>0</ele>
        <time>2026-09-07T21:05:26.000Z</time>
        <extensions>
          <ns3:TrackPointExtension>
            <ns3:hr>110</ns3:hr>
          </ns3:TrackPointExtension>
        </extensions>
      </trkpt>
      <trkpt lat="-4.096033237874507904052734375" lon="-81.052533946931362152099609375">
        <ele>0</ele>
        <time>2026-09-07T21:05:35.000Z</time>
        <extensions>
          <ns3:TrackPointExtension>
            <ns3:hr>112</ns3:hr>
          </ns3:TrackPointExtension>
        </extensions>
      </trkpt>
      <trkpt lat="-4.0959445573389530181884765625" lon="-81.05259136296808719635009765625">
        <ele>0</ele>
        <time>2026-09-07T21:05:37.000Z</time>
        <extensions>
          <ns3:TrackPointExtension>
            <ns3:hr>110</ns3:hr>
          </ns3:TrackPointExtension>
        </extensions>
      </trkpt>
      <trkpt lat="-4.095800220966339111328125" lon="-81.05268792249262332916259765625">
        <ele>0</ele>
        <time>2026-09-07T21:05:41.000Z</time>
        <extensions>
          <ns3:TrackPointExtension>
            <ns3:hr>113</ns3:hr>
          </ns3:TrackPointExtension>
        </extensions>
      </trkpt>
      <trkpt lat="-4.09574548713862895965576171875" lon="-81.0526876710355281829833984375">
        <ele>0</ele>
        <time>2026-09-07T21:05:43.000Z</time>
        <extensions>
          <ns3:TrackPointExtension>
            <ns3:hr>113</ns3:hr>
          </ns3:TrackPointExtension>
        </extensions>
      </trkpt>
      <trkpt lat="-4.09573794342577457427978515625" lon="-81.0526588372886180877685546875">
        <ele>0</ele>
        <time>2026-09-07T21:05:44.000Z</time>
        <extensions>
          <ns3:TrackPointExtension>
            <ns3:hr>113</ns3:hr>
          </ns3:TrackPointExtension>
        </extensions>
      </trkpt>
      <trkpt lat="-4.09580332227051258087158203125" lon="-81.0525994934141635894775390625">
        <ele>0</ele>
        <time>2026-09-07T21:05:47.000Z</time>
        <extensions>
          <ns3:TrackPointExtension>
            <ns3:hr>114</ns3:hr>
          </ns3:TrackPointExtension>
        </extensions>
      </trkpt>
      <trkpt lat="-4.09591530449688434600830078125" lon="-81.052508465945720672607421875">
        <ele>0</ele>
        <time>2026-09-07T21:05:50.000Z</time>
        <extensions>
          <ns3:TrackPointExtension>
            <ns3:hr>114</ns3:hr>
          </ns3:TrackPointExtension>
        </extensions>
      </trkpt>
      <trkpt lat="-4.0959705412387847900390625" lon="-81.05248130857944488525390625">
        <ele>0</ele>
        <time>2026-09-07T21:05:51.000Z</time>
        <extensions>
          <ns3:TrackPointExtension>
            <ns3:hr>115</ns3:hr>
          </ns3:TrackPointExtension>
        </extensions>
      </trkpt>
      <trkpt lat="-4.0960313938558101654052734375" lon="-81.05245775543153285980224609375">
        <ele>0</ele>
        <time>2026-09-07T21:05:52.000Z</time>
        <extensions>
          <ns3:TrackPointExtension>
            <ns3:hr>115</ns3:hr>
          </ns3:TrackPointExtension>
        </extensions>
      </trkpt>
      <trkpt lat="-4.09628444351255893707275390625" lon="-81.05236605741083621978759765625">
        <ele>0</ele>
        <time>2026-09-07T21:05:56.000Z</time>
        <extensions>
          <ns3:TrackPointExtension>
            <ns3:hr>116</ns3:hr>
          </ns3:TrackPointExtension>
        </extensions>
      </trkpt>
      <trkpt lat="-4.096760787069797515869140625" lon="-81.05227234773337841033935546875">
        <ele>0</ele>
        <time>2026-09-07T21:06:04.000Z</time>
        <extensions>
          <ns3:TrackPointExtension>
            <ns3:hr>115</ns3:hr>
          </ns3:TrackPointExtension>
        </extensions>
      </trkpt>
      <trkpt lat="-4.09704971127212047576904296875" lon="-81.0522068850696086883544921875">
        <ele>0</ele>
        <time>2026-09-07T21:06:10.000Z</time>
        <extensions>
          <ns3:TrackPointExtension>
            <ns3:hr>115</ns3:hr>
          </ns3:TrackPointExtension>
        </extensions>
      </trkpt>
      <trkpt lat="-4.0973275713622570037841796875" lon="-81.05209448374807834625244140625">
        <ele>0</ele>
        <time>2026-09-07T21:06:15.000Z</time>
        <extensions>
          <ns3:TrackPointExtension>
            <ns3:hr>115</ns3:hr>
          </ns3:TrackPointExtension>
        </extensions>
      </trkpt>
      <trkpt lat="-4.09763208590447902679443359375" lon="-81.052040755748748779296875">
        <ele>0</ele>
        <time>2026-09-07T21:06:20.000Z</time>
        <extensions>
          <ns3:TrackPointExtension>
            <ns3:hr>117</ns3:hr>
          </ns3:TrackPointExtension>
        </extensions>
      </trkpt>
      <trkpt lat="-4.09768338315188884735107421875" lon="-81.05203145183622837066650390625">
        <ele>0</ele>
        <time>2026-09-07T21:06:21.000Z</time>
        <extensions>
          <ns3:TrackPointExtension>
            <ns3:hr>114</ns3:hr>
          </ns3:TrackPointExtension>
        </extensions>
      </trkpt>
      <trkpt lat="-4.0979205071926116943359375" lon="-81.05196389369666576385498046875">
        <ele>0</ele>
        <time>2026-09-07T21:06:26.000Z</time>
        <extensions>
          <ns3:TrackPointExtension>
            <ns3:hr>114</ns3:hr>
          </ns3:TrackPointExtension>
        </extensions>
      </trkpt>
      <trkpt lat="-4.09821596927940845489501953125" lon="-81.0518491454422473907470703125">
        <ele>0</ele>
        <time>2026-09-07T21:06:31.000Z</time>
        <extensions>
          <ns3:TrackPointExtension>
            <ns3:hr>115</ns3:hr>
          </ns3:TrackPointExtension>
        </extensions>
      </trkpt>
      <trkpt lat="-4.09839903004467487335205078125" lon="-81.0517985187470912933349609375">
        <ele>0</ele>
        <time>2026-09-07T21:06:34.000Z</time>
        <extensions>
          <ns3:TrackPointExtension>
            <ns3:hr>115</ns3:hr>
          </ns3:TrackPointExtension>
        </extensions>
      </trkpt>
      <trkpt lat="-4.09847027622163295745849609375" lon="-81.0517787374556064605712890625">
        <ele>0</ele>
        <time>2026-09-07T21:06:36.000Z</time>
        <extensions>
          <ns3:TrackPointExtension>
            <ns3:hr>115</ns3:hr>
          </ns3:TrackPointExtension>
        </extensions>
      </trkpt>
      <trkpt lat="-4.09842467866837978363037109375" lon="-81.0517472214996814727783203125">
        <ele>0</ele>
        <time>2026-09-07T21:06:38.000Z</time>
        <extensions>
          <ns3:TrackPointExtension>
            <ns3:hr>116</ns3:hr>
          </ns3:TrackPointExtension>
        </extensions>
      </trkpt>
      <trkpt lat="-4.0982418693602085113525390625" lon="-81.05170078575611114501953125">
        <ele>0</ele>
        <time>2026-09-07T21:06:42.000Z</time>
        <extensions>
          <ns3:TrackPointExtension>
            <ns3:hr>115</ns3:hr>
          </ns3:TrackPointExtension>
        </extensions>
      </trkpt>
      <trkpt lat="-4.09818269312381744384765625" lon="-81.05169651098549365997314453125">
        <ele>0</ele>
        <time>2026-09-07T21:06:43.000Z</time>
        <extensions>
          <ns3:TrackPointExtension>
            <ns3:hr>116</ns3:hr>
          </ns3:TrackPointExtension>
        </extensions>
      </trkpt>
      <trkpt lat="-4.098118655383586883544921875" lon="-81.051699109375476837158203125">
        <ele>0</ele>
        <time>2026-09-07T21:06:44.000Z</time>
        <extensions>
          <ns3:TrackPointExtension>
            <ns3:hr>116</ns3:hr>
          </ns3:TrackPointExtension>
        </extensions>
      </trkpt>
      <trkpt lat="-4.09798697568476200103759765625" lon="-81.05172165669500827789306640625">
        <ele>0</ele>
        <time>2026-09-07T21:06:46.000Z</time>
        <extensions>
          <ns3:TrackPointExtension>
            <ns3:hr>114</ns3:hr>
          </ns3:TrackPointExtension>
        </extensions>
      </trkpt>
      <trkpt lat="-4.0979243628680706024169921875" lon="-81.0517428629100322723388671875">
        <ele>0</ele>
        <time>2026-09-07T21:06:47.000Z</time>
        <extensions>
          <ns3:TrackPointExtension>
            <ns3:hr>115</ns3:hr>
          </ns3:TrackPointExtension>
        </extensions>
      </trkpt>
      <trkpt lat="-4.09761062823235988616943359375" lon="-81.0518870316445827484130859375">
        <ele>0</ele>
        <time>2026-09-07T21:06:53.000Z</time>
        <extensions>
          <ns3:TrackPointExtension>
            <ns3:hr>116</ns3:hr>
          </ns3:TrackPointExtension>
        </extensions>
      </trkpt>
      <trkpt lat="-4.09744449891149997711181640625" lon="-81.051970012485980987548828125">
        <ele>0</ele>
        <time>2026-09-07T21:06:57.000Z</time>
        <extensions>
          <ns3:TrackPointExtension>
            <ns3:hr>116</ns3:hr>
          </ns3:TrackPointExtension>
        </extensions>
      </trkpt>
      <trkpt lat="-4.0973947942256927490234375" lon="-81.05198585428297519683837890625">
        <ele>0</ele>
        <time>2026-09-07T21:06:58.000Z</time>
        <extensions>
          <ns3:TrackPointExtension>
            <ns3:hr>116</ns3:hr>
          </ns3:TrackPointExtension>
        </extensions>
      </trkpt>
      <trkpt lat="-4.09698248840868473052978515625" lon="-81.05210688896477222442626953125">
        <ele>0</ele>
        <time>2026-09-07T21:07:06.000Z</time>
        <extensions>
          <ns3:TrackPointExtension>
            <ns3:hr>113</ns3:hr>
          </ns3:TrackPointExtension>
        </extensions>
      </trkpt>
      <trkpt lat="-4.0966838411986827850341796875" lon="-81.05221551842987537384033203125">
        <ele>0</ele>
        <time>2026-09-07T21:07:11.000Z</time>
        <extensions>
          <ns3:TrackPointExtension>
            <ns3:hr>115</ns3:hr>
          </ns3:TrackPointExtension>
        </extensions>
      </trkpt>
      <trkpt lat="-4.09634998999536037445068359375" lon="-81.05237846262753009796142578125">
        <ele>0</ele>
        <time>2026-09-07T21:07:17.000Z</time>
        <extensions>
          <ns3:TrackPointExtension>
            <ns3:hr>115</ns3:hr>
          </ns3:TrackPointExtension>
        </extensions>
      </trkpt>
      <trkpt lat="-4.09619090147316455841064453125" lon="-81.0524605214595794677734375">
        <ele>0</ele>
        <time>2026-09-07T21:07:20.000Z</time>
        <extensions>
          <ns3:TrackPointExtension>
            <ns3:hr>116</ns3:hr>
          </ns3:TrackPointExtension>
        </extensions>
      </trkpt>
      <trkpt lat="-4.09607984125614166259765625" lon="-81.0525468550622463226318359375">
        <ele>0</ele>
        <time>2026-09-07T21:07:23.000Z</time>
        <extensions>
          <ns3:TrackPointExtension>
            <ns3:hr>117</ns3:hr>
          </ns3:TrackPointExtension>
        </extensions>
      </trkpt>
      <trkpt lat="-4.0960541926324367523193359375" lon="-81.0525490343570709228515625">
        <ele>0</ele>
        <time>2026-09-07T21:07:24.000Z</time>
        <extensions>
          <ns3:TrackPointExtension>
            <ns3:hr>119</ns3:hr>
          </ns3:TrackPointExtension>
        </extensions>
      </trkpt>
      <trkpt lat="-4.09603734500706195831298828125" lon="-81.05252690613269805908203125">
        <ele>0</ele>
        <time>2026-09-07T21:07:25.000Z</time>
        <extensions>
          <ns3:TrackPointExtension>
            <ns3:hr>118</ns3:hr>
          </ns3:TrackPointExtension>
        </extensions>
      </trkpt>
      <trkpt lat="-4.096072129905223846435546875" lon="-81.05246982537209987640380859375">
        <ele>0</ele>
        <time>2026-09-07T21:07:27.000Z</time>
        <extensions>
          <ns3:TrackPointExtension>
            <ns3:hr>118</ns3:hr>
          </ns3:TrackPointExtension>
        </extensions>
      </trkpt>
      <trkpt lat="-4.09626851789653301239013671875" lon="-81.05236253701150417327880859375">
        <ele>0</ele>
        <time>2026-09-07T21:07:32.000Z</time>
        <extensions>
          <ns3:TrackPointExtension>
            <ns3:hr>118</ns3:hr>
          </ns3:TrackPointExtension>
        </extensions>
      </trkpt>
      <trkpt lat="-4.09643649123609066009521484375" lon="-81.05227209627628326416015625">
        <ele>0</ele>
        <time>2026-09-07T21:07:35.000Z</time>
        <extensions>
          <ns3:TrackPointExtension>
            <ns3:hr>119</ns3:hr>
          </ns3:TrackPointExtension>
        </extensions>
      </trkpt>
      <trkpt lat="-4.09649885259568691253662109375" lon="-81.052249968051910400390625">
        <ele>0</ele>
        <time>2026-09-07T21:07:36.000Z</time>
        <extensions>
          <ns3:TrackPointExtension>
            <ns3:hr>119</ns3:hr>
          </ns3:TrackPointExtension>
        </extensions>
      </trkpt>
      <trkpt lat="-4.09689296968281269073486328125" lon="-81.0521388240158557891845703125">
        <ele>0</ele>
        <time>2026-09-07T21:07:42.000Z</time>
        <extensions>
          <ns3:TrackPointExtension>
            <ns3:hr>118</ns3:hr>
          </ns3:TrackPointExtension>
        </extensions>
      </trkpt>
      <trkpt lat="-4.09722992219030857086181640625" lon="-81.05202809907495975494384765625">
        <ele>0</ele>
        <time>2026-09-07T21:07:47.000Z</time>
        <extensions>
          <ns3:TrackPointExtension>
            <ns3:hr>118</ns3:hr>
          </ns3:TrackPointExtension>
        </extensions>
      </trkpt>
      <trkpt lat="-4.097293205559253692626953125" lon="-81.0519963316619396209716796875">
        <ele>0</ele>
        <time>2026-09-07T21:07:48.000Z</time>
        <extensions>
          <ns3:TrackPointExtension>
            <ns3:hr>118</ns3:hr>
          </ns3:TrackPointExtension>
        </extensions>
      </trkpt>
      <trkpt lat="-4.09734156914055347442626953125" lon="-81.0519607923924922943115234375">
        <ele>0</ele>
        <time>2026-09-07T21:07:49.000Z</time>
        <extensions>
          <ns3:TrackPointExtension>
            <ns3:hr>118</ns3:hr>
          </ns3:TrackPointExtension>
        </extensions>
      </trkpt>
      <trkpt lat="-4.097390435636043548583984375" lon="-81.051882170140743255615234375">
        <ele>0</ele>
        <time>2026-09-07T21:07:51.000Z</time>
        <extensions>
          <ns3:TrackPointExtension>
            <ns3:hr>117</ns3:hr>
          </ns3:TrackPointExtension>
        </extensions>
      </trkpt>
      <trkpt lat="-4.0974489413201808929443359375" lon="-81.05181612074375152587890625">
        <ele>0</ele>
        <time>2026-09-07T21:07:53.000Z</time>
        <extensions>
          <ns3:TrackPointExtension>
            <ns3:hr>117</ns3:hr>
          </ns3:TrackPointExtension>
        </extensions>
      </trkpt>
      <trkpt lat="-4.097535945475101470947265625" lon="-81.05176960118114948272705078125">
        <ele>0</ele>
        <time>2026-09-07T21:07:55.000Z</time>
        <extensions>
          <ns3:TrackPointExtension>
            <ns3:hr>116</ns3:hr>
          </ns3:TrackPointExtension>
        </extensions>
      </trkpt>
      <trkpt lat="-4.09780190326273441314697265625" lon="-81.05170623399317264556884765625">
        <ele>0</ele>
        <time>2026-09-07T21:08:00.000Z</time>
        <extensions>
          <ns3:TrackPointExtension>
            <ns3:hr>118</ns3:hr>
          </ns3:TrackPointExtension>
        </extensions>
      </trkpt>
      <trkpt lat="-4.09802704118192195892333984375" lon="-81.05168511159718036651611328125">
        <ele>0</ele>
        <time>2026-09-07T21:08:05.000Z</time>
        <extensions>
          <ns3:TrackPointExtension>
            <ns3:hr>115</ns3:hr>
          </ns3:TrackPointExtension>
        </extensions>
      </trkpt>
      <trkpt lat="-4.09804112277925014495849609375" lon="-81.0516746342182159423828125">
        <ele>0</ele>
        <time>2026-09-07T21:08:06.000Z</time>
        <extensions>
          <ns3:TrackPointExtension>
            <ns3:hr>116</ns3:hr>
          </ns3:TrackPointExtension>
        </extensions>
      </trkpt>
      <trkpt lat="-4.09799837507307529449462890625" lon="-81.051633395254611968994140625">
        <ele>0</ele>
        <time>2026-09-07T21:08:08.000Z</time>
        <extensions>
          <ns3:TrackPointExtension>
            <ns3:hr>117</ns3:hr>
          </ns3:TrackPointExtension>
        </extensions>
      </trkpt>
      <trkpt lat="-4.09791287966072559356689453125" lon="-81.05162509717047214508056640625">
        <ele>0</ele>
        <time>2026-09-07T21:08:10.000Z</time>
        <extensions>
          <ns3:TrackPointExtension>
            <ns3:hr>117</ns3:hr>
          </ns3:TrackPointExtension>
        </extensions>
      </trkpt>
      <trkpt lat="-4.09786443226039409637451171875" lon="-81.05163113214075565338134765625">
        <ele>0</ele>
        <time>2026-09-07T21:08:11.000Z</time>
        <extensions>
          <ns3:TrackPointExtension>
            <ns3:hr>116</ns3:hr>
          </ns3:TrackPointExtension>
        </extensions>
      </trkpt>
      <trkpt lat="-4.09775027073919773101806640625" lon="-81.05165845714509487152099609375">
        <ele>0</ele>
        <time>2026-09-07T21:08:13.000Z</time>
        <extensions>
          <ns3:TrackPointExtension>
            <ns3:hr>117</ns3:hr>
          </ns3:TrackPointExtension>
        </extensions>
      </trkpt>
      <trkpt lat="-4.09762487746775150299072265625" lon="-81.05170120485126972198486328125">
        <ele>0</ele>
        <time>2026-09-07T21:08:15.000Z</time>
        <extensions>
          <ns3:TrackPointExtension>
            <ns3:hr>118</ns3:hr>
          </ns3:TrackPointExtension>
        </extensions>
      </trkpt>
      <trkpt lat="-4.097436703741550445556640625" lon="-81.05177362449467182159423828125">
        <ele>0</ele>
        <time>2026-09-07T21:08:18.000Z</time>
        <extensions>
          <ns3:TrackPointExtension>
            <ns3:hr>118</ns3:hr>
          </ns3:TrackPointExtension>
        </extensions>
      </trkpt>
      <trkpt lat="-4.09730569459497928619384765625" lon="-81.05182441882789134979248046875">
        <ele>0</ele>
        <time>2026-09-07T21:08:20.000Z</time>
        <extensions>
          <ns3:TrackPointExtension>
            <ns3:hr>117</ns3:hr>
          </ns3:TrackPointExtension>
        </extensions>
      </trkpt>
      <trkpt lat="-4.09705323167145252227783203125" lon="-81.05194109492003917694091796875">
        <ele>0</ele>
        <time>2026-09-07T21:08:24.000Z</time>
        <extensions>
          <ns3:TrackPointExtension>
            <ns3:hr>114</ns3:hr>
          </ns3:TrackPointExtension>
        </extensions>
      </trkpt>
      <trkpt lat="-4.09688986837863922119140625" lon="-81.05204134248197078704833984375">
        <ele>0</ele>
        <time>2026-09-07T21:08:27.000Z</time>
        <extensions>
          <ns3:TrackPointExtension>
            <ns3:hr>112</ns3:hr>
          </ns3:TrackPointExtension>
        </extensions>
      </trkpt>
      <trkpt lat="-4.0966855175793170928955078125" lon="-81.0521877743303775787353515625">
        <ele>0</ele>
        <time>2026-09-07T21:08:32.000Z</time>
        <extensions>
          <ns3:TrackPointExtension>
            <ns3:hr>112</ns3:hr>
          </ns3:TrackPointExtension>
        </extensions>
      </trkpt>
      <trkpt lat="-4.0966295264661312103271484375" lon="-81.052215099334716796875">
        <ele>0</ele>
        <time>2026-09-07T21:08:35.000Z</time>
        <extensions>
          <ns3:TrackPointExtension>
            <ns3:hr>113</ns3:hr>
          </ns3:TrackPointExtension>
        </extensions>
      </trkpt>
      <trkpt lat="-4.09660949371755123138427734375" lon="-81.05220965109765529632568359375">
        <ele>0</ele>
        <time>2026-09-07T21:08:36.000Z</time>
        <extensions>
          <ns3:TrackPointExtension>
            <ns3:hr>113</ns3:hr>
          </ns3:TrackPointExtension>
        </extensions>
      </trkpt>
      <trkpt lat="-4.09645174629986286163330078125" lon="-81.05221685953438282012939453125">
        <ele>0</ele>
        <time>2026-09-07T21:08:40.000Z</time>
        <extensions>
          <ns3:TrackPointExtension>
            <ns3:hr>113</ns3:hr>
          </ns3:TrackPointExtension>
        </extensions>
      </trkpt>
      <trkpt lat="-4.09619425423443317413330078125" lon="-81.05224586091935634613037109375">
        <ele>0</ele>
        <time>2026-09-07T21:08:46.000Z</time>
        <extensions>
          <ns3:TrackPointExtension>
            <ns3:hr>113</ns3:hr>
          </ns3:TrackPointExtension>
        </extensions>
      </trkpt>
      <trkpt lat="-4.09614429809153079986572265625" lon="-81.05225826613605022430419921875">
        <ele>0</ele>
        <time>2026-09-07T21:08:47.000Z</time>
        <extensions>
          <ns3:TrackPointExtension>
            <ns3:hr>113</ns3:hr>
          </ns3:TrackPointExtension>
        </extensions>
      </trkpt>
      <trkpt lat="-4.09598051570355892181396484375" lon="-81.05232439935207366943359375">
        <ele>0</ele>
        <time>2026-09-07T21:08:50.000Z</time>
        <extensions>
          <ns3:TrackPointExtension>
            <ns3:hr>112</ns3:hr>
          </ns3:TrackPointExtension>
        </extensions>
      </trkpt>
      <trkpt lat="-4.0956937707960605621337890625" lon="-81.05249849148094654083251953125">
        <ele>0</ele>
        <time>2026-09-07T21:08:56.000Z</time>
        <extensions>
          <ns3:TrackPointExtension>
            <ns3:hr>110</ns3:hr>
          </ns3:TrackPointExtension>
        </extensions>
      </trkpt>
      <trkpt lat="-4.095469973981380462646484375" lon="-81.0526417382061481475830078125">
        <ele>0</ele>
        <time>2026-09-07T21:09:02.000Z</time>
        <extensions>
          <ns3:TrackPointExtension>
            <ns3:hr>110</ns3:hr>
          </ns3:TrackPointExtension>
        </extensions>
      </trkpt>
      <trkpt lat="-4.09542127512395381927490234375" lon="-81.05265003629028797149658203125">
        <ele>0</ele>
        <time>2026-09-07T21:09:04.000Z</time>
        <extensions>
          <ns3:TrackPointExtension>
            <ns3:hr>110</ns3:hr>
          </ns3:TrackPointExtension>
        </extensions>
      </trkpt>
      <trkpt lat="-4.09541465342044830322265625" lon="-81.0526259802281856536865234375">
        <ele>0</ele>
        <time>2026-09-07T21:09:05.000Z</time>
        <extensions>
          <ns3:TrackPointExtension>
            <ns3:hr>110</ns3:hr>
          </ns3:TrackPointExtension>
        </extensions>
      </trkpt>
      <trkpt lat="-4.095510207116603851318359375" lon="-81.0525274090468883514404296875">
        <ele>0</ele>
        <time>2026-09-07T21:09:08.000Z</time>
        <extensions>
          <ns3:TrackPointExtension>
            <ns3:hr>109</ns3:hr>
          </ns3:TrackPointExtension>
        </extensions>
      </trkpt>
      <trkpt lat="-4.09561791457235813140869140625" lon="-81.0524774529039859771728515625">
        <ele>0</ele>
        <time>2026-09-07T21:09:10.000Z</time>
        <extensions>
          <ns3:TrackPointExtension>
            <ns3:hr>108</ns3:hr>
          </ns3:TrackPointExtension>
        </extensions>
      </trkpt>
      <trkpt lat="-4.09573878161609172821044921875" lon="-81.05244250036776065826416015625">
        <ele>0</ele>
        <time>2026-09-07T21:09:12.000Z</time>
        <extensions>
          <ns3:TrackPointExtension>
            <ns3:hr>110</ns3:hr>
          </ns3:TrackPointExtension>
        </extensions>
      </trkpt>
      <trkpt lat="-4.0960966050624847412109375" lon="-81.05232481844723224639892578125">
        <ele>0</ele>
        <time>2026-09-07T21:09:18.000Z</time>
        <extensions>
          <ns3:TrackPointExtension>
            <ns3:hr>110</ns3:hr>
          </ns3:TrackPointExtension>
        </extensions>
      </trkpt>
      <trkpt lat="-4.09613776020705699920654296875" lon="-81.052269749343395233154296875">
        <ele>0</ele>
        <time>2026-09-07T21:09:20.000Z</time>
        <extensions>
          <ns3:TrackPointExtension>
            <ns3:hr>109</ns3:hr>
          </ns3:TrackPointExtension>
        </extensions>
      </trkpt>
      <trkpt lat="-4.09615301527082920074462890625" lon="-81.05223764665424823760986328125">
        <ele>0</ele>
        <time>2026-09-07T21:09:22.000Z</time>
        <extensions>
          <ns3:TrackPointExtension>
            <ns3:hr>110</ns3:hr>
          </ns3:TrackPointExtension>
        </extensions>
      </trkpt>
      <trkpt lat="-4.09616156481206417083740234375" lon="-81.0521961562335491180419921875">
        <ele>0</ele>
        <time>2026-09-07T21:09:24.000Z</time>
        <extensions>
          <ns3:TrackPointExtension>
            <ns3:hr>110</ns3:hr>
          </ns3:TrackPointExtension>
        </extensions>
      </trkpt>
      <trkpt lat="-4.096186794340610504150390625" lon="-81.05215902440249919891357421875">
        <ele>0</ele>
        <time>2026-09-07T21:09:25.000Z</time>
        <extensions>
          <ns3:TrackPointExtension>
            <ns3:hr>111</ns3:hr>
          </ns3:TrackPointExtension>
        </extensions>
      </trkpt>
      <trkpt lat="-4.09626566804945468902587890625" lon="-81.05208828113973140716552734375">
        <ele>0</ele>
        <time>2026-09-07T21:09:27.000Z</time>
        <extensions>
          <ns3:TrackPointExtension>
            <ns3:hr>112</ns3:hr>
          </ns3:TrackPointExtension>
        </extensions>
      </trkpt>
      <trkpt lat="-4.09641302190721035003662109375" lon="-81.05200831778347492218017578125">
        <ele>0</ele>
        <time>2026-09-07T21:09:30.000Z</time>
        <extensions>
          <ns3:TrackPointExtension>
            <ns3:hr>110</ns3:hr>
          </ns3:TrackPointExtension>
        </extensions>
      </trkpt>
      <trkpt lat="-4.096572697162628173828125" lon="-81.05194997973740100860595703125">
        <ele>0</ele>
        <time>2026-09-07T21:09:33.000Z</time>
        <extensions>
          <ns3:TrackPointExtension>
            <ns3:hr>109</ns3:hr>
          </ns3:TrackPointExtension>
        </extensions>
      </trkpt>
      <trkpt lat="-4.09687151201069355010986328125" lon="-81.05184202082455158233642578125">
        <ele>0</ele>
        <time>2026-09-07T21:09:38.000Z</time>
        <extensions>
          <ns3:TrackPointExtension>
            <ns3:hr>110</ns3:hr>
          </ns3:TrackPointExtension>
        </extensions>
      </trkpt>
      <trkpt lat="-4.09723042510449886322021484375" lon="-81.05172651819884777069091796875">
        <ele>0</ele>
        <time>2026-09-07T21:09:44.000Z</time>
        <extensions>
          <ns3:TrackPointExtension>
            <ns3:hr>108</ns3:hr>
          </ns3:TrackPointExtension>
        </extensions>
      </trkpt>
      <trkpt lat="-4.09749428741633892059326171875" lon="-81.0516711138188838958740234375">
        <ele>0</ele>
        <time>2026-09-07T21:09:49.000Z</time>
        <extensions>
          <ns3:TrackPointExtension>
            <ns3:hr>107</ns3:hr>
          </ns3:TrackPointExtension>
        </extensions>
      </trkpt>
      <trkpt lat="-4.09782537259161472320556640625" lon="-81.0516137816011905670166015625">
        <ele>0</ele>
        <time>2026-09-07T21:09:55.000Z</time>
        <extensions>
          <ns3:TrackPointExtension>
            <ns3:hr>107</ns3:hr>
          </ns3:TrackPointExtension>
        </extensions>
      </trkpt>
      <trkpt lat="-4.09787214361131191253662109375" lon="-81.0516156256198883056640625">
        <ele>0</ele>
        <time>2026-09-07T21:09:56.000Z</time>
        <extensions>
          <ns3:TrackPointExtension>
            <ns3:hr>108</ns3:hr>
          </ns3:TrackPointExtension>
        </extensions>
      </trkpt>
      <trkpt lat="-4.0979347564280033111572265625" lon="-81.051609255373477935791015625">
        <ele>0</ele>
        <time>2026-09-07T21:09:59.000Z</time>
        <extensions>
          <ns3:TrackPointExtension>
            <ns3:hr>108</ns3:hr>
          </ns3:TrackPointExtension>
        </extensions>
      </trkpt>
      <trkpt lat="-4.09769679419696331024169921875" lon="-81.05147791095077991485595703125">
        <ele>0</ele>
        <time>2026-09-07T21:10:05.000Z</time>
        <extensions>
          <ns3:TrackPointExtension>
            <ns3:hr>109</ns3:hr>
          </ns3:TrackPointExtension>
        </extensions>
      </trkpt>
      <trkpt lat="-4.09772227518260478973388671875" lon="-81.05139275081455707550048828125">
        <ele>0</ele>
        <time>2026-09-07T21:10:07.000Z</time>
        <extensions>
          <ns3:TrackPointExtension>
            <ns3:hr>110</ns3:hr>
          </ns3:TrackPointExtension>
        </extensions>
      </trkpt>
      <trkpt lat="-4.09775077365338802337646484375" lon="-81.0512590594589710235595703125">
        <ele>0</ele>
        <time>2026-09-07T21:10:18.000Z</time>
        <extensions>
          <ns3:TrackPointExtension>
            <ns3:hr>111</ns3:hr>
          </ns3:TrackPointExtension>
        </extensions>
      </trkpt>
      <trkpt lat="-4.09778296016156673431396484375" lon="-81.05124472640454769134521484375">
        <ele>0</ele>
        <time>2026-09-07T21:10:29.000Z</time>
        <extensions>
          <ns3:TrackPointExtension>
            <ns3:hr>110</ns3:hr>
          </ns3:TrackPointExtension>
        </extensions>
      </trkpt>
      <trkpt lat="-4.09775010310113430023193359375" lon="-81.05124724097549915313720703125">
        <ele>0</ele>
        <time>2026-09-07T21:10:34.000Z</time>
        <extensions>
          <ns3:TrackPointExtension>
            <ns3:hr>113</ns3:hr>
          </ns3:TrackPointExtension>
        </extensions>
      </trkpt>
      <trkpt lat="-4.09774155355989933013916015625" lon="-81.05123936198651790618896484375">
        <ele>0</ele>
        <time>2026-09-07T21:10:37.000Z</time>
        <extensions>
          <ns3:TrackPointExtension>
            <ns3:hr>112</ns3:hr>
          </ns3:TrackPointExtension>
        </extensions>
      </trkpt>
      <trkpt lat="-4.09773166291415691375732421875" lon="-81.05123936198651790618896484375">
        <ele>0</ele>
        <time>2026-09-07T21:10:38.000Z</time>
        <extensions>
          <ns3:TrackPointExtension>
            <ns3:hr>111</ns3:hr>
          </ns3:TrackPointExtension>
        </extensions>
      </trkpt>
      <trkpt lat="-4.09767843782901763916015625" lon="-81.05123450048267841339111328125">
        <ele>0</ele>
        <time>2026-09-07T21:10:43.000Z</time>
        <extensions>
          <ns3:TrackPointExtension>
            <ns3:hr>113</ns3:hr>
          </ns3:TrackPointExtension>
        </extensions>
      </trkpt>
      <trkpt lat="-4.0976522862911224365234375" lon="-81.05120281688868999481201171875">
        <ele>0</ele>
        <time>2026-09-07T21:10:47.000Z</time>
        <extensions>
          <ns3:TrackPointExtension>
            <ns3:hr>116</ns3:hr>
          </ns3:TrackPointExtension>
        </extensions>
      </trkpt>
      <trkpt lat="-4.09764583222568035125732421875" lon="-81.05119996704161167144775390625">
        <ele>0</ele>
        <time>2026-09-07T21:10:49.000Z</time>
        <extensions>
          <ns3:TrackPointExtension>
            <ns3:hr>116</ns3:hr>
          </ns3:TrackPointExtension>
        </extensions>
      </trkpt>
      <trkpt lat="-4.09763594157993793487548828125" lon="-81.05120725929737091064453125">
        <ele>0</ele>
        <time>2026-09-07T21:10:53.000Z</time>
        <extensions>
          <ns3:TrackPointExtension>
            <ns3:hr>119</ns3:hr>
          </ns3:TrackPointExtension>
        </extensions>
      </trkpt>
      <trkpt lat="-4.09763342700898647308349609375" lon="-81.05121689848601818084716796875">
        <ele>0</ele>
        <time>2026-09-07T21:10:57.000Z</time>
        <extensions>
          <ns3:TrackPointExtension>
            <ns3:hr>119</ns3:hr>
          </ns3:TrackPointExtension>
        </extensions>
      </trkpt>
      <trkpt lat="-4.09762420691549777984619140625" lon="-81.0512325726449489593505859375">
        <ele>0</ele>
        <time>2026-09-07T21:10:59.000Z</time>
        <extensions>
          <ns3:TrackPointExtension>
            <ns3:hr>118</ns3:hr>
          </ns3:TrackPointExtension>
        </extensions>
      </trkpt>
      <trkpt lat="-4.09760870039463043212890625" lon="-81.05124087072908878326416015625">
        <ele>0</ele>
        <time>2026-09-07T21:11:01.000Z</time>
        <extensions>
          <ns3:TrackPointExtension>
            <ns3:hr>115</ns3:hr>
          </ns3:TrackPointExtension>
        </extensions>
      </trkpt>
      <trkpt lat="-4.09760241396725177764892578125" lon="-81.05123802088201045989990234375">
        <ele>0</ele>
        <time>2026-09-07T21:11:02.000Z</time>
        <extensions>
          <ns3:TrackPointExtension>
            <ns3:hr>116</ns3:hr>
          </ns3:TrackPointExtension>
        </extensions>
      </trkpt>
      <trkpt lat="-4.09754558466374874114990234375" lon="-81.0512025654315948486328125">
        <ele>0</ele>
        <time>2026-09-07T21:11:07.000Z</time>
        <extensions>
          <ns3:TrackPointExtension>
            <ns3:hr>116</ns3:hr>
          </ns3:TrackPointExtension>
        </extensions>
      </trkpt>
      <trkpt lat="-4.097499065101146697998046875" lon="-81.051209606230258941650390625">
        <ele>0</ele>
        <time>2026-09-07T21:11:09.000Z</time>
        <extensions>
          <ns3:TrackPointExtension>
            <ns3:hr>115</ns3:hr>
          </ns3:TrackPointExtension>
        </extensions>
      </trkpt>
      <trkpt lat="-4.0974372066557407379150390625" lon="-81.0512349195778369903564453125">
        <ele>0</ele>
        <time>2026-09-07T21:11:13.000Z</time>
        <extensions>
          <ns3:TrackPointExtension>
            <ns3:hr>112</ns3:hr>
          </ns3:TrackPointExtension>
        </extensions>
      </trkpt>
      <trkpt lat="-4.09743058495223522186279296875" lon="-81.05122880078852176666259765625">
        <ele>0</ele>
        <time>2026-09-07T21:11:14.000Z</time>
        <extensions>
          <ns3:TrackPointExtension>
            <ns3:hr>111</ns3:hr>
          </ns3:TrackPointExtension>
        </extensions>
      </trkpt>
      <trkpt lat="-4.09731122665107250213623046875" lon="-81.0511561296880245208740234375">
        <ele>0</ele>
        <time>2026-09-07T21:11:24.000Z</time>
        <extensions>
          <ns3:TrackPointExtension>
            <ns3:hr>112</ns3:hr>
          </ns3:TrackPointExtension>
        </extensions>
      </trkpt>
      <trkpt lat="-4.0971884317696094512939453125" lon="-81.0511531122028827667236328125">
        <ele>0</ele>
        <time>2026-09-07T21:11:27.000Z</time>
        <extensions>
          <ns3:TrackPointExtension>
            <ns3:hr>112</ns3:hr>
          </ns3:TrackPointExtension>
        </extensions>
      </trkpt>
      <trkpt lat="-4.09689967520534992218017578125" lon="-81.0512132942676544189453125">
        <ele>0</ele>
        <time>2026-09-07T21:11:34.000Z</time>
        <extensions>
          <ns3:TrackPointExtension>
            <ns3:hr>111</ns3:hr>
          </ns3:TrackPointExtension>
        </extensions>
      </trkpt>
      <trkpt lat="-4.0967985056340694427490234375" lon="-81.051225364208221435546875">
        <ele>0</ele>
        <time>2026-09-07T21:11:38.000Z</time>
        <extensions>
          <ns3:TrackPointExtension>
            <ns3:hr>111</ns3:hr>
          </ns3:TrackPointExtension>
        </extensions>
      </trkpt>
      <trkpt lat="-4.09685902297496795654296875" lon="-81.05116308666765689849853515625">
        <ele>0</ele>
        <time>2026-09-07T21:11:41.000Z</time>
        <extensions>
          <ns3:TrackPointExtension>
            <ns3:hr>110</ns3:hr>
          </ns3:TrackPointExtension>
        </extensions>
      </trkpt>
      <trkpt lat="-4.09697712399065494537353515625" lon="-81.05114154517650604248046875">
        <ele>0</ele>
        <time>2026-09-07T21:11:44.000Z</time>
        <extensions>
          <ns3:TrackPointExtension>
            <ns3:hr>106</ns3:hr>
          </ns3:TrackPointExtension>
        </extensions>
      </trkpt>
      <trkpt lat="-4.09709095023572444915771484375" lon="-81.0511220991611480712890625">
        <ele>0</ele>
        <time>2026-09-07T21:11:47.000Z</time>
        <extensions>
          <ns3:TrackPointExtension>
            <ns3:hr>104</ns3:hr>
          </ns3:TrackPointExtension>
        </extensions>
      </trkpt>
      <trkpt lat="-4.09710855223238468170166015625" lon="-81.05109888128936290740966796875">
        <ele>0</ele>
        <time>2026-09-07T21:11:49.000Z</time>
        <extensions>
          <ns3:TrackPointExtension>
            <ns3:hr>104</ns3:hr>
          </ns3:TrackPointExtension>
        </extensions>
      </trkpt>
      <trkpt lat="-4.0970868431031703948974609375" lon="-81.05107784271240234375">
        <ele>0</ele>
        <time>2026-09-07T21:11:50.000Z</time>
        <extensions>
          <ns3:TrackPointExtension>
            <ns3:hr>103</ns3:hr>
          </ns3:TrackPointExtension>
        </extensions>
      </trkpt>
      <trkpt lat="-4.0969705022871494293212890625" lon="-81.0510711371898651123046875">
        <ele>0</ele>
        <time>2026-09-07T21:11:53.000Z</time>
        <extensions>
          <ns3:TrackPointExtension>
            <ns3:hr>102</ns3:hr>
          </ns3:TrackPointExtension>
        </extensions>
      </trkpt>
      <trkpt lat="-4.096750058233737945556640625" lon="-81.0511650145053863525390625">
        <ele>0</ele>
        <time>2026-09-07T21:11:58.000Z</time>
        <extensions>
          <ns3:TrackPointExtension>
            <ns3:hr>101</ns3:hr>
          </ns3:TrackPointExtension>
        </extensions>
      </trkpt>
      <trkpt lat="-4.09630338661372661590576171875" lon="-81.05138252489268779754638671875">
        <ele>0</ele>
        <time>2026-09-07T21:12:08.000Z</time>
        <extensions>
          <ns3:TrackPointExtension>
            <ns3:hr>103</ns3:hr>
          </ns3:TrackPointExtension>
        </extensions>
      </trkpt>
      <trkpt lat="-4.096009768545627593994140625" lon="-81.0514944233000278472900390625">
        <ele>0</ele>
        <time>2026-09-07T21:12:15.000Z</time>
        <extensions>
          <ns3:TrackPointExtension>
            <ns3:hr>104</ns3:hr>
          </ns3:TrackPointExtension>
        </extensions>
      </trkpt>
      <trkpt lat="-4.09570592455565929412841796875" lon="-81.0516181401908397674560546875">
        <ele>0</ele>
        <time>2026-09-07T21:12:21.000Z</time>
        <extensions>
          <ns3:TrackPointExtension>
            <ns3:hr>107</ns3:hr>
          </ns3:TrackPointExtension>
        </extensions>
      </trkpt>
      <trkpt lat="-4.09554733894765377044677734375" lon="-81.05171243660151958465576171875">
        <ele>0</ele>
        <time>2026-09-07T21:12:24.000Z</time>
        <extensions>
          <ns3:TrackPointExtension>
            <ns3:hr>111</ns3:hr>
          </ns3:TrackPointExtension>
        </extensions>
      </trkpt>
      <trkpt lat="-4.09535405226051807403564453125" lon="-81.051829867064952850341796875">
        <ele>0</ele>
        <time>2026-09-07T21:12:28.000Z</time>
        <extensions>
          <ns3:TrackPointExtension>
            <ns3:hr>113</ns3:hr>
          </ns3:TrackPointExtension>
        </extensions>
      </trkpt>
      <trkpt lat="-4.095154143869876861572265625" lon="-81.05195936746895313262939453125">
        <ele>0</ele>
        <time>2026-09-07T21:12:33.000Z</time>
        <extensions>
          <ns3:TrackPointExtension>
            <ns3:hr>114</ns3:hr>
          </ns3:TrackPointExtension>
        </extensions>
      </trkpt>
      <trkpt lat="-4.0950624458491802215576171875" lon="-81.0520362295210361480712890625">
        <ele>0</ele>
        <time>2026-09-07T21:12:37.000Z</time>
        <extensions>
          <ns3:TrackPointExtension>
            <ns3:hr>114</ns3:hr>
          </ns3:TrackPointExtension>
        </extensions>
      </trkpt>
      <trkpt lat="-4.0950597636401653289794921875" lon="-81.0520288534462451934814453125">
        <ele>0</ele>
        <time>2026-09-07T21:12:38.000Z</time>
        <extensions>
          <ns3:TrackPointExtension>
            <ns3:hr>114</ns3:hr>
          </ns3:TrackPointExtension>
        </extensions>
      </trkpt>
      <trkpt lat="-4.0951056964695453643798828125" lon="-81.0519643127918243408203125">
        <ele>0</ele>
        <time>2026-09-07T21:12:42.000Z</time>
        <extensions>
          <ns3:TrackPointExtension>
            <ns3:hr>113</ns3:hr>
          </ns3:TrackPointExtension>
        </extensions>
      </trkpt>
      <trkpt lat="-4.09515238367021083831787109375" lon="-81.05189952068030834197998046875">
        <ele>0</ele>
        <time>2026-09-07T21:12:44.000Z</time>
        <extensions>
          <ns3:TrackPointExtension>
            <ns3:hr>113</ns3:hr>
          </ns3:TrackPointExtension>
        </extensions>
      </trkpt>
      <trkpt lat="-4.09518926404416561126708984375" lon="-81.0518677532672882080078125">
        <ele>0</ele>
        <time>2026-09-07T21:12:45.000Z</time>
        <extensions>
          <ns3:TrackPointExtension>
            <ns3:hr>112</ns3:hr>
          </ns3:TrackPointExtension>
        </extensions>
      </trkpt>
      <trkpt lat="-4.09523653797805309295654296875" lon="-81.05183749459683895111083984375">
        <ele>0</ele>
        <time>2026-09-07T21:12:46.000Z</time>
        <extensions>
          <ns3:TrackPointExtension>
            <ns3:hr>112</ns3:hr>
          </ns3:TrackPointExtension>
        </extensions>
      </trkpt>
      <trkpt lat="-4.09535371698439121246337890625" lon="-81.05178569443523883819580078125">
        <ele>0</ele>
        <time>2026-09-07T21:12:48.000Z</time>
        <extensions>
          <ns3:TrackPointExtension>
            <ns3:hr>111</ns3:hr>
          </ns3:TrackPointExtension>
        </extensions>
      </trkpt>
      <trkpt lat="-4.09541859291493892669677734375" lon="-81.05176675133407115936279296875">
        <ele>0</ele>
        <time>2026-09-07T21:12:49.000Z</time>
        <extensions>
          <ns3:TrackPointExtension>
            <ns3:hr>111</ns3:hr>
          </ns3:TrackPointExtension>
        </extensions>
      </trkpt>
      <trkpt lat="-4.09587775357067584991455078125" lon="-81.051646806299686431884765625">
        <ele>0</ele>
        <time>2026-09-07T21:12:56.000Z</time>
        <extensions>
          <ns3:TrackPointExtension>
            <ns3:hr>111</ns3:hr>
          </ns3:TrackPointExtension>
        </extensions>
      </trkpt>
      <trkpt lat="-4.09622996114194393157958984375" lon="-81.051535494625568389892578125">
        <ele>0</ele>
        <time>2026-09-07T21:13:02.000Z</time>
        <extensions>
          <ns3:TrackPointExtension>
            <ns3:hr>111</ns3:hr>
          </ns3:TrackPointExtension>
        </extensions>
      </trkpt>
      <trkpt lat="-4.096571691334247589111328125" lon="-81.05145938694477081298828125">
        <ele>0</ele>
        <time>2026-09-07T21:13:08.000Z</time>
        <extensions>
          <ns3:TrackPointExtension>
            <ns3:hr>111</ns3:hr>
          </ns3:TrackPointExtension>
        </extensions>
      </trkpt>
      <trkpt lat="-4.09688718616962432861328125" lon="-81.0514042340219020843505859375">
        <ele>0</ele>
        <time>2026-09-07T21:13:14.000Z</time>
        <extensions>
          <ns3:TrackPointExtension>
            <ns3:hr>111</ns3:hr>
          </ns3:TrackPointExtension>
        </extensions>
      </trkpt>
      <trkpt lat="-4.0972293354570865631103515625" lon="-81.05132670141756534576416015625">
        <ele>0</ele>
        <time>2026-09-07T21:13:22.000Z</time>
        <extensions>
          <ns3:TrackPointExtension>
            <ns3:hr>111</ns3:hr>
          </ns3:TrackPointExtension>
        </extensions>
      </trkpt>
      <trkpt lat="-4.09739621914923191070556640625" lon="-81.0512749850749969482421875">
        <ele>0</ele>
        <time>2026-09-07T21:13:26.000Z</time>
        <extensions>
          <ns3:TrackPointExtension>
            <ns3:hr>110</ns3:hr>
          </ns3:TrackPointExtension>
        </extensions>
      </trkpt>
      <trkpt lat="-4.09744114615023136138916015625" lon="-81.05126551352441310882568359375">
        <ele>0</ele>
        <time>2026-09-07T21:13:27.000Z</time>
        <extensions>
          <ns3:TrackPointExtension>
            <ns3:hr>109</ns3:hr>
          </ns3:TrackPointExtension>
        </extensions>
      </trkpt>
      <trkpt lat="-4.0976900048553943634033203125" lon="-81.05120818130671977996826171875">
        <ele>0</ele>
        <time>2026-09-07T21:13:34.000Z</time>
        <extensions>
          <ns3:TrackPointExtension>
            <ns3:hr>107</ns3:hr>
          </ns3:TrackPointExtension>
        </extensions>
      </trkpt>
      <trkpt lat="-4.0977956168353557586669921875" lon="-81.05119921267032623291015625">
        <ele>0</ele>
        <time>2026-09-07T21:13:39.000Z</time>
        <extensions>
          <ns3:TrackPointExtension>
            <ns3:hr>110</ns3:hr>
          </ns3:TrackPointExtension>
        </extensions>
      </trkpt>
      <trkpt lat="-4.097797460854053497314453125" lon="-81.05118353851139545440673828125">
        <ele>0</ele>
        <time>2026-09-07T21:13:43.000Z</time>
        <extensions>
          <ns3:TrackPointExtension>
            <ns3:hr>109</ns3:hr>
          </ns3:TrackPointExtension>
        </extensions>
      </trkpt>
      <trkpt lat="-4.0978003107011318206787109375" lon="-81.0511604882776737213134765625">
        <ele>0</ele>
        <time>2026-09-07T21:13:49.000Z</time>
        <extensions>
          <ns3:TrackPointExtension>
            <ns3:hr>108</ns3:hr>
          </ns3:TrackPointExtension>
        </extensions>
      </trkpt>
      <trkpt lat="-4.09780458547174930572509765625" lon="-81.05114213190972805023193359375">
        <ele>0</ele>
        <time>2026-09-07T21:13:53.000Z</time>
        <extensions>
          <ns3:TrackPointExtension>
            <ns3:hr>109</ns3:hr>
          </ns3:TrackPointExtension>
        </extensions>
      </trkpt>
      <trkpt lat="-4.09782864153385162353515625" lon="-81.05111514218151569366455078125">
        <ele>0</ele>
        <time>2026-09-07T21:13:56.000Z</time>
        <extensions>
          <ns3:TrackPointExtension>
            <ns3:hr>108</ns3:hr>
          </ns3:TrackPointExtension>
        </extensions>
      </trkpt>
      <trkpt lat="-4.09788404591381549835205078125" lon="-81.05105227790772914886474609375">
        <ele>0</ele>
        <time>2026-09-07T21:14:03.000Z</time>
        <extensions>
          <ns3:TrackPointExtension>
            <ns3:hr>108</ns3:hr>
          </ns3:TrackPointExtension>
        </extensions>
      </trkpt>
      <trkpt lat="-4.097891338169574737548828125" lon="-81.051050014793872833251953125">
        <ele>0</ele>
        <time>2026-09-07T21:14:04.000Z</time>
        <extensions>
          <ns3:TrackPointExtension>
            <ns3:hr>109</ns3:hr>
          </ns3:TrackPointExtension>
        </extensions>
      </trkpt>
      <trkpt lat="-4.0979521907866001129150390625" lon="-81.05100617744028568267822265625">
        <ele>0</ele>
        <time>2026-09-07T21:14:12.000Z</time>
        <extensions>
          <ns3:TrackPointExtension>
            <ns3:hr>107</ns3:hr>
          </ns3:TrackPointExtension>
        </extensions>
      </trkpt>
      <trkpt lat="-4.098048917949199676513671875" lon="-81.050919592380523681640625">
        <ele>0</ele>
        <time>2026-09-07T21:14:21.000Z</time>
        <extensions>
          <ns3:TrackPointExtension>
            <ns3:hr>107</ns3:hr>
          </ns3:TrackPointExtension>
        </extensions>
      </trkpt>
      <trkpt lat="-4.09807230345904827117919921875" lon="-81.05090148746967315673828125">
        <ele>0</ele>
        <time>2026-09-07T21:14:27.000Z</time>
        <extensions>
          <ns3:TrackPointExtension>
            <ns3:hr>108</ns3:hr>
          </ns3:TrackPointExtension>
        </extensions>
      </trkpt>
      <trkpt lat="-4.09807582385838031768798828125" lon="-81.0508738271892070770263671875">
        <ele>0</ele>
        <time>2026-09-07T21:14:34.000Z</time>
        <extensions>
          <ns3:TrackPointExtension>
            <ns3:hr>109</ns3:hr>
          </ns3:TrackPointExtension>
        </extensions>
      </trkpt>
      <trkpt lat="-4.09814053215086460113525390625" lon="-81.05085396207869052886962890625">
        <ele>0</ele>
        <time>2026-09-07T21:14:42.000Z</time>
        <extensions>
          <ns3:TrackPointExtension>
            <ns3:hr>108</ns3:hr>
          </ns3:TrackPointExtension>
        </extensions>
      </trkpt>
      <trkpt lat="-4.0981806814670562744140625" lon="-81.0508436523377895355224609375">
        <ele>0</ele>
        <time>2026-09-07T21:14:46.000Z</time>
        <extensions>
          <ns3:TrackPointExtension>
            <ns3:hr>111</ns3:hr>
          </ns3:TrackPointExtension>
        </extensions>
      </trkpt>
      <trkpt lat="-4.09822988323867321014404296875" lon="-81.0508399643003940582275390625">
        <ele>0</ele>
        <time>2026-09-07T21:14:51.000Z</time>
        <extensions>
          <ns3:TrackPointExtension>
            <ns3:hr>112</ns3:hr>
          </ns3:TrackPointExtension>
        </extensions>
      </trkpt>
      <trkpt lat="-4.09824480302631855010986328125" lon="-81.05083367787301540374755859375">
        <ele>0</ele>
        <time>2026-09-07T21:14:57.000Z</time>
        <extensions>
          <ns3:TrackPointExtension>
            <ns3:hr>112</ns3:hr>
          </ns3:TrackPointExtension>
        </extensions>
      </trkpt>
      <trkpt lat="-4.0982898138463497161865234375" lon="-81.05079126544296741485595703125">
        <ele>0</ele>
        <time>2026-09-07T21:15:07.000Z</time>
        <extensions>
          <ns3:TrackPointExtension>
            <ns3:hr>112</ns3:hr>
          </ns3:TrackPointExtension>
        </extensions>
      </trkpt>
      <trkpt lat="-4.09829995594918727874755859375" lon="-81.05078774504363536834716796875">
        <ele>0</ele>
        <time>2026-09-07T21:15:15.000Z</time>
        <extensions>
          <ns3:TrackPointExtension>
            <ns3:hr>110</ns3:hr>
          </ns3:TrackPointExtension>
        </extensions>
      </trkpt>
      <trkpt lat="-4.09830272197723388671875" lon="-81.05079478584229946136474609375">
        <ele>0</ele>
        <time>2026-09-07T21:15:23.000Z</time>
        <extensions>
          <ns3:TrackPointExtension>
            <ns3:hr>107</ns3:hr>
          </ns3:TrackPointExtension>
        </extensions>
      </trkpt>
      <trkpt lat="-4.09830205142498016357421875" lon="-81.05079344473779201507568359375">
        <ele>0</ele>
        <time>2026-09-07T21:15:26.000Z</time>
        <extensions>
          <ns3:TrackPointExtension>
            <ns3:hr>110</ns3:hr>
          </ns3:TrackPointExtension>
        </extensions>
      </trkpt>
      <trkpt lat="-4.09830205142498016357421875" lon="-81.05079344473779201507568359375">
        <ele>0</ele>
        <time>2026-09-07T21:15:29.000Z</time>
        <extensions>
          <ns3:TrackPointExtension>
            <ns3:hr>107</ns3:hr>
          </ns3:TrackPointExtension>
        </extensions>
      </trkpt>
      <trkpt lat="-4.09830263815820217132568359375" lon="-81.0507936961948871612548828125">
        <ele>0</ele>
        <time>2026-09-07T21:15:44.000Z</time>
        <extensions>
          <ns3:TrackPointExtension>
            <ns3:hr>104</ns3:hr>
          </ns3:TrackPointExtension>
        </extensions>
      </trkpt>
    </trkseg>
  </trk>
</gpx>
