<?xml version="1.0" encoding="UTF-8"?>
<gpx creator="Garmin Connect" version="1.1"
  xsi:schemaLocation="http://www.topografix.com/GPX/1/1 http://www.topografix.com/GPX/11.xsd"
  xmlns:ns3="http://www.garmin.com/xmlschemas/TrackPointExtension/v1"
  xmlns="http://www.topografix.com/GPX/1/1"
  xmlns:xsi="http://www.w3.org/2001/XMLSchema-instance" xmlns:ns2="http://www.garmin.com/xmlschemas/GpxExtensions/v3">
  <metadata>
    <link href="connect.garmin.com">
      <text>Garmin Connect</text>
    </link>
    <time>2026-09-03T20:43:54.000Z</time>
  </metadata>
  <trk>
    <name>Mancora Kiteboarding</name>
    <desc>Gros upwind puis gros downind: c’était rigolo</desc>
    <type>kiteboarding_v2</type>
    <trkseg>
      <trkpt lat="-4.09831688739359378814697265625" lon="-81.05058540590107440948486328125">
        <ele>0</ele>
        <time>2026-09-03T20:44:16.000Z</time>
        <extensions>
          <ns3:TrackPointExtension>
            <ns3:hr>101</ns3:hr>
          </ns3:TrackPointExtension>
        </extensions>
      </trkpt>
      <trkpt lat="-4.09832694567739963531494140625" lon="-81.0506334342062473297119140625">
        <ele>0</ele>
        <time>2026-09-03T20:44:18.000Z</time>
        <extensions>
          <ns3:TrackPointExtension>
            <ns3:hr>104</ns3:hr>
          </ns3:TrackPointExtension>
        </extensions>
      </trkpt>
      <trkpt lat="-4.09831135533750057220458984375" lon="-81.05064206756651401519775390625">
        <ele>0</ele>
        <time>2026-09-03T20:44:20.000Z</time>
        <extensions>
          <ns3:TrackPointExtension>
            <ns3:hr>105</ns3:hr>
          </ns3:TrackPointExtension>
        </extensions>
      </trkpt>
      <trkpt lat="-4.09829199314117431640625" lon="-81.05067525990307331085205078125">
        <ele>0</ele>
        <time>2026-09-03T20:44:25.000Z</time>
        <extensions>
          <ns3:TrackPointExtension>
            <ns3:hr>108</ns3:hr>
          </ns3:TrackPointExtension>
        </extensions>
      </trkpt>
      <trkpt lat="-4.09828788600862026214599609375" lon="-81.05068825185298919677734375">
        <ele>0</ele>
        <time>2026-09-03T20:44:26.000Z</time>
        <extensions>
          <ns3:TrackPointExtension>
            <ns3:hr>107</ns3:hr>
          </ns3:TrackPointExtension>
        </extensions>
      </trkpt>
      <trkpt lat="-4.09826877526938915252685546875" lon="-81.05071146972477436065673828125">
        <ele>0</ele>
        <time>2026-09-03T20:44:29.000Z</time>
        <extensions>
          <ns3:TrackPointExtension>
            <ns3:hr>103</ns3:hr>
          </ns3:TrackPointExtension>
        </extensions>
      </trkpt>
      <trkpt lat="-4.0982623212039470672607421875" lon="-81.05071934871375560760498046875">
        <ele>0</ele>
        <time>2026-09-03T20:44:30.000Z</time>
        <extensions>
          <ns3:TrackPointExtension>
            <ns3:hr>106</ns3:hr>
          </ns3:TrackPointExtension>
        </extensions>
      </trkpt>
      <trkpt lat="-4.09825519658625125885009765625" lon="-81.05072421021759510040283203125">
        <ele>0</ele>
        <time>2026-09-03T20:44:31.000Z</time>
        <extensions>
          <ns3:TrackPointExtension>
            <ns3:hr>105</ns3:hr>
          </ns3:TrackPointExtension>
        </extensions>
      </trkpt>
      <trkpt lat="-4.0981431305408477783203125" lon="-81.05080895125865936279296875">
        <ele>0</ele>
        <time>2026-09-03T20:44:43.000Z</time>
        <extensions>
          <ns3:TrackPointExtension>
            <ns3:hr>105</ns3:hr>
          </ns3:TrackPointExtension>
        </extensions>
      </trkpt>
      <trkpt lat="-4.098085463047027587890625" lon="-81.05087055824697017669677734375">
        <ele>0</ele>
        <time>2026-09-03T20:44:50.000Z</time>
        <extensions>
          <ns3:TrackPointExtension>
            <ns3:hr>106</ns3:hr>
          </ns3:TrackPointExtension>
        </extensions>
      </trkpt>
      <trkpt lat="-4.09807682968676090240478515625" lon="-81.05088983662426471710205078125">
        <ele>0</ele>
        <time>2026-09-03T20:44:52.000Z</time>
        <extensions>
          <ns3:TrackPointExtension>
            <ns3:hr>108</ns3:hr>
          </ns3:TrackPointExtension>
        </extensions>
      </trkpt>
      <trkpt lat="-4.09806258045136928558349609375" lon="-81.05094440281391143798828125">
        <ele>0</ele>
        <time>2026-09-03T20:44:57.000Z</time>
        <extensions>
          <ns3:TrackPointExtension>
            <ns3:hr>105</ns3:hr>
          </ns3:TrackPointExtension>
        </extensions>
      </trkpt>
      <trkpt lat="-4.098057635128498077392578125" lon="-81.05096711777150630950927734375">
        <ele>0</ele>
        <time>2026-09-03T20:45:02.000Z</time>
        <extensions>
          <ns3:TrackPointExtension>
            <ns3:hr>104</ns3:hr>
          </ns3:TrackPointExtension>
        </extensions>
      </trkpt>
      <trkpt lat="-4.0980728901922702789306640625" lon="-81.05090953409671783447265625">
        <ele>0</ele>
        <time>2026-09-03T20:45:08.000Z</time>
        <extensions>
          <ns3:TrackPointExtension>
            <ns3:hr>102</ns3:hr>
          </ns3:TrackPointExtension>
        </extensions>
      </trkpt>
      <trkpt lat="-4.098060987889766693115234375" lon="-81.0508879087865352630615234375">
        <ele>0</ele>
        <time>2026-09-03T20:45:10.000Z</time>
        <extensions>
          <ns3:TrackPointExtension>
            <ns3:hr>103</ns3:hr>
          </ns3:TrackPointExtension>
        </extensions>
      </trkpt>
      <trkpt lat="-4.098046906292438507080078125" lon="-81.05087332427501678466796875">
        <ele>0</ele>
        <time>2026-09-03T20:45:12.000Z</time>
        <extensions>
          <ns3:TrackPointExtension>
            <ns3:hr>106</ns3:hr>
          </ns3:TrackPointExtension>
        </extensions>
      </trkpt>
      <trkpt lat="-4.0980398654937744140625" lon="-81.05085345916450023651123046875">
        <ele>0</ele>
        <time>2026-09-03T20:45:16.000Z</time>
        <extensions>
          <ns3:TrackPointExtension>
            <ns3:hr>112</ns3:hr>
          </ns3:TrackPointExtension>
        </extensions>
      </trkpt>
      <trkpt lat="-4.0980407036840915679931640625" lon="-81.050851531326770782470703125">
        <ele>0</ele>
        <time>2026-09-03T20:45:17.000Z</time>
        <extensions>
          <ns3:TrackPointExtension>
            <ns3:hr>112</ns3:hr>
          </ns3:TrackPointExtension>
        </extensions>
      </trkpt>
      <trkpt lat="-4.09803408198058605194091796875" lon="-81.05084641836583614349365234375">
        <ele>0</ele>
        <time>2026-09-03T20:45:20.000Z</time>
        <extensions>
          <ns3:TrackPointExtension>
            <ns3:hr>109</ns3:hr>
          </ns3:TrackPointExtension>
        </extensions>
      </trkpt>
      <trkpt lat="-4.09800876863300800323486328125" lon="-81.05084516108036041259765625">
        <ele>0</ele>
        <time>2026-09-03T20:45:23.000Z</time>
        <extensions>
          <ns3:TrackPointExtension>
            <ns3:hr>111</ns3:hr>
          </ns3:TrackPointExtension>
        </extensions>
      </trkpt>
      <trkpt lat="-4.09799586050212383270263671875" lon="-81.0508453287184238433837890625">
        <ele>0</ele>
        <time>2026-09-03T20:45:24.000Z</time>
        <extensions>
          <ns3:TrackPointExtension>
            <ns3:hr>111</ns3:hr>
          </ns3:TrackPointExtension>
        </extensions>
      </trkpt>
      <trkpt lat="-4.09795680083334445953369140625" lon="-81.05084708891808986663818359375">
        <ele>0</ele>
        <time>2026-09-03T20:45:29.000Z</time>
        <extensions>
          <ns3:TrackPointExtension>
            <ns3:hr>108</ns3:hr>
          </ns3:TrackPointExtension>
        </extensions>
      </trkpt>
      <trkpt lat="-4.097946323454380035400390625" lon="-81.0508486814796924591064453125">
        <ele>0</ele>
        <time>2026-09-03T20:45:33.000Z</time>
        <extensions>
          <ns3:TrackPointExtension>
            <ns3:hr>106</ns3:hr>
          </ns3:TrackPointExtension>
        </extensions>
      </trkpt>
      <trkpt lat="-4.09794799983501434326171875" lon="-81.05083845555782318115234375">
        <ele>0</ele>
        <time>2026-09-03T20:45:41.000Z</time>
        <extensions>
          <ns3:TrackPointExtension>
            <ns3:hr>107</ns3:hr>
          </ns3:TrackPointExtension>
        </extensions>
      </trkpt>
      <trkpt lat="-4.09795604646205902099609375" lon="-81.050835438072681427001953125">
        <ele>0</ele>
        <time>2026-09-03T20:45:52.000Z</time>
        <extensions>
          <ns3:TrackPointExtension>
            <ns3:hr>104</ns3:hr>
          </ns3:TrackPointExtension>
        </extensions>
      </trkpt>
      <trkpt lat="-4.09795604646205902099609375" lon="-81.050835438072681427001953125">
        <ele>0</ele>
        <time>2026-09-03T20:45:55.000Z</time>
        <extensions>
          <ns3:TrackPointExtension>
            <ns3:hr>103</ns3:hr>
          </ns3:TrackPointExtension>
        </extensions>
      </trkpt>
      <trkpt lat="-4.09796333871781826019287109375" lon="-81.050833426415920257568359375">
        <ele>0</ele>
        <time>2026-09-03T20:46:03.000Z</time>
        <extensions>
          <ns3:TrackPointExtension>
            <ns3:hr>99</ns3:hr>
          </ns3:TrackPointExtension>
        </extensions>
      </trkpt>
      <trkpt lat="-4.097978174686431884765625" lon="-81.050826050341129302978515625">
        <ele>0</ele>
        <time>2026-09-03T20:46:18.000Z</time>
        <extensions>
          <ns3:TrackPointExtension>
            <ns3:hr>96</ns3:hr>
          </ns3:TrackPointExtension>
        </extensions>
      </trkpt>
      <trkpt lat="-4.09798664040863513946533203125" lon="-81.0507859848439693450927734375">
        <ele>0</ele>
        <time>2026-09-03T20:46:21.000Z</time>
        <extensions>
          <ns3:TrackPointExtension>
            <ns3:hr>97</ns3:hr>
          </ns3:TrackPointExtension>
        </extensions>
      </trkpt>
      <trkpt lat="-4.0980011411011219024658203125" lon="-81.0507977195084095001220703125">
        <ele>0</ele>
        <time>2026-09-03T20:46:25.000Z</time>
        <extensions>
          <ns3:TrackPointExtension>
            <ns3:hr>96</ns3:hr>
          </ns3:TrackPointExtension>
        </extensions>
      </trkpt>
      <trkpt lat="-4.0980068407952785491943359375" lon="-81.05080300010740756988525390625">
        <ele>0</ele>
        <time>2026-09-03T20:46:26.000Z</time>
        <extensions>
          <ns3:TrackPointExtension>
            <ns3:hr>96</ns3:hr>
          </ns3:TrackPointExtension>
        </extensions>
      </trkpt>
      <trkpt lat="-4.0980108641088008880615234375" lon="-81.05080903507769107818603515625">
        <ele>0</ele>
        <time>2026-09-03T20:46:27.000Z</time>
        <extensions>
          <ns3:TrackPointExtension>
            <ns3:hr>99</ns3:hr>
          </ns3:TrackPointExtension>
        </extensions>
      </trkpt>
      <trkpt lat="-4.09800608642399311065673828125" lon="-81.05086016468703746795654296875">
        <ele>0</ele>
        <time>2026-09-03T20:46:32.000Z</time>
        <extensions>
          <ns3:TrackPointExtension>
            <ns3:hr>96</ns3:hr>
          </ns3:TrackPointExtension>
        </extensions>
      </trkpt>
      <trkpt lat="-4.09800340421497821807861328125" lon="-81.05087927542626857757568359375">
        <ele>0</ele>
        <time>2026-09-03T20:46:34.000Z</time>
        <extensions>
          <ns3:TrackPointExtension>
            <ns3:hr>98</ns3:hr>
          </ns3:TrackPointExtension>
        </extensions>
      </trkpt>
      <trkpt lat="-4.09803810529410839080810546875" lon="-81.0509026609361171722412109375">
        <ele>0</ele>
        <time>2026-09-03T20:46:41.000Z</time>
        <extensions>
          <ns3:TrackPointExtension>
            <ns3:hr>99</ns3:hr>
          </ns3:TrackPointExtension>
        </extensions>
      </trkpt>
      <trkpt lat="-4.0980733931064605712890625" lon="-81.05089955963194370269775390625">
        <ele>0</ele>
        <time>2026-09-03T20:46:48.000Z</time>
        <extensions>
          <ns3:TrackPointExtension>
            <ns3:hr>99</ns3:hr>
          </ns3:TrackPointExtension>
        </extensions>
      </trkpt>
      <trkpt lat="-4.09807766787707805633544921875" lon="-81.05089209973812103271484375">
        <ele>0</ele>
        <time>2026-09-03T20:46:59.000Z</time>
        <extensions>
          <ns3:TrackPointExtension>
            <ns3:hr>101</ns3:hr>
          </ns3:TrackPointExtension>
        </extensions>
      </trkpt>
      <trkpt lat="-4.098075740039348602294921875" lon="-81.050894446671009063720703125">
        <ele>0</ele>
        <time>2026-09-03T20:47:12.000Z</time>
        <extensions>
          <ns3:TrackPointExtension>
            <ns3:hr>98</ns3:hr>
          </ns3:TrackPointExtension>
        </extensions>
      </trkpt>
      <trkpt lat="-4.0980752371251583099365234375" lon="-81.05089553631842136383056640625">
        <ele>0</ele>
        <time>2026-09-03T20:47:22.000Z</time>
        <extensions>
          <ns3:TrackPointExtension>
            <ns3:hr>94</ns3:hr>
          </ns3:TrackPointExtension>
        </extensions>
      </trkpt>
      <trkpt lat="-4.09802972339093685150146484375" lon="-81.050940714776515960693359375">
        <ele>0</ele>
        <time>2026-09-03T20:47:36.000Z</time>
        <extensions>
          <ns3:TrackPointExtension>
            <ns3:hr>97</ns3:hr>
          </ns3:TrackPointExtension>
        </extensions>
      </trkpt>
      <trkpt lat="-4.098028801381587982177734375" lon="-81.05095110833644866943359375">
        <ele>0</ele>
        <time>2026-09-03T20:47:40.000Z</time>
        <extensions>
          <ns3:TrackPointExtension>
            <ns3:hr>100</ns3:hr>
          </ns3:TrackPointExtension>
        </extensions>
      </trkpt>
      <trkpt lat="-4.09802804701030254364013671875" lon="-81.05096175335347652435302734375">
        <ele>0</ele>
        <time>2026-09-03T20:47:51.000Z</time>
        <extensions>
          <ns3:TrackPointExtension>
            <ns3:hr>102</ns3:hr>
          </ns3:TrackPointExtension>
        </extensions>
      </trkpt>
      <trkpt lat="-4.0979954414069652557373046875" lon="-81.05101003311574459075927734375">
        <ele>0</ele>
        <time>2026-09-03T20:47:54.000Z</time>
        <extensions>
          <ns3:TrackPointExtension>
            <ns3:hr>102</ns3:hr>
          </ns3:TrackPointExtension>
        </extensions>
      </trkpt>
      <trkpt lat="-4.0979230217635631561279296875" lon="-81.0510994680225849151611328125">
        <ele>0</ele>
        <time>2026-09-03T20:47:59.000Z</time>
        <extensions>
          <ns3:TrackPointExtension>
            <ns3:hr>101</ns3:hr>
          </ns3:TrackPointExtension>
        </extensions>
      </trkpt>
      <trkpt lat="-4.0979069285094738006591796875" lon="-81.05113542638719081878662109375">
        <ele>0</ele>
        <time>2026-09-03T20:48:01.000Z</time>
        <extensions>
          <ns3:TrackPointExtension>
            <ns3:hr>101</ns3:hr>
          </ns3:TrackPointExtension>
        </extensions>
      </trkpt>
      <trkpt lat="-4.0979005582630634307861328125" lon="-81.05116778053343296051025390625">
        <ele>0</ele>
        <time>2026-09-03T20:48:05.000Z</time>
        <extensions>
          <ns3:TrackPointExtension>
            <ns3:hr>103</ns3:hr>
          </ns3:TrackPointExtension>
        </extensions>
      </trkpt>
      <trkpt lat="-4.09789594821631908416748046875" lon="-81.05117700062692165374755859375">
        <ele>0</ele>
        <time>2026-09-03T20:48:06.000Z</time>
        <extensions>
          <ns3:TrackPointExtension>
            <ns3:hr>104</ns3:hr>
          </ns3:TrackPointExtension>
        </extensions>
      </trkpt>
      <trkpt lat="-4.09786459989845752716064453125" lon="-81.05123550631105899810791015625">
        <ele>0</ele>
        <time>2026-09-03T20:48:15.000Z</time>
        <extensions>
          <ns3:TrackPointExtension>
            <ns3:hr>103</ns3:hr>
          </ns3:TrackPointExtension>
        </extensions>
      </trkpt>
      <trkpt lat="-4.09782486967742443084716796875" lon="-81.05123500339686870574951171875">
        <ele>0</ele>
        <time>2026-09-03T20:48:22.000Z</time>
        <extensions>
          <ns3:TrackPointExtension>
            <ns3:hr>103</ns3:hr>
          </ns3:TrackPointExtension>
        </extensions>
      </trkpt>
      <trkpt lat="-4.097814895212650299072265625" lon="-81.05122871696949005126953125">
        <ele>0</ele>
        <time>2026-09-03T20:48:23.000Z</time>
        <extensions>
          <ns3:TrackPointExtension>
            <ns3:hr>103</ns3:hr>
          </ns3:TrackPointExtension>
        </extensions>
      </trkpt>
      <trkpt lat="-4.097752869129180908203125" lon="-81.0512052476406097412109375">
        <ele>0</ele>
        <time>2026-09-03T20:48:27.000Z</time>
        <extensions>
          <ns3:TrackPointExtension>
            <ns3:hr>102</ns3:hr>
          </ns3:TrackPointExtension>
        </extensions>
      </trkpt>
      <trkpt lat="-4.09771867096424102783203125" lon="-81.0512091033160686492919921875">
        <ele>0</ele>
        <time>2026-09-03T20:48:28.000Z</time>
        <extensions>
          <ns3:TrackPointExtension>
            <ns3:hr>102</ns3:hr>
          </ns3:TrackPointExtension>
        </extensions>
      </trkpt>
      <trkpt lat="-4.0975825488567352294921875" lon="-81.05124020017683506011962890625">
        <ele>0</ele>
        <time>2026-09-03T20:48:31.000Z</time>
        <extensions>
          <ns3:TrackPointExtension>
            <ns3:hr>101</ns3:hr>
          </ns3:TrackPointExtension>
        </extensions>
      </trkpt>
      <trkpt lat="-4.09748473204672336578369140625" lon="-81.0512751527130603790283203125">
        <ele>0</ele>
        <time>2026-09-03T20:48:33.000Z</time>
        <extensions>
          <ns3:TrackPointExtension>
            <ns3:hr>102</ns3:hr>
          </ns3:TrackPointExtension>
        </extensions>
      </trkpt>
      <trkpt lat="-4.097324050962924957275390625" lon="-81.051321923732757568359375">
        <ele>0</ele>
        <time>2026-09-03T20:48:37.000Z</time>
        <extensions>
          <ns3:TrackPointExtension>
            <ns3:hr>101</ns3:hr>
          </ns3:TrackPointExtension>
        </extensions>
      </trkpt>
      <trkpt lat="-4.0972769446671009063720703125" lon="-81.05133273638784885406494140625">
        <ele>0</ele>
        <time>2026-09-03T20:48:38.000Z</time>
        <extensions>
          <ns3:TrackPointExtension>
            <ns3:hr>101</ns3:hr>
          </ns3:TrackPointExtension>
        </extensions>
      </trkpt>
      <trkpt lat="-4.0972306765615940093994140625" lon="-81.0513462312519550323486328125">
        <ele>0</ele>
        <time>2026-09-03T20:48:39.000Z</time>
        <extensions>
          <ns3:TrackPointExtension>
            <ns3:hr>103</ns3:hr>
          </ns3:TrackPointExtension>
        </extensions>
      </trkpt>
      <trkpt lat="-4.09709128551185131072998046875" lon="-81.05140180326998233795166015625">
        <ele>0</ele>
        <time>2026-09-03T20:48:42.000Z</time>
        <extensions>
          <ns3:TrackPointExtension>
            <ns3:hr>100</ns3:hr>
          </ns3:TrackPointExtension>
        </extensions>
      </trkpt>
      <trkpt lat="-4.0969976596534252166748046875" lon="-81.05145192705094814300537109375">
        <ele>0</ele>
        <time>2026-09-03T20:48:44.000Z</time>
        <extensions>
          <ns3:TrackPointExtension>
            <ns3:hr>101</ns3:hr>
          </ns3:TrackPointExtension>
        </extensions>
      </trkpt>
      <trkpt lat="-4.09662944264709949493408203125" lon="-81.05164336971938610076904296875">
        <ele>0</ele>
        <time>2026-09-03T20:48:53.000Z</time>
        <extensions>
          <ns3:TrackPointExtension>
            <ns3:hr>101</ns3:hr>
          </ns3:TrackPointExtension>
        </extensions>
      </trkpt>
      <trkpt lat="-4.09629181958734989166259765625" lon="-81.05181184597313404083251953125">
        <ele>0</ele>
        <time>2026-09-03T20:49:00.000Z</time>
        <extensions>
          <ns3:TrackPointExtension>
            <ns3:hr>101</ns3:hr>
          </ns3:TrackPointExtension>
        </extensions>
      </trkpt>
      <trkpt lat="-4.0958828665316104888916015625" lon="-81.05204603634774684906005859375">
        <ele>0</ele>
        <time>2026-09-03T20:49:09.000Z</time>
        <extensions>
          <ns3:TrackPointExtension>
            <ns3:hr>101</ns3:hr>
          </ns3:TrackPointExtension>
        </extensions>
      </trkpt>
      <trkpt lat="-4.09583919681608676910400390625" lon="-81.0520657338201999664306640625">
        <ele>0</ele>
        <time>2026-09-03T20:49:10.000Z</time>
        <extensions>
          <ns3:TrackPointExtension>
            <ns3:hr>100</ns3:hr>
          </ns3:TrackPointExtension>
        </extensions>
      </trkpt>
      <trkpt lat="-4.0956421382725238800048828125" lon="-81.0521579347550868988037109375">
        <ele>0</ele>
        <time>2026-09-03T20:49:14.000Z</time>
        <extensions>
          <ns3:TrackPointExtension>
            <ns3:hr>99</ns3:hr>
          </ns3:TrackPointExtension>
        </extensions>
      </trkpt>
      <trkpt lat="-4.09559025429189205169677734375" lon="-81.0521877743303775787353515625">
        <ele>0</ele>
        <time>2026-09-03T20:49:15.000Z</time>
        <extensions>
          <ns3:TrackPointExtension>
            <ns3:hr>98</ns3:hr>
          </ns3:TrackPointExtension>
        </extensions>
      </trkpt>
      <trkpt lat="-4.09537148661911487579345703125" lon="-81.0523116588592529296875">
        <ele>0</ele>
        <time>2026-09-03T20:49:20.000Z</time>
        <extensions>
          <ns3:TrackPointExtension>
            <ns3:hr>98</ns3:hr>
          </ns3:TrackPointExtension>
        </extensions>
      </trkpt>
      <trkpt lat="-4.09518188796937465667724609375" lon="-81.0524281673133373260498046875">
        <ele>0</ele>
        <time>2026-09-03T20:49:25.000Z</time>
        <extensions>
          <ns3:TrackPointExtension>
            <ns3:hr>98</ns3:hr>
          </ns3:TrackPointExtension>
        </extensions>
      </trkpt>
      <trkpt lat="-4.09515590406954288482666015625" lon="-81.05243168771266937255859375">
        <ele>0</ele>
        <time>2026-09-03T20:49:26.000Z</time>
        <extensions>
          <ns3:TrackPointExtension>
            <ns3:hr>98</ns3:hr>
          </ns3:TrackPointExtension>
        </extensions>
      </trkpt>
      <trkpt lat="-4.09514232538640499114990234375" lon="-81.0524150915443897247314453125">
        <ele>0</ele>
        <time>2026-09-03T20:49:27.000Z</time>
        <extensions>
          <ns3:TrackPointExtension>
            <ns3:hr>102</ns3:hr>
          </ns3:TrackPointExtension>
        </extensions>
      </trkpt>
      <trkpt lat="-4.0951499529182910919189453125" lon="-81.0523842461407184600830078125">
        <ele>0</ele>
        <time>2026-09-03T20:49:28.000Z</time>
        <extensions>
          <ns3:TrackPointExtension>
            <ns3:hr>102</ns3:hr>
          </ns3:TrackPointExtension>
        </extensions>
      </trkpt>
      <trkpt lat="-4.095176942646503448486328125" lon="-81.052351891994476318359375">
        <ele>0</ele>
        <time>2026-09-03T20:49:29.000Z</time>
        <extensions>
          <ns3:TrackPointExtension>
            <ns3:hr>99</ns3:hr>
          </ns3:TrackPointExtension>
        </extensions>
      </trkpt>
      <trkpt lat="-4.09521709196269512176513671875" lon="-81.05233018286526203155517578125">
        <ele>0</ele>
        <time>2026-09-03T20:49:30.000Z</time>
        <extensions>
          <ns3:TrackPointExtension>
            <ns3:hr>100</ns3:hr>
          </ns3:TrackPointExtension>
        </extensions>
      </trkpt>
      <trkpt lat="-4.0952649526298046112060546875" lon="-81.05231425724923610687255859375">
        <ele>0</ele>
        <time>2026-09-03T20:49:31.000Z</time>
        <extensions>
          <ns3:TrackPointExtension>
            <ns3:hr>99</ns3:hr>
          </ns3:TrackPointExtension>
        </extensions>
      </trkpt>
      <trkpt lat="-4.0953192673623561859130859375" lon="-81.05229246430099010467529296875">
        <ele>0</ele>
        <time>2026-09-03T20:49:32.000Z</time>
        <extensions>
          <ns3:TrackPointExtension>
            <ns3:hr>100</ns3:hr>
          </ns3:TrackPointExtension>
        </extensions>
      </trkpt>
      <trkpt lat="-4.0954506956040859222412109375" lon="-81.0522437654435634613037109375">
        <ele>0</ele>
        <time>2026-09-03T20:49:34.000Z</time>
        <extensions>
          <ns3:TrackPointExtension>
            <ns3:hr>100</ns3:hr>
          </ns3:TrackPointExtension>
        </extensions>
      </trkpt>
      <trkpt lat="-4.0955214388668537139892578125" lon="-81.0522256605327129364013671875">
        <ele>0</ele>
        <time>2026-09-03T20:49:35.000Z</time>
        <extensions>
          <ns3:TrackPointExtension>
            <ns3:hr>101</ns3:hr>
          </ns3:TrackPointExtension>
        </extensions>
      </trkpt>
      <trkpt lat="-4.096033908426761627197265625" lon="-81.05213320814073085784912109375">
        <ele>0</ele>
        <time>2026-09-03T20:49:42.000Z</time>
        <extensions>
          <ns3:TrackPointExtension>
            <ns3:hr>103</ns3:hr>
          </ns3:TrackPointExtension>
        </extensions>
      </trkpt>
      <trkpt lat="-4.096327610313892364501953125" lon="-81.052094064652919769287109375">
        <ele>0</ele>
        <time>2026-09-03T20:49:46.000Z</time>
        <extensions>
          <ns3:TrackPointExtension>
            <ns3:hr>106</ns3:hr>
          </ns3:TrackPointExtension>
        </extensions>
      </trkpt>
      <trkpt lat="-4.096557609736919403076171875" lon="-81.05203547514975070953369140625">
        <ele>0</ele>
        <time>2026-09-03T20:49:49.000Z</time>
        <extensions>
          <ns3:TrackPointExtension>
            <ns3:hr>106</ns3:hr>
          </ns3:TrackPointExtension>
        </extensions>
      </trkpt>
      <trkpt lat="-4.0966345556080341339111328125" lon="-81.05201317928731441497802734375">
        <ele>0</ele>
        <time>2026-09-03T20:49:50.000Z</time>
        <extensions>
          <ns3:TrackPointExtension>
            <ns3:hr>105</ns3:hr>
          </ns3:TrackPointExtension>
        </extensions>
      </trkpt>
      <trkpt lat="-4.0969181992113590240478515625" lon="-81.05192164890468120574951171875">
        <ele>0</ele>
        <time>2026-09-03T20:49:54.000Z</time>
        <extensions>
          <ns3:TrackPointExtension>
            <ns3:hr>106</ns3:hr>
          </ns3:TrackPointExtension>
        </extensions>
      </trkpt>
      <trkpt lat="-4.09703931771218776702880859375" lon="-81.05188644491136074066162109375">
        <ele>0</ele>
        <time>2026-09-03T20:49:56.000Z</time>
        <extensions>
          <ns3:TrackPointExtension>
            <ns3:hr>106</ns3:hr>
          </ns3:TrackPointExtension>
        </extensions>
      </trkpt>
      <trkpt lat="-4.09715264104306697845458984375" lon="-81.05186884291470050811767578125">
        <ele>0</ele>
        <time>2026-09-03T20:49:58.000Z</time>
        <extensions>
          <ns3:TrackPointExtension>
            <ns3:hr>109</ns3:hr>
          </ns3:TrackPointExtension>
        </extensions>
      </trkpt>
      <trkpt lat="-4.097201339900493621826171875" lon="-81.05186305940151214599609375">
        <ele>0</ele>
        <time>2026-09-03T20:49:59.000Z</time>
        <extensions>
          <ns3:TrackPointExtension>
            <ns3:hr>109</ns3:hr>
          </ns3:TrackPointExtension>
        </extensions>
      </trkpt>
      <trkpt lat="-4.097254984080791473388671875" lon="-81.05184386484324932098388671875">
        <ele>0</ele>
        <time>2026-09-03T20:50:01.000Z</time>
        <extensions>
          <ns3:TrackPointExtension>
            <ns3:hr>110</ns3:hr>
          </ns3:TrackPointExtension>
        </extensions>
      </trkpt>
      <trkpt lat="-4.0972447581589221954345703125" lon="-81.051825843751430511474609375">
        <ele>0</ele>
        <time>2026-09-03T20:50:02.000Z</time>
        <extensions>
          <ns3:TrackPointExtension>
            <ns3:hr>112</ns3:hr>
          </ns3:TrackPointExtension>
        </extensions>
      </trkpt>
      <trkpt lat="-4.097161106765270233154296875" lon="-81.051815450191497802734375">
        <ele>0</ele>
        <time>2026-09-03T20:50:04.000Z</time>
        <extensions>
          <ns3:TrackPointExtension>
            <ns3:hr>111</ns3:hr>
          </ns3:TrackPointExtension>
        </extensions>
      </trkpt>
      <trkpt lat="-4.097112827003002166748046875" lon="-81.05183313600718975067138671875">
        <ele>0</ele>
        <time>2026-09-03T20:50:05.000Z</time>
        <extensions>
          <ns3:TrackPointExtension>
            <ns3:hr>111</ns3:hr>
          </ns3:TrackPointExtension>
        </extensions>
      </trkpt>
      <trkpt lat="-4.09680764190852642059326171875" lon="-81.051976047456264495849609375">
        <ele>0</ele>
        <time>2026-09-03T20:50:11.000Z</time>
        <extensions>
          <ns3:TrackPointExtension>
            <ns3:hr>112</ns3:hr>
          </ns3:TrackPointExtension>
        </extensions>
      </trkpt>
      <trkpt lat="-4.09654126502573490142822265625" lon="-81.0520581901073455810546875">
        <ele>0</ele>
        <time>2026-09-03T20:50:16.000Z</time>
        <extensions>
          <ns3:TrackPointExtension>
            <ns3:hr>113</ns3:hr>
          </ns3:TrackPointExtension>
        </extensions>
      </trkpt>
      <trkpt lat="-4.09638670273125171661376953125" lon="-81.05213371105492115020751953125">
        <ele>0</ele>
        <time>2026-09-03T20:50:19.000Z</time>
        <extensions>
          <ns3:TrackPointExtension>
            <ns3:hr>110</ns3:hr>
          </ns3:TrackPointExtension>
        </extensions>
      </trkpt>
      <trkpt lat="-4.09629735164344310760498046875" lon="-81.05218132026493549346923828125">
        <ele>0</ele>
        <time>2026-09-03T20:50:21.000Z</time>
        <extensions>
          <ns3:TrackPointExtension>
            <ns3:hr>110</ns3:hr>
          </ns3:TrackPointExtension>
        </extensions>
      </trkpt>
      <trkpt lat="-4.09625493921339511871337890625" lon="-81.0521998442709445953369140625">
        <ele>0</ele>
        <time>2026-09-03T20:50:22.000Z</time>
        <extensions>
          <ns3:TrackPointExtension>
            <ns3:hr>110</ns3:hr>
          </ns3:TrackPointExtension>
        </extensions>
      </trkpt>
      <trkpt lat="-4.096212275326251983642578125" lon="-81.05221576988697052001953125">
        <ele>0</ele>
        <time>2026-09-03T20:50:23.000Z</time>
        <extensions>
          <ns3:TrackPointExtension>
            <ns3:hr>109</ns3:hr>
          </ns3:TrackPointExtension>
        </extensions>
      </trkpt>
      <trkpt lat="-4.09603801555931568145751953125" lon="-81.05228844098746776580810546875">
        <ele>0</ele>
        <time>2026-09-03T20:50:27.000Z</time>
        <extensions>
          <ns3:TrackPointExtension>
            <ns3:hr>112</ns3:hr>
          </ns3:TrackPointExtension>
        </extensions>
      </trkpt>
      <trkpt lat="-4.095996357500553131103515625" lon="-81.0523017682135105133056640625">
        <ele>0</ele>
        <time>2026-09-03T20:50:28.000Z</time>
        <extensions>
          <ns3:TrackPointExtension>
            <ns3:hr>111</ns3:hr>
          </ns3:TrackPointExtension>
        </extensions>
      </trkpt>
      <trkpt lat="-4.0958174876868724822998046875" lon="-81.052383072674274444580078125">
        <ele>0</ele>
        <time>2026-09-03T20:50:32.000Z</time>
        <extensions>
          <ns3:TrackPointExtension>
            <ns3:hr>113</ns3:hr>
          </ns3:TrackPointExtension>
        </extensions>
      </trkpt>
      <trkpt lat="-4.0956853888928890228271484375" lon="-81.05245624668896198272705078125">
        <ele>0</ele>
        <time>2026-09-03T20:50:35.000Z</time>
        <extensions>
          <ns3:TrackPointExtension>
            <ns3:hr>112</ns3:hr>
          </ns3:TrackPointExtension>
        </extensions>
      </trkpt>
      <trkpt lat="-4.09548464231193065643310546875" lon="-81.052542664110660552978515625">
        <ele>0</ele>
        <time>2026-09-03T20:50:39.000Z</time>
        <extensions>
          <ns3:TrackPointExtension>
            <ns3:hr>113</ns3:hr>
          </ns3:TrackPointExtension>
        </extensions>
      </trkpt>
      <trkpt lat="-4.0953724086284637451171875" lon="-81.05258046649396419525146484375">
        <ele>0</ele>
        <time>2026-09-03T20:50:41.000Z</time>
        <extensions>
          <ns3:TrackPointExtension>
            <ns3:hr>114</ns3:hr>
          </ns3:TrackPointExtension>
        </extensions>
      </trkpt>
      <trkpt lat="-4.09532035700976848602294921875" lon="-81.05260745622217655181884765625">
        <ele>0</ele>
        <time>2026-09-03T20:50:42.000Z</time>
        <extensions>
          <ns3:TrackPointExtension>
            <ns3:hr>115</ns3:hr>
          </ns3:TrackPointExtension>
        </extensions>
      </trkpt>
      <trkpt lat="-4.09517266787588596343994140625" lon="-81.0526893474161624908447265625">
        <ele>0</ele>
        <time>2026-09-03T20:50:45.000Z</time>
        <extensions>
          <ns3:TrackPointExtension>
            <ns3:hr>112</ns3:hr>
          </ns3:TrackPointExtension>
        </extensions>
      </trkpt>
      <trkpt lat="-4.09511986188590526580810546875" lon="-81.05270636267960071563720703125">
        <ele>0</ele>
        <time>2026-09-03T20:50:46.000Z</time>
        <extensions>
          <ns3:TrackPointExtension>
            <ns3:hr>112</ns3:hr>
          </ns3:TrackPointExtension>
        </extensions>
      </trkpt>
      <trkpt lat="-4.09500787965953350067138671875" lon="-81.05273921974003314971923828125">
        <ele>0</ele>
        <time>2026-09-03T20:50:48.000Z</time>
        <extensions>
          <ns3:TrackPointExtension>
            <ns3:hr>109</ns3:hr>
          </ns3:TrackPointExtension>
        </extensions>
      </trkpt>
      <trkpt lat="-4.09473680891096591949462890625" lon="-81.05285371653735637664794921875">
        <ele>0</ele>
        <time>2026-09-03T20:50:53.000Z</time>
        <extensions>
          <ns3:TrackPointExtension>
            <ns3:hr>107</ns3:hr>
          </ns3:TrackPointExtension>
        </extensions>
      </trkpt>
      <trkpt lat="-4.09460906870663166046142578125" lon="-81.0529139824211597442626953125">
        <ele>0</ele>
        <time>2026-09-03T20:50:56.000Z</time>
        <extensions>
          <ns3:TrackPointExtension>
            <ns3:hr>106</ns3:hr>
          </ns3:TrackPointExtension>
        </extensions>
      </trkpt>
      <trkpt lat="-4.09455156885087490081787109375" lon="-81.052936948835849761962890625">
        <ele>0</ele>
        <time>2026-09-03T20:50:58.000Z</time>
        <extensions>
          <ns3:TrackPointExtension>
            <ns3:hr>107</ns3:hr>
          </ns3:TrackPointExtension>
        </extensions>
      </trkpt>
      <trkpt lat="-4.09453765489161014556884765625" lon="-81.05288858525454998016357421875">
        <ele>0</ele>
        <time>2026-09-03T20:51:00.000Z</time>
        <extensions>
          <ns3:TrackPointExtension>
            <ns3:hr>105</ns3:hr>
          </ns3:TrackPointExtension>
        </extensions>
      </trkpt>
      <trkpt lat="-4.094621054828166961669921875" lon="-81.0528271459043025970458984375">
        <ele>0</ele>
        <time>2026-09-03T20:51:02.000Z</time>
        <extensions>
          <ns3:TrackPointExtension>
            <ns3:hr>105</ns3:hr>
          </ns3:TrackPointExtension>
        </extensions>
      </trkpt>
      <trkpt lat="-4.09468383528292179107666015625" lon="-81.05280962772667407989501953125">
        <ele>0</ele>
        <time>2026-09-03T20:51:03.000Z</time>
        <extensions>
          <ns3:TrackPointExtension>
            <ns3:hr>105</ns3:hr>
          </ns3:TrackPointExtension>
        </extensions>
      </trkpt>
      <trkpt lat="-4.095108211040496826171875" lon="-81.05268591083586215972900390625">
        <ele>0</ele>
        <time>2026-09-03T20:51:09.000Z</time>
        <extensions>
          <ns3:TrackPointExtension>
            <ns3:hr>102</ns3:hr>
          </ns3:TrackPointExtension>
        </extensions>
      </trkpt>
      <trkpt lat="-4.095182307064533233642578125" lon="-81.0526638664305210113525390625">
        <ele>0</ele>
        <time>2026-09-03T20:51:10.000Z</time>
        <extensions>
          <ns3:TrackPointExtension>
            <ns3:hr>105</ns3:hr>
          </ns3:TrackPointExtension>
        </extensions>
      </trkpt>
      <trkpt lat="-4.09525883384048938751220703125" lon="-81.05263821780681610107421875">
        <ele>0</ele>
        <time>2026-09-03T20:51:11.000Z</time>
        <extensions>
          <ns3:TrackPointExtension>
            <ns3:hr>102</ns3:hr>
          </ns3:TrackPointExtension>
        </extensions>
      </trkpt>
      <trkpt lat="-4.09562629647552967071533203125" lon="-81.052544675767421722412109375">
        <ele>0</ele>
        <time>2026-09-03T20:51:16.000Z</time>
        <extensions>
          <ns3:TrackPointExtension>
            <ns3:hr>104</ns3:hr>
          </ns3:TrackPointExtension>
        </extensions>
      </trkpt>
      <trkpt lat="-4.09607824869453907012939453125" lon="-81.0524549894034862518310546875">
        <ele>0</ele>
        <time>2026-09-03T20:51:22.000Z</time>
        <extensions>
          <ns3:TrackPointExtension>
            <ns3:hr>103</ns3:hr>
          </ns3:TrackPointExtension>
        </extensions>
      </trkpt>
      <trkpt lat="-4.09615301527082920074462890625" lon="-81.05244375765323638916015625">
        <ele>0</ele>
        <time>2026-09-03T20:51:23.000Z</time>
        <extensions>
          <ns3:TrackPointExtension>
            <ns3:hr>103</ns3:hr>
          </ns3:TrackPointExtension>
        </extensions>
      </trkpt>
      <trkpt lat="-4.09648527391254901885986328125" lon="-81.0524122416973114013671875">
        <ele>0</ele>
        <time>2026-09-03T20:51:28.000Z</time>
        <extensions>
          <ns3:TrackPointExtension>
            <ns3:hr>104</ns3:hr>
          </ns3:TrackPointExtension>
        </extensions>
      </trkpt>
      <trkpt lat="-4.0966129302978515625" lon="-81.052398495376110076904296875">
        <ele>0</ele>
        <time>2026-09-03T20:51:30.000Z</time>
        <extensions>
          <ns3:TrackPointExtension>
            <ns3:hr>101</ns3:hr>
          </ns3:TrackPointExtension>
        </extensions>
      </trkpt>
      <trkpt lat="-4.09681334160268306732177734375" lon="-81.0523755289614200592041015625">
        <ele>0</ele>
        <time>2026-09-03T20:51:33.000Z</time>
        <extensions>
          <ns3:TrackPointExtension>
            <ns3:hr>104</ns3:hr>
          </ns3:TrackPointExtension>
        </extensions>
      </trkpt>
      <trkpt lat="-4.0968789719045162200927734375" lon="-81.05236639268696308135986328125">
        <ele>0</ele>
        <time>2026-09-03T20:51:34.000Z</time>
        <extensions>
          <ns3:TrackPointExtension>
            <ns3:hr>103</ns3:hr>
          </ns3:TrackPointExtension>
        </extensions>
      </trkpt>
      <trkpt lat="-4.096945859491825103759765625" lon="-81.052350886166095733642578125">
        <ele>0</ele>
        <time>2026-09-03T20:51:35.000Z</time>
        <extensions>
          <ns3:TrackPointExtension>
            <ns3:hr>104</ns3:hr>
          </ns3:TrackPointExtension>
        </extensions>
      </trkpt>
      <trkpt lat="-4.097232520580291748046875" lon="-81.052271761000156402587890625">
        <ele>0</ele>
        <time>2026-09-03T20:51:39.000Z</time>
        <extensions>
          <ns3:TrackPointExtension>
            <ns3:hr>104</ns3:hr>
          </ns3:TrackPointExtension>
        </extensions>
      </trkpt>
      <trkpt lat="-4.0975852310657501220703125" lon="-81.05211996473371982574462890625">
        <ele>0</ele>
        <time>2026-09-03T20:51:44.000Z</time>
        <extensions>
          <ns3:TrackPointExtension>
            <ns3:hr>103</ns3:hr>
          </ns3:TrackPointExtension>
        </extensions>
      </trkpt>
      <trkpt lat="-4.0976558066904544830322265625" lon="-81.05207000859081745147705078125">
        <ele>0</ele>
        <time>2026-09-03T20:51:46.000Z</time>
        <extensions>
          <ns3:TrackPointExtension>
            <ns3:hr>104</ns3:hr>
          </ns3:TrackPointExtension>
        </extensions>
      </trkpt>
      <trkpt lat="-4.0976581536233425140380859375" lon="-81.05203094892203807830810546875">
        <ele>0</ele>
        <time>2026-09-03T20:51:47.000Z</time>
        <extensions>
          <ns3:TrackPointExtension>
            <ns3:hr>107</ns3:hr>
          </ns3:TrackPointExtension>
        </extensions>
      </trkpt>
      <trkpt lat="-4.096973352134227752685546875" lon="-81.05135452933609485626220703125">
        <ele>0</ele>
        <time>2026-09-03T20:54:07.000Z</time>
        <extensions>
          <ns3:TrackPointExtension>
            <ns3:hr>96</ns3:hr>
          </ns3:TrackPointExtension>
        </extensions>
      </trkpt>
      <trkpt lat="-4.09693546593189239501953125" lon="-81.05139057151973247528076171875">
        <ele>0</ele>
        <time>2026-09-03T20:54:17.000Z</time>
        <extensions>
          <ns3:TrackPointExtension>
            <ns3:hr>95</ns3:hr>
          </ns3:TrackPointExtension>
        </extensions>
      </trkpt>
      <trkpt lat="-4.09680546261370182037353515625" lon="-81.05132929980754852294921875">
        <ele>0</ele>
        <time>2026-09-03T20:54:23.000Z</time>
        <extensions>
          <ns3:TrackPointExtension>
            <ns3:hr>98</ns3:hr>
          </ns3:TrackPointExtension>
        </extensions>
      </trkpt>
      <trkpt lat="-4.09671409986913204193115234375" lon="-81.05133843608200550079345703125">
        <ele>0</ele>
        <time>2026-09-03T20:54:25.000Z</time>
        <extensions>
          <ns3:TrackPointExtension>
            <ns3:hr>95</ns3:hr>
          </ns3:TrackPointExtension>
        </extensions>
      </trkpt>
      <trkpt lat="-4.09661837853491306304931640625" lon="-81.051379255950450897216796875">
        <ele>0</ele>
        <time>2026-09-03T20:54:27.000Z</time>
        <extensions>
          <ns3:TrackPointExtension>
            <ns3:hr>97</ns3:hr>
          </ns3:TrackPointExtension>
        </extensions>
      </trkpt>
      <trkpt lat="-4.0964823402464389801025390625" lon="-81.05145402252674102783203125">
        <ele>0</ele>
        <time>2026-09-03T20:54:30.000Z</time>
        <extensions>
          <ns3:TrackPointExtension>
            <ns3:hr>95</ns3:hr>
          </ns3:TrackPointExtension>
        </extensions>
      </trkpt>
      <trkpt lat="-4.0964095853269100189208984375" lon="-81.05150322429835796356201171875">
        <ele>0</ele>
        <time>2026-09-03T20:54:32.000Z</time>
        <extensions>
          <ns3:TrackPointExtension>
            <ns3:hr>95</ns3:hr>
          </ns3:TrackPointExtension>
        </extensions>
      </trkpt>
      <trkpt lat="-4.0963232517242431640625" lon="-81.0515514202415943145751953125">
        <ele>0</ele>
        <time>2026-09-03T20:54:35.000Z</time>
        <extensions>
          <ns3:TrackPointExtension>
            <ns3:hr>95</ns3:hr>
          </ns3:TrackPointExtension>
        </extensions>
      </trkpt>
      <trkpt lat="-4.09607715904712677001953125" lon="-81.05166264809668064117431640625">
        <ele>0</ele>
        <time>2026-09-03T20:54:43.000Z</time>
        <extensions>
          <ns3:TrackPointExtension>
            <ns3:hr>97</ns3:hr>
          </ns3:TrackPointExtension>
        </extensions>
      </trkpt>
      <trkpt lat="-4.0960173122584819793701171875" lon="-81.051686704158782958984375">
        <ele>0</ele>
        <time>2026-09-03T20:54:47.000Z</time>
        <extensions>
          <ns3:TrackPointExtension>
            <ns3:hr>97</ns3:hr>
          </ns3:TrackPointExtension>
        </extensions>
      </trkpt>
      <trkpt lat="-4.0960079245269298553466796875" lon="-81.0516838543117046356201171875">
        <ele>0</ele>
        <time>2026-09-03T20:54:48.000Z</time>
        <extensions>
          <ns3:TrackPointExtension>
            <ns3:hr>97</ns3:hr>
          </ns3:TrackPointExtension>
        </extensions>
      </trkpt>
      <trkpt lat="-4.09597850404679775238037109375" lon="-81.05166994035243988037109375">
        <ele>0</ele>
        <time>2026-09-03T20:54:52.000Z</time>
        <extensions>
          <ns3:TrackPointExtension>
            <ns3:hr>100</ns3:hr>
          </ns3:TrackPointExtension>
        </extensions>
      </trkpt>
      <trkpt lat="-4.09597062505781650543212890625" lon="-81.05166516266763210296630859375">
        <ele>0</ele>
        <time>2026-09-03T20:54:53.000Z</time>
        <extensions>
          <ns3:TrackPointExtension>
            <ns3:hr>100</ns3:hr>
          </ns3:TrackPointExtension>
        </extensions>
      </trkpt>
      <trkpt lat="-4.0959505923092365264892578125" lon="-81.05162275023758411407470703125">
        <ele>0</ele>
        <time>2026-09-03T20:54:56.000Z</time>
        <extensions>
          <ns3:TrackPointExtension>
            <ns3:hr>101</ns3:hr>
          </ns3:TrackPointExtension>
        </extensions>
      </trkpt>
      <trkpt lat="-4.09601186402142047882080078125" lon="-81.05156424455344676971435546875">
        <ele>0</ele>
        <time>2026-09-03T20:54:58.000Z</time>
        <extensions>
          <ns3:TrackPointExtension>
            <ns3:hr>101</ns3:hr>
          </ns3:TrackPointExtension>
        </extensions>
      </trkpt>
      <trkpt lat="-4.09611244685947895050048828125" lon="-81.05153943412005901336669921875">
        <ele>0</ele>
        <time>2026-09-03T20:55:00.000Z</time>
        <extensions>
          <ns3:TrackPointExtension>
            <ns3:hr>100</ns3:hr>
          </ns3:TrackPointExtension>
        </extensions>
      </trkpt>
      <trkpt lat="-4.0962261892855167388916015625" lon="-81.051530130207538604736328125">
        <ele>0</ele>
        <time>2026-09-03T20:55:02.000Z</time>
        <extensions>
          <ns3:TrackPointExtension>
            <ns3:hr>101</ns3:hr>
          </ns3:TrackPointExtension>
        </extensions>
      </trkpt>
      <trkpt lat="-4.09656574018299579620361328125" lon="-81.0515378415584564208984375">
        <ele>0</ele>
        <time>2026-09-03T20:55:08.000Z</time>
        <extensions>
          <ns3:TrackPointExtension>
            <ns3:hr>102</ns3:hr>
          </ns3:TrackPointExtension>
        </extensions>
      </trkpt>
      <trkpt lat="-4.09665358252823352813720703125" lon="-81.05153557844460010528564453125">
        <ele>0</ele>
        <time>2026-09-03T20:55:10.000Z</time>
        <extensions>
          <ns3:TrackPointExtension>
            <ns3:hr>103</ns3:hr>
          </ns3:TrackPointExtension>
        </extensions>
      </trkpt>
      <trkpt lat="-4.0967921353876590728759765625" lon="-81.05150607414543628692626953125">
        <ele>0</ele>
        <time>2026-09-03T20:55:13.000Z</time>
        <extensions>
          <ns3:TrackPointExtension>
            <ns3:hr>101</ns3:hr>
          </ns3:TrackPointExtension>
        </extensions>
      </trkpt>
      <trkpt lat="-4.09700495190918445587158203125" lon="-81.05145108886063098907470703125">
        <ele>0</ele>
        <time>2026-09-03T20:55:17.000Z</time>
        <extensions>
          <ns3:TrackPointExtension>
            <ns3:hr>105</ns3:hr>
          </ns3:TrackPointExtension>
        </extensions>
      </trkpt>
      <trkpt lat="-4.09711978398263454437255859375" lon="-81.0514256916940212249755859375">
        <ele>0</ele>
        <time>2026-09-03T20:55:19.000Z</time>
        <extensions>
          <ns3:TrackPointExtension>
            <ns3:hr>105</ns3:hr>
          </ns3:TrackPointExtension>
        </extensions>
      </trkpt>
      <trkpt lat="-4.097450114786624908447265625" lon="-81.0513723827898502349853515625">
        <ele>0</ele>
        <time>2026-09-03T20:55:25.000Z</time>
        <extensions>
          <ns3:TrackPointExtension>
            <ns3:hr>102</ns3:hr>
          </ns3:TrackPointExtension>
        </extensions>
      </trkpt>
      <trkpt lat="-4.09749646671116352081298828125" lon="-81.0513629950582981109619140625">
        <ele>0</ele>
        <time>2026-09-03T20:55:26.000Z</time>
        <extensions>
          <ns3:TrackPointExtension>
            <ns3:hr>102</ns3:hr>
          </ns3:TrackPointExtension>
        </extensions>
      </trkpt>
      <trkpt lat="-4.097638539969921112060546875" lon="-81.051330305635929107666015625">
        <ele>0</ele>
        <time>2026-09-03T20:55:29.000Z</time>
        <extensions>
          <ns3:TrackPointExtension>
            <ns3:hr>104</ns3:hr>
          </ns3:TrackPointExtension>
        </extensions>
      </trkpt>
      <trkpt lat="-4.09776871092617511749267578125" lon="-81.05128931812942028045654296875">
        <ele>0</ele>
        <time>2026-09-03T20:55:32.000Z</time>
        <extensions>
          <ns3:TrackPointExtension>
            <ns3:hr>106</ns3:hr>
          </ns3:TrackPointExtension>
        </extensions>
      </trkpt>
      <trkpt lat="-4.09780726768076419830322265625" lon="-81.0512776672840118408203125">
        <ele>0</ele>
        <time>2026-09-03T20:55:33.000Z</time>
        <extensions>
          <ns3:TrackPointExtension>
            <ns3:hr>103</ns3:hr>
          </ns3:TrackPointExtension>
        </extensions>
      </trkpt>
      <trkpt lat="-4.09783559851348400115966796875" lon="-81.0512570478022098541259765625">
        <ele>0</ele>
        <time>2026-09-03T20:55:35.000Z</time>
        <extensions>
          <ns3:TrackPointExtension>
            <ns3:hr>105</ns3:hr>
          </ns3:TrackPointExtension>
        </extensions>
      </trkpt>
      <trkpt lat="-4.09783978946506977081298828125" lon="-81.05124204419553279876708984375">
        <ele>0</ele>
        <time>2026-09-03T20:55:36.000Z</time>
        <extensions>
          <ns3:TrackPointExtension>
            <ns3:hr>104</ns3:hr>
          </ns3:TrackPointExtension>
        </extensions>
      </trkpt>
      <trkpt lat="-4.09784330986440181732177734375" lon="-81.051209606230258941650390625">
        <ele>0</ele>
        <time>2026-09-03T20:55:39.000Z</time>
        <extensions>
          <ns3:TrackPointExtension>
            <ns3:hr>108</ns3:hr>
          </ns3:TrackPointExtension>
        </extensions>
      </trkpt>
      <trkpt lat="-4.0978454053401947021484375" lon="-81.05120399035513401031494140625">
        <ele>0</ele>
        <time>2026-09-03T20:55:40.000Z</time>
        <extensions>
          <ns3:TrackPointExtension>
            <ns3:hr>107</ns3:hr>
          </ns3:TrackPointExtension>
        </extensions>
      </trkpt>
      <trkpt lat="-4.09785353578627109527587890625" lon="-81.05119694955646991729736328125">
        <ele>0</ele>
        <time>2026-09-03T20:55:42.000Z</time>
        <extensions>
          <ns3:TrackPointExtension>
            <ns3:hr>105</ns3:hr>
          </ns3:TrackPointExtension>
        </extensions>
      </trkpt>
      <trkpt lat="-4.09790919162333011627197265625" lon="-81.05116166174411773681640625">
        <ele>0</ele>
        <time>2026-09-03T20:55:48.000Z</time>
        <extensions>
          <ns3:TrackPointExtension>
            <ns3:hr>110</ns3:hr>
          </ns3:TrackPointExtension>
        </extensions>
      </trkpt>
      <trkpt lat="-4.0979193337261676788330078125" lon="-81.051151938736438751220703125">
        <ele>0</ele>
        <time>2026-09-03T20:55:49.000Z</time>
        <extensions>
          <ns3:TrackPointExtension>
            <ns3:hr>110</ns3:hr>
          </ns3:TrackPointExtension>
        </extensions>
      </trkpt>
      <trkpt lat="-4.09795495681464672088623046875" lon="-81.05111430399119853973388671875">
        <ele>0</ele>
        <time>2026-09-03T20:55:52.000Z</time>
        <extensions>
          <ns3:TrackPointExtension>
            <ns3:hr>113</ns3:hr>
          </ns3:TrackPointExtension>
        </extensions>
      </trkpt>
      <trkpt lat="-4.09796820022165775299072265625" lon="-81.05110106058418750762939453125">
        <ele>0</ele>
        <time>2026-09-03T20:55:53.000Z</time>
        <extensions>
          <ns3:TrackPointExtension>
            <ns3:hr>110</ns3:hr>
          </ns3:TrackPointExtension>
        </extensions>
      </trkpt>
      <trkpt lat="-4.0980678610503673553466796875" lon="-81.05098907835781574249267578125">
        <ele>0</ele>
        <time>2026-09-03T20:56:03.000Z</time>
        <extensions>
          <ns3:TrackPointExtension>
            <ns3:hr>110</ns3:hr>
          </ns3:TrackPointExtension>
        </extensions>
      </trkpt>
      <trkpt lat="-4.09809191711246967315673828125" lon="-81.05088497512042522430419921875">
        <ele>0</ele>
        <time>2026-09-03T20:56:11.000Z</time>
        <extensions>
          <ns3:TrackPointExtension>
            <ns3:hr>109</ns3:hr>
          </ns3:TrackPointExtension>
        </extensions>
      </trkpt>
      <trkpt lat="-4.09810516051948070526123046875" lon="-81.050850190222263336181640625">
        <ele>0</ele>
        <time>2026-09-03T20:56:17.000Z</time>
        <extensions>
          <ns3:TrackPointExtension>
            <ns3:hr>107</ns3:hr>
          </ns3:TrackPointExtension>
        </extensions>
      </trkpt>
      <trkpt lat="-4.0981077589094638824462890625" lon="-81.05084658600389957427978515625">
        <ele>0</ele>
        <time>2026-09-03T20:56:25.000Z</time>
        <extensions>
          <ns3:TrackPointExtension>
            <ns3:hr>103</ns3:hr>
          </ns3:TrackPointExtension>
        </extensions>
      </trkpt>
      <trkpt lat="-4.098109938204288482666015625" lon="-81.050842814147472381591796875">
        <ele>0</ele>
        <time>2026-09-03T20:56:31.000Z</time>
        <extensions>
          <ns3:TrackPointExtension>
            <ns3:hr>100</ns3:hr>
          </ns3:TrackPointExtension>
        </extensions>
      </trkpt>
      <trkpt lat="-4.098109938204288482666015625" lon="-81.050842814147472381591796875">
        <ele>0</ele>
        <time>2026-09-03T20:56:38.000Z</time>
        <extensions>
          <ns3:TrackPointExtension>
            <ns3:hr>99</ns3:hr>
          </ns3:TrackPointExtension>
        </extensions>
      </trkpt>
      <trkpt lat="-4.09811354242265224456787109375" lon="-81.0508409701287746429443359375">
        <ele>0</ele>
        <time>2026-09-03T20:56:49.000Z</time>
        <extensions>
          <ns3:TrackPointExtension>
            <ns3:hr>102</ns3:hr>
          </ns3:TrackPointExtension>
        </extensions>
      </trkpt>
      <trkpt lat="-4.098113961517810821533203125" lon="-81.0508404672145843505859375">
        <ele>0</ele>
        <time>2026-09-03T20:56:57.000Z</time>
        <extensions>
          <ns3:TrackPointExtension>
            <ns3:hr>99</ns3:hr>
          </ns3:TrackPointExtension>
        </extensions>
      </trkpt>
      <trkpt lat="-4.09811404533684253692626953125" lon="-81.0508404672145843505859375">
        <ele>0</ele>
        <time>2026-09-03T20:56:58.000Z</time>
        <extensions>
          <ns3:TrackPointExtension>
            <ns3:hr>96</ns3:hr>
          </ns3:TrackPointExtension>
        </extensions>
      </trkpt>
      <trkpt lat="-4.09811429679393768310546875" lon="-81.0508404672145843505859375">
        <ele>0</ele>
        <time>2026-09-03T20:56:59.000Z</time>
        <extensions>
          <ns3:TrackPointExtension>
            <ns3:hr>96</ns3:hr>
          </ns3:TrackPointExtension>
        </extensions>
      </trkpt>
      <trkpt lat="-4.09811505116522312164306640625" lon="-81.0508404672145843505859375">
        <ele>0</ele>
        <time>2026-09-03T20:57:01.000Z</time>
        <extensions>
          <ns3:TrackPointExtension>
            <ns3:hr>93</ns3:hr>
          </ns3:TrackPointExtension>
        </extensions>
      </trkpt>
      <trkpt lat="-4.09811538644134998321533203125" lon="-81.05084055103361606597900390625">
        <ele>0</ele>
        <time>2026-09-03T20:57:03.000Z</time>
        <extensions>
          <ns3:TrackPointExtension>
            <ns3:hr>89</ns3:hr>
          </ns3:TrackPointExtension>
        </extensions>
      </trkpt>
      <trkpt lat="-4.098106585443019866943359375" lon="-81.05088531039655208587646484375">
        <ele>0</ele>
        <time>2026-09-03T20:57:10.000Z</time>
        <extensions>
          <ns3:TrackPointExtension>
            <ns3:hr>89</ns3:hr>
          </ns3:TrackPointExtension>
        </extensions>
      </trkpt>
      <trkpt lat="-4.09810356795787811279296875" lon="-81.05090525932610034942626953125">
        <ele>0</ele>
        <time>2026-09-03T20:57:11.000Z</time>
        <extensions>
          <ns3:TrackPointExtension>
            <ns3:hr>92</ns3:hr>
          </ns3:TrackPointExtension>
        </extensions>
      </trkpt>
      <trkpt lat="-4.0980980359017848968505859375" lon="-81.0509251244366168975830078125">
        <ele>0</ele>
        <time>2026-09-03T20:57:12.000Z</time>
        <extensions>
          <ns3:TrackPointExtension>
            <ns3:hr>91</ns3:hr>
          </ns3:TrackPointExtension>
        </extensions>
      </trkpt>
      <trkpt lat="-4.09801681526005268096923828125" lon="-81.0510401241481304168701171875">
        <ele>0</ele>
        <time>2026-09-03T20:57:17.000Z</time>
        <extensions>
          <ns3:TrackPointExtension>
            <ns3:hr>91</ns3:hr>
          </ns3:TrackPointExtension>
        </extensions>
      </trkpt>
      <trkpt lat="-4.0979317389428615570068359375" lon="-81.05114816688001155853271484375">
        <ele>0</ele>
        <time>2026-09-03T20:57:25.000Z</time>
        <extensions>
          <ns3:TrackPointExtension>
            <ns3:hr>94</ns3:hr>
          </ns3:TrackPointExtension>
        </extensions>
      </trkpt>
      <trkpt lat="-4.0979205071926116943359375" lon="-81.05115923099219799041748046875">
        <ele>0</ele>
        <time>2026-09-03T20:57:26.000Z</time>
        <extensions>
          <ns3:TrackPointExtension>
            <ns3:hr>91</ns3:hr>
          </ns3:TrackPointExtension>
        </extensions>
      </trkpt>
      <trkpt lat="-4.09788404591381549835205078125" lon="-81.0511893220245838165283203125">
        <ele>0</ele>
        <time>2026-09-03T20:57:30.000Z</time>
        <extensions>
          <ns3:TrackPointExtension>
            <ns3:hr>90</ns3:hr>
          </ns3:TrackPointExtension>
        </extensions>
      </trkpt>
      <trkpt lat="-4.097879268229007720947265625" lon="-81.05119158513844013214111328125">
        <ele>0</ele>
        <time>2026-09-03T20:57:31.000Z</time>
        <extensions>
          <ns3:TrackPointExtension>
            <ns3:hr>90</ns3:hr>
          </ns3:TrackPointExtension>
        </extensions>
      </trkpt>
      <trkpt lat="-4.097877927124500274658203125" lon="-81.05119510553777217864990234375">
        <ele>0</ele>
        <time>2026-09-03T20:57:32.000Z</time>
        <extensions>
          <ns3:TrackPointExtension>
            <ns3:hr>92</ns3:hr>
          </ns3:TrackPointExtension>
        </extensions>
      </trkpt>
      <trkpt lat="-4.0978700481355190277099609375" lon="-81.05123005807399749755859375">
        <ele>0</ele>
        <time>2026-09-03T20:57:37.000Z</time>
        <extensions>
          <ns3:TrackPointExtension>
            <ns3:hr>92</ns3:hr>
          </ns3:TrackPointExtension>
        </extensions>
      </trkpt>
      <trkpt lat="-4.0978588163852691650390625" lon="-81.05124455876648426055908203125">
        <ele>0</ele>
        <time>2026-09-03T20:57:39.000Z</time>
        <extensions>
          <ns3:TrackPointExtension>
            <ns3:hr>94</ns3:hr>
          </ns3:TrackPointExtension>
        </extensions>
      </trkpt>
      <trkpt lat="-4.09779771231114864349365234375" lon="-81.05126895010471343994140625">
        <ele>0</ele>
        <time>2026-09-03T20:57:43.000Z</time>
        <extensions>
          <ns3:TrackPointExtension>
            <ns3:hr>93</ns3:hr>
          </ns3:TrackPointExtension>
        </extensions>
      </trkpt>
      <trkpt lat="-4.09774054773151874542236328125" lon="-81.0512295551598072052001953125">
        <ele>0</ele>
        <time>2026-09-03T20:57:48.000Z</time>
        <extensions>
          <ns3:TrackPointExtension>
            <ns3:hr>90</ns3:hr>
          </ns3:TrackPointExtension>
        </extensions>
      </trkpt>
      <trkpt lat="-4.097724370658397674560546875" lon="-81.05122796259820461273193359375">
        <ele>0</ele>
        <time>2026-09-03T20:57:49.000Z</time>
        <extensions>
          <ns3:TrackPointExtension>
            <ns3:hr>92</ns3:hr>
          </ns3:TrackPointExtension>
        </extensions>
      </trkpt>
      <trkpt lat="-4.0975937806069850921630859375" lon="-81.0512067563831806182861328125">
        <ele>0</ele>
        <time>2026-09-03T20:57:53.000Z</time>
        <extensions>
          <ns3:TrackPointExtension>
            <ns3:hr>94</ns3:hr>
          </ns3:TrackPointExtension>
        </extensions>
      </trkpt>
      <trkpt lat="-4.09750451333820819854736328125" lon="-81.05121991597115993499755859375">
        <ele>0</ele>
        <time>2026-09-03T20:57:55.000Z</time>
        <extensions>
          <ns3:TrackPointExtension>
            <ns3:hr>97</ns3:hr>
          </ns3:TrackPointExtension>
        </extensions>
      </trkpt>
      <trkpt lat="-4.09745941869914531707763671875" lon="-81.05122595094144344329833984375">
        <ele>0</ele>
        <time>2026-09-03T20:57:56.000Z</time>
        <extensions>
          <ns3:TrackPointExtension>
            <ns3:hr>94</ns3:hr>
          </ns3:TrackPointExtension>
        </extensions>
      </trkpt>
      <trkpt lat="-4.0974164195358753204345703125" lon="-81.051230728626251220703125">
        <ele>0</ele>
        <time>2026-09-03T20:57:57.000Z</time>
        <extensions>
          <ns3:TrackPointExtension>
            <ns3:hr>97</ns3:hr>
          </ns3:TrackPointExtension>
        </extensions>
      </trkpt>
      <trkpt lat="-4.09736922942101955413818359375" lon="-81.05123802088201045989990234375">
        <ele>0</ele>
        <time>2026-09-03T20:57:58.000Z</time>
        <extensions>
          <ns3:TrackPointExtension>
            <ns3:hr>97</ns3:hr>
          </ns3:TrackPointExtension>
        </extensions>
      </trkpt>
      <trkpt lat="-4.09732027910649776458740234375" lon="-81.051251851022243499755859375">
        <ele>0</ele>
        <time>2026-09-03T20:57:59.000Z</time>
        <extensions>
          <ns3:TrackPointExtension>
            <ns3:hr>96</ns3:hr>
          </ns3:TrackPointExtension>
        </extensions>
      </trkpt>
      <trkpt lat="-4.09718113951385021209716796875" lon="-81.051317565143108367919921875">
        <ele>0</ele>
        <time>2026-09-03T20:58:02.000Z</time>
        <extensions>
          <ns3:TrackPointExtension>
            <ns3:hr>97</ns3:hr>
          </ns3:TrackPointExtension>
        </extensions>
      </trkpt>
      <trkpt lat="-4.096843264997005462646484375" lon="-81.05147170834243297576904296875">
        <ele>0</ele>
        <time>2026-09-03T20:58:09.000Z</time>
        <extensions>
          <ns3:TrackPointExtension>
            <ns3:hr>97</ns3:hr>
          </ns3:TrackPointExtension>
        </extensions>
      </trkpt>
      <trkpt lat="-4.09648208878934383392333984375" lon="-81.0516372509300708770751953125">
        <ele>0</ele>
        <time>2026-09-03T20:58:16.000Z</time>
        <extensions>
          <ns3:TrackPointExtension>
            <ns3:hr>99</ns3:hr>
          </ns3:TrackPointExtension>
        </extensions>
      </trkpt>
      <trkpt lat="-4.09643129445612430572509765625" lon="-81.051659546792507171630859375">
        <ele>0</ele>
        <time>2026-09-03T20:58:17.000Z</time>
        <extensions>
          <ns3:TrackPointExtension>
            <ns3:hr>98</ns3:hr>
          </ns3:TrackPointExtension>
        </extensions>
      </trkpt>
      <trkpt lat="-4.09617564640939235687255859375" lon="-81.05177161283791065216064453125">
        <ele>0</ele>
        <time>2026-09-03T20:58:22.000Z</time>
        <extensions>
          <ns3:TrackPointExtension>
            <ns3:hr>99</ns3:hr>
          </ns3:TrackPointExtension>
        </extensions>
      </trkpt>
      <trkpt lat="-4.0960753150284290313720703125" lon="-81.05182014405727386474609375">
        <ele>0</ele>
        <time>2026-09-03T20:58:24.000Z</time>
        <extensions>
          <ns3:TrackPointExtension>
            <ns3:hr>98</ns3:hr>
          </ns3:TrackPointExtension>
        </extensions>
      </trkpt>
      <trkpt lat="-4.09587305970489978790283203125" lon="-81.05191896669566631317138671875">
        <ele>0</ele>
        <time>2026-09-03T20:58:28.000Z</time>
        <extensions>
          <ns3:TrackPointExtension>
            <ns3:hr>93</ns3:hr>
          </ns3:TrackPointExtension>
        </extensions>
      </trkpt>
      <trkpt lat="-4.0957859717309474945068359375" lon="-81.051961965858936309814453125">
        <ele>0</ele>
        <time>2026-09-03T20:58:30.000Z</time>
        <extensions>
          <ns3:TrackPointExtension>
            <ns3:hr>93</ns3:hr>
          </ns3:TrackPointExtension>
        </extensions>
      </trkpt>
      <trkpt lat="-4.0957417152822017669677734375" lon="-81.0519777238368988037109375">
        <ele>0</ele>
        <time>2026-09-03T20:58:31.000Z</time>
        <extensions>
          <ns3:TrackPointExtension>
            <ns3:hr>93</ns3:hr>
          </ns3:TrackPointExtension>
        </extensions>
      </trkpt>
      <trkpt lat="-4.09552889876067638397216796875" lon="-81.05205073021352291107177734375">
        <ele>0</ele>
        <time>2026-09-03T20:58:35.000Z</time>
        <extensions>
          <ns3:TrackPointExtension>
            <ns3:hr>95</ns3:hr>
          </ns3:TrackPointExtension>
        </extensions>
      </trkpt>
      <trkpt lat="-4.09529018215835094451904296875" lon="-81.05213136412203311920166015625">
        <ele>0</ele>
        <time>2026-09-03T20:58:39.000Z</time>
        <extensions>
          <ns3:TrackPointExtension>
            <ns3:hr>95</ns3:hr>
          </ns3:TrackPointExtension>
        </extensions>
      </trkpt>
      <trkpt lat="-4.095199070870876312255859375" lon="-81.0521824099123477935791015625">
        <ele>0</ele>
        <time>2026-09-03T20:58:41.000Z</time>
        <extensions>
          <ns3:TrackPointExtension>
            <ns3:hr>96</ns3:hr>
          </ns3:TrackPointExtension>
        </extensions>
      </trkpt>
      <trkpt lat="-4.09516059793531894683837890625" lon="-81.052200011909008026123046875">
        <ele>0</ele>
        <time>2026-09-03T20:58:42.000Z</time>
        <extensions>
          <ns3:TrackPointExtension>
            <ns3:hr>94</ns3:hr>
          </ns3:TrackPointExtension>
        </extensions>
      </trkpt>
      <trkpt lat="-4.09510863013565540313720703125" lon="-81.05217981152236461639404296875">
        <ele>0</ele>
        <time>2026-09-03T20:58:44.000Z</time>
        <extensions>
          <ns3:TrackPointExtension>
            <ns3:hr>94</ns3:hr>
          </ns3:TrackPointExtension>
        </extensions>
      </trkpt>
      <trkpt lat="-4.09513168036937713623046875" lon="-81.05210789479315280914306640625">
        <ele>0</ele>
        <time>2026-09-03T20:58:46.000Z</time>
        <extensions>
          <ns3:TrackPointExtension>
            <ns3:hr>99</ns3:hr>
          </ns3:TrackPointExtension>
        </extensions>
      </trkpt>
      <trkpt lat="-4.09523000009357929229736328125" lon="-81.05206095613539218902587890625">
        <ele>0</ele>
        <time>2026-09-03T20:58:48.000Z</time>
        <extensions>
          <ns3:TrackPointExtension>
            <ns3:hr>98</ns3:hr>
          </ns3:TrackPointExtension>
        </extensions>
      </trkpt>
      <trkpt lat="-4.09529068507254123687744140625" lon="-81.0520439408719539642333984375">
        <ele>0</ele>
        <time>2026-09-03T20:58:49.000Z</time>
        <extensions>
          <ns3:TrackPointExtension>
            <ns3:hr>98</ns3:hr>
          </ns3:TrackPointExtension>
        </extensions>
      </trkpt>
      <trkpt lat="-4.0954865701496601104736328125" lon="-81.051998175680637359619140625">
        <ele>0</ele>
        <time>2026-09-03T20:58:52.000Z</time>
        <extensions>
          <ns3:TrackPointExtension>
            <ns3:hr>98</ns3:hr>
          </ns3:TrackPointExtension>
        </extensions>
      </trkpt>
      <trkpt lat="-4.09562026150524616241455078125" lon="-81.05197906494140625">
        <ele>0</ele>
        <time>2026-09-03T20:58:54.000Z</time>
        <extensions>
          <ns3:TrackPointExtension>
            <ns3:hr>101</ns3:hr>
          </ns3:TrackPointExtension>
        </extensions>
      </trkpt>
      <trkpt lat="-4.09581908024847507476806640625" lon="-81.0519463755190372467041015625">
        <ele>0</ele>
        <time>2026-09-03T20:58:57.000Z</time>
        <extensions>
          <ns3:TrackPointExtension>
            <ns3:hr>100</ns3:hr>
          </ns3:TrackPointExtension>
        </extensions>
      </trkpt>
      <trkpt lat="-4.09596174024045467376708984375" lon="-81.05191712267696857452392578125">
        <ele>0</ele>
        <time>2026-09-03T20:58:59.000Z</time>
        <extensions>
          <ns3:TrackPointExtension>
            <ns3:hr>99</ns3:hr>
          </ns3:TrackPointExtension>
        </extensions>
      </trkpt>
      <trkpt lat="-4.09603131003677845001220703125" lon="-81.05190890841186046600341796875">
        <ele>0</ele>
        <time>2026-09-03T20:59:00.000Z</time>
        <extensions>
          <ns3:TrackPointExtension>
            <ns3:hr>98</ns3:hr>
          </ns3:TrackPointExtension>
        </extensions>
      </trkpt>
      <trkpt lat="-4.09651963971555233001708984375" lon="-81.05183598585426807403564453125">
        <ele>0</ele>
        <time>2026-09-03T20:59:07.000Z</time>
        <extensions>
          <ns3:TrackPointExtension>
            <ns3:hr>99</ns3:hr>
          </ns3:TrackPointExtension>
        </extensions>
      </trkpt>
      <trkpt lat="-4.096996486186981201171875" lon="-81.05178116820752620697021484375">
        <ele>0</ele>
        <time>2026-09-03T20:59:14.000Z</time>
        <extensions>
          <ns3:TrackPointExtension>
            <ns3:hr>99</ns3:hr>
          </ns3:TrackPointExtension>
        </extensions>
      </trkpt>
      <trkpt lat="-4.0971840731799602508544921875" lon="-81.05176985263824462890625">
        <ele>0</ele>
        <time>2026-09-03T20:59:17.000Z</time>
        <extensions>
          <ns3:TrackPointExtension>
            <ns3:hr>100</ns3:hr>
          </ns3:TrackPointExtension>
        </extensions>
      </trkpt>
      <trkpt lat="-4.0974063612520694732666015625" lon="-81.05176675133407115936279296875">
        <ele>0</ele>
        <time>2026-09-03T20:59:21.000Z</time>
        <extensions>
          <ns3:TrackPointExtension>
            <ns3:hr>103</ns3:hr>
          </ns3:TrackPointExtension>
        </extensions>
      </trkpt>
      <trkpt lat="-4.097513146698474884033203125" lon="-81.0517649911344051361083984375">
        <ele>0</ele>
        <time>2026-09-03T20:59:23.000Z</time>
        <extensions>
          <ns3:TrackPointExtension>
            <ns3:hr>107</ns3:hr>
          </ns3:TrackPointExtension>
        </extensions>
      </trkpt>
      <trkpt lat="-4.09761750139296054840087890625" lon="-81.051756776869297027587890625">
        <ele>0</ele>
        <time>2026-09-03T20:59:25.000Z</time>
        <extensions>
          <ns3:TrackPointExtension>
            <ns3:hr>110</ns3:hr>
          </ns3:TrackPointExtension>
        </extensions>
      </trkpt>
      <trkpt lat="-4.0977171622216701507568359375" lon="-81.05175686068832874298095703125">
        <ele>0</ele>
        <time>2026-09-03T20:59:27.000Z</time>
        <extensions>
          <ns3:TrackPointExtension>
            <ns3:hr>111</ns3:hr>
          </ns3:TrackPointExtension>
        </extensions>
      </trkpt>
      <trkpt lat="-4.09775177948176860809326171875" lon="-81.05175568722188472747802734375">
        <ele>0</ele>
        <time>2026-09-03T20:59:28.000Z</time>
        <extensions>
          <ns3:TrackPointExtension>
            <ns3:hr>113</ns3:hr>
          </ns3:TrackPointExtension>
        </extensions>
      </trkpt>
      <trkpt lat="-4.097767286002635955810546875" lon="-81.05174261145293712615966796875">
        <ele>0</ele>
        <time>2026-09-03T20:59:29.000Z</time>
        <extensions>
          <ns3:TrackPointExtension>
            <ns3:hr>115</ns3:hr>
          </ns3:TrackPointExtension>
        </extensions>
      </trkpt>
      <trkpt lat="-4.097758233547210693359375" lon="-81.051722578704357147216796875">
        <ele>0</ele>
        <time>2026-09-03T20:59:30.000Z</time>
        <extensions>
          <ns3:TrackPointExtension>
            <ns3:hr>116</ns3:hr>
          </ns3:TrackPointExtension>
        </extensions>
      </trkpt>
      <trkpt lat="-4.0976366959512233734130859375" lon="-81.0517247579991817474365234375">
        <ele>0</ele>
        <time>2026-09-03T20:59:33.000Z</time>
        <extensions>
          <ns3:TrackPointExtension>
            <ns3:hr>116</ns3:hr>
          </ns3:TrackPointExtension>
        </extensions>
      </trkpt>
      <trkpt lat="-4.09741851501166820526123046875" lon="-81.05181368999183177947998046875">
        <ele>0</ele>
        <time>2026-09-03T20:59:37.000Z</time>
        <extensions>
          <ns3:TrackPointExtension>
            <ns3:hr>115</ns3:hr>
          </ns3:TrackPointExtension>
        </extensions>
      </trkpt>
      <trkpt lat="-4.0971223823726177215576171875" lon="-81.05194511823356151580810546875">
        <ele>0</ele>
        <time>2026-09-03T20:59:42.000Z</time>
        <extensions>
          <ns3:TrackPointExtension>
            <ns3:hr>116</ns3:hr>
          </ns3:TrackPointExtension>
        </extensions>
      </trkpt>
      <trkpt lat="-4.09676405601203441619873046875" lon="-81.05208073742687702178955078125">
        <ele>0</ele>
        <time>2026-09-03T20:59:48.000Z</time>
        <extensions>
          <ns3:TrackPointExtension>
            <ns3:hr>119</ns3:hr>
          </ns3:TrackPointExtension>
        </extensions>
      </trkpt>
      <trkpt lat="-4.09671057946979999542236328125" lon="-81.052106805145740509033203125">
        <ele>0</ele>
        <time>2026-09-03T20:59:49.000Z</time>
        <extensions>
          <ns3:TrackPointExtension>
            <ns3:hr>119</ns3:hr>
          </ns3:TrackPointExtension>
        </extensions>
      </trkpt>
      <trkpt lat="-4.09646331332623958587646484375" lon="-81.05222792364656925201416015625">
        <ele>0</ele>
        <time>2026-09-03T20:59:54.000Z</time>
        <extensions>
          <ns3:TrackPointExtension>
            <ns3:hr>120</ns3:hr>
          </ns3:TrackPointExtension>
        </extensions>
      </trkpt>
      <trkpt lat="-4.09618738107383251190185546875" lon="-81.05236597359180450439453125">
        <ele>0</ele>
        <time>2026-09-03T21:00:00.000Z</time>
        <extensions>
          <ns3:TrackPointExtension>
            <ns3:hr>121</ns3:hr>
          </ns3:TrackPointExtension>
        </extensions>
      </trkpt>
      <trkpt lat="-4.09591966308653354644775390625" lon="-81.0525195300579071044921875">
        <ele>0</ele>
        <time>2026-09-03T21:00:06.000Z</time>
        <extensions>
          <ns3:TrackPointExtension>
            <ns3:hr>123</ns3:hr>
          </ns3:TrackPointExtension>
        </extensions>
      </trkpt>
      <trkpt lat="-4.09587875939905643463134765625" lon="-81.0525329411029815673828125">
        <ele>0</ele>
        <time>2026-09-03T21:00:07.000Z</time>
        <extensions>
          <ns3:TrackPointExtension>
            <ns3:hr>123</ns3:hr>
          </ns3:TrackPointExtension>
        </extensions>
      </trkpt>
      <trkpt lat="-4.09574917517602443695068359375" lon="-81.05258918367326259613037109375">
        <ele>0</ele>
        <time>2026-09-03T21:00:10.000Z</time>
        <extensions>
          <ns3:TrackPointExtension>
            <ns3:hr>123</ns3:hr>
          </ns3:TrackPointExtension>
        </extensions>
      </trkpt>
      <trkpt lat="-4.09570843912661075592041015625" lon="-81.05261131189763545989990234375">
        <ele>0</ele>
        <time>2026-09-03T21:00:11.000Z</time>
        <extensions>
          <ns3:TrackPointExtension>
            <ns3:hr>123</ns3:hr>
          </ns3:TrackPointExtension>
        </extensions>
      </trkpt>
      <trkpt lat="-4.09541867673397064208984375" lon="-81.052780710160732269287109375">
        <ele>0</ele>
        <time>2026-09-03T21:00:19.000Z</time>
        <extensions>
          <ns3:TrackPointExtension>
            <ns3:hr>121</ns3:hr>
          </ns3:TrackPointExtension>
        </extensions>
      </trkpt>
      <trkpt lat="-4.0953804552555084228515625" lon="-81.05278716422617435455322265625">
        <ele>0</ele>
        <time>2026-09-03T21:00:21.000Z</time>
        <extensions>
          <ns3:TrackPointExtension>
            <ns3:hr>119</ns3:hr>
          </ns3:TrackPointExtension>
        </extensions>
      </trkpt>
      <trkpt lat="-4.09538188017904758453369140625" lon="-81.05276134796440601348876953125">
        <ele>0</ele>
        <time>2026-09-03T21:00:22.000Z</time>
        <extensions>
          <ns3:TrackPointExtension>
            <ns3:hr>117</ns3:hr>
          </ns3:TrackPointExtension>
        </extensions>
      </trkpt>
      <trkpt lat="-4.0954957902431488037109375" lon="-81.05268389917910099029541015625">
        <ele>0</ele>
        <time>2026-09-03T21:00:25.000Z</time>
        <extensions>
          <ns3:TrackPointExtension>
            <ns3:hr>114</ns3:hr>
          </ns3:TrackPointExtension>
        </extensions>
      </trkpt>
      <trkpt lat="-4.09570106305181980133056640625" lon="-81.0526310093700885772705078125">
        <ele>0</ele>
        <time>2026-09-03T21:00:28.000Z</time>
        <extensions>
          <ns3:TrackPointExtension>
            <ns3:hr>114</ns3:hr>
          </ns3:TrackPointExtension>
        </extensions>
      </trkpt>
      <trkpt lat="-4.09610934555530548095703125" lon="-81.0525622777640819549560546875">
        <ele>0</ele>
        <time>2026-09-03T21:00:34.000Z</time>
        <extensions>
          <ns3:TrackPointExtension>
            <ns3:hr>116</ns3:hr>
          </ns3:TrackPointExtension>
        </extensions>
      </trkpt>
      <trkpt lat="-4.09650522284209728240966796875" lon="-81.05250670574605464935302734375">
        <ele>0</ele>
        <time>2026-09-03T21:00:40.000Z</time>
        <extensions>
          <ns3:TrackPointExtension>
            <ns3:hr>117</ns3:hr>
          </ns3:TrackPointExtension>
        </extensions>
      </trkpt>
      <trkpt lat="-4.09662726335227489471435546875" lon="-81.052491031587123870849609375">
        <ele>0</ele>
        <time>2026-09-03T21:00:42.000Z</time>
        <extensions>
          <ns3:TrackPointExtension>
            <ns3:hr>117</ns3:hr>
          </ns3:TrackPointExtension>
        </extensions>
      </trkpt>
      <trkpt lat="-4.09680747427046298980712890625" lon="-81.052480302751064300537109375">
        <ele>0</ele>
        <time>2026-09-03T21:00:45.000Z</time>
        <extensions>
          <ns3:TrackPointExtension>
            <ns3:hr>117</ns3:hr>
          </ns3:TrackPointExtension>
        </extensions>
      </trkpt>
      <trkpt lat="-4.09729496575891971588134765625" lon="-81.05246999301016330718994140625">
        <ele>0</ele>
        <time>2026-09-03T21:00:53.000Z</time>
        <extensions>
          <ns3:TrackPointExtension>
            <ns3:hr>117</ns3:hr>
          </ns3:TrackPointExtension>
        </extensions>
      </trkpt>
      <trkpt lat="-4.0973532199859619140625" lon="-81.05246362276375293731689453125">
        <ele>0</ele>
        <time>2026-09-03T21:00:54.000Z</time>
        <extensions>
          <ns3:TrackPointExtension>
            <ns3:hr>117</ns3:hr>
          </ns3:TrackPointExtension>
        </extensions>
      </trkpt>
      <trkpt lat="-4.097649939358234405517578125" lon="-81.05241014622151851654052734375">
        <ele>0</ele>
        <time>2026-09-03T21:00:59.000Z</time>
        <extensions>
          <ns3:TrackPointExtension>
            <ns3:hr>118</ns3:hr>
          </ns3:TrackPointExtension>
        </extensions>
      </trkpt>
      <trkpt lat="-4.0980614908039569854736328125" lon="-81.05236303992569446563720703125">
        <ele>0</ele>
        <time>2026-09-03T21:01:06.000Z</time>
        <extensions>
          <ns3:TrackPointExtension>
            <ns3:hr>118</ns3:hr>
          </ns3:TrackPointExtension>
        </extensions>
      </trkpt>
      <trkpt lat="-4.0981278754770755767822265625" lon="-81.0523409955203533172607421875">
        <ele>0</ele>
        <time>2026-09-03T21:01:08.000Z</time>
        <extensions>
          <ns3:TrackPointExtension>
            <ns3:hr>118</ns3:hr>
          </ns3:TrackPointExtension>
        </extensions>
      </trkpt>
      <trkpt lat="-4.09812846221029758453369140625" lon="-81.05232163332402706146240234375">
        <ele>0</ele>
        <time>2026-09-03T21:01:09.000Z</time>
        <extensions>
          <ns3:TrackPointExtension>
            <ns3:hr>118</ns3:hr>
          </ns3:TrackPointExtension>
        </extensions>
      </trkpt>
      <trkpt lat="-4.09805587492883205413818359375" lon="-81.05229766108095645904541015625">
        <ele>0</ele>
        <time>2026-09-03T21:01:11.000Z</time>
        <extensions>
          <ns3:TrackPointExtension>
            <ns3:hr>118</ns3:hr>
          </ns3:TrackPointExtension>
        </extensions>
      </trkpt>
      <trkpt lat="-4.09800390712916851043701171875" lon="-81.05231258086860179901123046875">
        <ele>0</ele>
        <time>2026-09-03T21:01:12.000Z</time>
        <extensions>
          <ns3:TrackPointExtension>
            <ns3:hr>119</ns3:hr>
          </ns3:TrackPointExtension>
        </extensions>
      </trkpt>
      <trkpt lat="-4.0979018993675708770751953125" lon="-81.05237259529531002044677734375">
        <ele>0</ele>
        <time>2026-09-03T21:01:14.000Z</time>
        <extensions>
          <ns3:TrackPointExtension>
            <ns3:hr>121</ns3:hr>
          </ns3:TrackPointExtension>
        </extensions>
      </trkpt>
      <trkpt lat="-4.09763225354254245758056640625" lon="-81.0525267384946346282958984375">
        <ele>0</ele>
        <time>2026-09-03T21:01:20.000Z</time>
        <extensions>
          <ns3:TrackPointExtension>
            <ns3:hr>123</ns3:hr>
          </ns3:TrackPointExtension>
        </extensions>
      </trkpt>
      <trkpt lat="-4.0975354425609111785888671875" lon="-81.05257526971399784088134765625">
        <ele>0</ele>
        <time>2026-09-03T21:01:22.000Z</time>
        <extensions>
          <ns3:TrackPointExtension>
            <ns3:hr>126</ns3:hr>
          </ns3:TrackPointExtension>
        </extensions>
      </trkpt>
      <trkpt lat="-4.09729446284472942352294921875" lon="-81.052700914442539215087890625">
        <ele>0</ele>
        <time>2026-09-03T21:01:27.000Z</time>
        <extensions>
          <ns3:TrackPointExtension>
            <ns3:hr>126</ns3:hr>
          </ns3:TrackPointExtension>
        </extensions>
      </trkpt>
      <trkpt lat="-4.09701249562203884124755859375" lon="-81.05284801684319972991943359375">
        <ele>0</ele>
        <time>2026-09-03T21:01:33.000Z</time>
        <extensions>
          <ns3:TrackPointExtension>
            <ns3:hr>128</ns3:hr>
          </ns3:TrackPointExtension>
        </extensions>
      </trkpt>
      <trkpt lat="-4.09698215313255786895751953125" lon="-81.05281851254403591156005859375">
        <ele>0</ele>
        <time>2026-09-03T21:01:35.000Z</time>
        <extensions>
          <ns3:TrackPointExtension>
            <ns3:hr>129</ns3:hr>
          </ns3:TrackPointExtension>
        </extensions>
      </trkpt>
      <trkpt lat="-4.0970224700868129730224609375" lon="-81.05275782756507396697998046875">
        <ele>0</ele>
        <time>2026-09-03T21:01:37.000Z</time>
        <extensions>
          <ns3:TrackPointExtension>
            <ns3:hr>129</ns3:hr>
          </ns3:TrackPointExtension>
        </extensions>
      </trkpt>
      <trkpt lat="-4.09706546925008296966552734375" lon="-81.05274139903485774993896484375">
        <ele>0</ele>
        <time>2026-09-03T21:01:38.000Z</time>
        <extensions>
          <ns3:TrackPointExtension>
            <ns3:hr>129</ns3:hr>
          </ns3:TrackPointExtension>
        </extensions>
      </trkpt>
      <trkpt lat="-4.09727669321000576019287109375" lon="-81.0527111403644084930419921875">
        <ele>0</ele>
        <time>2026-09-03T21:01:42.000Z</time>
        <extensions>
          <ns3:TrackPointExtension>
            <ns3:hr>129</ns3:hr>
          </ns3:TrackPointExtension>
        </extensions>
      </trkpt>
      <trkpt lat="-4.09733704291284084320068359375" lon="-81.0527101345360279083251953125">
        <ele>0</ele>
        <time>2026-09-03T21:01:43.000Z</time>
        <extensions>
          <ns3:TrackPointExtension>
            <ns3:hr>129</ns3:hr>
          </ns3:TrackPointExtension>
        </extensions>
      </trkpt>
      <trkpt lat="-4.097568131983280181884765625" lon="-81.05271172709763050079345703125">
        <ele>0</ele>
        <time>2026-09-03T21:01:47.000Z</time>
        <extensions>
          <ns3:TrackPointExtension>
            <ns3:hr>131</ns3:hr>
          </ns3:TrackPointExtension>
        </extensions>
      </trkpt>
      <trkpt lat="-4.0976202674210071563720703125" lon="-81.0527101345360279083251953125">
        <ele>0</ele>
        <time>2026-09-03T21:01:48.000Z</time>
        <extensions>
          <ns3:TrackPointExtension>
            <ns3:hr>131</ns3:hr>
          </ns3:TrackPointExtension>
        </extensions>
      </trkpt>
      <trkpt lat="-4.0977231971919536590576171875" lon="-81.0526994056999683380126953125">
        <ele>0</ele>
        <time>2026-09-03T21:01:51.000Z</time>
        <extensions>
          <ns3:TrackPointExtension>
            <ns3:hr>130</ns3:hr>
          </ns3:TrackPointExtension>
        </extensions>
      </trkpt>
      <trkpt lat="-4.09768388606607913970947265625" lon="-81.05267266742885112762451171875">
        <ele>0</ele>
        <time>2026-09-03T21:01:53.000Z</time>
        <extensions>
          <ns3:TrackPointExtension>
            <ns3:hr>130</ns3:hr>
          </ns3:TrackPointExtension>
        </extensions>
      </trkpt>
      <trkpt lat="-4.09758548252284526824951171875" lon="-81.052682809531688690185546875">
        <ele>0</ele>
        <time>2026-09-03T21:01:55.000Z</time>
        <extensions>
          <ns3:TrackPointExtension>
            <ns3:hr>130</ns3:hr>
          </ns3:TrackPointExtension>
        </extensions>
      </trkpt>
      <trkpt lat="-4.0975297428667545318603515625" lon="-81.052704267203807830810546875">
        <ele>0</ele>
        <time>2026-09-03T21:01:56.000Z</time>
        <extensions>
          <ns3:TrackPointExtension>
            <ns3:hr>130</ns3:hr>
          </ns3:TrackPointExtension>
        </extensions>
      </trkpt>
      <trkpt lat="-4.09723478369414806365966796875" lon="-81.0528760962188243865966796875">
        <ele>0</ele>
        <time>2026-09-03T21:02:02.000Z</time>
        <extensions>
          <ns3:TrackPointExtension>
            <ns3:hr>129</ns3:hr>
          </ns3:TrackPointExtension>
        </extensions>
      </trkpt>
      <trkpt lat="-4.0971921198070049285888671875" lon="-81.0528999008238315582275390625">
        <ele>0</ele>
        <time>2026-09-03T21:02:03.000Z</time>
        <extensions>
          <ns3:TrackPointExtension>
            <ns3:hr>129</ns3:hr>
          </ns3:TrackPointExtension>
        </extensions>
      </trkpt>
      <trkpt lat="-4.09711726941168308258056640625" lon="-81.0529431514441967010498046875">
        <ele>0</ele>
        <time>2026-09-03T21:02:05.000Z</time>
        <extensions>
          <ns3:TrackPointExtension>
            <ns3:hr>129</ns3:hr>
          </ns3:TrackPointExtension>
        </extensions>
      </trkpt>
      <trkpt lat="-4.0970828197896480560302734375" lon="-81.052963435649871826171875">
        <ele>0</ele>
        <time>2026-09-03T21:02:06.000Z</time>
        <extensions>
          <ns3:TrackPointExtension>
            <ns3:hr>129</ns3:hr>
          </ns3:TrackPointExtension>
        </extensions>
      </trkpt>
      <trkpt lat="-4.09688559360802173614501953125" lon="-81.05304314754903316497802734375">
        <ele>0</ele>
        <time>2026-09-03T21:02:11.000Z</time>
        <extensions>
          <ns3:TrackPointExtension>
            <ns3:hr>130</ns3:hr>
          </ns3:TrackPointExtension>
        </extensions>
      </trkpt>
      <trkpt lat="-4.0968337096273899078369140625" lon="-81.0530631802976131439208984375">
        <ele>0</ele>
        <time>2026-09-03T21:02:12.000Z</time>
        <extensions>
          <ns3:TrackPointExtension>
            <ns3:hr>130</ns3:hr>
          </ns3:TrackPointExtension>
        </extensions>
      </trkpt>
      <trkpt lat="-4.09677713178098201751708984375" lon="-81.05308949947357177734375">
        <ele>0</ele>
        <time>2026-09-03T21:02:13.000Z</time>
        <extensions>
          <ns3:TrackPointExtension>
            <ns3:hr>130</ns3:hr>
          </ns3:TrackPointExtension>
        </extensions>
      </trkpt>
      <trkpt lat="-4.0966198034584522247314453125" lon="-81.05317709036171436309814453125">
        <ele>0</ele>
        <time>2026-09-03T21:02:16.000Z</time>
        <extensions>
          <ns3:TrackPointExtension>
            <ns3:hr>130</ns3:hr>
          </ns3:TrackPointExtension>
        </extensions>
      </trkpt>
      <trkpt lat="-4.0962831862270832061767578125" lon="-81.0533572174608707427978515625">
        <ele>0</ele>
        <time>2026-09-03T21:02:23.000Z</time>
        <extensions>
          <ns3:TrackPointExtension>
            <ns3:hr>133</ns3:hr>
          </ns3:TrackPointExtension>
        </extensions>
      </trkpt>
      <trkpt lat="-4.09612200222909450531005859375" lon="-81.05345226824283599853515625">
        <ele>0</ele>
        <time>2026-09-03T21:02:27.000Z</time>
        <extensions>
          <ns3:TrackPointExtension>
            <ns3:hr>131</ns3:hr>
          </ns3:TrackPointExtension>
        </extensions>
      </trkpt>
      <trkpt lat="-4.09605612047016620635986328125" lon="-81.05348805896937847137451171875">
        <ele>0</ele>
        <time>2026-09-03T21:02:29.000Z</time>
        <extensions>
          <ns3:TrackPointExtension>
            <ns3:hr>132</ns3:hr>
          </ns3:TrackPointExtension>
        </extensions>
      </trkpt>
      <trkpt lat="-4.09603692591190338134765625" lon="-81.053489148616790771484375">
        <ele>0</ele>
        <time>2026-09-03T21:02:30.000Z</time>
        <extensions>
          <ns3:TrackPointExtension>
            <ns3:hr>133</ns3:hr>
          </ns3:TrackPointExtension>
        </extensions>
      </trkpt>
      <trkpt lat="-4.09602896310389041900634765625" lon="-81.05345637537539005279541015625">
        <ele>0</ele>
        <time>2026-09-03T21:02:32.000Z</time>
        <extensions>
          <ns3:TrackPointExtension>
            <ns3:hr>133</ns3:hr>
          </ns3:TrackPointExtension>
        </extensions>
      </trkpt>
      <trkpt lat="-4.0961111895740032196044921875" lon="-81.05339971370995044708251953125">
        <ele>0</ele>
        <time>2026-09-03T21:02:34.000Z</time>
        <extensions>
          <ns3:TrackPointExtension>
            <ns3:hr>133</ns3:hr>
          </ns3:TrackPointExtension>
        </extensions>
      </trkpt>
      <trkpt lat="-4.09617313183844089508056640625" lon="-81.05337758548557758331298828125">
        <ele>0</ele>
        <time>2026-09-03T21:02:35.000Z</time>
        <extensions>
          <ns3:TrackPointExtension>
            <ns3:hr>132</ns3:hr>
          </ns3:TrackPointExtension>
        </extensions>
      </trkpt>
      <trkpt lat="-4.0962389297783374786376953125" lon="-81.05336216278374195098876953125">
        <ele>0</ele>
        <time>2026-09-03T21:02:36.000Z</time>
        <extensions>
          <ns3:TrackPointExtension>
            <ns3:hr>133</ns3:hr>
          </ns3:TrackPointExtension>
        </extensions>
      </trkpt>
      <trkpt lat="-4.09644302912056446075439453125" lon="-81.05334120802581310272216796875">
        <ele>0</ele>
        <time>2026-09-03T21:02:39.000Z</time>
        <extensions>
          <ns3:TrackPointExtension>
            <ns3:hr>133</ns3:hr>
          </ns3:TrackPointExtension>
        </extensions>
      </trkpt>
      <trkpt lat="-4.0965091623365879058837890625" lon="-81.05333601124584674835205078125">
        <ele>0</ele>
        <time>2026-09-03T21:02:40.000Z</time>
        <extensions>
          <ns3:TrackPointExtension>
            <ns3:hr>134</ns3:hr>
          </ns3:TrackPointExtension>
        </extensions>
      </trkpt>
      <trkpt lat="-4.09670747816562652587890625" lon="-81.05331203900277614593505859375">
        <ele>0</ele>
        <time>2026-09-03T21:02:43.000Z</time>
        <extensions>
          <ns3:TrackPointExtension>
            <ns3:hr>131</ns3:hr>
          </ns3:TrackPointExtension>
        </extensions>
      </trkpt>
      <trkpt lat="-4.096776209771633148193359375" lon="-81.05329862795770168304443359375">
        <ele>0</ele>
        <time>2026-09-03T21:02:44.000Z</time>
        <extensions>
          <ns3:TrackPointExtension>
            <ns3:hr>132</ns3:hr>
          </ns3:TrackPointExtension>
        </extensions>
      </trkpt>
      <trkpt lat="-4.096978716552257537841796875" lon="-81.0532663576304912567138671875">
        <ele>0</ele>
        <time>2026-09-03T21:02:47.000Z</time>
        <extensions>
          <ns3:TrackPointExtension>
            <ns3:hr>129</ns3:hr>
          </ns3:TrackPointExtension>
        </extensions>
      </trkpt>
      <trkpt lat="-4.097106792032718658447265625" lon="-81.0532368533313274383544921875">
        <ele>0</ele>
        <time>2026-09-03T21:02:49.000Z</time>
        <extensions>
          <ns3:TrackPointExtension>
            <ns3:hr>126</ns3:hr>
          </ns3:TrackPointExtension>
        </extensions>
      </trkpt>
      <trkpt lat="-4.09722137264907360076904296875" lon="-81.05321623384952545166015625">
        <ele>0</ele>
        <time>2026-09-03T21:02:51.000Z</time>
        <extensions>
          <ns3:TrackPointExtension>
            <ns3:hr>124</ns3:hr>
          </ns3:TrackPointExtension>
        </extensions>
      </trkpt>
      <trkpt lat="-4.09737358801066875457763671875" lon="-81.05319133959710597991943359375">
        <ele>0</ele>
        <time>2026-09-03T21:02:54.000Z</time>
        <extensions>
          <ns3:TrackPointExtension>
            <ns3:hr>121</ns3:hr>
          </ns3:TrackPointExtension>
        </extensions>
      </trkpt>
      <trkpt lat="-4.09750971011817455291748046875" lon="-81.053179688751697540283203125">
        <ele>0</ele>
        <time>2026-09-03T21:02:57.000Z</time>
        <extensions>
          <ns3:TrackPointExtension>
            <ns3:hr>121</ns3:hr>
          </ns3:TrackPointExtension>
        </extensions>
      </trkpt>
      <trkpt lat="-4.0977620892226696014404296875" lon="-81.05313777923583984375">
        <ele>0</ele>
        <time>2026-09-03T21:03:02.000Z</time>
        <extensions>
          <ns3:TrackPointExtension>
            <ns3:hr>123</ns3:hr>
          </ns3:TrackPointExtension>
        </extensions>
      </trkpt>
      <trkpt lat="-4.09806978888809680938720703125" lon="-81.05306812562048435211181640625">
        <ele>0</ele>
        <time>2026-09-03T21:03:07.000Z</time>
        <extensions>
          <ns3:TrackPointExtension>
            <ns3:hr>125</ns3:hr>
          </ns3:TrackPointExtension>
        </extensions>
      </trkpt>
      <trkpt lat="-4.09813198260962963104248046875" lon="-81.053062342107295989990234375">
        <ele>0</ele>
        <time>2026-09-03T21:03:08.000Z</time>
        <extensions>
          <ns3:TrackPointExtension>
            <ns3:hr>125</ns3:hr>
          </ns3:TrackPointExtension>
        </extensions>
      </trkpt>
      <trkpt lat="-4.098348654806613922119140625" lon="-81.0530425608158111572265625">
        <ele>0</ele>
        <time>2026-09-03T21:03:12.000Z</time>
        <extensions>
          <ns3:TrackPointExtension>
            <ns3:hr>125</ns3:hr>
          </ns3:TrackPointExtension>
        </extensions>
      </trkpt>
      <trkpt lat="-4.0985114313662052154541015625" lon="-81.05303811840713024139404296875">
        <ele>0</ele>
        <time>2026-09-03T21:03:15.000Z</time>
        <extensions>
          <ns3:TrackPointExtension>
            <ns3:hr>125</ns3:hr>
          </ns3:TrackPointExtension>
        </extensions>
      </trkpt>
      <trkpt lat="-4.09859717823565006256103515625" lon="-81.05304566211998462677001953125">
        <ele>0</ele>
        <time>2026-09-03T21:03:17.000Z</time>
        <extensions>
          <ns3:TrackPointExtension>
            <ns3:hr>125</ns3:hr>
          </ns3:TrackPointExtension>
        </extensions>
      </trkpt>
      <trkpt lat="-4.09863892011344432830810546875" lon="-81.05304314754903316497802734375">
        <ele>0</ele>
        <time>2026-09-03T21:03:19.000Z</time>
        <extensions>
          <ns3:TrackPointExtension>
            <ns3:hr>125</ns3:hr>
          </ns3:TrackPointExtension>
        </extensions>
      </trkpt>
      <trkpt lat="-4.09863187931478023529052734375" lon="-81.05303250253200531005859375">
        <ele>0</ele>
        <time>2026-09-03T21:03:20.000Z</time>
        <extensions>
          <ns3:TrackPointExtension>
            <ns3:hr>125</ns3:hr>
          </ns3:TrackPointExtension>
        </extensions>
      </trkpt>
      <trkpt lat="-4.09849860705435276031494140625" lon="-81.05304013006389141082763671875">
        <ele>0</ele>
        <time>2026-09-03T21:03:23.000Z</time>
        <extensions>
          <ns3:TrackPointExtension>
            <ns3:hr>125</ns3:hr>
          </ns3:TrackPointExtension>
        </extensions>
      </trkpt>
      <trkpt lat="-4.098289310932159423828125" lon="-81.0531443171203136444091796875">
        <ele>0</ele>
        <time>2026-09-03T21:03:27.000Z</time>
        <extensions>
          <ns3:TrackPointExtension>
            <ns3:hr>125</ns3:hr>
          </ns3:TrackPointExtension>
        </extensions>
      </trkpt>
      <trkpt lat="-4.09823927097022533416748046875" lon="-81.053165607154369354248046875">
        <ele>0</ele>
        <time>2026-09-03T21:03:28.000Z</time>
        <extensions>
          <ns3:TrackPointExtension>
            <ns3:hr>125</ns3:hr>
          </ns3:TrackPointExtension>
        </extensions>
      </trkpt>
      <trkpt lat="-4.09819342195987701416015625" lon="-81.053190417587757110595703125">
        <ele>0</ele>
        <time>2026-09-03T21:03:29.000Z</time>
        <extensions>
          <ns3:TrackPointExtension>
            <ns3:hr>125</ns3:hr>
          </ns3:TrackPointExtension>
        </extensions>
      </trkpt>
      <trkpt lat="-4.09803441725671291351318359375" lon="-81.0532915033400058746337890625">
        <ele>0</ele>
        <time>2026-09-03T21:03:33.000Z</time>
        <extensions>
          <ns3:TrackPointExtension>
            <ns3:hr>125</ns3:hr>
          </ns3:TrackPointExtension>
        </extensions>
      </trkpt>
      <trkpt lat="-4.09771867096424102783203125" lon="-81.0534567944705486297607421875">
        <ele>0</ele>
        <time>2026-09-03T21:03:40.000Z</time>
        <extensions>
          <ns3:TrackPointExtension>
            <ns3:hr>125</ns3:hr>
          </ns3:TrackPointExtension>
        </extensions>
      </trkpt>
      <trkpt lat="-4.09754156135022640228271484375" lon="-81.05355109088122844696044921875">
        <ele>0</ele>
        <time>2026-09-03T21:03:44.000Z</time>
        <extensions>
          <ns3:TrackPointExtension>
            <ns3:hr>121</ns3:hr>
          </ns3:TrackPointExtension>
        </extensions>
      </trkpt>
      <trkpt lat="-4.09749981947243213653564453125" lon="-81.0535694472491741180419921875">
        <ele>0</ele>
        <time>2026-09-03T21:03:45.000Z</time>
        <extensions>
          <ns3:TrackPointExtension>
            <ns3:hr>120</ns3:hr>
          </ns3:TrackPointExtension>
        </extensions>
      </trkpt>
      <trkpt lat="-4.09741885028779506683349609375" lon="-81.0536036454141139984130859375">
        <ele>0</ele>
        <time>2026-09-03T21:03:47.000Z</time>
        <extensions>
          <ns3:TrackPointExtension>
            <ns3:hr>119</ns3:hr>
          </ns3:TrackPointExtension>
        </extensions>
      </trkpt>
      <trkpt lat="-4.0973788686096668243408203125" lon="-81.0536230914294719696044921875">
        <ele>0</ele>
        <time>2026-09-03T21:03:48.000Z</time>
        <extensions>
          <ns3:TrackPointExtension>
            <ns3:hr>119</ns3:hr>
          </ns3:TrackPointExtension>
        </extensions>
      </trkpt>
      <trkpt lat="-4.0971817262470722198486328125" lon="-81.053714789450168609619140625">
        <ele>0</ele>
        <time>2026-09-03T21:03:53.000Z</time>
        <extensions>
          <ns3:TrackPointExtension>
            <ns3:hr>120</ns3:hr>
          </ns3:TrackPointExtension>
        </extensions>
      </trkpt>
      <trkpt lat="-4.09704677760601043701171875" lon="-81.053768098354339599609375">
        <ele>0</ele>
        <time>2026-09-03T21:03:56.000Z</time>
        <extensions>
          <ns3:TrackPointExtension>
            <ns3:hr>120</ns3:hr>
          </ns3:TrackPointExtension>
        </extensions>
      </trkpt>
      <trkpt lat="-4.09689347259700298309326171875" lon="-81.0538566112518310546875">
        <ele>0</ele>
        <time>2026-09-03T21:03:59.000Z</time>
        <extensions>
          <ns3:TrackPointExtension>
            <ns3:hr>122</ns3:hr>
          </ns3:TrackPointExtension>
        </extensions>
      </trkpt>
      <trkpt lat="-4.09669968299567699432373046875" lon="-81.05395677499473094940185546875">
        <ele>0</ele>
        <time>2026-09-03T21:04:03.000Z</time>
        <extensions>
          <ns3:TrackPointExtension>
            <ns3:hr>123</ns3:hr>
          </ns3:TrackPointExtension>
        </extensions>
      </trkpt>
      <trkpt lat="-4.096660874783992767333984375" lon="-81.0539841838181018829345703125">
        <ele>0</ele>
        <time>2026-09-03T21:04:04.000Z</time>
        <extensions>
          <ns3:TrackPointExtension>
            <ns3:hr>124</ns3:hr>
          </ns3:TrackPointExtension>
        </extensions>
      </trkpt>
      <trkpt lat="-4.0966265089809894561767578125" lon="-81.0540001094341278076171875">
        <ele>0</ele>
        <time>2026-09-03T21:04:05.000Z</time>
        <extensions>
          <ns3:TrackPointExtension>
            <ns3:hr>124</ns3:hr>
          </ns3:TrackPointExtension>
        </extensions>
      </trkpt>
      <trkpt lat="-4.0965835936367511749267578125" lon="-81.053972952067852020263671875">
        <ele>0</ele>
        <time>2026-09-03T21:04:07.000Z</time>
        <extensions>
          <ns3:TrackPointExtension>
            <ns3:hr>122</ns3:hr>
          </ns3:TrackPointExtension>
        </extensions>
      </trkpt>
      <trkpt lat="-4.0966218151152133941650390625" lon="-81.05390078388154506683349609375">
        <ele>0</ele>
        <time>2026-09-03T21:04:09.000Z</time>
        <extensions>
          <ns3:TrackPointExtension>
            <ns3:hr>122</ns3:hr>
          </ns3:TrackPointExtension>
        </extensions>
      </trkpt>
      <trkpt lat="-4.09666464664041996002197265625" lon="-81.0538738779723644256591796875">
        <ele>0</ele>
        <time>2026-09-03T21:04:10.000Z</time>
        <extensions>
          <ns3:TrackPointExtension>
            <ns3:hr>122</ns3:hr>
          </ns3:TrackPointExtension>
        </extensions>
      </trkpt>
      <trkpt lat="-4.096776880323886871337890625" lon="-81.053829453885555267333984375">
        <ele>0</ele>
        <time>2026-09-03T21:04:12.000Z</time>
        <extensions>
          <ns3:TrackPointExtension>
            <ns3:hr>122</ns3:hr>
          </ns3:TrackPointExtension>
        </extensions>
      </trkpt>
      <trkpt lat="-4.09722120501101016998291015625" lon="-81.053733564913272857666015625">
        <ele>0</ele>
        <time>2026-09-03T21:04:19.000Z</time>
        <extensions>
          <ns3:TrackPointExtension>
            <ns3:hr>123</ns3:hr>
          </ns3:TrackPointExtension>
        </extensions>
      </trkpt>
      <trkpt lat="-4.0976055152714252471923828125" lon="-81.05366743169724941253662109375">
        <ele>0</ele>
        <time>2026-09-03T21:04:25.000Z</time>
        <extensions>
          <ns3:TrackPointExtension>
            <ns3:hr>123</ns3:hr>
          </ns3:TrackPointExtension>
        </extensions>
      </trkpt>
      <trkpt lat="-4.09783911891281604766845703125" lon="-81.053618229925632476806640625">
        <ele>0</ele>
        <time>2026-09-03T21:04:29.000Z</time>
        <extensions>
          <ns3:TrackPointExtension>
            <ns3:hr>123</ns3:hr>
          </ns3:TrackPointExtension>
        </extensions>
      </trkpt>
      <trkpt lat="-4.0979585610330104827880859375" lon="-81.05360037647187709808349609375">
        <ele>0</ele>
        <time>2026-09-03T21:04:31.000Z</time>
        <extensions>
          <ns3:TrackPointExtension>
            <ns3:hr>123</ns3:hr>
          </ns3:TrackPointExtension>
        </extensions>
      </trkpt>
      <trkpt lat="-4.0983870439231395721435546875" lon="-81.0535077564418315887451171875">
        <ele>0</ele>
        <time>2026-09-03T21:04:38.000Z</time>
        <extensions>
          <ns3:TrackPointExtension>
            <ns3:hr>125</ns3:hr>
          </ns3:TrackPointExtension>
        </extensions>
      </trkpt>
      <trkpt lat="-4.0986183844506740570068359375" lon="-81.053466014564037322998046875">
        <ele>0</ele>
        <time>2026-09-03T21:04:42.000Z</time>
        <extensions>
          <ns3:TrackPointExtension>
            <ns3:hr>122</ns3:hr>
          </ns3:TrackPointExtension>
        </extensions>
      </trkpt>
      <trkpt lat="-4.0987313725054264068603515625" lon="-81.05345319025218486785888671875">
        <ele>0</ele>
        <time>2026-09-03T21:04:44.000Z</time>
        <extensions>
          <ns3:TrackPointExtension>
            <ns3:hr>119</ns3:hr>
          </ns3:TrackPointExtension>
        </extensions>
      </trkpt>
      <trkpt lat="-4.098781831562519073486328125" lon="-81.05345369316637516021728515625">
        <ele>0</ele>
        <time>2026-09-03T21:04:45.000Z</time>
        <extensions>
          <ns3:TrackPointExtension>
            <ns3:hr>118</ns3:hr>
          </ns3:TrackPointExtension>
        </extensions>
      </trkpt>
      <trkpt lat="-4.09903018735349178314208984375" lon="-81.05342837981879711151123046875">
        <ele>0</ele>
        <time>2026-09-03T21:04:50.000Z</time>
        <extensions>
          <ns3:TrackPointExtension>
            <ns3:hr>119</ns3:hr>
          </ns3:TrackPointExtension>
        </extensions>
      </trkpt>
      <trkpt lat="-4.0994039364159107208251953125" lon="-81.05338663794100284576416015625">
        <ele>0</ele>
        <time>2026-09-03T21:04:57.000Z</time>
        <extensions>
          <ns3:TrackPointExtension>
            <ns3:hr>120</ns3:hr>
          </ns3:TrackPointExtension>
        </extensions>
      </trkpt>
      <trkpt lat="-4.09985261969268321990966796875" lon="-81.05334556661546230316162109375">
        <ele>0</ele>
        <time>2026-09-03T21:05:05.000Z</time>
        <extensions>
          <ns3:TrackPointExtension>
            <ns3:hr>121</ns3:hr>
          </ns3:TrackPointExtension>
        </extensions>
      </trkpt>
      <trkpt lat="-4.1001257859170436859130859375" lon="-81.05329334735870361328125">
        <ele>0</ele>
        <time>2026-09-03T21:05:11.000Z</time>
        <extensions>
          <ns3:TrackPointExtension>
            <ns3:hr>120</ns3:hr>
          </ns3:TrackPointExtension>
        </extensions>
      </trkpt>
      <trkpt lat="-4.10013006068766117095947265625" lon="-81.05327683500945568084716796875">
        <ele>0</ele>
        <time>2026-09-03T21:05:12.000Z</time>
        <extensions>
          <ns3:TrackPointExtension>
            <ns3:hr>120</ns3:hr>
          </ns3:TrackPointExtension>
        </extensions>
      </trkpt>
      <trkpt lat="-4.10007876344025135040283203125" lon="-81.053255461156368255615234375">
        <ele>0</ele>
        <time>2026-09-03T21:05:14.000Z</time>
        <extensions>
          <ns3:TrackPointExtension>
            <ns3:hr>121</ns3:hr>
          </ns3:TrackPointExtension>
        </extensions>
      </trkpt>
      <trkpt lat="-4.09999310038983821868896484375" lon="-81.05328069068491458892822265625">
        <ele>0</ele>
        <time>2026-09-03T21:05:16.000Z</time>
        <extensions>
          <ns3:TrackPointExtension>
            <ns3:hr>121</ns3:hr>
          </ns3:TrackPointExtension>
        </extensions>
      </trkpt>
      <trkpt lat="-4.099942557513713836669921875" lon="-81.05330399237573146820068359375">
        <ele>0</ele>
        <time>2026-09-03T21:05:17.000Z</time>
        <extensions>
          <ns3:TrackPointExtension>
            <ns3:hr>121</ns3:hr>
          </ns3:TrackPointExtension>
        </extensions>
      </trkpt>
      <trkpt lat="-4.0998907573521137237548828125" lon="-81.053333245217800140380859375">
        <ele>0</ele>
        <time>2026-09-03T21:05:18.000Z</time>
        <extensions>
          <ns3:TrackPointExtension>
            <ns3:hr>121</ns3:hr>
          </ns3:TrackPointExtension>
        </extensions>
      </trkpt>
      <trkpt lat="-4.09974239766597747802734375" lon="-81.053423769772052764892578125">
        <ele>0</ele>
        <time>2026-09-03T21:05:21.000Z</time>
        <extensions>
          <ns3:TrackPointExtension>
            <ns3:hr>122</ns3:hr>
          </ns3:TrackPointExtension>
        </extensions>
      </trkpt>
      <trkpt lat="-4.09943394362926483154296875" lon="-81.05359652079641819000244140625">
        <ele>0</ele>
        <time>2026-09-03T21:05:28.000Z</time>
        <extensions>
          <ns3:TrackPointExtension>
            <ns3:hr>122</ns3:hr>
          </ns3:TrackPointExtension>
        </extensions>
      </trkpt>
      <trkpt lat="-4.09919522702693939208984375" lon="-81.05372157879173755645751953125">
        <ele>0</ele>
        <time>2026-09-03T21:05:33.000Z</time>
        <extensions>
          <ns3:TrackPointExtension>
            <ns3:hr>119</ns3:hr>
          </ns3:TrackPointExtension>
        </extensions>
      </trkpt>
      <trkpt lat="-4.09915323369204998016357421875" lon="-81.05375133454799652099609375">
        <ele>0</ele>
        <time>2026-09-03T21:05:34.000Z</time>
        <extensions>
          <ns3:TrackPointExtension>
            <ns3:hr>119</ns3:hr>
          </ns3:TrackPointExtension>
        </extensions>
      </trkpt>
      <trkpt lat="-4.099110402166843414306640625" lon="-81.05377622880041599273681640625">
        <ele>0</ele>
        <time>2026-09-03T21:05:35.000Z</time>
        <extensions>
          <ns3:TrackPointExtension>
            <ns3:hr>119</ns3:hr>
          </ns3:TrackPointExtension>
        </extensions>
      </trkpt>
      <trkpt lat="-4.09898467361927032470703125" lon="-81.05385862290859222412109375">
        <ele>0</ele>
        <time>2026-09-03T21:05:38.000Z</time>
        <extensions>
          <ns3:TrackPointExtension>
            <ns3:hr>118</ns3:hr>
          </ns3:TrackPointExtension>
        </extensions>
      </trkpt>
      <trkpt lat="-4.098900519311428070068359375" lon="-81.05392056517302989959716796875">
        <ele>0</ele>
        <time>2026-09-03T21:05:40.000Z</time>
        <extensions>
          <ns3:TrackPointExtension>
            <ns3:hr>119</ns3:hr>
          </ns3:TrackPointExtension>
        </extensions>
      </trkpt>
      <trkpt lat="-4.098774455487728118896484375" lon="-81.0540016181766986846923828125">
        <ele>0</ele>
        <time>2026-09-03T21:05:43.000Z</time>
        <extensions>
          <ns3:TrackPointExtension>
            <ns3:hr>120</ns3:hr>
          </ns3:TrackPointExtension>
        </extensions>
      </trkpt>
      <trkpt lat="-4.09862182103097438812255859375" lon="-81.05406858958303928375244140625">
        <ele>0</ele>
        <time>2026-09-03T21:05:46.000Z</time>
        <extensions>
          <ns3:TrackPointExtension>
            <ns3:hr>119</ns3:hr>
          </ns3:TrackPointExtension>
        </extensions>
      </trkpt>
      <trkpt lat="-4.0984644927084445953369140625" lon="-81.0541464574635028839111328125">
        <ele>0</ele>
        <time>2026-09-03T21:05:49.000Z</time>
        <extensions>
          <ns3:TrackPointExtension>
            <ns3:hr>116</ns3:hr>
          </ns3:TrackPointExtension>
        </extensions>
      </trkpt>
      <trkpt lat="-4.09830431453883647918701171875" lon="-81.05420622043311595916748046875">
        <ele>0</ele>
        <time>2026-09-03T21:05:52.000Z</time>
        <extensions>
          <ns3:TrackPointExtension>
            <ns3:hr>116</ns3:hr>
          </ns3:TrackPointExtension>
        </extensions>
      </trkpt>
      <trkpt lat="-4.09805855713784694671630859375" lon="-81.05431317351758480072021484375">
        <ele>0</ele>
        <time>2026-09-03T21:05:57.000Z</time>
        <extensions>
          <ns3:TrackPointExtension>
            <ns3:hr>119</ns3:hr>
          </ns3:TrackPointExtension>
        </extensions>
      </trkpt>
      <trkpt lat="-4.0979097783565521240234375" lon="-81.05439146049320697784423828125">
        <ele>0</ele>
        <time>2026-09-03T21:06:00.000Z</time>
        <extensions>
          <ns3:TrackPointExtension>
            <ns3:hr>119</ns3:hr>
          </ns3:TrackPointExtension>
        </extensions>
      </trkpt>
      <trkpt lat="-4.09771456383168697357177734375" lon="-81.05449925176799297332763671875">
        <ele>0</ele>
        <time>2026-09-03T21:06:05.000Z</time>
        <extensions>
          <ns3:TrackPointExtension>
            <ns3:hr>122</ns3:hr>
          </ns3:TrackPointExtension>
        </extensions>
      </trkpt>
      <trkpt lat="-4.09769210033118724822998046875" lon="-81.05448818765580654144287109375">
        <ele>0</ele>
        <time>2026-09-03T21:06:06.000Z</time>
        <extensions>
          <ns3:TrackPointExtension>
            <ns3:hr>122</ns3:hr>
          </ns3:TrackPointExtension>
        </extensions>
      </trkpt>
      <trkpt lat="-4.09768782556056976318359375" lon="-81.0544555820524692535400390625">
        <ele>0</ele>
        <time>2026-09-03T21:06:07.000Z</time>
        <extensions>
          <ns3:TrackPointExtension>
            <ns3:hr>122</ns3:hr>
          </ns3:TrackPointExtension>
        </extensions>
      </trkpt>
      <trkpt lat="-4.0977488458156585693359375" lon="-81.0543731041252613067626953125">
        <ele>0</ele>
        <time>2026-09-03T21:06:09.000Z</time>
        <extensions>
          <ns3:TrackPointExtension>
            <ns3:hr>122</ns3:hr>
          </ns3:TrackPointExtension>
        </extensions>
      </trkpt>
      <trkpt lat="-4.09780207090079784393310546875" lon="-81.05434653349220752716064453125">
        <ele>0</ele>
        <time>2026-09-03T21:06:10.000Z</time>
        <extensions>
          <ns3:TrackPointExtension>
            <ns3:hr>123</ns3:hr>
          </ns3:TrackPointExtension>
        </extensions>
      </trkpt>
      <trkpt lat="-4.0978641808032989501953125" lon="-81.05433144606649875640869140625">
        <ele>0</ele>
        <time>2026-09-03T21:06:11.000Z</time>
        <extensions>
          <ns3:TrackPointExtension>
            <ns3:hr>121</ns3:hr>
          </ns3:TrackPointExtension>
        </extensions>
      </trkpt>
      <trkpt lat="-4.09806140698492527008056640625" lon="-81.05429775081574916839599609375">
        <ele>0</ele>
        <time>2026-09-03T21:06:14.000Z</time>
        <extensions>
          <ns3:TrackPointExtension>
            <ns3:hr>122</ns3:hr>
          </ns3:TrackPointExtension>
        </extensions>
      </trkpt>
      <trkpt lat="-4.09837472252547740936279296875" lon="-81.05425366200506687164306640625">
        <ele>0</ele>
        <time>2026-09-03T21:06:19.000Z</time>
        <extensions>
          <ns3:TrackPointExtension>
            <ns3:hr>119</ns3:hr>
          </ns3:TrackPointExtension>
        </extensions>
      </trkpt>
      <trkpt lat="-4.0984946675598621368408203125" lon="-81.05423740111291408538818359375">
        <ele>0</ele>
        <time>2026-09-03T21:06:21.000Z</time>
        <extensions>
          <ns3:TrackPointExtension>
            <ns3:hr>119</ns3:hr>
          </ns3:TrackPointExtension>
        </extensions>
      </trkpt>
      <trkpt lat="-4.09867295064032077789306640625" lon="-81.05421577580273151397705078125">
        <ele>0</ele>
        <time>2026-09-03T21:06:24.000Z</time>
        <extensions>
          <ns3:TrackPointExtension>
            <ns3:hr>116</ns3:hr>
          </ns3:TrackPointExtension>
        </extensions>
      </trkpt>
      <trkpt lat="-4.09885458648204803466796875" lon="-81.054197251796722412109375">
        <ele>0</ele>
        <time>2026-09-03T21:06:27.000Z</time>
        <extensions>
          <ns3:TrackPointExtension>
            <ns3:hr>117</ns3:hr>
          </ns3:TrackPointExtension>
        </extensions>
      </trkpt>
      <trkpt lat="-4.09909422509372234344482421875" lon="-81.05417185463011264801025390625">
        <ele>0</ele>
        <time>2026-09-03T21:06:31.000Z</time>
        <extensions>
          <ns3:TrackPointExtension>
            <ns3:hr>120</ns3:hr>
          </ns3:TrackPointExtension>
        </extensions>
      </trkpt>
      <trkpt lat="-4.0992644615471363067626953125" lon="-81.0541645623743534088134765625">
        <ele>0</ele>
        <time>2026-09-03T21:06:34.000Z</time>
        <extensions>
          <ns3:TrackPointExtension>
            <ns3:hr>121</ns3:hr>
          </ns3:TrackPointExtension>
        </extensions>
      </trkpt>
      <trkpt lat="-4.09955598413944244384765625" lon="-81.05413195677101612091064453125">
        <ele>0</ele>
        <time>2026-09-03T21:06:39.000Z</time>
        <extensions>
          <ns3:TrackPointExtension>
            <ns3:hr>117</ns3:hr>
          </ns3:TrackPointExtension>
        </extensions>
      </trkpt>
      <trkpt lat="-4.0998005680739879608154296875" lon="-81.05409733951091766357421875">
        <ele>0</ele>
        <time>2026-09-03T21:06:43.000Z</time>
        <extensions>
          <ns3:TrackPointExtension>
            <ns3:hr>118</ns3:hr>
          </ns3:TrackPointExtension>
        </extensions>
      </trkpt>
      <trkpt lat="-4.10015386529266834259033203125" lon="-81.0540364868938922882080078125">
        <ele>0</ele>
        <time>2026-09-03T21:06:49.000Z</time>
        <extensions>
          <ns3:TrackPointExtension>
            <ns3:hr>118</ns3:hr>
          </ns3:TrackPointExtension>
        </extensions>
      </trkpt>
      <trkpt lat="-4.10020465962588787078857421875" lon="-81.05402416549623012542724609375">
        <ele>0</ele>
        <time>2026-09-03T21:06:50.000Z</time>
        <extensions>
          <ns3:TrackPointExtension>
            <ns3:hr>118</ns3:hr>
          </ns3:TrackPointExtension>
        </extensions>
      </trkpt>
      <trkpt lat="-4.1004278697073459625244140625" lon="-81.05399901978671550750732421875">
        <ele>0</ele>
        <time>2026-09-03T21:06:54.000Z</time>
        <extensions>
          <ns3:TrackPointExtension>
            <ns3:hr>119</ns3:hr>
          </ns3:TrackPointExtension>
        </extensions>
      </trkpt>
      <trkpt lat="-4.10047329962253570556640625" lon="-81.05399851687252521514892578125">
        <ele>0</ele>
        <time>2026-09-03T21:06:55.000Z</time>
        <extensions>
          <ns3:TrackPointExtension>
            <ns3:hr>120</ns3:hr>
          </ns3:TrackPointExtension>
        </extensions>
      </trkpt>
      <trkpt lat="-4.1005606390535831451416015625" lon="-81.053989045321941375732421875">
        <ele>0</ele>
        <time>2026-09-03T21:06:57.000Z</time>
        <extensions>
          <ns3:TrackPointExtension>
            <ns3:hr>122</ns3:hr>
          </ns3:TrackPointExtension>
        </extensions>
      </trkpt>
      <trkpt lat="-4.100719392299652099609375" lon="-81.05396029539406299591064453125">
        <ele>0</ele>
        <time>2026-09-03T21:07:00.000Z</time>
        <extensions>
          <ns3:TrackPointExtension>
            <ns3:hr>121</ns3:hr>
          </ns3:TrackPointExtension>
        </extensions>
      </trkpt>
      <trkpt lat="-4.10077597014605998992919921875" lon="-81.05395786464214324951171875">
        <ele>0</ele>
        <time>2026-09-03T21:07:01.000Z</time>
        <extensions>
          <ns3:TrackPointExtension>
            <ns3:hr>121</ns3:hr>
          </ns3:TrackPointExtension>
        </extensions>
      </trkpt>
      <trkpt lat="-4.10090656019747257232666015625" lon="-81.053962223231792449951171875">
        <ele>0</ele>
        <time>2026-09-03T21:07:04.000Z</time>
        <extensions>
          <ns3:TrackPointExtension>
            <ns3:hr>122</ns3:hr>
          </ns3:TrackPointExtension>
        </extensions>
      </trkpt>
      <trkpt lat="-4.100923240184783935546875" lon="-81.05395409278571605682373046875">
        <ele>0</ele>
        <time>2026-09-03T21:07:05.000Z</time>
        <extensions>
          <ns3:TrackPointExtension>
            <ns3:hr>122</ns3:hr>
          </ns3:TrackPointExtension>
        </extensions>
      </trkpt>
      <trkpt lat="-4.10089499317109584808349609375" lon="-81.05391469784080982208251953125">
        <ele>0</ele>
        <time>2026-09-03T21:07:07.000Z</time>
        <extensions>
          <ns3:TrackPointExtension>
            <ns3:hr>122</ns3:hr>
          </ns3:TrackPointExtension>
        </extensions>
      </trkpt>
      <trkpt lat="-4.1008479706943035125732421875" lon="-81.05390698648989200592041015625">
        <ele>0</ele>
        <time>2026-09-03T21:07:08.000Z</time>
        <extensions>
          <ns3:TrackPointExtension>
            <ns3:hr>122</ns3:hr>
          </ns3:TrackPointExtension>
        </extensions>
      </trkpt>
      <trkpt lat="-4.100793488323688507080078125" lon="-81.05391855351626873016357421875">
        <ele>0</ele>
        <time>2026-09-03T21:07:09.000Z</time>
        <extensions>
          <ns3:TrackPointExtension>
            <ns3:hr>122</ns3:hr>
          </ns3:TrackPointExtension>
        </extensions>
      </trkpt>
      <trkpt lat="-4.1006940789520740509033203125" lon="-81.0539657436311244964599609375">
        <ele>0</ele>
        <time>2026-09-03T21:07:11.000Z</time>
        <extensions>
          <ns3:TrackPointExtension>
            <ns3:hr>122</ns3:hr>
          </ns3:TrackPointExtension>
        </extensions>
      </trkpt>
      <trkpt lat="-4.1006105951964855194091796875" lon="-81.05401779524981975555419921875">
        <ele>0</ele>
        <time>2026-09-03T21:07:13.000Z</time>
        <extensions>
          <ns3:TrackPointExtension>
            <ns3:hr>122</ns3:hr>
          </ns3:TrackPointExtension>
        </extensions>
      </trkpt>
      <trkpt lat="-4.100308008491992950439453125" lon="-81.0541705973446369171142578125">
        <ele>0</ele>
        <time>2026-09-03T21:07:19.000Z</time>
        <extensions>
          <ns3:TrackPointExtension>
            <ns3:hr>122</ns3:hr>
          </ns3:TrackPointExtension>
        </extensions>
      </trkpt>
      <trkpt lat="-4.099872149527072906494140625" lon="-81.054375283420085906982421875">
        <ele>0</ele>
        <time>2026-09-03T21:07:27.000Z</time>
        <extensions>
          <ns3:TrackPointExtension>
            <ns3:hr>123</ns3:hr>
          </ns3:TrackPointExtension>
        </extensions>
      </trkpt>
      <trkpt lat="-4.099808447062969207763671875" lon="-81.05440638028085231781005859375">
        <ele>0</ele>
        <time>2026-09-03T21:07:28.000Z</time>
        <extensions>
          <ns3:TrackPointExtension>
            <ns3:hr>123</ns3:hr>
          </ns3:TrackPointExtension>
        </extensions>
      </trkpt>
      <trkpt lat="-4.09951080568134784698486328125" lon="-81.054559014737606048583984375">
        <ele>0</ele>
        <time>2026-09-03T21:07:33.000Z</time>
        <extensions>
          <ns3:TrackPointExtension>
            <ns3:hr>121</ns3:hr>
          </ns3:TrackPointExtension>
        </extensions>
      </trkpt>
      <trkpt lat="-4.09918977878987789154052734375" lon="-81.05470879934728145599365234375">
        <ele>0</ele>
        <time>2026-09-03T21:07:39.000Z</time>
        <extensions>
          <ns3:TrackPointExtension>
            <ns3:hr>121</ns3:hr>
          </ns3:TrackPointExtension>
        </extensions>
      </trkpt>
      <trkpt lat="-4.09878962673246860504150390625" lon="-81.05493561364710330963134765625">
        <ele>0</ele>
        <time>2026-09-03T21:07:47.000Z</time>
        <extensions>
          <ns3:TrackPointExtension>
            <ns3:hr>121</ns3:hr>
          </ns3:TrackPointExtension>
        </extensions>
      </trkpt>
      <trkpt lat="-4.09870463423430919647216796875" lon="-81.05498070828616619110107421875">
        <ele>0</ele>
        <time>2026-09-03T21:07:50.000Z</time>
        <extensions>
          <ns3:TrackPointExtension>
            <ns3:hr>120</ns3:hr>
          </ns3:TrackPointExtension>
        </extensions>
      </trkpt>
      <trkpt lat="-4.09869608469307422637939453125" lon="-81.05495707131922245025634765625">
        <ele>0</ele>
        <time>2026-09-03T21:07:51.000Z</time>
        <extensions>
          <ns3:TrackPointExtension>
            <ns3:hr>120</ns3:hr>
          </ns3:TrackPointExtension>
        </extensions>
      </trkpt>
      <trkpt lat="-4.09874335862696170806884765625" lon="-81.05488800443708896636962890625">
        <ele>0</ele>
        <time>2026-09-03T21:07:53.000Z</time>
        <extensions>
          <ns3:TrackPointExtension>
            <ns3:hr>120</ns3:hr>
          </ns3:TrackPointExtension>
        </extensions>
      </trkpt>
      <trkpt lat="-4.0987893752753734588623046875" lon="-81.0548666305840015411376953125">
        <ele>0</ele>
        <time>2026-09-03T21:07:54.000Z</time>
        <extensions>
          <ns3:TrackPointExtension>
            <ns3:hr>120</ns3:hr>
          </ns3:TrackPointExtension>
        </extensions>
      </trkpt>
      <trkpt lat="-4.09890412352979183197021484375" lon="-81.05482480488717555999755859375">
        <ele>0</ele>
        <time>2026-09-03T21:07:56.000Z</time>
        <extensions>
          <ns3:TrackPointExtension>
            <ns3:hr>122</ns3:hr>
          </ns3:TrackPointExtension>
        </extensions>
      </trkpt>
      <trkpt lat="-4.0989687480032444000244140625" lon="-81.05480678379535675048828125">
        <ele>0</ele>
        <time>2026-09-03T21:07:57.000Z</time>
        <extensions>
          <ns3:TrackPointExtension>
            <ns3:hr>121</ns3:hr>
          </ns3:TrackPointExtension>
        </extensions>
      </trkpt>
      <trkpt lat="-4.09928265027701854705810546875" lon="-81.05476512573659420013427734375">
        <ele>0</ele>
        <time>2026-09-03T21:08:02.000Z</time>
        <extensions>
          <ns3:TrackPointExtension>
            <ns3:hr>123</ns3:hr>
          </ns3:TrackPointExtension>
        </extensions>
      </trkpt>
      <trkpt lat="-4.0995266474783420562744140625" lon="-81.0547388903796672821044921875">
        <ele>0</ele>
        <time>2026-09-03T21:08:06.000Z</time>
        <extensions>
          <ns3:TrackPointExtension>
            <ns3:hr>126</ns3:hr>
          </ns3:TrackPointExtension>
        </extensions>
      </trkpt>
      <trkpt lat="-4.0997068583965301513671875" lon="-81.05473025701940059661865234375">
        <ele>0</ele>
        <time>2026-09-03T21:08:09.000Z</time>
        <extensions>
          <ns3:TrackPointExtension>
            <ns3:hr>127</ns3:hr>
          </ns3:TrackPointExtension>
        </extensions>
      </trkpt>
      <trkpt lat="-4.0999387018382549285888671875" lon="-81.0547162592411041259765625">
        <ele>0</ele>
        <time>2026-09-03T21:08:13.000Z</time>
        <extensions>
          <ns3:TrackPointExtension>
            <ns3:hr>128</ns3:hr>
          </ns3:TrackPointExtension>
        </extensions>
      </trkpt>
      <trkpt lat="-4.10006836988031864166259765625" lon="-81.0546916164457798004150390625">
        <ele>0</ele>
        <time>2026-09-03T21:08:15.000Z</time>
        <extensions>
          <ns3:TrackPointExtension>
            <ns3:hr>128</ns3:hr>
          </ns3:TrackPointExtension>
        </extensions>
      </trkpt>
      <trkpt lat="-4.10026852972805500030517578125" lon="-81.0546607710421085357666015625">
        <ele>0</ele>
        <time>2026-09-03T21:08:18.000Z</time>
        <extensions>
          <ns3:TrackPointExtension>
            <ns3:hr>125</ns3:hr>
          </ns3:TrackPointExtension>
        </extensions>
      </trkpt>
      <trkpt lat="-4.10046667791903018951416015625" lon="-81.054617352783679962158203125">
        <ele>0</ele>
        <time>2026-09-03T21:08:21.000Z</time>
        <extensions>
          <ns3:TrackPointExtension>
            <ns3:hr>123</ns3:hr>
          </ns3:TrackPointExtension>
        </extensions>
      </trkpt>
      <trkpt lat="-4.10093941725790500640869140625" lon="-81.054553985595703125">
        <ele>0</ele>
        <time>2026-09-03T21:08:28.000Z</time>
        <extensions>
          <ns3:TrackPointExtension>
            <ns3:hr>121</ns3:hr>
          </ns3:TrackPointExtension>
        </extensions>
      </trkpt>
      <trkpt lat="-4.10139924846589565277099609375" lon="-81.054476201534271240234375">
        <ele>0</ele>
        <time>2026-09-03T21:08:35.000Z</time>
        <extensions>
          <ns3:TrackPointExtension>
            <ns3:hr>121</ns3:hr>
          </ns3:TrackPointExtension>
        </extensions>
      </trkpt>
      <trkpt lat="-4.1014585085213184356689453125" lon="-81.05446622706949710845947265625">
        <ele>0</ele>
        <time>2026-09-03T21:08:36.000Z</time>
        <extensions>
          <ns3:TrackPointExtension>
            <ns3:hr>122</ns3:hr>
          </ns3:TrackPointExtension>
        </extensions>
      </trkpt>
      <trkpt lat="-4.10179370082914829254150390625" lon="-81.05441794730722904205322265625">
        <ele>0</ele>
        <time>2026-09-03T21:08:42.000Z</time>
        <extensions>
          <ns3:TrackPointExtension>
            <ns3:hr>122</ns3:hr>
          </ns3:TrackPointExtension>
        </extensions>
      </trkpt>
      <trkpt lat="-4.10192345269024372100830078125" lon="-81.0543979145586490631103515625">
        <ele>0</ele>
        <time>2026-09-03T21:08:45.000Z</time>
        <extensions>
          <ns3:TrackPointExtension>
            <ns3:hr>122</ns3:hr>
          </ns3:TrackPointExtension>
        </extensions>
      </trkpt>
      <trkpt lat="-4.101931750774383544921875" lon="-81.05437360703945159912109375">
        <ele>0</ele>
        <time>2026-09-03T21:08:46.000Z</time>
        <extensions>
          <ns3:TrackPointExtension>
            <ns3:hr>122</ns3:hr>
          </ns3:TrackPointExtension>
        </extensions>
      </trkpt>
      <trkpt lat="-4.10186477936804294586181640625" lon="-81.05434619821608066558837890625">
        <ele>0</ele>
        <time>2026-09-03T21:08:48.000Z</time>
        <extensions>
          <ns3:TrackPointExtension>
            <ns3:hr>122</ns3:hr>
          </ns3:TrackPointExtension>
        </extensions>
      </trkpt>
      <trkpt lat="-4.101808369159698486328125" lon="-81.05436011217534542083740234375">
        <ele>0</ele>
        <time>2026-09-03T21:08:49.000Z</time>
        <extensions>
          <ns3:TrackPointExtension>
            <ns3:hr>122</ns3:hr>
          </ns3:TrackPointExtension>
        </extensions>
      </trkpt>
      <trkpt lat="-4.1016836464405059814453125" lon="-81.054410822689533233642578125">
        <ele>0</ele>
        <time>2026-09-03T21:08:51.000Z</time>
        <extensions>
          <ns3:TrackPointExtension>
            <ns3:hr>123</ns3:hr>
          </ns3:TrackPointExtension>
        </extensions>
      </trkpt>
      <trkpt lat="-4.10162555985152721405029296875" lon="-81.05444208718836307525634765625">
        <ele>0</ele>
        <time>2026-09-03T21:08:52.000Z</time>
        <extensions>
          <ns3:TrackPointExtension>
            <ns3:hr>122</ns3:hr>
          </ns3:TrackPointExtension>
        </extensions>
      </trkpt>
      <trkpt lat="-4.10141852684319019317626953125" lon="-81.05455155484378337860107421875">
        <ele>0</ele>
        <time>2026-09-03T21:08:56.000Z</time>
        <extensions>
          <ns3:TrackPointExtension>
            <ns3:hr>123</ns3:hr>
          </ns3:TrackPointExtension>
        </extensions>
      </trkpt>
      <trkpt lat="-4.10107838921248912811279296875" lon="-81.05476780794560909271240234375">
        <ele>0</ele>
        <time>2026-09-03T21:09:03.000Z</time>
        <extensions>
          <ns3:TrackPointExtension>
            <ns3:hr>125</ns3:hr>
          </ns3:TrackPointExtension>
        </extensions>
      </trkpt>
      <trkpt lat="-4.10082559101283550262451171875" lon="-81.054896302521228790283203125">
        <ele>0</ele>
        <time>2026-09-03T21:09:08.000Z</time>
        <extensions>
          <ns3:TrackPointExtension>
            <ns3:hr>126</ns3:hr>
          </ns3:TrackPointExtension>
        </extensions>
      </trkpt>
      <trkpt lat="-4.10077613778412342071533203125" lon="-81.0549273155629634857177734375">
        <ele>0</ele>
        <time>2026-09-03T21:09:09.000Z</time>
        <extensions>
          <ns3:TrackPointExtension>
            <ns3:hr>126</ns3:hr>
          </ns3:TrackPointExtension>
        </extensions>
      </trkpt>
      <trkpt lat="-4.10044874064624309539794921875" lon="-81.055128313601016998291015625">
        <ele>0</ele>
        <time>2026-09-03T21:09:16.000Z</time>
        <extensions>
          <ns3:TrackPointExtension>
            <ns3:hr>123</ns3:hr>
          </ns3:TrackPointExtension>
        </extensions>
      </trkpt>
      <trkpt lat="-4.10040532238781452178955078125" lon="-81.05515555478632450103759765625">
        <ele>0</ele>
        <time>2026-09-03T21:09:17.000Z</time>
        <extensions>
          <ns3:TrackPointExtension>
            <ns3:hr>122</ns3:hr>
          </ns3:TrackPointExtension>
        </extensions>
      </trkpt>
      <trkpt lat="-4.100244976580142974853515625" lon="-81.05525798164308071136474609375">
        <ele>0</ele>
        <time>2026-09-03T21:09:21.000Z</time>
        <extensions>
          <ns3:TrackPointExtension>
            <ns3:hr>122</ns3:hr>
          </ns3:TrackPointExtension>
        </extensions>
      </trkpt>
      <trkpt lat="-4.100210778415203094482421875" lon="-81.05526586063206195831298828125">
        <ele>0</ele>
        <time>2026-09-03T21:09:22.000Z</time>
        <extensions>
          <ns3:TrackPointExtension>
            <ns3:hr>123</ns3:hr>
          </ns3:TrackPointExtension>
        </extensions>
      </trkpt>
      <trkpt lat="-4.10019476898014545440673828125" lon="-81.055249683558940887451171875">
        <ele>0</ele>
        <time>2026-09-03T21:09:23.000Z</time>
        <extensions>
          <ns3:TrackPointExtension>
            <ns3:hr>123</ns3:hr>
          </ns3:TrackPointExtension>
        </extensions>
      </trkpt>
      <trkpt lat="-4.10020616836845874786376953125" lon="-81.055224202573299407958984375">
        <ele>0</ele>
        <time>2026-09-03T21:09:24.000Z</time>
        <extensions>
          <ns3:TrackPointExtension>
            <ns3:hr>124</ns3:hr>
          </ns3:TrackPointExtension>
        </extensions>
      </trkpt>
      <trkpt lat="-4.10028026439249515533447265625" lon="-81.05518053285777568817138671875">
        <ele>0</ele>
        <time>2026-09-03T21:09:26.000Z</time>
        <extensions>
          <ns3:TrackPointExtension>
            <ns3:hr>124</ns3:hr>
          </ns3:TrackPointExtension>
        </extensions>
      </trkpt>
      <trkpt lat="-4.100331477820873260498046875" lon="-81.05516024865210056304931640625">
        <ele>0</ele>
        <time>2026-09-03T21:09:27.000Z</time>
        <extensions>
          <ns3:TrackPointExtension>
            <ns3:hr>125</ns3:hr>
          </ns3:TrackPointExtension>
        </extensions>
      </trkpt>
      <trkpt lat="-4.10061537288129329681396484375" lon="-81.05507408268749713897705078125">
        <ele>0</ele>
        <time>2026-09-03T21:09:32.000Z</time>
        <extensions>
          <ns3:TrackPointExtension>
            <ns3:hr>127</ns3:hr>
          </ns3:TrackPointExtension>
        </extensions>
      </trkpt>
      <trkpt lat="-4.1009326279163360595703125" lon="-81.05502831749618053436279296875">
        <ele>0</ele>
        <time>2026-09-03T21:09:37.000Z</time>
        <extensions>
          <ns3:TrackPointExtension>
            <ns3:hr>125</ns3:hr>
          </ns3:TrackPointExtension>
        </extensions>
      </trkpt>
      <trkpt lat="-4.10118483938276767730712890625" lon="-81.05497383512556552886962890625">
        <ele>0</ele>
        <time>2026-09-03T21:09:41.000Z</time>
        <extensions>
          <ns3:TrackPointExtension>
            <ns3:hr>122</ns3:hr>
          </ns3:TrackPointExtension>
        </extensions>
      </trkpt>
      <trkpt lat="-4.10131425596773624420166015625" lon="-81.05494550429284572601318359375">
        <ele>0</ele>
        <time>2026-09-03T21:09:43.000Z</time>
        <extensions>
          <ns3:TrackPointExtension>
            <ns3:hr>120</ns3:hr>
          </ns3:TrackPointExtension>
        </extensions>
      </trkpt>
      <trkpt lat="-4.10157275386154651641845703125" lon="-81.0549142397940158843994140625">
        <ele>0</ele>
        <time>2026-09-03T21:09:47.000Z</time>
        <extensions>
          <ns3:TrackPointExtension>
            <ns3:hr>117</ns3:hr>
          </ns3:TrackPointExtension>
        </extensions>
      </trkpt>
      <trkpt lat="-4.101688005030155181884765625" lon="-81.0549085400998592376708984375">
        <ele>0</ele>
        <time>2026-09-03T21:09:49.000Z</time>
        <extensions>
          <ns3:TrackPointExtension>
            <ns3:hr>117</ns3:hr>
          </ns3:TrackPointExtension>
        </extensions>
      </trkpt>
      <trkpt lat="-4.102111794054508209228515625" lon="-81.0548763535916805267333984375">
        <ele>0</ele>
        <time>2026-09-03T21:09:56.000Z</time>
        <extensions>
          <ns3:TrackPointExtension>
            <ns3:hr>116</ns3:hr>
          </ns3:TrackPointExtension>
        </extensions>
      </trkpt>
      <trkpt lat="-4.10237138159573078155517578125" lon="-81.05485917069017887115478515625">
        <ele>0</ele>
        <time>2026-09-03T21:10:01.000Z</time>
        <extensions>
          <ns3:TrackPointExtension>
            <ns3:hr>116</ns3:hr>
          </ns3:TrackPointExtension>
        </extensions>
      </trkpt>
      <trkpt lat="-4.1024133749306201934814453125" lon="-81.054852716624736785888671875">
        <ele>0</ele>
        <time>2026-09-03T21:10:02.000Z</time>
        <extensions>
          <ns3:TrackPointExtension>
            <ns3:hr>116</ns3:hr>
          </ns3:TrackPointExtension>
        </extensions>
      </trkpt>
      <trkpt lat="-4.1024693660438060760498046875" lon="-81.05483754537999629974365234375">
        <ele>0</ele>
        <time>2026-09-03T21:10:04.000Z</time>
        <extensions>
          <ns3:TrackPointExtension>
            <ns3:hr>116</ns3:hr>
          </ns3:TrackPointExtension>
        </extensions>
      </trkpt>
      <trkpt lat="-4.10246676765382289886474609375" lon="-81.0548208653926849365234375">
        <ele>0</ele>
        <time>2026-09-03T21:10:05.000Z</time>
        <extensions>
          <ns3:TrackPointExtension>
            <ns3:hr>116</ns3:hr>
          </ns3:TrackPointExtension>
        </extensions>
      </trkpt>
      <trkpt lat="-4.10232863388955593109130859375" lon="-81.0548126511275768280029296875">
        <ele>0</ele>
        <time>2026-09-03T21:10:08.000Z</time>
        <extensions>
          <ns3:TrackPointExtension>
            <ns3:hr>116</ns3:hr>
          </ns3:TrackPointExtension>
        </extensions>
      </trkpt>
      <trkpt lat="-4.1021032445132732391357421875" lon="-81.054937206208705902099609375">
        <ele>0</ele>
        <time>2026-09-03T21:10:12.000Z</time>
        <extensions>
          <ns3:TrackPointExtension>
            <ns3:hr>117</ns3:hr>
          </ns3:TrackPointExtension>
        </extensions>
      </trkpt>
      <trkpt lat="-4.1018581576645374298095703125" lon="-81.05508506298065185546875">
        <ele>0</ele>
        <time>2026-09-03T21:10:17.000Z</time>
        <extensions>
          <ns3:TrackPointExtension>
            <ns3:hr>120</ns3:hr>
          </ns3:TrackPointExtension>
        </extensions>
      </trkpt>
      <trkpt lat="-4.1018159128725528717041015625" lon="-81.0551159083843231201171875">
        <ele>0</ele>
        <time>2026-09-03T21:10:18.000Z</time>
        <extensions>
          <ns3:TrackPointExtension>
            <ns3:hr>120</ns3:hr>
          </ns3:TrackPointExtension>
        </extensions>
      </trkpt>
      <trkpt lat="-4.10148776136338710784912109375" lon="-81.05529536493122577667236328125">
        <ele>0</ele>
        <time>2026-09-03T21:10:25.000Z</time>
        <extensions>
          <ns3:TrackPointExtension>
            <ns3:hr>121</ns3:hr>
          </ns3:TrackPointExtension>
        </extensions>
      </trkpt>
      <trkpt lat="-4.10119079053401947021484375" lon="-81.0554483346641063690185546875">
        <ele>0</ele>
        <time>2026-09-03T21:10:31.000Z</time>
        <extensions>
          <ns3:TrackPointExtension>
            <ns3:hr>120</ns3:hr>
          </ns3:TrackPointExtension>
        </extensions>
      </trkpt>
      <trkpt lat="-4.10086532123386859893798828125" lon="-81.05562594719231128692626953125">
        <ele>0</ele>
        <time>2026-09-03T21:10:37.000Z</time>
        <extensions>
          <ns3:TrackPointExtension>
            <ns3:hr>119</ns3:hr>
          </ns3:TrackPointExtension>
        </extensions>
      </trkpt>
      <trkpt lat="-4.100628532469272613525390625" lon="-81.05575653724372386932373046875">
        <ele>0</ele>
        <time>2026-09-03T21:10:42.000Z</time>
        <extensions>
          <ns3:TrackPointExtension>
            <ns3:hr>117</ns3:hr>
          </ns3:TrackPointExtension>
        </extensions>
      </trkpt>
      <trkpt lat="-4.10044304095208644866943359375" lon="-81.055861897766590118408203125">
        <ele>0</ele>
        <time>2026-09-03T21:10:46.000Z</time>
        <extensions>
          <ns3:TrackPointExtension>
            <ns3:hr>114</ns3:hr>
          </ns3:TrackPointExtension>
        </extensions>
      </trkpt>
      <trkpt lat="-4.100354276597499847412109375" lon="-81.055916883051395416259765625">
        <ele>0</ele>
        <time>2026-09-03T21:10:48.000Z</time>
        <extensions>
          <ns3:TrackPointExtension>
            <ns3:hr>115</ns3:hr>
          </ns3:TrackPointExtension>
        </extensions>
      </trkpt>
      <trkpt lat="-4.1001003049314022064208984375" lon="-81.0560565255582332611083984375">
        <ele>0</ele>
        <time>2026-09-03T21:10:54.000Z</time>
        <extensions>
          <ns3:TrackPointExtension>
            <ns3:hr>118</ns3:hr>
          </ns3:TrackPointExtension>
        </extensions>
      </trkpt>
      <trkpt lat="-4.0999831259250640869140625" lon="-81.0561356507241725921630859375">
        <ele>0</ele>
        <time>2026-09-03T21:10:57.000Z</time>
        <extensions>
          <ns3:TrackPointExtension>
            <ns3:hr>119</ns3:hr>
          </ns3:TrackPointExtension>
        </extensions>
      </trkpt>
      <trkpt lat="-4.0995802916586399078369140625" lon="-81.05636958964169025421142578125">
        <ele>0</ele>
        <time>2026-09-03T21:11:07.000Z</time>
        <extensions>
          <ns3:TrackPointExtension>
            <ns3:hr>116</ns3:hr>
          </ns3:TrackPointExtension>
        </extensions>
      </trkpt>
      <trkpt lat="-4.09953293390572071075439453125" lon="-81.05633975006639957427978515625">
        <ele>0</ele>
        <time>2026-09-03T21:11:09.000Z</time>
        <extensions>
          <ns3:TrackPointExtension>
            <ns3:hr>115</ns3:hr>
          </ns3:TrackPointExtension>
        </extensions>
      </trkpt>
      <trkpt lat="-4.09959127195179462432861328125" lon="-81.05628392659127712249755859375">
        <ele>0</ele>
        <time>2026-09-03T21:11:11.000Z</time>
        <extensions>
          <ns3:TrackPointExtension>
            <ns3:hr>115</ns3:hr>
          </ns3:TrackPointExtension>
        </extensions>
      </trkpt>
      <trkpt lat="-4.09984138794243335723876953125" lon="-81.05619826354086399078369140625">
        <ele>0</ele>
        <time>2026-09-03T21:11:15.000Z</time>
        <extensions>
          <ns3:TrackPointExtension>
            <ns3:hr>114</ns3:hr>
          </ns3:TrackPointExtension>
        </extensions>
      </trkpt>
      <trkpt lat="-4.10022896714508533477783203125" lon="-81.0561098344624042510986328125">
        <ele>0</ele>
        <time>2026-09-03T21:11:21.000Z</time>
        <extensions>
          <ns3:TrackPointExtension>
            <ns3:hr>115</ns3:hr>
          </ns3:TrackPointExtension>
        </extensions>
      </trkpt>
      <trkpt lat="-4.100692234933376312255859375" lon="-81.0560115985572338104248046875">
        <ele>0</ele>
        <time>2026-09-03T21:11:28.000Z</time>
        <extensions>
          <ns3:TrackPointExtension>
            <ns3:hr>114</ns3:hr>
          </ns3:TrackPointExtension>
        </extensions>
      </trkpt>
      <trkpt lat="-4.10117335617542266845703125" lon="-81.05588645674288272857666015625">
        <ele>0</ele>
        <time>2026-09-03T21:11:35.000Z</time>
        <extensions>
          <ns3:TrackPointExtension>
            <ns3:hr>115</ns3:hr>
          </ns3:TrackPointExtension>
        </extensions>
      </trkpt>
      <trkpt lat="-4.1014102287590503692626953125" lon="-81.05584521777927875518798828125">
        <ele>0</ele>
        <time>2026-09-03T21:11:39.000Z</time>
        <extensions>
          <ns3:TrackPointExtension>
            <ns3:hr>117</ns3:hr>
          </ns3:TrackPointExtension>
        </extensions>
      </trkpt>
      <trkpt lat="-4.10179269500076770782470703125" lon="-81.0557950101792812347412109375">
        <ele>0</ele>
        <time>2026-09-03T21:11:45.000Z</time>
        <extensions>
          <ns3:TrackPointExtension>
            <ns3:hr>117</ns3:hr>
          </ns3:TrackPointExtension>
        </extensions>
      </trkpt>
      <trkpt lat="-4.10216309130191802978515625" lon="-81.0557443834841251373291015625">
        <ele>0</ele>
        <time>2026-09-03T21:11:51.000Z</time>
        <extensions>
          <ns3:TrackPointExtension>
            <ns3:hr>117</ns3:hr>
          </ns3:TrackPointExtension>
        </extensions>
      </trkpt>
      <trkpt lat="-4.102637507021427154541015625" lon="-81.05569752864539623260498046875">
        <ele>0</ele>
        <time>2026-09-03T21:11:59.000Z</time>
        <extensions>
          <ns3:TrackPointExtension>
            <ns3:hr>119</ns3:hr>
          </ns3:TrackPointExtension>
        </extensions>
      </trkpt>
      <trkpt lat="-4.10269190557301044464111328125" lon="-81.055694930255413055419921875">
        <ele>0</ele>
        <time>2026-09-03T21:12:00.000Z</time>
        <extensions>
          <ns3:TrackPointExtension>
            <ns3:hr>119</ns3:hr>
          </ns3:TrackPointExtension>
        </extensions>
      </trkpt>
      <trkpt lat="-4.103177972137928009033203125" lon="-81.05565427802503108978271484375">
        <ele>0</ele>
        <time>2026-09-03T21:12:08.000Z</time>
        <extensions>
          <ns3:TrackPointExtension>
            <ns3:hr>121</ns3:hr>
          </ns3:TrackPointExtension>
        </extensions>
      </trkpt>
      <trkpt lat="-4.1033424250781536102294921875" lon="-81.0556461475789546966552734375">
        <ele>0</ele>
        <time>2026-09-03T21:12:11.000Z</time>
        <extensions>
          <ns3:TrackPointExtension>
            <ns3:hr>121</ns3:hr>
          </ns3:TrackPointExtension>
        </extensions>
      </trkpt>
      <trkpt lat="-4.10338475368916988372802734375" lon="-81.05563717894256114959716796875">
        <ele>0</ele>
        <time>2026-09-03T21:12:13.000Z</time>
        <extensions>
          <ns3:TrackPointExtension>
            <ns3:hr>120</ns3:hr>
          </ns3:TrackPointExtension>
        </extensions>
      </trkpt>
      <trkpt lat="-4.1033699177205562591552734375" lon="-81.05562753975391387939453125">
        <ele>0</ele>
        <time>2026-09-03T21:12:14.000Z</time>
        <extensions>
          <ns3:TrackPointExtension>
            <ns3:hr>121</ns3:hr>
          </ns3:TrackPointExtension>
        </extensions>
      </trkpt>
      <trkpt lat="-4.103346280753612518310546875" lon="-81.0556267015635967254638671875">
        <ele>0</ele>
        <time>2026-09-03T21:12:15.000Z</time>
        <extensions>
          <ns3:TrackPointExtension>
            <ns3:hr>121</ns3:hr>
          </ns3:TrackPointExtension>
        </extensions>
      </trkpt>
      <trkpt lat="-4.103260450065135955810546875" lon="-81.0556538589298725128173828125">
        <ele>0</ele>
        <time>2026-09-03T21:12:17.000Z</time>
        <extensions>
          <ns3:TrackPointExtension>
            <ns3:hr>121</ns3:hr>
          </ns3:TrackPointExtension>
        </extensions>
      </trkpt>
      <trkpt lat="-4.10315307788550853729248046875" lon="-81.0557041503489017486572265625">
        <ele>0</ele>
        <time>2026-09-03T21:12:19.000Z</time>
        <extensions>
          <ns3:TrackPointExtension>
            <ns3:hr>122</ns3:hr>
          </ns3:TrackPointExtension>
        </extensions>
      </trkpt>
      <trkpt lat="-4.10286155529320240020751953125" lon="-81.0558664239943027496337890625">
        <ele>0</ele>
        <time>2026-09-03T21:12:24.000Z</time>
        <extensions>
          <ns3:TrackPointExtension>
            <ns3:hr>123</ns3:hr>
          </ns3:TrackPointExtension>
        </extensions>
      </trkpt>
      <trkpt lat="-4.10270221531391143798828125" lon="-81.0559639893472194671630859375">
        <ele>0</ele>
        <time>2026-09-03T21:12:27.000Z</time>
        <extensions>
          <ns3:TrackPointExtension>
            <ns3:hr>126</ns3:hr>
          </ns3:TrackPointExtension>
        </extensions>
      </trkpt>
      <trkpt lat="-4.1025982797145843505859375" lon="-81.05602576397359371185302734375">
        <ele>0</ele>
        <time>2026-09-03T21:12:29.000Z</time>
        <extensions>
          <ns3:TrackPointExtension>
            <ns3:hr>126</ns3:hr>
          </ns3:TrackPointExtension>
        </extensions>
      </trkpt>
      <trkpt lat="-4.10243407823145389556884765625" lon="-81.05611846782267093658447265625">
        <ele>0</ele>
        <time>2026-09-03T21:12:32.000Z</time>
        <extensions>
          <ns3:TrackPointExtension>
            <ns3:hr>125</ns3:hr>
          </ns3:TrackPointExtension>
        </extensions>
      </trkpt>
      <trkpt lat="-4.10229242406785488128662109375" lon="-81.05620823800563812255859375">
        <ele>0</ele>
        <time>2026-09-03T21:12:35.000Z</time>
        <extensions>
          <ns3:TrackPointExtension>
            <ns3:hr>124</ns3:hr>
          </ns3:TrackPointExtension>
        </extensions>
      </trkpt>
      <trkpt lat="-4.102103747427463531494140625" lon="-81.0563250817358493804931640625">
        <ele>0</ele>
        <time>2026-09-03T21:12:39.000Z</time>
        <extensions>
          <ns3:TrackPointExtension>
            <ns3:hr>123</ns3:hr>
          </ns3:TrackPointExtension>
        </extensions>
      </trkpt>
      <trkpt lat="-4.1020187549293041229248046875" lon="-81.05636648833751678466796875">
        <ele>0</ele>
        <time>2026-09-03T21:12:41.000Z</time>
        <extensions>
          <ns3:TrackPointExtension>
            <ns3:hr>122</ns3:hr>
          </ns3:TrackPointExtension>
        </extensions>
      </trkpt>
      <trkpt lat="-4.10197692923247814178466796875" lon="-81.05638417415320873260498046875">
        <ele>0</ele>
        <time>2026-09-03T21:12:42.000Z</time>
        <extensions>
          <ns3:TrackPointExtension>
            <ns3:hr>121</ns3:hr>
          </ns3:TrackPointExtension>
        </extensions>
      </trkpt>
      <trkpt lat="-4.10177945159375667572021484375" lon="-81.05646329931914806365966796875">
        <ele>0</ele>
        <time>2026-09-03T21:12:46.000Z</time>
        <extensions>
          <ns3:TrackPointExtension>
            <ns3:hr>121</ns3:hr>
          </ns3:TrackPointExtension>
        </extensions>
      </trkpt>
      <trkpt lat="-4.1017314232885837554931640625" lon="-81.0564893670380115509033203125">
        <ele>0</ele>
        <time>2026-09-03T21:12:47.000Z</time>
        <extensions>
          <ns3:TrackPointExtension>
            <ns3:hr>121</ns3:hr>
          </ns3:TrackPointExtension>
        </extensions>
      </trkpt>
      <trkpt lat="-4.10159504972398281097412109375" lon="-81.05656991712749004364013671875">
        <ele>0</ele>
        <time>2026-09-03T21:12:50.000Z</time>
        <extensions>
          <ns3:TrackPointExtension>
            <ns3:hr>120</ns3:hr>
          </ns3:TrackPointExtension>
        </extensions>
      </trkpt>
      <trkpt lat="-4.1015490330755710601806640625" lon="-81.056593470275402069091796875">
        <ele>0</ele>
        <time>2026-09-03T21:12:51.000Z</time>
        <extensions>
          <ns3:TrackPointExtension>
            <ns3:hr>123</ns3:hr>
          </ns3:TrackPointExtension>
        </extensions>
      </trkpt>
      <trkpt lat="-4.10150268115103244781494140625" lon="-81.05661953799426555633544921875">
        <ele>0</ele>
        <time>2026-09-03T21:12:52.000Z</time>
        <extensions>
          <ns3:TrackPointExtension>
            <ns3:hr>120</ns3:hr>
          </ns3:TrackPointExtension>
        </extensions>
      </trkpt>
      <trkpt lat="-4.10126564092934131622314453125" lon="-81.056753061711788177490234375">
        <ele>0</ele>
        <time>2026-09-03T21:12:58.000Z</time>
        <extensions>
          <ns3:TrackPointExtension>
            <ns3:hr>120</ns3:hr>
          </ns3:TrackPointExtension>
        </extensions>
      </trkpt>
      <trkpt lat="-4.10113521851599216461181640625" lon="-81.0568290017545223236083984375">
        <ele>0</ele>
        <time>2026-09-03T21:13:01.000Z</time>
        <extensions>
          <ns3:TrackPointExtension>
            <ns3:hr>120</ns3:hr>
          </ns3:TrackPointExtension>
        </extensions>
      </trkpt>
      <trkpt lat="-4.10106279887259006500244140625" lon="-81.056890189647674560546875">
        <ele>0</ele>
        <time>2026-09-03T21:13:03.000Z</time>
        <extensions>
          <ns3:TrackPointExtension>
            <ns3:hr>120</ns3:hr>
          </ns3:TrackPointExtension>
        </extensions>
      </trkpt>
      <trkpt lat="-4.10098937340080738067626953125" lon="-81.056924052536487579345703125">
        <ele>0</ele>
        <time>2026-09-03T21:13:06.000Z</time>
        <extensions>
          <ns3:TrackPointExtension>
            <ns3:hr>120</ns3:hr>
          </ns3:TrackPointExtension>
        </extensions>
      </trkpt>
      <trkpt lat="-4.10101653076708316802978515625" lon="-81.05686009861528873443603515625">
        <ele>0</ele>
        <time>2026-09-03T21:13:08.000Z</time>
        <extensions>
          <ns3:TrackPointExtension>
            <ns3:hr>121</ns3:hr>
          </ns3:TrackPointExtension>
        </extensions>
      </trkpt>
      <trkpt lat="-4.10106229595839977264404296875" lon="-81.05682355351746082305908203125">
        <ele>0</ele>
        <time>2026-09-03T21:13:09.000Z</time>
        <extensions>
          <ns3:TrackPointExtension>
            <ns3:hr>120</ns3:hr>
          </ns3:TrackPointExtension>
        </extensions>
      </trkpt>
      <trkpt lat="-4.1011842526495456695556640625" lon="-81.0567699931561946868896484375">
        <ele>0</ele>
        <time>2026-09-03T21:13:11.000Z</time>
        <extensions>
          <ns3:TrackPointExtension>
            <ns3:hr>119</ns3:hr>
          </ns3:TrackPointExtension>
        </extensions>
      </trkpt>
      <trkpt lat="-4.10138281993567943572998046875" lon="-81.05669933371245861053466796875">
        <ele>0</ele>
        <time>2026-09-03T21:13:14.000Z</time>
        <extensions>
          <ns3:TrackPointExtension>
            <ns3:hr>120</ns3:hr>
          </ns3:TrackPointExtension>
        </extensions>
      </trkpt>
      <trkpt lat="-4.10150703974068164825439453125" lon="-81.05665189214050769805908203125">
        <ele>0</ele>
        <time>2026-09-03T21:13:16.000Z</time>
        <extensions>
          <ns3:TrackPointExtension>
            <ns3:hr>119</ns3:hr>
          </ns3:TrackPointExtension>
        </extensions>
      </trkpt>
      <trkpt lat="-4.1017931140959262847900390625" lon="-81.05655432678759098052978515625">
        <ele>0</ele>
        <time>2026-09-03T21:13:21.000Z</time>
        <extensions>
          <ns3:TrackPointExtension>
            <ns3:hr>117</ns3:hr>
          </ns3:TrackPointExtension>
        </extensions>
      </trkpt>
      <trkpt lat="-4.10220257006585597991943359375" lon="-81.056453995406627655029296875">
        <ele>0</ele>
        <time>2026-09-03T21:13:27.000Z</time>
        <extensions>
          <ns3:TrackPointExtension>
            <ns3:hr>115</ns3:hr>
          </ns3:TrackPointExtension>
        </extensions>
      </trkpt>
      <trkpt lat="-4.1024851240217685699462890625" lon="-81.05642792768776416778564453125">
        <ele>0</ele>
        <time>2026-09-03T21:13:32.000Z</time>
        <extensions>
          <ns3:TrackPointExtension>
            <ns3:hr>116</ns3:hr>
          </ns3:TrackPointExtension>
        </extensions>
      </trkpt>
      <trkpt lat="-4.10263155587017536163330078125" lon="-81.0564283467829227447509765625">
        <ele>0</ele>
        <time>2026-09-03T21:13:35.000Z</time>
        <extensions>
          <ns3:TrackPointExtension>
            <ns3:hr>116</ns3:hr>
          </ns3:TrackPointExtension>
        </extensions>
      </trkpt>
      <trkpt lat="-4.1027913987636566162109375" lon="-81.056423150002956390380859375">
        <ele>0</ele>
        <time>2026-09-03T21:13:38.000Z</time>
        <extensions>
          <ns3:TrackPointExtension>
            <ns3:hr>118</ns3:hr>
          </ns3:TrackPointExtension>
        </extensions>
      </trkpt>
      <trkpt lat="-4.10315609537065029144287109375" lon="-81.0564087331295013427734375">
        <ele>0</ele>
        <time>2026-09-03T21:13:44.000Z</time>
        <extensions>
          <ns3:TrackPointExtension>
            <ns3:hr>120</ns3:hr>
          </ns3:TrackPointExtension>
        </extensions>
      </trkpt>
      <trkpt lat="-4.10344258882105350494384765625" lon="-81.05641384609043598175048828125">
        <ele>0</ele>
        <time>2026-09-03T21:13:49.000Z</time>
        <extensions>
          <ns3:TrackPointExtension>
            <ns3:hr>118</ns3:hr>
          </ns3:TrackPointExtension>
        </extensions>
      </trkpt>
      <trkpt lat="-4.10376034677028656005859375" lon="-81.05640538036823272705078125">
        <ele>0</ele>
        <time>2026-09-03T21:13:55.000Z</time>
        <extensions>
          <ns3:TrackPointExtension>
            <ns3:hr>117</ns3:hr>
          </ns3:TrackPointExtension>
        </extensions>
      </trkpt>
      <trkpt lat="-4.10381625406444072723388671875" lon="-81.056396327912807464599609375">
        <ele>0</ele>
        <time>2026-09-03T21:13:56.000Z</time>
        <extensions>
          <ns3:TrackPointExtension>
            <ns3:hr>116</ns3:hr>
          </ns3:TrackPointExtension>
        </extensions>
      </trkpt>
      <trkpt lat="-4.10427055321633815765380859375" lon="-81.05634234845638275146484375">
        <ele>0</ele>
        <time>2026-09-03T21:14:04.000Z</time>
        <extensions>
          <ns3:TrackPointExtension>
            <ns3:hr>118</ns3:hr>
          </ns3:TrackPointExtension>
        </extensions>
      </trkpt>
      <trkpt lat="-4.10455872304737567901611328125" lon="-81.0563443601131439208984375">
        <ele>0</ele>
        <time>2026-09-03T21:14:10.000Z</time>
        <extensions>
          <ns3:TrackPointExtension>
            <ns3:hr>117</ns3:hr>
          </ns3:TrackPointExtension>
        </extensions>
      </trkpt>
      <trkpt lat="-4.1045886464416980743408203125" lon="-81.056315861642360687255859375">
        <ele>0</ele>
        <time>2026-09-03T21:14:12.000Z</time>
        <extensions>
          <ns3:TrackPointExtension>
            <ns3:hr>116</ns3:hr>
          </ns3:TrackPointExtension>
        </extensions>
      </trkpt>
      <trkpt lat="-4.10446417517960071563720703125" lon="-81.05627604760229587554931640625">
        <ele>0</ele>
        <time>2026-09-03T21:14:15.000Z</time>
        <extensions>
          <ns3:TrackPointExtension>
            <ns3:hr>119</ns3:hr>
          </ns3:TrackPointExtension>
        </extensions>
      </trkpt>
      <trkpt lat="-4.10440080799162387847900390625" lon="-81.05629432015120983123779296875">
        <ele>0</ele>
        <time>2026-09-03T21:14:16.000Z</time>
        <extensions>
          <ns3:TrackPointExtension>
            <ns3:hr>120</ns3:hr>
          </ns3:TrackPointExtension>
        </extensions>
      </trkpt>
      <trkpt lat="-4.1042003966867923736572265625" lon="-81.05634880252182483673095703125">
        <ele>0</ele>
        <time>2026-09-03T21:14:19.000Z</time>
        <extensions>
          <ns3:TrackPointExtension>
            <ns3:hr>121</ns3:hr>
          </ns3:TrackPointExtension>
        </extensions>
      </trkpt>
      <trkpt lat="-4.10394717939198017120361328125" lon="-81.05645231902599334716796875">
        <ele>0</ele>
        <time>2026-09-03T21:14:23.000Z</time>
        <extensions>
          <ns3:TrackPointExtension>
            <ns3:hr>122</ns3:hr>
          </ns3:TrackPointExtension>
        </extensions>
      </trkpt>
      <trkpt lat="-4.1038885898888111114501953125" lon="-81.0564685799181461334228515625">
        <ele>0</ele>
        <time>2026-09-03T21:14:24.000Z</time>
        <extensions>
          <ns3:TrackPointExtension>
            <ns3:hr>122</ns3:hr>
          </ns3:TrackPointExtension>
        </extensions>
      </trkpt>
      <trkpt lat="-4.1036371327936649322509765625" lon="-81.05660093016922473907470703125">
        <ele>0</ele>
        <time>2026-09-03T21:14:29.000Z</time>
        <extensions>
          <ns3:TrackPointExtension>
            <ns3:hr>124</ns3:hr>
          </ns3:TrackPointExtension>
        </extensions>
      </trkpt>
      <trkpt lat="-4.10338215529918670654296875" lon="-81.0567609407007694244384765625">
        <ele>0</ele>
        <time>2026-09-03T21:14:35.000Z</time>
        <extensions>
          <ns3:TrackPointExtension>
            <ns3:hr>127</ns3:hr>
          </ns3:TrackPointExtension>
        </extensions>
      </trkpt>
      <trkpt lat="-4.1032864339649677276611328125" lon="-81.05681366287171840667724609375">
        <ele>0</ele>
        <time>2026-09-03T21:14:37.000Z</time>
        <extensions>
          <ns3:TrackPointExtension>
            <ns3:hr>127</ns3:hr>
          </ns3:TrackPointExtension>
        </extensions>
      </trkpt>
      <trkpt lat="-4.10308451391756534576416015625" lon="-81.0569181852042675018310546875">
        <ele>0</ele>
        <time>2026-09-03T21:14:41.000Z</time>
        <extensions>
          <ns3:TrackPointExtension>
            <ns3:hr>128</ns3:hr>
          </ns3:TrackPointExtension>
        </extensions>
      </trkpt>
      <trkpt lat="-4.10280548036098480224609375" lon="-81.057081632316112518310546875">
        <ele>0</ele>
        <time>2026-09-03T21:14:47.000Z</time>
        <extensions>
          <ns3:TrackPointExtension>
            <ns3:hr>126</ns3:hr>
          </ns3:TrackPointExtension>
        </extensions>
      </trkpt>
      <trkpt lat="-4.10246291197836399078369140625" lon="-81.05727248825132846832275390625">
        <ele>0</ele>
        <time>2026-09-03T21:14:54.000Z</time>
        <extensions>
          <ns3:TrackPointExtension>
            <ns3:hr>125</ns3:hr>
          </ns3:TrackPointExtension>
        </extensions>
      </trkpt>
      <trkpt lat="-4.10215680487453937530517578125" lon="-81.0574318282306194305419921875">
        <ele>0</ele>
        <time>2026-09-03T21:15:00.000Z</time>
        <extensions>
          <ns3:TrackPointExtension>
            <ns3:hr>124</ns3:hr>
          </ns3:TrackPointExtension>
        </extensions>
      </trkpt>
      <trkpt lat="-4.10210886038839817047119140625" lon="-81.05746041052043437957763671875">
        <ele>0</ele>
        <time>2026-09-03T21:15:01.000Z</time>
        <extensions>
          <ns3:TrackPointExtension>
            <ns3:hr>124</ns3:hr>
          </ns3:TrackPointExtension>
        </extensions>
      </trkpt>
      <trkpt lat="-4.1018558107316493988037109375" lon="-81.05761145241558551788330078125">
        <ele>0</ele>
        <time>2026-09-03T21:15:07.000Z</time>
        <extensions>
          <ns3:TrackPointExtension>
            <ns3:hr>123</ns3:hr>
          </ns3:TrackPointExtension>
        </extensions>
      </trkpt>
      <trkpt lat="-4.10152464173734188079833984375" lon="-81.05777808465063571929931640625">
        <ele>0</ele>
        <time>2026-09-03T21:15:14.000Z</time>
        <extensions>
          <ns3:TrackPointExtension>
            <ns3:hr>123</ns3:hr>
          </ns3:TrackPointExtension>
        </extensions>
      </trkpt>
      <trkpt lat="-4.1014516353607177734375" lon="-81.05780440382659435272216796875">
        <ele>0</ele>
        <time>2026-09-03T21:15:16.000Z</time>
        <extensions>
          <ns3:TrackPointExtension>
            <ns3:hr>123</ns3:hr>
          </ns3:TrackPointExtension>
        </extensions>
      </trkpt>
      <trkpt lat="-4.1014234721660614013671875" lon="-81.05778914876282215118408203125">
        <ele>0</ele>
        <time>2026-09-03T21:15:17.000Z</time>
        <extensions>
          <ns3:TrackPointExtension>
            <ns3:hr>123</ns3:hr>
          </ns3:TrackPointExtension>
        </extensions>
      </trkpt>
      <trkpt lat="-4.10142908804118633270263671875" lon="-81.05772175826132297515869140625">
        <ele>0</ele>
        <time>2026-09-03T21:15:19.000Z</time>
        <extensions>
          <ns3:TrackPointExtension>
            <ns3:hr>122</ns3:hr>
          </ns3:TrackPointExtension>
        </extensions>
      </trkpt>
      <trkpt lat="-4.101470746099948883056640625" lon="-81.05769778601825237274169921875">
        <ele>0</ele>
        <time>2026-09-03T21:15:20.000Z</time>
        <extensions>
          <ns3:TrackPointExtension>
            <ns3:hr>123</ns3:hr>
          </ns3:TrackPointExtension>
        </extensions>
      </trkpt>
      <trkpt lat="-4.101524055004119873046875" lon="-81.05768068693578243255615234375">
        <ele>0</ele>
        <time>2026-09-03T21:15:21.000Z</time>
        <extensions>
          <ns3:TrackPointExtension>
            <ns3:hr>122</ns3:hr>
          </ns3:TrackPointExtension>
        </extensions>
      </trkpt>
      <trkpt lat="-4.10158096812665462493896484375" lon="-81.0576666891574859619140625">
        <ele>0</ele>
        <time>2026-09-03T21:15:22.000Z</time>
        <extensions>
          <ns3:TrackPointExtension>
            <ns3:hr>122</ns3:hr>
          </ns3:TrackPointExtension>
        </extensions>
      </trkpt>
      <trkpt lat="-4.10163947381079196929931640625" lon="-81.0576571337878704071044921875">
        <ele>0</ele>
        <time>2026-09-03T21:15:23.000Z</time>
        <extensions>
          <ns3:TrackPointExtension>
            <ns3:hr>122</ns3:hr>
          </ns3:TrackPointExtension>
        </extensions>
      </trkpt>
      <trkpt lat="-4.1019198484718799591064453125" lon="-81.05759971775114536285400390625">
        <ele>0</ele>
        <time>2026-09-03T21:15:28.000Z</time>
        <extensions>
          <ns3:TrackPointExtension>
            <ns3:hr>120</ns3:hr>
          </ns3:TrackPointExtension>
        </extensions>
      </trkpt>
      <trkpt lat="-4.10207767970860004425048828125" lon="-81.05756535194814205169677734375">
        <ele>0</ele>
        <time>2026-09-03T21:15:31.000Z</time>
        <extensions>
          <ns3:TrackPointExtension>
            <ns3:hr>123</ns3:hr>
          </ns3:TrackPointExtension>
        </extensions>
      </trkpt>
      <trkpt lat="-4.102172814309597015380859375" lon="-81.0575508512556552886962890625">
        <ele>0</ele>
        <time>2026-09-03T21:15:33.000Z</time>
        <extensions>
          <ns3:TrackPointExtension>
            <ns3:hr>122</ns3:hr>
          </ns3:TrackPointExtension>
        </extensions>
      </trkpt>
      <trkpt lat="-4.102223776280879974365234375" lon="-81.0575374402105808258056640625">
        <ele>0</ele>
        <time>2026-09-03T21:15:34.000Z</time>
        <extensions>
          <ns3:TrackPointExtension>
            <ns3:hr>122</ns3:hr>
          </ns3:TrackPointExtension>
        </extensions>
      </trkpt>
      <trkpt lat="-4.102538265287876129150390625" lon="-81.0574737377464771270751953125">
        <ele>0</ele>
        <time>2026-09-03T21:15:39.000Z</time>
        <extensions>
          <ns3:TrackPointExtension>
            <ns3:hr>122</ns3:hr>
          </ns3:TrackPointExtension>
        </extensions>
      </trkpt>
      <trkpt lat="-4.1028411872684955596923828125" lon="-81.0574455745518207550048828125">
        <ele>0</ele>
        <time>2026-09-03T21:15:44.000Z</time>
        <extensions>
          <ns3:TrackPointExtension>
            <ns3:hr>122</ns3:hr>
          </ns3:TrackPointExtension>
        </extensions>
      </trkpt>
      <trkpt lat="-4.10289893858134746551513671875" lon="-81.0574368573725223541259765625">
        <ele>0</ele>
        <time>2026-09-03T21:15:45.000Z</time>
        <extensions>
          <ns3:TrackPointExtension>
            <ns3:hr>123</ns3:hr>
          </ns3:TrackPointExtension>
        </extensions>
      </trkpt>
      <trkpt lat="-4.103026427328586578369140625" lon="-81.0574199259281158447265625">
        <ele>0</ele>
        <time>2026-09-03T21:15:47.000Z</time>
        <extensions>
          <ns3:TrackPointExtension>
            <ns3:hr>122</ns3:hr>
          </ns3:TrackPointExtension>
        </extensions>
      </trkpt>
      <trkpt lat="-4.10320647060871124267578125" lon="-81.05741254985332489013671875">
        <ele>0</ele>
        <time>2026-09-03T21:15:50.000Z</time>
        <extensions>
          <ns3:TrackPointExtension>
            <ns3:hr>120</ns3:hr>
          </ns3:TrackPointExtension>
        </extensions>
      </trkpt>
      <trkpt lat="-4.1033169440925121307373046875" lon="-81.05740525759756565093994140625">
        <ele>0</ele>
        <time>2026-09-03T21:15:52.000Z</time>
        <extensions>
          <ns3:TrackPointExtension>
            <ns3:hr>115</ns3:hr>
          </ns3:TrackPointExtension>
        </extensions>
      </trkpt>
      <trkpt lat="-4.1033585183322429656982421875" lon="-81.05740995146334171295166015625">
        <ele>0</ele>
        <time>2026-09-03T21:15:53.000Z</time>
        <extensions>
          <ns3:TrackPointExtension>
            <ns3:hr>117</ns3:hr>
          </ns3:TrackPointExtension>
        </extensions>
      </trkpt>
      <trkpt lat="-4.10342507064342498779296875" lon="-81.0574019886553287506103515625">
        <ele>0</ele>
        <time>2026-09-03T21:15:55.000Z</time>
        <extensions>
          <ns3:TrackPointExtension>
            <ns3:hr>117</ns3:hr>
          </ns3:TrackPointExtension>
        </extensions>
      </trkpt>
      <trkpt lat="-4.10351081751286983489990234375" lon="-81.05736963450908660888671875">
        <ele>0</ele>
        <time>2026-09-03T21:15:58.000Z</time>
        <extensions>
          <ns3:TrackPointExtension>
            <ns3:hr>115</ns3:hr>
          </ns3:TrackPointExtension>
        </extensions>
      </trkpt>
      <trkpt lat="-4.10358156077563762664794921875" lon="-81.0573215223848819732666015625">
        <ele>0</ele>
        <time>2026-09-03T21:16:00.000Z</time>
        <extensions>
          <ns3:TrackPointExtension>
            <ns3:hr>115</ns3:hr>
          </ns3:TrackPointExtension>
        </extensions>
      </trkpt>
      <trkpt lat="-4.1037454269826412200927734375" lon="-81.0572722367942333221435546875">
        <ele>0</ele>
        <time>2026-09-03T21:16:04.000Z</time>
        <extensions>
          <ns3:TrackPointExtension>
            <ns3:hr>111</ns3:hr>
          </ns3:TrackPointExtension>
        </extensions>
      </trkpt>
      <trkpt lat="-4.10378222353756427764892578125" lon="-81.0572697222232818603515625">
        <ele>0</ele>
        <time>2026-09-03T21:16:05.000Z</time>
        <extensions>
          <ns3:TrackPointExtension>
            <ns3:hr>107</ns3:hr>
          </ns3:TrackPointExtension>
        </extensions>
      </trkpt>
      <trkpt lat="-4.1038128174841403961181640625" lon="-81.05726762674748897552490234375">
        <ele>0</ele>
        <time>2026-09-03T21:16:06.000Z</time>
        <extensions>
          <ns3:TrackPointExtension>
            <ns3:hr>110</ns3:hr>
          </ns3:TrackPointExtension>
        </extensions>
      </trkpt>
      <trkpt lat="-4.10389739088714122772216796875" lon="-81.05723577551543712615966796875">
        <ele>0</ele>
        <time>2026-09-03T21:16:09.000Z</time>
        <extensions>
          <ns3:TrackPointExtension>
            <ns3:hr>111</ns3:hr>
          </ns3:TrackPointExtension>
        </extensions>
      </trkpt>
      <trkpt lat="-4.10398908890783786773681640625" lon="-81.05721347965300083160400390625">
        <ele>0</ele>
        <time>2026-09-03T21:16:13.000Z</time>
        <extensions>
          <ns3:TrackPointExtension>
            <ns3:hr>112</ns3:hr>
          </ns3:TrackPointExtension>
        </extensions>
      </trkpt>
      <trkpt lat="-4.1038785316050052642822265625" lon="-81.05719453655183315277099609375">
        <ele>0</ele>
        <time>2026-09-03T21:16:16.000Z</time>
        <extensions>
          <ns3:TrackPointExtension>
            <ns3:hr>111</ns3:hr>
          </ns3:TrackPointExtension>
        </extensions>
      </trkpt>
      <trkpt lat="-4.1037105582654476165771484375" lon="-81.057225130498409271240234375">
        <ele>0</ele>
        <time>2026-09-03T21:16:19.000Z</time>
        <extensions>
          <ns3:TrackPointExtension>
            <ns3:hr>111</ns3:hr>
          </ns3:TrackPointExtension>
        </extensions>
      </trkpt>
      <trkpt lat="-4.10365113057196140289306640625" lon="-81.0572494380176067352294921875">
        <ele>0</ele>
        <time>2026-09-03T21:16:20.000Z</time>
        <extensions>
          <ns3:TrackPointExtension>
            <ns3:hr>111</ns3:hr>
          </ns3:TrackPointExtension>
        </extensions>
      </trkpt>
      <trkpt lat="-4.103593043982982635498046875" lon="-81.05728070251643657684326171875">
        <ele>0</ele>
        <time>2026-09-03T21:16:21.000Z</time>
        <extensions>
          <ns3:TrackPointExtension>
            <ns3:hr>110</ns3:hr>
          </ns3:TrackPointExtension>
        </extensions>
      </trkpt>
      <trkpt lat="-4.10338190384209156036376953125" lon="-81.0573962889611721038818359375">
        <ele>0</ele>
        <time>2026-09-03T21:16:25.000Z</time>
        <extensions>
          <ns3:TrackPointExtension>
            <ns3:hr>112</ns3:hr>
          </ns3:TrackPointExtension>
        </extensions>
      </trkpt>
      <trkpt lat="-4.10312466323375701904296875" lon="-81.05754825286567211151123046875">
        <ele>0</ele>
        <time>2026-09-03T21:16:31.000Z</time>
        <extensions>
          <ns3:TrackPointExtension>
            <ns3:hr>112</ns3:hr>
          </ns3:TrackPointExtension>
        </extensions>
      </trkpt>
      <trkpt lat="-4.10282199271023273468017578125" lon="-81.0577359236776828765869140625">
        <ele>0</ele>
        <time>2026-09-03T21:16:38.000Z</time>
        <extensions>
          <ns3:TrackPointExtension>
            <ns3:hr>112</ns3:hr>
          </ns3:TrackPointExtension>
        </extensions>
      </trkpt>
      <trkpt lat="-4.10251035355031490325927734375" lon="-81.05791403912007808685302734375">
        <ele>0</ele>
        <time>2026-09-03T21:16:45.000Z</time>
        <extensions>
          <ns3:TrackPointExtension>
            <ns3:hr>115</ns3:hr>
          </ns3:TrackPointExtension>
        </extensions>
      </trkpt>
      <trkpt lat="-4.10230130888521671295166015625" lon="-81.0580034740269184112548828125">
        <ele>0</ele>
        <time>2026-09-03T21:16:50.000Z</time>
        <extensions>
          <ns3:TrackPointExtension>
            <ns3:hr>118</ns3:hr>
          </ns3:TrackPointExtension>
        </extensions>
      </trkpt>
      <trkpt lat="-4.10225562751293182373046875" lon="-81.05802417732775211334228515625">
        <ele>0</ele>
        <time>2026-09-03T21:16:51.000Z</time>
        <extensions>
          <ns3:TrackPointExtension>
            <ns3:hr>118</ns3:hr>
          </ns3:TrackPointExtension>
        </extensions>
      </trkpt>
      <trkpt lat="-4.1019899211823940277099609375" lon="-81.05813263915479183197021484375">
        <ele>0</ele>
        <time>2026-09-03T21:16:56.000Z</time>
        <extensions>
          <ns3:TrackPointExtension>
            <ns3:hr>119</ns3:hr>
          </ns3:TrackPointExtension>
        </extensions>
      </trkpt>
      <trkpt lat="-4.10193803720176219940185546875" lon="-81.058159209787845611572265625">
        <ele>0</ele>
        <time>2026-09-03T21:16:57.000Z</time>
        <extensions>
          <ns3:TrackPointExtension>
            <ns3:hr>119</ns3:hr>
          </ns3:TrackPointExtension>
        </extensions>
      </trkpt>
      <trkpt lat="-4.1017337702214717864990234375" lon="-81.05825736187398433685302734375">
        <ele>0</ele>
        <time>2026-09-03T21:17:01.000Z</time>
        <extensions>
          <ns3:TrackPointExtension>
            <ns3:hr>120</ns3:hr>
          </ns3:TrackPointExtension>
        </extensions>
      </trkpt>
      <trkpt lat="-4.1014172695577144622802734375" lon="-81.058421395719051361083984375">
        <ele>0</ele>
        <time>2026-09-03T21:17:07.000Z</time>
        <extensions>
          <ns3:TrackPointExtension>
            <ns3:hr>119</ns3:hr>
          </ns3:TrackPointExtension>
        </extensions>
      </trkpt>
      <trkpt lat="-4.1011282615363597869873046875" lon="-81.058578975498676300048828125">
        <ele>0</ele>
        <time>2026-09-03T21:17:13.000Z</time>
        <extensions>
          <ns3:TrackPointExtension>
            <ns3:hr>120</ns3:hr>
          </ns3:TrackPointExtension>
        </extensions>
      </trkpt>
      <trkpt lat="-4.1009916365146636962890625" lon="-81.058669500052928924560546875">
        <ele>0</ele>
        <time>2026-09-03T21:17:16.000Z</time>
        <extensions>
          <ns3:TrackPointExtension>
            <ns3:hr>120</ns3:hr>
          </ns3:TrackPointExtension>
        </extensions>
      </trkpt>
      <trkpt lat="-4.10087135620415210723876953125" lon="-81.0587489604949951171875">
        <ele>0</ele>
        <time>2026-09-03T21:17:19.000Z</time>
        <extensions>
          <ns3:TrackPointExtension>
            <ns3:hr>120</ns3:hr>
          </ns3:TrackPointExtension>
        </extensions>
      </trkpt>
      <trkpt lat="-4.100535325706005096435546875" lon="-81.05889908038079738616943359375">
        <ele>0</ele>
        <time>2026-09-03T21:17:26.000Z</time>
        <extensions>
          <ns3:TrackPointExtension>
            <ns3:hr>122</ns3:hr>
          </ns3:TrackPointExtension>
        </extensions>
      </trkpt>
      <trkpt lat="-4.1002325713634490966796875" lon="-81.05906286276876926422119140625">
        <ele>0</ele>
        <time>2026-09-03T21:17:32.000Z</time>
        <extensions>
          <ns3:TrackPointExtension>
            <ns3:hr>122</ns3:hr>
          </ns3:TrackPointExtension>
        </extensions>
      </trkpt>
      <trkpt lat="-4.10008094273507595062255859375" lon="-81.0591464303433895111083984375">
        <ele>0</ele>
        <time>2026-09-03T21:17:35.000Z</time>
        <extensions>
          <ns3:TrackPointExtension>
            <ns3:hr>122</ns3:hr>
          </ns3:TrackPointExtension>
        </extensions>
      </trkpt>
      <trkpt lat="-4.10000818781554698944091796875" lon="-81.05917685665190219879150390625">
        <ele>0</ele>
        <time>2026-09-03T21:17:37.000Z</time>
        <extensions>
          <ns3:TrackPointExtension>
            <ns3:hr>123</ns3:hr>
          </ns3:TrackPointExtension>
        </extensions>
      </trkpt>
      <trkpt lat="-4.09998086281120777130126953125" lon="-81.05912455357611179351806640625">
        <ele>0</ele>
        <time>2026-09-03T21:17:39.000Z</time>
        <extensions>
          <ns3:TrackPointExtension>
            <ns3:hr>124</ns3:hr>
          </ns3:TrackPointExtension>
        </extensions>
      </trkpt>
      <trkpt lat="-4.10003735683858394622802734375" lon="-81.0590562410652637481689453125">
        <ele>0</ele>
        <time>2026-09-03T21:17:41.000Z</time>
        <extensions>
          <ns3:TrackPointExtension>
            <ns3:hr>124</ns3:hr>
          </ns3:TrackPointExtension>
        </extensions>
      </trkpt>
      <trkpt lat="-4.1000915877521038055419921875" lon="-81.059032939374446868896484375">
        <ele>0</ele>
        <time>2026-09-03T21:17:42.000Z</time>
        <extensions>
          <ns3:TrackPointExtension>
            <ns3:hr>124</ns3:hr>
          </ns3:TrackPointExtension>
        </extensions>
      </trkpt>
      <trkpt lat="-4.10021471790969371795654296875" lon="-81.05899396352469921112060546875">
        <ele>0</ele>
        <time>2026-09-03T21:17:44.000Z</time>
        <extensions>
          <ns3:TrackPointExtension>
            <ns3:hr>124</ns3:hr>
          </ns3:TrackPointExtension>
        </extensions>
      </trkpt>
      <trkpt lat="-4.10034857690334320068359375" lon="-81.0589710809290409088134765625">
        <ele>0</ele>
        <time>2026-09-03T21:17:46.000Z</time>
        <extensions>
          <ns3:TrackPointExtension>
            <ns3:hr>124</ns3:hr>
          </ns3:TrackPointExtension>
        </extensions>
      </trkpt>
      <trkpt lat="-4.10081536509096622467041015625" lon="-81.0588788799941539764404296875">
        <ele>0</ele>
        <time>2026-09-03T21:17:53.000Z</time>
        <extensions>
          <ns3:TrackPointExtension>
            <ns3:hr>125</ns3:hr>
          </ns3:TrackPointExtension>
        </extensions>
      </trkpt>
      <trkpt lat="-4.1012482903897762298583984375" lon="-81.058818362653255462646484375">
        <ele>0</ele>
        <time>2026-09-03T21:18:00.000Z</time>
        <extensions>
          <ns3:TrackPointExtension>
            <ns3:hr>123</ns3:hr>
          </ns3:TrackPointExtension>
        </extensions>
      </trkpt>
      <trkpt lat="-4.10159437917172908782958984375" lon="-81.0587182827293872833251953125">
        <ele>0</ele>
        <time>2026-09-03T21:18:06.000Z</time>
        <extensions>
          <ns3:TrackPointExtension>
            <ns3:hr>120</ns3:hr>
          </ns3:TrackPointExtension>
        </extensions>
      </trkpt>
      <trkpt lat="-4.10166344605386257171630859375" lon="-81.05870612896978855133056640625">
        <ele>0</ele>
        <time>2026-09-03T21:18:07.000Z</time>
        <extensions>
          <ns3:TrackPointExtension>
            <ns3:hr>120</ns3:hr>
          </ns3:TrackPointExtension>
        </extensions>
      </trkpt>
      <trkpt lat="-4.1017968021333217620849609375" lon="-81.058696322143077850341796875">
        <ele>0</ele>
        <time>2026-09-03T21:18:09.000Z</time>
        <extensions>
          <ns3:TrackPointExtension>
            <ns3:hr>119</ns3:hr>
          </ns3:TrackPointExtension>
        </extensions>
      </trkpt>
      <trkpt lat="-4.1019835509359836578369140625" lon="-81.05867578648030757904052734375">
        <ele>0</ele>
        <time>2026-09-03T21:18:12.000Z</time>
        <extensions>
          <ns3:TrackPointExtension>
            <ns3:hr>119</ns3:hr>
          </ns3:TrackPointExtension>
        </extensions>
      </trkpt>
      <trkpt lat="-4.102288149297237396240234375" lon="-81.05864041484892368316650390625">
        <ele>0</ele>
        <time>2026-09-03T21:18:17.000Z</time>
        <extensions>
          <ns3:TrackPointExtension>
            <ns3:hr>118</ns3:hr>
          </ns3:TrackPointExtension>
        </extensions>
      </trkpt>
      <trkpt lat="-4.10233567468822002410888671875" lon="-81.05863722972571849822998046875">
        <ele>0</ele>
        <time>2026-09-03T21:18:18.000Z</time>
        <extensions>
          <ns3:TrackPointExtension>
            <ns3:hr>118</ns3:hr>
          </ns3:TrackPointExtension>
        </extensions>
      </trkpt>
      <trkpt lat="-4.10237691365182399749755859375" lon="-81.05862683616578578948974609375">
        <ele>0</ele>
        <time>2026-09-03T21:18:19.000Z</time>
        <extensions>
          <ns3:TrackPointExtension>
            <ns3:hr>119</ns3:hr>
          </ns3:TrackPointExtension>
        </extensions>
      </trkpt>
      <trkpt lat="-4.10251446068286895751953125" lon="-81.058570258319377899169921875">
        <ele>0</ele>
        <time>2026-09-03T21:18:22.000Z</time>
        <extensions>
          <ns3:TrackPointExtension>
            <ns3:hr>118</ns3:hr>
          </ns3:TrackPointExtension>
        </extensions>
      </trkpt>
      <trkpt lat="-4.1026064939796924591064453125" lon="-81.05854083783924579620361328125">
        <ele>0</ele>
        <time>2026-09-03T21:18:24.000Z</time>
        <extensions>
          <ns3:TrackPointExtension>
            <ns3:hr>115</ns3:hr>
          </ns3:TrackPointExtension>
        </extensions>
      </trkpt>
      <trkpt lat="-4.10264748148620128631591796875" lon="-81.05852792970836162567138671875">
        <ele>0</ele>
        <time>2026-09-03T21:18:25.000Z</time>
        <extensions>
          <ns3:TrackPointExtension>
            <ns3:hr>118</ns3:hr>
          </ns3:TrackPointExtension>
        </extensions>
      </trkpt>
      <trkpt lat="-4.10268905572593212127685546875" lon="-81.05851066298782825469970703125">
        <ele>0</ele>
        <time>2026-09-03T21:18:26.000Z</time>
        <extensions>
          <ns3:TrackPointExtension>
            <ns3:hr>118</ns3:hr>
          </ns3:TrackPointExtension>
        </extensions>
      </trkpt>
      <trkpt lat="-4.10272794775664806365966796875" lon="-81.0584923066198825836181640625">
        <ele>0</ele>
        <time>2026-09-03T21:18:27.000Z</time>
        <extensions>
          <ns3:TrackPointExtension>
            <ns3:hr>118</ns3:hr>
          </ns3:TrackPointExtension>
        </extensions>
      </trkpt>
      <trkpt lat="-4.102915115654468536376953125" lon="-81.058421395719051361083984375">
        <ele>0</ele>
        <time>2026-09-03T21:18:31.000Z</time>
        <extensions>
          <ns3:TrackPointExtension>
            <ns3:hr>119</ns3:hr>
          </ns3:TrackPointExtension>
        </extensions>
      </trkpt>
      <trkpt lat="-4.103015698492527008056640625" lon="-81.05840186588466167449951171875">
        <ele>0</ele>
        <time>2026-09-03T21:18:33.000Z</time>
        <extensions>
          <ns3:TrackPointExtension>
            <ns3:hr>117</ns3:hr>
          </ns3:TrackPointExtension>
        </extensions>
      </trkpt>
      <trkpt lat="-4.1030604578554630279541015625" lon="-81.0583893768489360809326171875">
        <ele>0</ele>
        <time>2026-09-03T21:18:34.000Z</time>
        <extensions>
          <ns3:TrackPointExtension>
            <ns3:hr>117</ns3:hr>
          </ns3:TrackPointExtension>
        </extensions>
      </trkpt>
      <trkpt lat="-4.103206805884838104248046875" lon="-81.05834595859050750732421875">
        <ele>0</ele>
        <time>2026-09-03T21:18:37.000Z</time>
        <extensions>
          <ns3:TrackPointExtension>
            <ns3:hr>116</ns3:hr>
          </ns3:TrackPointExtension>
        </extensions>
      </trkpt>
      <trkpt lat="-4.10325835458934307098388671875" lon="-81.05833447538316249847412109375">
        <ele>0</ele>
        <time>2026-09-03T21:18:38.000Z</time>
        <extensions>
          <ns3:TrackPointExtension>
            <ns3:hr>115</ns3:hr>
          </ns3:TrackPointExtension>
        </extensions>
      </trkpt>
      <trkpt lat="-4.10330965183675289154052734375" lon="-81.0583199746906757354736328125">
        <ele>0</ele>
        <time>2026-09-03T21:18:39.000Z</time>
        <extensions>
          <ns3:TrackPointExtension>
            <ns3:hr>118</ns3:hr>
          </ns3:TrackPointExtension>
        </extensions>
      </trkpt>
      <trkpt lat="-4.10357125103473663330078125" lon="-81.05825736187398433685302734375">
        <ele>0</ele>
        <time>2026-09-03T21:18:45.000Z</time>
        <extensions>
          <ns3:TrackPointExtension>
            <ns3:hr>118</ns3:hr>
          </ns3:TrackPointExtension>
        </extensions>
      </trkpt>
      <trkpt lat="-4.1037098877131938934326171875" lon="-81.0581924021244049072265625">
        <ele>0</ele>
        <time>2026-09-03T21:18:48.000Z</time>
        <extensions>
          <ns3:TrackPointExtension>
            <ns3:hr>118</ns3:hr>
          </ns3:TrackPointExtension>
        </extensions>
      </trkpt>
      <trkpt lat="-4.10381407476961612701416015625" lon="-81.05816516093909740447998046875">
        <ele>0</ele>
        <time>2026-09-03T21:18:50.000Z</time>
        <extensions>
          <ns3:TrackPointExtension>
            <ns3:hr>118</ns3:hr>
          </ns3:TrackPointExtension>
        </extensions>
      </trkpt>
      <trkpt lat="-4.10401926375925540924072265625" lon="-81.05811386369168758392333984375">
        <ele>0</ele>
        <time>2026-09-03T21:18:54.000Z</time>
        <extensions>
          <ns3:TrackPointExtension>
            <ns3:hr>122</ns3:hr>
          </ns3:TrackPointExtension>
        </extensions>
      </trkpt>
      <trkpt lat="-4.10406838171184062957763671875" lon="-81.05809651315212249755859375">
        <ele>0</ele>
        <time>2026-09-03T21:18:55.000Z</time>
        <extensions>
          <ns3:TrackPointExtension>
            <ns3:hr>119</ns3:hr>
          </ns3:TrackPointExtension>
        </extensions>
      </trkpt>
      <trkpt lat="-4.10425060428678989410400390625" lon="-81.05804949067533016204833984375">
        <ele>0</ele>
        <time>2026-09-03T21:18:59.000Z</time>
        <extensions>
          <ns3:TrackPointExtension>
            <ns3:hr>120</ns3:hr>
          </ns3:TrackPointExtension>
        </extensions>
      </trkpt>
      <trkpt lat="-4.10427264869213104248046875" lon="-81.05803792364895343780517578125">
        <ele>0</ele>
        <time>2026-09-03T21:19:00.000Z</time>
        <extensions>
          <ns3:TrackPointExtension>
            <ns3:hr>119</ns3:hr>
          </ns3:TrackPointExtension>
        </extensions>
      </trkpt>
      <trkpt lat="-4.104240126907825469970703125" lon="-81.0580017976462841033935546875">
        <ele>0</ele>
        <time>2026-09-03T21:19:02.000Z</time>
        <extensions>
          <ns3:TrackPointExtension>
            <ns3:hr>120</ns3:hr>
          </ns3:TrackPointExtension>
        </extensions>
      </trkpt>
      <trkpt lat="-4.1041454114019870758056640625" lon="-81.0580111853778362274169921875">
        <ele>0</ele>
        <time>2026-09-03T21:19:04.000Z</time>
        <extensions>
          <ns3:TrackPointExtension>
            <ns3:hr>118</ns3:hr>
          </ns3:TrackPointExtension>
        </extensions>
      </trkpt>
      <trkpt lat="-4.1040947847068309783935546875" lon="-81.058027781546115875244140625">
        <ele>0</ele>
        <time>2026-09-03T21:19:05.000Z</time>
        <extensions>
          <ns3:TrackPointExtension>
            <ns3:hr>120</ns3:hr>
          </ns3:TrackPointExtension>
        </extensions>
      </trkpt>
      <trkpt lat="-4.10393460653722286224365234375" lon="-81.05809223838150501251220703125">
        <ele>0</ele>
        <time>2026-09-03T21:19:08.000Z</time>
        <extensions>
          <ns3:TrackPointExtension>
            <ns3:hr>120</ns3:hr>
          </ns3:TrackPointExtension>
        </extensions>
      </trkpt>
      <trkpt lat="-4.103837795555591583251953125" lon="-81.05814705602824687957763671875">
        <ele>0</ele>
        <time>2026-09-03T21:19:10.000Z</time>
        <extensions>
          <ns3:TrackPointExtension>
            <ns3:hr>121</ns3:hr>
          </ns3:TrackPointExtension>
        </extensions>
      </trkpt>
      <trkpt lat="-4.103788845241069793701171875" lon="-81.058167926967144012451171875">
        <ele>0</ele>
        <time>2026-09-03T21:19:11.000Z</time>
        <extensions>
          <ns3:TrackPointExtension>
            <ns3:hr>120</ns3:hr>
          </ns3:TrackPointExtension>
        </extensions>
      </trkpt>
      <trkpt lat="-4.10359404981136322021484375" lon="-81.05823758058249950408935546875">
        <ele>0</ele>
        <time>2026-09-03T21:19:15.000Z</time>
        <extensions>
          <ns3:TrackPointExtension>
            <ns3:hr>121</ns3:hr>
          </ns3:TrackPointExtension>
        </extensions>
      </trkpt>
      <trkpt lat="-4.10355658270418643951416015625" lon="-81.05824076570570468902587890625">
        <ele>0</ele>
        <time>2026-09-03T21:19:16.000Z</time>
        <extensions>
          <ns3:TrackPointExtension>
            <ns3:hr>121</ns3:hr>
          </ns3:TrackPointExtension>
        </extensions>
      </trkpt>
      <trkpt lat="-4.10351735539734363555908203125" lon="-81.05820220895111560821533203125">
        <ele>0</ele>
        <time>2026-09-03T21:19:18.000Z</time>
        <extensions>
          <ns3:TrackPointExtension>
            <ns3:hr>121</ns3:hr>
          </ns3:TrackPointExtension>
        </extensions>
      </trkpt>
      <trkpt lat="-4.103540070354938507080078125" lon="-81.058129370212554931640625">
        <ele>0</ele>
        <time>2026-09-03T21:19:20.000Z</time>
        <extensions>
          <ns3:TrackPointExtension>
            <ns3:hr>121</ns3:hr>
          </ns3:TrackPointExtension>
        </extensions>
      </trkpt>
      <trkpt lat="-4.10356177948415279388427734375" lon="-81.05809542350471019744873046875">
        <ele>0</ele>
        <time>2026-09-03T21:19:21.000Z</time>
        <extensions>
          <ns3:TrackPointExtension>
            <ns3:hr>122</ns3:hr>
          </ns3:TrackPointExtension>
        </extensions>
      </trkpt>
      <trkpt lat="-4.1035603545606136322021484375" lon="-81.05806072242558002471923828125">
        <ele>0</ele>
        <time>2026-09-03T21:19:22.000Z</time>
        <extensions>
          <ns3:TrackPointExtension>
            <ns3:hr>122</ns3:hr>
          </ns3:TrackPointExtension>
        </extensions>
      </trkpt>
      <trkpt lat="-4.10352959297597408294677734375" lon="-81.0580353252589702606201171875">
        <ele>0</ele>
        <time>2026-09-03T21:19:23.000Z</time>
        <extensions>
          <ns3:TrackPointExtension>
            <ns3:hr>122</ns3:hr>
          </ns3:TrackPointExtension>
        </extensions>
      </trkpt>
      <trkpt lat="-4.1034265793859958648681640625" lon="-81.0580302961170673370361328125">
        <ele>0</ele>
        <time>2026-09-03T21:19:25.000Z</time>
        <extensions>
          <ns3:TrackPointExtension>
            <ns3:hr>122</ns3:hr>
          </ns3:TrackPointExtension>
        </extensions>
      </trkpt>
      <trkpt lat="-4.1033749468624591827392578125" lon="-81.05803423561155796051025390625">
        <ele>0</ele>
        <time>2026-09-03T21:19:26.000Z</time>
        <extensions>
          <ns3:TrackPointExtension>
            <ns3:hr>121</ns3:hr>
          </ns3:TrackPointExtension>
        </extensions>
      </trkpt>
      <trkpt lat="-4.10332356579601764678955078125" lon="-81.0580289550125598907470703125">
        <ele>0</ele>
        <time>2026-09-03T21:19:27.000Z</time>
        <extensions>
          <ns3:TrackPointExtension>
            <ns3:hr>121</ns3:hr>
          </ns3:TrackPointExtension>
        </extensions>
      </trkpt>
      <trkpt lat="-4.10323002375662326812744140625" lon="-81.05798645876348018646240234375">
        <ele>0</ele>
        <time>2026-09-03T21:19:29.000Z</time>
        <extensions>
          <ns3:TrackPointExtension>
            <ns3:hr>121</ns3:hr>
          </ns3:TrackPointExtension>
        </extensions>
      </trkpt>
      <trkpt lat="-4.10315014421939849853515625" lon="-81.05793801136314868927001953125">
        <ele>0</ele>
        <time>2026-09-03T21:19:31.000Z</time>
        <extensions>
          <ns3:TrackPointExtension>
            <ns3:hr>121</ns3:hr>
          </ns3:TrackPointExtension>
        </extensions>
      </trkpt>
      <trkpt lat="-4.10302299074828624725341796875" lon="-81.0578914918005466461181640625">
        <ele>0</ele>
        <time>2026-09-03T21:19:34.000Z</time>
        <extensions>
          <ns3:TrackPointExtension>
            <ns3:hr>121</ns3:hr>
          </ns3:TrackPointExtension>
        </extensions>
      </trkpt>
      <trkpt lat="-4.1029870323836803436279296875" lon="-81.0578874684870243072509765625">
        <ele>0</ele>
        <time>2026-09-03T21:19:35.000Z</time>
        <extensions>
          <ns3:TrackPointExtension>
            <ns3:hr>121</ns3:hr>
          </ns3:TrackPointExtension>
        </extensions>
      </trkpt>
      <trkpt lat="-4.10288485698401927947998046875" lon="-81.05787481181323528289794921875">
        <ele>0</ele>
        <time>2026-09-03T21:19:39.000Z</time>
        <extensions>
          <ns3:TrackPointExtension>
            <ns3:hr>121</ns3:hr>
          </ns3:TrackPointExtension>
        </extensions>
      </trkpt>
      <trkpt lat="-4.102779328823089599609375" lon="-81.05787196196615695953369140625">
        <ele>0</ele>
        <time>2026-09-03T21:19:42.000Z</time>
        <extensions>
          <ns3:TrackPointExtension>
            <ns3:hr>120</ns3:hr>
          </ns3:TrackPointExtension>
        </extensions>
      </trkpt>
      <trkpt lat="-4.10272861830890178680419921875" lon="-81.0578878037631511688232421875">
        <ele>0</ele>
        <time>2026-09-03T21:19:43.000Z</time>
        <extensions>
          <ns3:TrackPointExtension>
            <ns3:hr>120</ns3:hr>
          </ns3:TrackPointExtension>
        </extensions>
      </trkpt>
      <trkpt lat="-4.1025699488818645477294921875" lon="-81.05793817900121212005615234375">
        <ele>0</ele>
        <time>2026-09-03T21:19:46.000Z</time>
        <extensions>
          <ns3:TrackPointExtension>
            <ns3:hr>121</ns3:hr>
          </ns3:TrackPointExtension>
        </extensions>
      </trkpt>
      <trkpt lat="-4.10251714289188385009765625" lon="-81.05793499387800693511962890625">
        <ele>0</ele>
        <time>2026-09-03T21:19:47.000Z</time>
        <extensions>
          <ns3:TrackPointExtension>
            <ns3:hr>122</ns3:hr>
          </ns3:TrackPointExtension>
        </extensions>
      </trkpt>
      <trkpt lat="-4.102471210062503814697265625" lon="-81.0579241812229156494140625">
        <ele>0</ele>
        <time>2026-09-03T21:19:48.000Z</time>
        <extensions>
          <ns3:TrackPointExtension>
            <ns3:hr>120</ns3:hr>
          </ns3:TrackPointExtension>
        </extensions>
      </trkpt>
      <trkpt lat="-4.10238831304013729095458984375" lon="-81.0579080879688262939453125">
        <ele>0</ele>
        <time>2026-09-03T21:19:50.000Z</time>
        <extensions>
          <ns3:TrackPointExtension>
            <ns3:hr>120</ns3:hr>
          </ns3:TrackPointExtension>
        </extensions>
      </trkpt>
      <trkpt lat="-4.1023506782948970794677734375" lon="-81.05790951289236545562744140625">
        <ele>0</ele>
        <time>2026-09-03T21:19:51.000Z</time>
        <extensions>
          <ns3:TrackPointExtension>
            <ns3:hr>120</ns3:hr>
          </ns3:TrackPointExtension>
        </extensions>
      </trkpt>
      <trkpt lat="-4.1023278795182704925537109375" lon="-81.0579052381217479705810546875">
        <ele>0</ele>
        <time>2026-09-03T21:19:52.000Z</time>
        <extensions>
          <ns3:TrackPointExtension>
            <ns3:hr>121</ns3:hr>
          </ns3:TrackPointExtension>
        </extensions>
      </trkpt>
      <trkpt lat="-4.1023094393312931060791015625" lon="-81.05785285122692584991455078125">
        <ele>0</ele>
        <time>2026-09-03T21:19:54.000Z</time>
        <extensions>
          <ns3:TrackPointExtension>
            <ns3:hr>120</ns3:hr>
          </ns3:TrackPointExtension>
        </extensions>
      </trkpt>
      <trkpt lat="-4.10234992392361164093017578125" lon="-81.0577811859548091888427734375">
        <ele>0</ele>
        <time>2026-09-03T21:19:56.000Z</time>
        <extensions>
          <ns3:TrackPointExtension>
            <ns3:hr>121</ns3:hr>
          </ns3:TrackPointExtension>
        </extensions>
      </trkpt>
      <trkpt lat="-4.1023838706314563751220703125" lon="-81.05774489231407642364501953125">
        <ele>0</ele>
        <time>2026-09-03T21:19:57.000Z</time>
        <extensions>
          <ns3:TrackPointExtension>
            <ns3:hr>119</ns3:hr>
          </ns3:TrackPointExtension>
        </extensions>
      </trkpt>
      <trkpt lat="-4.10256818868219852447509765625" lon="-81.057561077177524566650390625">
        <ele>0</ele>
        <time>2026-09-03T21:20:02.000Z</time>
        <extensions>
          <ns3:TrackPointExtension>
            <ns3:hr>116</ns3:hr>
          </ns3:TrackPointExtension>
        </extensions>
      </trkpt>
      <trkpt lat="-4.1026051528751850128173828125" lon="-81.05751774273812770843505859375">
        <ele>0</ele>
        <time>2026-09-03T21:20:03.000Z</time>
        <extensions>
          <ns3:TrackPointExtension>
            <ns3:hr>117</ns3:hr>
          </ns3:TrackPointExtension>
        </extensions>
      </trkpt>
      <trkpt lat="-4.102664999663829803466796875" lon="-81.05741481296718120574951171875">
        <ele>0</ele>
        <time>2026-09-03T21:20:05.000Z</time>
        <extensions>
          <ns3:TrackPointExtension>
            <ns3:hr>119</ns3:hr>
          </ns3:TrackPointExtension>
        </extensions>
      </trkpt>
      <trkpt lat="-4.1026879660785198211669921875" lon="-81.05736049823462963104248046875">
        <ele>0</ele>
        <time>2026-09-03T21:20:06.000Z</time>
        <extensions>
          <ns3:TrackPointExtension>
            <ns3:hr>117</ns3:hr>
          </ns3:TrackPointExtension>
        </extensions>
      </trkpt>
      <trkpt lat="-4.1027618944644927978515625" lon="-81.057201325893402099609375">
        <ele>0</ele>
        <time>2026-09-03T21:20:09.000Z</time>
        <extensions>
          <ns3:TrackPointExtension>
            <ns3:hr>118</ns3:hr>
          </ns3:TrackPointExtension>
        </extensions>
      </trkpt>
      <trkpt lat="-4.10283339209854602813720703125" lon="-81.05714189819991588592529296875">
        <ele>0</ele>
        <time>2026-09-03T21:20:11.000Z</time>
        <extensions>
          <ns3:TrackPointExtension>
            <ns3:hr>118</ns3:hr>
          </ns3:TrackPointExtension>
        </extensions>
      </trkpt>
      <trkpt lat="-4.1028609685599803924560546875" lon="-81.0570834763348102569580078125">
        <ele>0</ele>
        <time>2026-09-03T21:20:13.000Z</time>
        <extensions>
          <ns3:TrackPointExtension>
            <ns3:hr>117</ns3:hr>
          </ns3:TrackPointExtension>
        </extensions>
      </trkpt>
      <trkpt lat="-4.1027905605733394622802734375" lon="-81.057018600404262542724609375">
        <ele>0</ele>
        <time>2026-09-03T21:20:15.000Z</time>
        <extensions>
          <ns3:TrackPointExtension>
            <ns3:hr>117</ns3:hr>
          </ns3:TrackPointExtension>
        </extensions>
      </trkpt>
      <trkpt lat="-4.102745465934276580810546875" lon="-81.05699672363698482513427734375">
        <ele>0</ele>
        <time>2026-09-03T21:20:16.000Z</time>
        <extensions>
          <ns3:TrackPointExtension>
            <ns3:hr>117</ns3:hr>
          </ns3:TrackPointExtension>
        </extensions>
      </trkpt>
      <trkpt lat="-4.1026359982788562774658203125" lon="-81.05697509832680225372314453125">
        <ele>0</ele>
        <time>2026-09-03T21:20:18.000Z</time>
        <extensions>
          <ns3:TrackPointExtension>
            <ns3:hr>116</ns3:hr>
          </ns3:TrackPointExtension>
        </extensions>
      </trkpt>
      <trkpt lat="-4.1025836952030658721923828125" lon="-81.05695799924433231353759765625">
        <ele>0</ele>
        <time>2026-09-03T21:20:19.000Z</time>
        <extensions>
          <ns3:TrackPointExtension>
            <ns3:hr>117</ns3:hr>
          </ns3:TrackPointExtension>
        </extensions>
      </trkpt>
      <trkpt lat="-4.10238412208855152130126953125" lon="-81.056881807744503021240234375">
        <ele>0</ele>
        <time>2026-09-03T21:20:23.000Z</time>
        <extensions>
          <ns3:TrackPointExtension>
            <ns3:hr>118</ns3:hr>
          </ns3:TrackPointExtension>
        </extensions>
      </trkpt>
      <trkpt lat="-4.1021746583282947540283203125" lon="-81.056828834116458892822265625">
        <ele>0</ele>
        <time>2026-09-03T21:20:27.000Z</time>
        <extensions>
          <ns3:TrackPointExtension>
            <ns3:hr>118</ns3:hr>
          </ns3:TrackPointExtension>
        </extensions>
      </trkpt>
      <trkpt lat="-4.10207952372729778289794921875" lon="-81.05681332759559154510498046875">
        <ele>0</ele>
        <time>2026-09-03T21:20:29.000Z</time>
        <extensions>
          <ns3:TrackPointExtension>
            <ns3:hr>118</ns3:hr>
          </ns3:TrackPointExtension>
        </extensions>
      </trkpt>
      <trkpt lat="-4.10202738828957080841064453125" lon="-81.0567654669284820556640625">
        <ele>0</ele>
        <time>2026-09-03T21:20:31.000Z</time>
        <extensions>
          <ns3:TrackPointExtension>
            <ns3:hr>118</ns3:hr>
          </ns3:TrackPointExtension>
        </extensions>
      </trkpt>
      <trkpt lat="-4.10202772356569766998291015625" lon="-81.05671877972781658172607421875">
        <ele>0</ele>
        <time>2026-09-03T21:20:32.000Z</time>
        <extensions>
          <ns3:TrackPointExtension>
            <ns3:hr>118</ns3:hr>
          </ns3:TrackPointExtension>
        </extensions>
      </trkpt>
      <trkpt lat="-4.10204909741878509521484375" lon="-81.05666362680494785308837890625">
        <ele>0</ele>
        <time>2026-09-03T21:20:33.000Z</time>
        <extensions>
          <ns3:TrackPointExtension>
            <ns3:hr>118</ns3:hr>
          </ns3:TrackPointExtension>
        </extensions>
      </trkpt>
      <trkpt lat="-4.10208455286920070648193359375" lon="-81.0566144250333309173583984375">
        <ele>0</ele>
        <time>2026-09-03T21:20:34.000Z</time>
        <extensions>
          <ns3:TrackPointExtension>
            <ns3:hr>118</ns3:hr>
          </ns3:TrackPointExtension>
        </extensions>
      </trkpt>
      <trkpt lat="-4.102160073816776275634765625" lon="-81.0565101541578769683837890625">
        <ele>0</ele>
        <time>2026-09-03T21:20:36.000Z</time>
        <extensions>
          <ns3:TrackPointExtension>
            <ns3:hr>118</ns3:hr>
          </ns3:TrackPointExtension>
        </extensions>
      </trkpt>
      <trkpt lat="-4.1021971218287944793701171875" lon="-81.05638199485838413238525390625">
        <ele>0</ele>
        <time>2026-09-03T21:20:38.000Z</time>
        <extensions>
          <ns3:TrackPointExtension>
            <ns3:hr>118</ns3:hr>
          </ns3:TrackPointExtension>
        </extensions>
      </trkpt>
      <trkpt lat="-4.102217070758342742919921875" lon="-81.05625274591147899627685546875">
        <ele>0</ele>
        <time>2026-09-03T21:20:41.000Z</time>
        <extensions>
          <ns3:TrackPointExtension>
            <ns3:hr>121</ns3:hr>
          </ns3:TrackPointExtension>
        </extensions>
      </trkpt>
      <trkpt lat="-4.102217741310596466064453125" lon="-81.0562436096370220184326171875">
        <ele>0</ele>
        <time>2026-09-03T21:20:42.000Z</time>
        <extensions>
          <ns3:TrackPointExtension>
            <ns3:hr>118</ns3:hr>
          </ns3:TrackPointExtension>
        </extensions>
      </trkpt>
      <trkpt lat="-4.10221681930124759674072265625" lon="-81.05623782612383365631103515625">
        <ele>0</ele>
        <time>2026-09-03T21:20:43.000Z</time>
        <extensions>
          <ns3:TrackPointExtension>
            <ns3:hr>118</ns3:hr>
          </ns3:TrackPointExtension>
        </extensions>
      </trkpt>
      <trkpt lat="-4.1021709702908992767333984375" lon="-81.0562214814126491546630859375">
        <ele>0</ele>
        <time>2026-09-03T21:20:45.000Z</time>
        <extensions>
          <ns3:TrackPointExtension>
            <ns3:hr>118</ns3:hr>
          </ns3:TrackPointExtension>
        </extensions>
      </trkpt>
      <trkpt lat="-4.10212646238505840301513671875" lon="-81.0562251694500446319580078125">
        <ele>0</ele>
        <time>2026-09-03T21:20:46.000Z</time>
        <extensions>
          <ns3:TrackPointExtension>
            <ns3:hr>118</ns3:hr>
          </ns3:TrackPointExtension>
        </extensions>
      </trkpt>
      <trkpt lat="-4.1020767576992511749267578125" lon="-81.05623279698193073272705078125">
        <ele>0</ele>
        <time>2026-09-03T21:20:47.000Z</time>
        <extensions>
          <ns3:TrackPointExtension>
            <ns3:hr>117</ns3:hr>
          </ns3:TrackPointExtension>
        </extensions>
      </trkpt>
      <trkpt lat="-4.1019698046147823333740234375" lon="-81.0562630556523799896240234375">
        <ele>0</ele>
        <time>2026-09-03T21:20:49.000Z</time>
        <extensions>
          <ns3:TrackPointExtension>
            <ns3:hr>116</ns3:hr>
          </ns3:TrackPointExtension>
        </extensions>
      </trkpt>
      <trkpt lat="-4.10191657952964305877685546875" lon="-81.05628526769578456878662109375">
        <ele>0</ele>
        <time>2026-09-03T21:20:50.000Z</time>
        <extensions>
          <ns3:TrackPointExtension>
            <ns3:hr>118</ns3:hr>
          </ns3:TrackPointExtension>
        </extensions>
      </trkpt>
      <trkpt lat="-4.10182840190827846527099609375" lon="-81.05632751248776912689208984375">
        <ele>0</ele>
        <time>2026-09-03T21:20:52.000Z</time>
        <extensions>
          <ns3:TrackPointExtension>
            <ns3:hr>117</ns3:hr>
          </ns3:TrackPointExtension>
        </extensions>
      </trkpt>
      <trkpt lat="-4.1017310880124568939208984375" lon="-81.056337319314479827880859375">
        <ele>0</ele>
        <time>2026-09-03T21:20:54.000Z</time>
        <extensions>
          <ns3:TrackPointExtension>
            <ns3:hr>118</ns3:hr>
          </ns3:TrackPointExtension>
        </extensions>
      </trkpt>
      <trkpt lat="-4.1016056947410106658935546875" lon="-81.05633589439094066619873046875">
        <ele>0</ele>
        <time>2026-09-03T21:20:56.000Z</time>
        <extensions>
          <ns3:TrackPointExtension>
            <ns3:hr>119</ns3:hr>
          </ns3:TrackPointExtension>
        </extensions>
      </trkpt>
      <trkpt lat="-4.1014806367456912994384765625" lon="-81.05633539147675037384033203125">
        <ele>0</ele>
        <time>2026-09-03T21:20:58.000Z</time>
        <extensions>
          <ns3:TrackPointExtension>
            <ns3:hr>118</ns3:hr>
          </ns3:TrackPointExtension>
        </extensions>
      </trkpt>
      <trkpt lat="-4.10128558985888957977294921875" lon="-81.056305803358554840087890625">
        <ele>0</ele>
        <time>2026-09-03T21:21:02.000Z</time>
        <extensions>
          <ns3:TrackPointExtension>
            <ns3:hr>117</ns3:hr>
          </ns3:TrackPointExtension>
        </extensions>
      </trkpt>
      <trkpt lat="-4.10123865120112895965576171875" lon="-81.05628468096256256103515625">
        <ele>0</ele>
        <time>2026-09-03T21:21:03.000Z</time>
        <extensions>
          <ns3:TrackPointExtension>
            <ns3:hr>117</ns3:hr>
          </ns3:TrackPointExtension>
        </extensions>
      </trkpt>
      <trkpt lat="-4.1011517308652400970458984375" lon="-81.0562424361705780029296875">
        <ele>0</ele>
        <time>2026-09-03T21:21:05.000Z</time>
        <extensions>
          <ns3:TrackPointExtension>
            <ns3:hr>120</ns3:hr>
          </ns3:TrackPointExtension>
        </extensions>
      </trkpt>
      <trkpt lat="-4.1010514833033084869384765625" lon="-81.05623011477291584014892578125">
        <ele>0</ele>
        <time>2026-09-03T21:21:07.000Z</time>
        <extensions>
          <ns3:TrackPointExtension>
            <ns3:hr>119</ns3:hr>
          </ns3:TrackPointExtension>
        </extensions>
      </trkpt>
      <trkpt lat="-4.10100035369396209716796875" lon="-81.056233383715152740478515625">
        <ele>0</ele>
        <time>2026-09-03T21:21:08.000Z</time>
        <extensions>
          <ns3:TrackPointExtension>
            <ns3:hr>117</ns3:hr>
          </ns3:TrackPointExtension>
        </extensions>
      </trkpt>
      <trkpt lat="-4.100902117788791656494140625" lon="-81.05623564682900905609130859375">
        <ele>0</ele>
        <time>2026-09-03T21:21:10.000Z</time>
        <extensions>
          <ns3:TrackPointExtension>
            <ns3:hr>118</ns3:hr>
          </ns3:TrackPointExtension>
        </extensions>
      </trkpt>
      <trkpt lat="-4.100836403667926788330078125" lon="-81.05616406537592411041259765625">
        <ele>0</ele>
        <time>2026-09-03T21:21:12.000Z</time>
        <extensions>
          <ns3:TrackPointExtension>
            <ns3:hr>118</ns3:hr>
          </ns3:TrackPointExtension>
        </extensions>
      </trkpt>
      <trkpt lat="-4.1006987728178501129150390625" lon="-81.056021153926849365234375">
        <ele>0</ele>
        <time>2026-09-03T21:21:31.000Z</time>
        <extensions>
          <ns3:TrackPointExtension>
            <ns3:hr>119</ns3:hr>
          </ns3:TrackPointExtension>
        </extensions>
      </trkpt>
      <trkpt lat="-4.1006644070148468017578125" lon="-81.0560037195682525634765625">
        <ele>0</ele>
        <time>2026-09-03T21:21:36.000Z</time>
        <extensions>
          <ns3:TrackPointExtension>
            <ns3:hr>116</ns3:hr>
          </ns3:TrackPointExtension>
        </extensions>
      </trkpt>
      <trkpt lat="-4.10065300762653350830078125" lon="-81.056003384292125701904296875">
        <ele>0</ele>
        <time>2026-09-03T21:21:37.000Z</time>
        <extensions>
          <ns3:TrackPointExtension>
            <ns3:hr>116</ns3:hr>
          </ns3:TrackPointExtension>
        </extensions>
      </trkpt>
      <trkpt lat="-4.10059307701885700225830078125" lon="-81.05599190108478069305419921875">
        <ele>0</ele>
        <time>2026-09-03T21:21:42.000Z</time>
        <extensions>
          <ns3:TrackPointExtension>
            <ns3:hr>114</ns3:hr>
          </ns3:TrackPointExtension>
        </extensions>
      </trkpt>
      <trkpt lat="-4.1005562804639339447021484375" lon="-81.0559891350567340850830078125">
        <ele>0</ele>
        <time>2026-09-03T21:21:45.000Z</time>
        <extensions>
          <ns3:TrackPointExtension>
            <ns3:hr>115</ns3:hr>
          </ns3:TrackPointExtension>
        </extensions>
      </trkpt>
      <trkpt lat="-4.1003956831991672515869140625" lon="-81.0559535957872867584228515625">
        <ele>0</ele>
        <time>2026-09-03T21:22:04.000Z</time>
        <extensions>
          <ns3:TrackPointExtension>
            <ns3:hr>121</ns3:hr>
          </ns3:TrackPointExtension>
        </extensions>
      </trkpt>
      <trkpt lat="-4.1002709604799747467041015625" lon="-81.0558845289051532745361328125">
        <ele>0</ele>
        <time>2026-09-03T21:22:14.000Z</time>
        <extensions>
          <ns3:TrackPointExtension>
            <ns3:hr>121</ns3:hr>
          </ns3:TrackPointExtension>
        </extensions>
      </trkpt>
      <trkpt lat="-4.10026785917580127716064453125" lon="-81.0558811761438846588134765625">
        <ele>0</ele>
        <time>2026-09-03T21:22:15.000Z</time>
        <extensions>
          <ns3:TrackPointExtension>
            <ns3:hr>121</ns3:hr>
          </ns3:TrackPointExtension>
        </extensions>
      </trkpt>
      <trkpt lat="-4.1002111136913299560546875" lon="-81.05583817698061466217041015625">
        <ele>0</ele>
        <time>2026-09-03T21:22:19.000Z</time>
        <extensions>
          <ns3:TrackPointExtension>
            <ns3:hr>120</ns3:hr>
          </ns3:TrackPointExtension>
        </extensions>
      </trkpt>
      <trkpt lat="-4.100080691277980804443359375" lon="-81.0558503307402133941650390625">
        <ele>0</ele>
        <time>2026-09-03T21:22:22.000Z</time>
        <extensions>
          <ns3:TrackPointExtension>
            <ns3:hr>120</ns3:hr>
          </ns3:TrackPointExtension>
        </extensions>
      </trkpt>
      <trkpt lat="-4.09992210566997528076171875" lon="-81.055885367095470428466796875">
        <ele>0</ele>
        <time>2026-09-03T21:22:25.000Z</time>
        <extensions>
          <ns3:TrackPointExtension>
            <ns3:hr>121</ns3:hr>
          </ns3:TrackPointExtension>
        </extensions>
      </trkpt>
      <trkpt lat="-4.0996476821601390838623046875" lon="-81.055955775082111358642578125">
        <ele>0</ele>
        <time>2026-09-03T21:22:30.000Z</time>
        <extensions>
          <ns3:TrackPointExtension>
            <ns3:hr>122</ns3:hr>
          </ns3:TrackPointExtension>
        </extensions>
      </trkpt>
      <trkpt lat="-4.09954399801790714263916015625" lon="-81.05597262270748615264892578125">
        <ele>0</ele>
        <time>2026-09-03T21:22:32.000Z</time>
        <extensions>
          <ns3:TrackPointExtension>
            <ns3:hr>123</ns3:hr>
          </ns3:TrackPointExtension>
        </extensions>
      </trkpt>
      <trkpt lat="-4.09938138909637928009033203125" lon="-81.05599701404571533203125">
        <ele>0</ele>
        <time>2026-09-03T21:22:35.000Z</time>
        <extensions>
          <ns3:TrackPointExtension>
            <ns3:hr>124</ns3:hr>
          </ns3:TrackPointExtension>
        </extensions>
      </trkpt>
      <trkpt lat="-4.099227078258991241455078125" lon="-81.055974550545215606689453125">
        <ele>0</ele>
        <time>2026-09-03T21:22:38.000Z</time>
        <extensions>
          <ns3:TrackPointExtension>
            <ns3:hr>124</ns3:hr>
          </ns3:TrackPointExtension>
        </extensions>
      </trkpt>
      <trkpt lat="-4.09892030060291290283203125" lon="-81.05584722943603992462158203125">
        <ele>0</ele>
        <time>2026-09-03T21:22:44.000Z</time>
        <extensions>
          <ns3:TrackPointExtension>
            <ns3:hr>125</ns3:hr>
          </ns3:TrackPointExtension>
        </extensions>
      </trkpt>
      <trkpt lat="-4.0988190472126007080078125" lon="-81.05584588833153247833251953125">
        <ele>0</ele>
        <time>2026-09-03T21:22:46.000Z</time>
        <extensions>
          <ns3:TrackPointExtension>
            <ns3:hr>125</ns3:hr>
          </ns3:TrackPointExtension>
        </extensions>
      </trkpt>
      <trkpt lat="-4.09876699559390544891357421875" lon="-81.05585862882435321807861328125">
        <ele>0</ele>
        <time>2026-09-03T21:22:47.000Z</time>
        <extensions>
          <ns3:TrackPointExtension>
            <ns3:hr>125</ns3:hr>
          </ns3:TrackPointExtension>
        </extensions>
      </trkpt>
      <trkpt lat="-4.09871536307036876678466796875" lon="-81.05587019585072994232177734375">
        <ele>0</ele>
        <time>2026-09-03T21:22:48.000Z</time>
        <extensions>
          <ns3:TrackPointExtension>
            <ns3:hr>125</ns3:hr>
          </ns3:TrackPointExtension>
        </extensions>
      </trkpt>
      <trkpt lat="-4.09864093177020549774169921875" lon="-81.05584639124572277069091796875">
        <ele>0</ele>
        <time>2026-09-03T21:22:50.000Z</time>
        <extensions>
          <ns3:TrackPointExtension>
            <ns3:hr>124</ns3:hr>
          </ns3:TrackPointExtension>
        </extensions>
      </trkpt>
      <trkpt lat="-4.09861360676586627960205078125" lon="-81.055788807570934295654296875">
        <ele>0</ele>
        <time>2026-09-03T21:22:53.000Z</time>
        <extensions>
          <ns3:TrackPointExtension>
            <ns3:hr>122</ns3:hr>
          </ns3:TrackPointExtension>
        </extensions>
      </trkpt>
      <trkpt lat="-4.0986183844506740570068359375" lon="-81.05576357804238796234130859375">
        <ele>0</ele>
        <time>2026-09-03T21:22:54.000Z</time>
        <extensions>
          <ns3:TrackPointExtension>
            <ns3:hr>122</ns3:hr>
          </ns3:TrackPointExtension>
        </extensions>
      </trkpt>
      <trkpt lat="-4.0985982678830623626708984375" lon="-81.0557004623115062713623046875">
        <ele>0</ele>
        <time>2026-09-03T21:22:56.000Z</time>
        <extensions>
          <ns3:TrackPointExtension>
            <ns3:hr>121</ns3:hr>
          </ns3:TrackPointExtension>
        </extensions>
      </trkpt>
      <trkpt lat="-4.098552502691745758056640625" lon="-81.05568386614322662353515625">
        <ele>0</ele>
        <time>2026-09-03T21:22:57.000Z</time>
        <extensions>
          <ns3:TrackPointExtension>
            <ns3:hr>121</ns3:hr>
          </ns3:TrackPointExtension>
        </extensions>
      </trkpt>
      <trkpt lat="-4.09850321710109710693359375" lon="-81.05567523278295993804931640625">
        <ele>0</ele>
        <time>2026-09-03T21:22:58.000Z</time>
        <extensions>
          <ns3:TrackPointExtension>
            <ns3:hr>120</ns3:hr>
          </ns3:TrackPointExtension>
        </extensions>
      </trkpt>
      <trkpt lat="-4.09839726984500885009765625" lon="-81.05564924888312816619873046875">
        <ele>0</ele>
        <time>2026-09-03T21:23:00.000Z</time>
        <extensions>
          <ns3:TrackPointExtension>
            <ns3:hr>120</ns3:hr>
          </ns3:TrackPointExtension>
        </extensions>
      </trkpt>
      <trkpt lat="-4.0982209146022796630859375" lon="-81.0555787570774555206298828125">
        <ele>0</ele>
        <time>2026-09-03T21:23:04.000Z</time>
        <extensions>
          <ns3:TrackPointExtension>
            <ns3:hr>118</ns3:hr>
          </ns3:TrackPointExtension>
        </extensions>
      </trkpt>
      <trkpt lat="-4.09813298843801021575927734375" lon="-81.05555838905274868011474609375">
        <ele>0</ele>
        <time>2026-09-03T21:23:06.000Z</time>
        <extensions>
          <ns3:TrackPointExtension>
            <ns3:hr>118</ns3:hr>
          </ns3:TrackPointExtension>
        </extensions>
      </trkpt>
      <trkpt lat="-4.09809711389243602752685546875" lon="-81.0555298067629337310791015625">
        <ele>0</ele>
        <time>2026-09-03T21:23:07.000Z</time>
        <extensions>
          <ns3:TrackPointExtension>
            <ns3:hr>118</ns3:hr>
          </ns3:TrackPointExtension>
        </extensions>
      </trkpt>
      <trkpt lat="-4.0980849601328372955322265625" lon="-81.05549401603639125823974609375">
        <ele>0</ele>
        <time>2026-09-03T21:23:08.000Z</time>
        <extensions>
          <ns3:TrackPointExtension>
            <ns3:hr>117</ns3:hr>
          </ns3:TrackPointExtension>
        </extensions>
      </trkpt>
      <trkpt lat="-4.09810080192983150482177734375" lon="-81.05545478872954845428466796875">
        <ele>0</ele>
        <time>2026-09-03T21:23:09.000Z</time>
        <extensions>
          <ns3:TrackPointExtension>
            <ns3:hr>117</ns3:hr>
          </ns3:TrackPointExtension>
        </extensions>
      </trkpt>
      <trkpt lat="-4.09817959181964397430419921875" lon="-81.05538723058998584747314453125">
        <ele>0</ele>
        <time>2026-09-03T21:23:11.000Z</time>
        <extensions>
          <ns3:TrackPointExtension>
            <ns3:hr>117</ns3:hr>
          </ns3:TrackPointExtension>
        </extensions>
      </trkpt>
      <trkpt lat="-4.0982294641435146331787109375" lon="-81.05535672046244144439697265625">
        <ele>0</ele>
        <time>2026-09-03T21:23:12.000Z</time>
        <extensions>
          <ns3:TrackPointExtension>
            <ns3:hr>117</ns3:hr>
          </ns3:TrackPointExtension>
        </extensions>
      </trkpt>
      <trkpt lat="-4.09854772500693798065185546875" lon="-81.05519897304475307464599609375">
        <ele>0</ele>
        <time>2026-09-03T21:23:17.000Z</time>
        <extensions>
          <ns3:TrackPointExtension>
            <ns3:hr>118</ns3:hr>
          </ns3:TrackPointExtension>
        </extensions>
      </trkpt>
      <trkpt lat="-4.0988762117922306060791015625" lon="-81.0550956241786479949951171875">
        <ele>0</ele>
        <time>2026-09-03T21:23:22.000Z</time>
        <extensions>
          <ns3:TrackPointExtension>
            <ns3:hr>116</ns3:hr>
          </ns3:TrackPointExtension>
        </extensions>
      </trkpt>
      <trkpt lat="-4.09913957118988037109375" lon="-81.054982133209705352783203125">
        <ele>0</ele>
        <time>2026-09-03T21:23:27.000Z</time>
        <extensions>
          <ns3:TrackPointExtension>
            <ns3:hr>114</ns3:hr>
          </ns3:TrackPointExtension>
        </extensions>
      </trkpt>
      <trkpt lat="-4.0992071293294429779052734375" lon="-81.05489269830286502838134765625">
        <ele>0</ele>
        <time>2026-09-03T21:23:31.000Z</time>
        <extensions>
          <ns3:TrackPointExtension>
            <ns3:hr>114</ns3:hr>
          </ns3:TrackPointExtension>
        </extensions>
      </trkpt>
      <trkpt lat="-4.09928977489471435546875" lon="-81.054798066616058349609375">
        <ele>0</ele>
        <time>2026-09-03T21:23:34.000Z</time>
        <extensions>
          <ns3:TrackPointExtension>
            <ns3:hr>113</ns3:hr>
          </ns3:TrackPointExtension>
        </extensions>
      </trkpt>
      <trkpt lat="-4.0993335284292697906494140625" lon="-81.05477216653525829315185546875">
        <ele>0</ele>
        <time>2026-09-03T21:23:35.000Z</time>
        <extensions>
          <ns3:TrackPointExtension>
            <ns3:hr>113</ns3:hr>
          </ns3:TrackPointExtension>
        </extensions>
      </trkpt>
      <trkpt lat="-4.09966670908033847808837890625" lon="-81.0546067915856838226318359375">
        <ele>0</ele>
        <time>2026-09-03T21:23:41.000Z</time>
        <extensions>
          <ns3:TrackPointExtension>
            <ns3:hr>113</ns3:hr>
          </ns3:TrackPointExtension>
        </extensions>
      </trkpt>
      <trkpt lat="-4.0999678708612918853759765625" lon="-81.0544958151876926422119140625">
        <ele>0</ele>
        <time>2026-09-03T21:23:46.000Z</time>
        <extensions>
          <ns3:TrackPointExtension>
            <ns3:hr>116</ns3:hr>
          </ns3:TrackPointExtension>
        </extensions>
      </trkpt>
      <trkpt lat="-4.10006049089133739471435546875" lon="-81.0544401593506336212158203125">
        <ele>0</ele>
        <time>2026-09-03T21:23:48.000Z</time>
        <extensions>
          <ns3:TrackPointExtension>
            <ns3:hr>116</ns3:hr>
          </ns3:TrackPointExtension>
        </extensions>
      </trkpt>
      <trkpt lat="-4.100108183920383453369140625" lon="-81.05433966033160686492919921875">
        <ele>0</ele>
        <time>2026-09-03T21:23:50.000Z</time>
        <extensions>
          <ns3:TrackPointExtension>
            <ns3:hr>117</ns3:hr>
          </ns3:TrackPointExtension>
        </extensions>
      </trkpt>
      <trkpt lat="-4.100141040980815887451171875" lon="-81.054284088313579559326171875">
        <ele>0</ele>
        <time>2026-09-03T21:23:51.000Z</time>
        <extensions>
          <ns3:TrackPointExtension>
            <ns3:hr>117</ns3:hr>
          </ns3:TrackPointExtension>
        </extensions>
      </trkpt>
      <trkpt lat="-4.10024757497012615203857421875" lon="-81.05420253239572048187255859375">
        <ele>0</ele>
        <time>2026-09-03T21:23:53.000Z</time>
        <extensions>
          <ns3:TrackPointExtension>
            <ns3:hr>117</ns3:hr>
          </ns3:TrackPointExtension>
        </extensions>
      </trkpt>
      <trkpt lat="-4.10051780752837657928466796875" lon="-81.05411636643111705780029296875">
        <ele>0</ele>
        <time>2026-09-03T21:23:57.000Z</time>
        <extensions>
          <ns3:TrackPointExtension>
            <ns3:hr>118</ns3:hr>
          </ns3:TrackPointExtension>
        </extensions>
      </trkpt>
      <trkpt lat="-4.10096414387226104736328125" lon="-81.05399901978671550750732421875">
        <ele>0</ele>
        <time>2026-09-03T21:24:04.000Z</time>
        <extensions>
          <ns3:TrackPointExtension>
            <ns3:hr>120</ns3:hr>
          </ns3:TrackPointExtension>
        </extensions>
      </trkpt>
      <trkpt lat="-4.10117830149829387664794921875" lon="-81.05396834202110767364501953125">
        <ele>0</ele>
        <time>2026-09-03T21:24:08.000Z</time>
        <extensions>
          <ns3:TrackPointExtension>
            <ns3:hr>122</ns3:hr>
          </ns3:TrackPointExtension>
        </extensions>
      </trkpt>
      <trkpt lat="-4.10119640640914440155029296875" lon="-81.05395074002444744110107421875">
        <ele>0</ele>
        <time>2026-09-03T21:24:09.000Z</time>
        <extensions>
          <ns3:TrackPointExtension>
            <ns3:hr>122</ns3:hr>
          </ns3:TrackPointExtension>
        </extensions>
      </trkpt>
      <trkpt lat="-4.1011560894548892974853515625" lon="-81.053910590708255767822265625">
        <ele>0</ele>
        <time>2026-09-03T21:24:11.000Z</time>
        <extensions>
          <ns3:TrackPointExtension>
            <ns3:hr>122</ns3:hr>
          </ns3:TrackPointExtension>
        </extensions>
      </trkpt>
      <trkpt lat="-4.1011135093867778778076171875" lon="-81.0538973473012447357177734375">
        <ele>0</ele>
        <time>2026-09-03T21:24:12.000Z</time>
        <extensions>
          <ns3:TrackPointExtension>
            <ns3:hr>122</ns3:hr>
          </ns3:TrackPointExtension>
        </extensions>
      </trkpt>
      <trkpt lat="-4.10101938061416149139404296875" lon="-81.05391603894531726837158203125">
        <ele>0</ele>
        <time>2026-09-03T21:24:14.000Z</time>
        <extensions>
          <ns3:TrackPointExtension>
            <ns3:hr>123</ns3:hr>
          </ns3:TrackPointExtension>
        </extensions>
      </trkpt>
      <trkpt lat="-4.100744538009166717529296875" lon="-81.05397102423012256622314453125">
        <ele>0</ele>
        <time>2026-09-03T21:24:18.000Z</time>
        <extensions>
          <ns3:TrackPointExtension>
            <ns3:hr>123</ns3:hr>
          </ns3:TrackPointExtension>
        </extensions>
      </trkpt>
      <trkpt lat="-4.10037179477512836456298828125" lon="-81.05404369533061981201171875">
        <ele>0</ele>
        <time>2026-09-03T21:24:23.000Z</time>
        <extensions>
          <ns3:TrackPointExtension>
            <ns3:hr>124</ns3:hr>
          </ns3:TrackPointExtension>
        </extensions>
      </trkpt>
      <trkpt lat="-4.0999708883464336395263671875" lon="-81.0541437752544879913330078125">
        <ele>0</ele>
        <time>2026-09-03T21:24:29.000Z</time>
        <extensions>
          <ns3:TrackPointExtension>
            <ns3:hr>122</ns3:hr>
          </ns3:TrackPointExtension>
        </extensions>
      </trkpt>
      <trkpt lat="-4.09968280233442783355712890625" lon="-81.05414100922644138336181640625">
        <ele>0</ele>
        <time>2026-09-03T21:24:33.000Z</time>
        <extensions>
          <ns3:TrackPointExtension>
            <ns3:hr>121</ns3:hr>
          </ns3:TrackPointExtension>
        </extensions>
      </trkpt>
      <trkpt lat="-4.09936227835714817047119140625" lon="-81.05410731397569179534912109375">
        <ele>0</ele>
        <time>2026-09-03T21:24:38.000Z</time>
        <extensions>
          <ns3:TrackPointExtension>
            <ns3:hr>121</ns3:hr>
          </ns3:TrackPointExtension>
        </extensions>
      </trkpt>
      <trkpt lat="-4.099229089915752410888671875" lon="-81.0541018657386302947998046875">
        <ele>0</ele>
        <time>2026-09-03T21:24:40.000Z</time>
        <extensions>
          <ns3:TrackPointExtension>
            <ns3:hr>121</ns3:hr>
          </ns3:TrackPointExtension>
        </extensions>
      </trkpt>
      <trkpt lat="-4.0991689078509807586669921875" lon="-81.05412206612527370452880859375">
        <ele>0</ele>
        <time>2026-09-03T21:24:41.000Z</time>
        <extensions>
          <ns3:TrackPointExtension>
            <ns3:hr>121</ns3:hr>
          </ns3:TrackPointExtension>
        </extensions>
      </trkpt>
      <trkpt lat="-4.09911233000457286834716796875" lon="-81.05415173806250095367431640625">
        <ele>0</ele>
        <time>2026-09-03T21:24:42.000Z</time>
        <extensions>
          <ns3:TrackPointExtension>
            <ns3:hr>121</ns3:hr>
          </ns3:TrackPointExtension>
        </extensions>
      </trkpt>
      <trkpt lat="-4.09888601861894130706787109375" lon="-81.0542738623917102813720703125">
        <ele>0</ele>
        <time>2026-09-03T21:24:46.000Z</time>
        <extensions>
          <ns3:TrackPointExtension>
            <ns3:hr>122</ns3:hr>
          </ns3:TrackPointExtension>
        </extensions>
      </trkpt>
      <trkpt lat="-4.09875274635851383209228515625" lon="-81.0543412528932094573974609375">
        <ele>0</ele>
        <time>2026-09-03T21:24:49.000Z</time>
        <extensions>
          <ns3:TrackPointExtension>
            <ns3:hr>122</ns3:hr>
          </ns3:TrackPointExtension>
        </extensions>
      </trkpt>
      <trkpt lat="-4.098722822964191436767578125" lon="-81.0543261654675006866455078125">
        <ele>0</ele>
        <time>2026-09-03T21:24:50.000Z</time>
        <extensions>
          <ns3:TrackPointExtension>
            <ns3:hr>122</ns3:hr>
          </ns3:TrackPointExtension>
        </extensions>
      </trkpt>
      <trkpt lat="-4.0987105853855609893798828125" lon="-81.0542254149913787841796875">
        <ele>0</ele>
        <time>2026-09-03T21:24:52.000Z</time>
        <extensions>
          <ns3:TrackPointExtension>
            <ns3:hr>122</ns3:hr>
          </ns3:TrackPointExtension>
        </extensions>
      </trkpt>
      <trkpt lat="-4.0987439453601837158203125" lon="-81.05417017824947834014892578125">
        <ele>0</ele>
        <time>2026-09-03T21:24:53.000Z</time>
        <extensions>
          <ns3:TrackPointExtension>
            <ns3:hr>123</ns3:hr>
          </ns3:TrackPointExtension>
        </extensions>
      </trkpt>
      <trkpt lat="-4.09879549406468868255615234375" lon="-81.05413396842777729034423828125">
        <ele>0</ele>
        <time>2026-09-03T21:24:54.000Z</time>
        <extensions>
          <ns3:TrackPointExtension>
            <ns3:hr>123</ns3:hr>
          </ns3:TrackPointExtension>
        </extensions>
      </trkpt>
      <trkpt lat="-4.0988565981388092041015625" lon="-81.0541048832237720489501953125">
        <ele>0</ele>
        <time>2026-09-03T21:24:55.000Z</time>
        <extensions>
          <ns3:TrackPointExtension>
            <ns3:hr>124</ns3:hr>
          </ns3:TrackPointExtension>
        </extensions>
      </trkpt>
      <trkpt lat="-4.0991266630589962005615234375" lon="-81.05402064509689807891845703125">
        <ele>0</ele>
        <time>2026-09-03T21:24:59.000Z</time>
        <extensions>
          <ns3:TrackPointExtension>
            <ns3:hr>127</ns3:hr>
          </ns3:TrackPointExtension>
        </extensions>
      </trkpt>
      <trkpt lat="-4.0995776094496250152587890625" lon="-81.05385719798505306243896484375">
        <ele>0</ele>
        <time>2026-09-03T21:25:06.000Z</time>
        <extensions>
          <ns3:TrackPointExtension>
            <ns3:hr>129</ns3:hr>
          </ns3:TrackPointExtension>
        </extensions>
      </trkpt>
      <trkpt lat="-4.09971130080521106719970703125" lon="-81.05380271561443805694580078125">
        <ele>0</ele>
        <time>2026-09-03T21:25:08.000Z</time>
        <extensions>
          <ns3:TrackPointExtension>
            <ns3:hr>129</ns3:hr>
          </ns3:TrackPointExtension>
        </extensions>
      </trkpt>
      <trkpt lat="-4.09979277290403842926025390625" lon="-81.0537421144545078277587890625">
        <ele>0</ele>
        <time>2026-09-03T21:25:10.000Z</time>
        <extensions>
          <ns3:TrackPointExtension>
            <ns3:hr>128</ns3:hr>
          </ns3:TrackPointExtension>
        </extensions>
      </trkpt>
      <trkpt lat="-4.09981741569936275482177734375" lon="-81.05365318246185779571533203125">
        <ele>0</ele>
        <time>2026-09-03T21:25:12.000Z</time>
        <extensions>
          <ns3:TrackPointExtension>
            <ns3:hr>128</ns3:hr>
          </ns3:TrackPointExtension>
        </extensions>
      </trkpt>
      <trkpt lat="-4.0998436510562896728515625" lon="-81.0536103509366512298583984375">
        <ele>0</ele>
        <time>2026-09-03T21:25:13.000Z</time>
        <extensions>
          <ns3:TrackPointExtension>
            <ns3:hr>128</ns3:hr>
          </ns3:TrackPointExtension>
        </extensions>
      </trkpt>
      <trkpt lat="-4.09988631494343280792236328125" lon="-81.05357573367655277252197265625">
        <ele>0</ele>
        <time>2026-09-03T21:25:14.000Z</time>
        <extensions>
          <ns3:TrackPointExtension>
            <ns3:hr>129</ns3:hr>
          </ns3:TrackPointExtension>
        </extensions>
      </trkpt>
      <trkpt lat="-4.09999159164726734161376953125" lon="-81.0535332374274730682373046875">
        <ele>0</ele>
        <time>2026-09-03T21:25:16.000Z</time>
        <extensions>
          <ns3:TrackPointExtension>
            <ns3:hr>129</ns3:hr>
          </ns3:TrackPointExtension>
        </extensions>
      </trkpt>
      <trkpt lat="-4.10037129186093807220458984375" lon="-81.0534581355750560760498046875">
        <ele>0</ele>
        <time>2026-09-03T21:25:23.000Z</time>
        <extensions>
          <ns3:TrackPointExtension>
            <ns3:hr>129</ns3:hr>
          </ns3:TrackPointExtension>
        </extensions>
      </trkpt>
      <trkpt lat="-4.10056851804256439208984375" lon="-81.053435504436492919921875">
        <ele>0</ele>
        <time>2026-09-03T21:25:27.000Z</time>
        <extensions>
          <ns3:TrackPointExtension>
            <ns3:hr>126</ns3:hr>
          </ns3:TrackPointExtension>
        </extensions>
      </trkpt>
      <trkpt lat="-4.10077345557510852813720703125" lon="-81.05343282222747802734375">
        <ele>0</ele>
        <time>2026-09-03T21:25:31.000Z</time>
        <extensions>
          <ns3:TrackPointExtension>
            <ns3:hr>127</ns3:hr>
          </ns3:TrackPointExtension>
        </extensions>
      </trkpt>
      <trkpt lat="-4.1009250842034816741943359375" lon="-81.05344614945352077484130859375">
        <ele>0</ele>
        <time>2026-09-03T21:25:35.000Z</time>
        <extensions>
          <ns3:TrackPointExtension>
            <ns3:hr>127</ns3:hr>
          </ns3:TrackPointExtension>
        </extensions>
      </trkpt>
      <trkpt lat="-4.10092215053737163543701171875" lon="-81.05343525297939777374267578125">
        <ele>0</ele>
        <time>2026-09-03T21:25:36.000Z</time>
        <extensions>
          <ns3:TrackPointExtension>
            <ns3:hr>127</ns3:hr>
          </ns3:TrackPointExtension>
        </extensions>
      </trkpt>
      <trkpt lat="-4.100805222988128662109375" lon="-81.0534246079623699188232421875">
        <ele>0</ele>
        <time>2026-09-03T21:25:39.000Z</time>
        <extensions>
          <ns3:TrackPointExtension>
            <ns3:hr>128</ns3:hr>
          </ns3:TrackPointExtension>
        </extensions>
      </trkpt>
      <trkpt lat="-4.10057430155575275421142578125" lon="-81.05352074839174747467041015625">
        <ele>0</ele>
        <time>2026-09-03T21:25:43.000Z</time>
        <extensions>
          <ns3:TrackPointExtension>
            <ns3:hr>129</ns3:hr>
          </ns3:TrackPointExtension>
        </extensions>
      </trkpt>
      <trkpt lat="-4.1001764126121997833251953125" lon="-81.05368067510426044464111328125">
        <ele>0</ele>
        <time>2026-09-03T21:25:49.000Z</time>
        <extensions>
          <ns3:TrackPointExtension>
            <ns3:hr>129</ns3:hr>
          </ns3:TrackPointExtension>
        </extensions>
      </trkpt>
      <trkpt lat="-4.09986888058483600616455078125" lon="-81.0538225807249546051025390625">
        <ele>0</ele>
        <time>2026-09-03T21:25:54.000Z</time>
        <extensions>
          <ns3:TrackPointExtension>
            <ns3:hr>126</ns3:hr>
          </ns3:TrackPointExtension>
        </extensions>
      </trkpt>
      <trkpt lat="-4.0997516177594661712646484375" lon="-81.053867004811763763427734375">
        <ele>0</ele>
        <time>2026-09-03T21:25:56.000Z</time>
        <extensions>
          <ns3:TrackPointExtension>
            <ns3:hr>126</ns3:hr>
          </ns3:TrackPointExtension>
        </extensions>
      </trkpt>
      <trkpt lat="-4.0993429161608219146728515625" lon="-81.054019220173358917236328125">
        <ele>0</ele>
        <time>2026-09-03T21:26:03.000Z</time>
        <extensions>
          <ns3:TrackPointExtension>
            <ns3:hr>124</ns3:hr>
          </ns3:TrackPointExtension>
        </extensions>
      </trkpt>
      <trkpt lat="-4.09928373992443084716796875" lon="-81.05404159985482692718505859375">
        <ele>0</ele>
        <time>2026-09-03T21:26:04.000Z</time>
        <extensions>
          <ns3:TrackPointExtension>
            <ns3:hr>124</ns3:hr>
          </ns3:TrackPointExtension>
        </extensions>
      </trkpt>
      <trkpt lat="-4.099169410765171051025390625" lon="-81.05408971197903156280517578125">
        <ele>0</ele>
        <time>2026-09-03T21:26:06.000Z</time>
        <extensions>
          <ns3:TrackPointExtension>
            <ns3:hr>123</ns3:hr>
          </ns3:TrackPointExtension>
        </extensions>
      </trkpt>
      <trkpt lat="-4.09906002692878246307373046875" lon="-81.054128520190715789794921875">
        <ele>0</ele>
        <time>2026-09-03T21:26:08.000Z</time>
        <extensions>
          <ns3:TrackPointExtension>
            <ns3:hr>122</ns3:hr>
          </ns3:TrackPointExtension>
        </extensions>
      </trkpt>
      <trkpt lat="-4.09900168888270854949951171875" lon="-81.05414561927318572998046875">
        <ele>0</ele>
        <time>2026-09-03T21:26:09.000Z</time>
        <extensions>
          <ns3:TrackPointExtension>
            <ns3:hr>122</ns3:hr>
          </ns3:TrackPointExtension>
        </extensions>
      </trkpt>
      <trkpt lat="-4.0988887846469879150390625" lon="-81.0541900433599948883056640625">
        <ele>0</ele>
        <time>2026-09-03T21:26:11.000Z</time>
        <extensions>
          <ns3:TrackPointExtension>
            <ns3:hr>121</ns3:hr>
          </ns3:TrackPointExtension>
        </extensions>
      </trkpt>
      <trkpt lat="-4.09873120486736297607421875" lon="-81.05427662841975688934326171875">
        <ele>0</ele>
        <time>2026-09-03T21:26:14.000Z</time>
        <extensions>
          <ns3:TrackPointExtension>
            <ns3:hr>120</ns3:hr>
          </ns3:TrackPointExtension>
        </extensions>
      </trkpt>
      <trkpt lat="-4.0983082540333271026611328125" lon="-81.05447955429553985595703125">
        <ele>0</ele>
        <time>2026-09-03T21:26:21.000Z</time>
        <extensions>
          <ns3:TrackPointExtension>
            <ns3:hr>118</ns3:hr>
          </ns3:TrackPointExtension>
        </extensions>
      </trkpt>
      <trkpt lat="-4.09824128262698650360107421875" lon="-81.05450914241373538970947265625">
        <ele>0</ele>
        <time>2026-09-03T21:26:22.000Z</time>
        <extensions>
          <ns3:TrackPointExtension>
            <ns3:hr>117</ns3:hr>
          </ns3:TrackPointExtension>
        </extensions>
      </trkpt>
      <trkpt lat="-4.097936265170574188232421875" lon="-81.05463285930454730987548828125">
        <ele>0</ele>
        <time>2026-09-03T21:26:27.000Z</time>
        <extensions>
          <ns3:TrackPointExtension>
            <ns3:hr>115</ns3:hr>
          </ns3:TrackPointExtension>
        </extensions>
      </trkpt>
      <trkpt lat="-4.09787851385772228240966796875" lon="-81.05465197004377841949462890625">
        <ele>0</ele>
        <time>2026-09-03T21:26:28.000Z</time>
        <extensions>
          <ns3:TrackPointExtension>
            <ns3:hr>115</ns3:hr>
          </ns3:TrackPointExtension>
        </extensions>
      </trkpt>
      <trkpt lat="-4.0975813753902912139892578125" lon="-81.05477652512490749359130859375">
        <ele>0</ele>
        <time>2026-09-03T21:26:33.000Z</time>
        <extensions>
          <ns3:TrackPointExtension>
            <ns3:hr>114</ns3:hr>
          </ns3:TrackPointExtension>
        </extensions>
      </trkpt>
      <trkpt lat="-4.09749546088278293609619140625" lon="-81.054814495146274566650390625">
        <ele>0</ele>
        <time>2026-09-03T21:26:35.000Z</time>
        <extensions>
          <ns3:TrackPointExtension>
            <ns3:hr>115</ns3:hr>
          </ns3:TrackPointExtension>
        </extensions>
      </trkpt>
      <trkpt lat="-4.0974556468427181243896484375" lon="-81.05478800833225250244140625">
        <ele>0</ele>
        <time>2026-09-03T21:26:37.000Z</time>
        <extensions>
          <ns3:TrackPointExtension>
            <ns3:hr>115</ns3:hr>
          </ns3:TrackPointExtension>
        </extensions>
      </trkpt>
      <trkpt lat="-4.097478948533535003662109375" lon="-81.0547217912971973419189453125">
        <ele>0</ele>
        <time>2026-09-03T21:26:39.000Z</time>
        <extensions>
          <ns3:TrackPointExtension>
            <ns3:hr>115</ns3:hr>
          </ns3:TrackPointExtension>
        </extensions>
      </trkpt>
      <trkpt lat="-4.09752161242067813873291015625" lon="-81.054689101874828338623046875">
        <ele>0</ele>
        <time>2026-09-03T21:26:40.000Z</time>
        <extensions>
          <ns3:TrackPointExtension>
            <ns3:hr>114</ns3:hr>
          </ns3:TrackPointExtension>
        </extensions>
      </trkpt>
      <trkpt lat="-4.0975776873528957366943359375" lon="-81.05466605164110660552978515625">
        <ele>0</ele>
        <time>2026-09-03T21:26:41.000Z</time>
        <extensions>
          <ns3:TrackPointExtension>
            <ns3:hr>115</ns3:hr>
          </ns3:TrackPointExtension>
        </extensions>
      </trkpt>
      <trkpt lat="-4.09769964404404163360595703125" lon="-81.05464442633092403411865234375">
        <ele>0</ele>
        <time>2026-09-03T21:26:43.000Z</time>
        <extensions>
          <ns3:TrackPointExtension>
            <ns3:hr>116</ns3:hr>
          </ns3:TrackPointExtension>
        </extensions>
      </trkpt>
      <trkpt lat="-4.09788153134286403656005859375" lon="-81.05460695922374725341796875">
        <ele>0</ele>
        <time>2026-09-03T21:26:46.000Z</time>
        <extensions>
          <ns3:TrackPointExtension>
            <ns3:hr>116</ns3:hr>
          </ns3:TrackPointExtension>
        </extensions>
      </trkpt>
      <trkpt lat="-4.0980051644146442413330078125" lon="-81.05455976910889148712158203125">
        <ele>0</ele>
        <time>2026-09-03T21:26:48.000Z</time>
        <extensions>
          <ns3:TrackPointExtension>
            <ns3:hr>116</ns3:hr>
          </ns3:TrackPointExtension>
        </extensions>
      </trkpt>
      <trkpt lat="-4.09821831621229648590087890625" lon="-81.05443856678903102874755859375">
        <ele>0</ele>
        <time>2026-09-03T21:26:52.000Z</time>
        <extensions>
          <ns3:TrackPointExtension>
            <ns3:hr>117</ns3:hr>
          </ns3:TrackPointExtension>
        </extensions>
      </trkpt>
      <trkpt lat="-4.0983095951378345489501953125" lon="-81.05430026538670063018798828125">
        <ele>0</ele>
        <time>2026-09-03T21:26:55.000Z</time>
        <extensions>
          <ns3:TrackPointExtension>
            <ns3:hr>118</ns3:hr>
          </ns3:TrackPointExtension>
        </extensions>
      </trkpt>
      <trkpt lat="-4.09836634062230587005615234375" lon="-81.054267995059490203857421875">
        <ele>0</ele>
        <time>2026-09-03T21:26:56.000Z</time>
        <extensions>
          <ns3:TrackPointExtension>
            <ns3:hr>118</ns3:hr>
          </ns3:TrackPointExtension>
        </extensions>
      </trkpt>
      <trkpt lat="-4.098431803286075592041015625" lon="-81.054240502417087554931640625">
        <ele>0</ele>
        <time>2026-09-03T21:26:57.000Z</time>
        <extensions>
          <ns3:TrackPointExtension>
            <ns3:hr>118</ns3:hr>
          </ns3:TrackPointExtension>
        </extensions>
      </trkpt>
      <trkpt lat="-4.09863808192312717437744140625" lon="-81.05418509803712368011474609375">
        <ele>0</ele>
        <time>2026-09-03T21:27:00.000Z</time>
        <extensions>
          <ns3:TrackPointExtension>
            <ns3:hr>119</ns3:hr>
          </ns3:TrackPointExtension>
        </extensions>
      </trkpt>
      <trkpt lat="-4.09904879517853260040283203125" lon="-81.054047048091888427734375">
        <ele>0</ele>
        <time>2026-09-03T21:27:06.000Z</time>
        <extensions>
          <ns3:TrackPointExtension>
            <ns3:hr>119</ns3:hr>
          </ns3:TrackPointExtension>
        </extensions>
      </trkpt>
      <trkpt lat="-4.09911249764263629913330078125" lon="-81.05402634479105472564697265625">
        <ele>0</ele>
        <time>2026-09-03T21:27:07.000Z</time>
        <extensions>
          <ns3:TrackPointExtension>
            <ns3:hr>119</ns3:hr>
          </ns3:TrackPointExtension>
        </extensions>
      </trkpt>
      <trkpt lat="-4.09938306547701358795166015625" lon="-81.053964905440807342529296875">
        <ele>0</ele>
        <time>2026-09-03T21:27:11.000Z</time>
        <extensions>
          <ns3:TrackPointExtension>
            <ns3:hr>118</ns3:hr>
          </ns3:TrackPointExtension>
        </extensions>
      </trkpt>
      <trkpt lat="-4.0995008312165737152099609375" lon="-81.05392643250524997711181640625">
        <ele>0</ele>
        <time>2026-09-03T21:27:13.000Z</time>
        <extensions>
          <ns3:TrackPointExtension>
            <ns3:hr>118</ns3:hr>
          </ns3:TrackPointExtension>
        </extensions>
      </trkpt>
      <trkpt lat="-4.099571406841278076171875" lon="-81.05384848080575466156005859375">
        <ele>0</ele>
        <time>2026-09-03T21:27:15.000Z</time>
        <extensions>
          <ns3:TrackPointExtension>
            <ns3:hr>118</ns3:hr>
          </ns3:TrackPointExtension>
        </extensions>
      </trkpt>
      <trkpt lat="-4.09964357502758502960205078125" lon="-81.05376700870692729949951171875">
        <ele>0</ele>
        <time>2026-09-03T21:27:17.000Z</time>
        <extensions>
          <ns3:TrackPointExtension>
            <ns3:hr>118</ns3:hr>
          </ns3:TrackPointExtension>
        </extensions>
      </trkpt>
      <trkpt lat="-4.0996949560940265655517578125" lon="-81.05374555103480815887451171875">
        <ele>0</ele>
        <time>2026-09-03T21:27:18.000Z</time>
        <extensions>
          <ns3:TrackPointExtension>
            <ns3:hr>118</ns3:hr>
          </ns3:TrackPointExtension>
        </extensions>
      </trkpt>
      <trkpt lat="-4.0997482649981975555419921875" lon="-81.053733564913272857666015625">
        <ele>0</ele>
        <time>2026-09-03T21:27:19.000Z</time>
        <extensions>
          <ns3:TrackPointExtension>
            <ns3:hr>118</ns3:hr>
          </ns3:TrackPointExtension>
        </extensions>
      </trkpt>
      <trkpt lat="-4.09985329024493694305419921875" lon="-81.0537149570882320404052734375">
        <ele>0</ele>
        <time>2026-09-03T21:27:21.000Z</time>
        <extensions>
          <ns3:TrackPointExtension>
            <ns3:hr>116</ns3:hr>
          </ns3:TrackPointExtension>
        </extensions>
      </trkpt>
      <trkpt lat="-4.09996636211872100830078125" lon="-81.0536824353039264678955078125">
        <ele>0</ele>
        <time>2026-09-03T21:27:23.000Z</time>
        <extensions>
          <ns3:TrackPointExtension>
            <ns3:hr>116</ns3:hr>
          </ns3:TrackPointExtension>
        </extensions>
      </trkpt>
      <trkpt lat="-4.10002939403057098388671875" lon="-81.05366743169724941253662109375">
        <ele>0</ele>
        <time>2026-09-03T21:27:24.000Z</time>
        <extensions>
          <ns3:TrackPointExtension>
            <ns3:hr>115</ns3:hr>
          </ns3:TrackPointExtension>
        </extensions>
      </trkpt>
      <trkpt lat="-4.1002218425273895263671875" lon="-81.05364530347287654876708984375">
        <ele>0</ele>
        <time>2026-09-03T21:27:27.000Z</time>
        <extensions>
          <ns3:TrackPointExtension>
            <ns3:hr>113</ns3:hr>
          </ns3:TrackPointExtension>
        </extensions>
      </trkpt>
      <trkpt lat="-4.1003896482288837432861328125" lon="-81.0536219179630279541015625">
        <ele>0</ele>
        <time>2026-09-03T21:27:30.000Z</time>
        <extensions>
          <ns3:TrackPointExtension>
            <ns3:hr>110</ns3:hr>
          </ns3:TrackPointExtension>
        </extensions>
      </trkpt>
      <trkpt lat="-4.10056625492870807647705078125" lon="-81.053597442805767059326171875">
        <ele>0</ele>
        <time>2026-09-03T21:27:33.000Z</time>
        <extensions>
          <ns3:TrackPointExtension>
            <ns3:hr>108</ns3:hr>
          </ns3:TrackPointExtension>
        </extensions>
      </trkpt>
      <trkpt lat="-4.100816287100315093994140625" lon="-81.053609512746334075927734375">
        <ele>0</ele>
        <time>2026-09-03T21:27:38.000Z</time>
        <extensions>
          <ns3:TrackPointExtension>
            <ns3:hr>109</ns3:hr>
          </ns3:TrackPointExtension>
        </extensions>
      </trkpt>
      <trkpt lat="-4.1008372418582439422607421875" lon="-81.0535999573767185211181640625">
        <ele>0</ele>
        <time>2026-09-03T21:27:39.000Z</time>
        <extensions>
          <ns3:TrackPointExtension>
            <ns3:hr>107</ns3:hr>
          </ns3:TrackPointExtension>
        </extensions>
      </trkpt>
      <trkpt lat="-4.1008422710001468658447265625" lon="-81.05358445085585117340087890625">
        <ele>0</ele>
        <time>2026-09-03T21:27:40.000Z</time>
        <extensions>
          <ns3:TrackPointExtension>
            <ns3:hr>108</ns3:hr>
          </ns3:TrackPointExtension>
        </extensions>
      </trkpt>
      <trkpt lat="-4.10073858685791492462158203125" lon="-81.05355310253798961639404296875">
        <ele>0</ele>
        <time>2026-09-03T21:27:43.000Z</time>
        <extensions>
          <ns3:TrackPointExtension>
            <ns3:hr>109</ns3:hr>
          </ns3:TrackPointExtension>
        </extensions>
      </trkpt>
      <trkpt lat="-4.10049366764724254608154296875" lon="-81.05360607616603374481201171875">
        <ele>0</ele>
        <time>2026-09-03T21:27:47.000Z</time>
        <extensions>
          <ns3:TrackPointExtension>
            <ns3:hr>109</ns3:hr>
          </ns3:TrackPointExtension>
        </extensions>
      </trkpt>
      <trkpt lat="-4.10006971098482608795166015625" lon="-81.05374018661677837371826171875">
        <ele>0</ele>
        <time>2026-09-03T21:27:53.000Z</time>
        <extensions>
          <ns3:TrackPointExtension>
            <ns3:hr>109</ns3:hr>
          </ns3:TrackPointExtension>
        </extensions>
      </trkpt>
      <trkpt lat="-4.09979377873241901397705078125" lon="-81.05386306531727313995361328125">
        <ele>0</ele>
        <time>2026-09-03T21:27:57.000Z</time>
        <extensions>
          <ns3:TrackPointExtension>
            <ns3:hr>107</ns3:hr>
          </ns3:TrackPointExtension>
        </extensions>
      </trkpt>
      <trkpt lat="-4.0997256338596343994140625" lon="-81.05388955213129520416259765625">
        <ele>0</ele>
        <time>2026-09-03T21:27:58.000Z</time>
        <extensions>
          <ns3:TrackPointExtension>
            <ns3:hr>106</ns3:hr>
          </ns3:TrackPointExtension>
        </extensions>
      </trkpt>
      <trkpt lat="-4.0995186008512973785400390625" lon="-81.05395006947219371795654296875">
        <ele>0</ele>
        <time>2026-09-03T21:28:01.000Z</time>
        <extensions>
          <ns3:TrackPointExtension>
            <ns3:hr>104</ns3:hr>
          </ns3:TrackPointExtension>
        </extensions>
      </trkpt>
      <trkpt lat="-4.09937250427901744842529296875" lon="-81.05398493818938732147216796875">
        <ele>0</ele>
        <time>2026-09-03T21:28:03.000Z</time>
        <extensions>
          <ns3:TrackPointExtension>
            <ns3:hr>104</ns3:hr>
          </ns3:TrackPointExtension>
        </extensions>
      </trkpt>
      <trkpt lat="-4.0990052931010723114013671875" lon="-81.05410161428153514862060546875">
        <ele>0</ele>
        <time>2026-09-03T21:28:08.000Z</time>
        <extensions>
          <ns3:TrackPointExtension>
            <ns3:hr>106</ns3:hr>
          </ns3:TrackPointExtension>
        </extensions>
      </trkpt>
      <trkpt lat="-4.0987343899905681610107421875" lon="-81.05420454405248165130615234375">
        <ele>0</ele>
        <time>2026-09-03T21:28:12.000Z</time>
        <extensions>
          <ns3:TrackPointExtension>
            <ns3:hr>109</ns3:hr>
          </ns3:TrackPointExtension>
        </extensions>
      </trkpt>
      <trkpt lat="-4.09860304556787014007568359375" lon="-81.054250895977020263671875">
        <ele>0</ele>
        <time>2026-09-03T21:28:14.000Z</time>
        <extensions>
          <ns3:TrackPointExtension>
            <ns3:hr>110</ns3:hr>
          </ns3:TrackPointExtension>
        </extensions>
      </trkpt>
      <trkpt lat="-4.098209179937839508056640625" lon="-81.05443454347550868988037109375">
        <ele>0</ele>
        <time>2026-09-03T21:28:20.000Z</time>
        <extensions>
          <ns3:TrackPointExtension>
            <ns3:hr>112</ns3:hr>
          </ns3:TrackPointExtension>
        </extensions>
      </trkpt>
      <trkpt lat="-4.09814438782632350921630859375" lon="-81.05446077883243560791015625">
        <ele>0</ele>
        <time>2026-09-03T21:28:21.000Z</time>
        <extensions>
          <ns3:TrackPointExtension>
            <ns3:hr>112</ns3:hr>
          </ns3:TrackPointExtension>
        </extensions>
      </trkpt>
      <trkpt lat="-4.097888655960559844970703125" lon="-81.054526828229427337646484375">
        <ele>0</ele>
        <time>2026-09-03T21:28:25.000Z</time>
        <extensions>
          <ns3:TrackPointExtension>
            <ns3:hr>114</ns3:hr>
          </ns3:TrackPointExtension>
        </extensions>
      </trkpt>
      <trkpt lat="-4.09770349971950054168701171875" lon="-81.0545856691896915435791015625">
        <ele>0</ele>
        <time>2026-09-03T21:28:28.000Z</time>
        <extensions>
          <ns3:TrackPointExtension>
            <ns3:hr>117</ns3:hr>
          </ns3:TrackPointExtension>
        </extensions>
      </trkpt>
      <trkpt lat="-4.09758590161800384521484375" lon="-81.054634116590023040771484375">
        <ele>0</ele>
        <time>2026-09-03T21:28:30.000Z</time>
        <extensions>
          <ns3:TrackPointExtension>
            <ns3:hr>115</ns3:hr>
          </ns3:TrackPointExtension>
        </extensions>
      </trkpt>
      <trkpt lat="-4.097140990197658538818359375" lon="-81.0548103041946887969970703125">
        <ele>0</ele>
        <time>2026-09-03T21:28:38.000Z</time>
        <extensions>
          <ns3:TrackPointExtension>
            <ns3:hr>116</ns3:hr>
          </ns3:TrackPointExtension>
        </extensions>
      </trkpt>
      <trkpt lat="-4.09690101630985736846923828125" lon="-81.0549122281372547149658203125">
        <ele>0</ele>
        <time>2026-09-03T21:28:43.000Z</time>
        <extensions>
          <ns3:TrackPointExtension>
            <ns3:hr>116</ns3:hr>
          </ns3:TrackPointExtension>
        </extensions>
      </trkpt>
      <trkpt lat="-4.0968503057956695556640625" lon="-81.05488599278032779693603515625">
        <ele>0</ele>
        <time>2026-09-03T21:28:45.000Z</time>
        <extensions>
          <ns3:TrackPointExtension>
            <ns3:hr>116</ns3:hr>
          </ns3:TrackPointExtension>
        </extensions>
      </trkpt>
      <trkpt lat="-4.0968561731278896331787109375" lon="-81.05484701693058013916015625">
        <ele>0</ele>
        <time>2026-09-03T21:28:46.000Z</time>
        <extensions>
          <ns3:TrackPointExtension>
            <ns3:hr>115</ns3:hr>
          </ns3:TrackPointExtension>
        </extensions>
      </trkpt>
      <trkpt lat="-4.0969272516667842864990234375" lon="-81.05477501638233661651611328125">
        <ele>0</ele>
        <time>2026-09-03T21:28:48.000Z</time>
        <extensions>
          <ns3:TrackPointExtension>
            <ns3:hr>115</ns3:hr>
          </ns3:TrackPointExtension>
        </extensions>
      </trkpt>
      <trkpt lat="-4.09710737876594066619873046875" lon="-81.054696477949619293212890625">
        <ele>0</ele>
        <time>2026-09-03T21:28:51.000Z</time>
        <extensions>
          <ns3:TrackPointExtension>
            <ns3:hr>112</ns3:hr>
          </ns3:TrackPointExtension>
        </extensions>
      </trkpt>
      <trkpt lat="-4.09717493690550327301025390625" lon="-81.05466772802174091339111328125">
        <ele>0</ele>
        <time>2026-09-03T21:28:52.000Z</time>
        <extensions>
          <ns3:TrackPointExtension>
            <ns3:hr>111</ns3:hr>
          </ns3:TrackPointExtension>
        </extensions>
      </trkpt>
      <trkpt lat="-4.0972553193569183349609375" lon="-81.05464425869286060333251953125">
        <ele>0</ele>
        <time>2026-09-03T21:28:53.000Z</time>
        <extensions>
          <ns3:TrackPointExtension>
            <ns3:hr>112</ns3:hr>
          </ns3:TrackPointExtension>
        </extensions>
      </trkpt>
      <trkpt lat="-4.0975528769195079803466796875" lon="-81.0545548237860202789306640625">
        <ele>0</ele>
        <time>2026-09-03T21:28:57.000Z</time>
        <extensions>
          <ns3:TrackPointExtension>
            <ns3:hr>112</ns3:hr>
          </ns3:TrackPointExtension>
        </extensions>
      </trkpt>
      <trkpt lat="-4.09769478254020214080810546875" lon="-81.0545109026134014129638671875">
        <ele>0</ele>
        <time>2026-09-03T21:28:59.000Z</time>
        <extensions>
          <ns3:TrackPointExtension>
            <ns3:hr>112</ns3:hr>
          </ns3:TrackPointExtension>
        </extensions>
      </trkpt>
      <trkpt lat="-4.0978901647031307220458984375" lon="-81.05445365421473979949951171875">
        <ele>0</ele>
        <time>2026-09-03T21:29:02.000Z</time>
        <extensions>
          <ns3:TrackPointExtension>
            <ns3:hr>111</ns3:hr>
          </ns3:TrackPointExtension>
        </extensions>
      </trkpt>
      <trkpt lat="-4.09795110113918781280517578125" lon="-81.0544421710073947906494140625">
        <ele>0</ele>
        <time>2026-09-03T21:29:03.000Z</time>
        <extensions>
          <ns3:TrackPointExtension>
            <ns3:hr>112</ns3:hr>
          </ns3:TrackPointExtension>
        </extensions>
      </trkpt>
      <trkpt lat="-4.0982686914503574371337890625" lon="-81.0543838329613208770751953125">
        <ele>0</ele>
        <time>2026-09-03T21:29:08.000Z</time>
        <extensions>
          <ns3:TrackPointExtension>
            <ns3:hr>115</ns3:hr>
          </ns3:TrackPointExtension>
        </extensions>
      </trkpt>
      <trkpt lat="-4.09833784215152263641357421875" lon="-81.054368577897548675537109375">
        <ele>0</ele>
        <time>2026-09-03T21:29:09.000Z</time>
        <extensions>
          <ns3:TrackPointExtension>
            <ns3:hr>115</ns3:hr>
          </ns3:TrackPointExtension>
        </extensions>
      </trkpt>
      <trkpt lat="-4.09862148575484752655029296875" lon="-81.0542964935302734375">
        <ele>0</ele>
        <time>2026-09-03T21:29:13.000Z</time>
        <extensions>
          <ns3:TrackPointExtension>
            <ns3:hr>115</ns3:hr>
          </ns3:TrackPointExtension>
        </extensions>
      </trkpt>
      <trkpt lat="-4.0986840985715389251708984375" lon="-81.05426724068820476531982421875">
        <ele>0</ele>
        <time>2026-09-03T21:29:14.000Z</time>
        <extensions>
          <ns3:TrackPointExtension>
            <ns3:hr>115</ns3:hr>
          </ns3:TrackPointExtension>
        </extensions>
      </trkpt>
      <trkpt lat="-4.09877504222095012664794921875" lon="-81.0542084835469722747802734375">
        <ele>0</ele>
        <time>2026-09-03T21:29:16.000Z</time>
        <extensions>
          <ns3:TrackPointExtension>
            <ns3:hr>116</ns3:hr>
          </ns3:TrackPointExtension>
        </extensions>
      </trkpt>
      <trkpt lat="-4.0988664887845516204833984375" lon="-81.05413748882710933685302734375">
        <ele>0</ele>
        <time>2026-09-03T21:29:18.000Z</time>
        <extensions>
          <ns3:TrackPointExtension>
            <ns3:hr>116</ns3:hr>
          </ns3:TrackPointExtension>
        </extensions>
      </trkpt>
      <trkpt lat="-4.09917066805064678192138671875" lon="-81.05397856794297695159912109375">
        <ele>0</ele>
        <time>2026-09-03T21:29:23.000Z</time>
        <extensions>
          <ns3:TrackPointExtension>
            <ns3:hr>118</ns3:hr>
          </ns3:TrackPointExtension>
        </extensions>
      </trkpt>
      <trkpt lat="-4.099217355251312255859375" lon="-81.05393716134130954742431640625">
        <ele>0</ele>
        <time>2026-09-03T21:29:24.000Z</time>
        <extensions>
          <ns3:TrackPointExtension>
            <ns3:hr>119</ns3:hr>
          </ns3:TrackPointExtension>
        </extensions>
      </trkpt>
      <trkpt lat="-4.09928818233311176300048828125" lon="-81.0538386739790439605712890625">
        <ele>0</ele>
        <time>2026-09-03T21:29:26.000Z</time>
        <extensions>
          <ns3:TrackPointExtension>
            <ns3:hr>118</ns3:hr>
          </ns3:TrackPointExtension>
        </extensions>
      </trkpt>
      <trkpt lat="-4.099369235336780548095703125" lon="-81.05377086438238620758056640625">
        <ele>0</ele>
        <time>2026-09-03T21:29:28.000Z</time>
        <extensions>
          <ns3:TrackPointExtension>
            <ns3:hr>117</ns3:hr>
          </ns3:TrackPointExtension>
        </extensions>
      </trkpt>
      <trkpt lat="-4.0994223766028881072998046875" lon="-81.05374085716903209686279296875">
        <ele>0</ele>
        <time>2026-09-03T21:29:29.000Z</time>
        <extensions>
          <ns3:TrackPointExtension>
            <ns3:hr>117</ns3:hr>
          </ns3:TrackPointExtension>
        </extensions>
      </trkpt>
      <trkpt lat="-4.0995460934937000274658203125" lon="-81.0536928288638591766357421875">
        <ele>0</ele>
        <time>2026-09-03T21:29:31.000Z</time>
        <extensions>
          <ns3:TrackPointExtension>
            <ns3:hr>116</ns3:hr>
          </ns3:TrackPointExtension>
        </extensions>
      </trkpt>
      <trkpt lat="-4.09967534244060516357421875" lon="-81.0536623187363147735595703125">
        <ele>0</ele>
        <time>2026-09-03T21:29:33.000Z</time>
        <extensions>
          <ns3:TrackPointExtension>
            <ns3:hr>116</ns3:hr>
          </ns3:TrackPointExtension>
        </extensions>
      </trkpt>
      <trkpt lat="-4.10000349394977092742919921875" lon="-81.05353097431361675262451171875">
        <ele>0</ele>
        <time>2026-09-03T21:29:39.000Z</time>
        <extensions>
          <ns3:TrackPointExtension>
            <ns3:hr>115</ns3:hr>
          </ns3:TrackPointExtension>
        </extensions>
      </trkpt>
      <trkpt lat="-4.1001234389841556549072265625" lon="-81.05343156494200229644775390625">
        <ele>0</ele>
        <time>2026-09-03T21:29:43.000Z</time>
        <extensions>
          <ns3:TrackPointExtension>
            <ns3:hr>116</ns3:hr>
          </ns3:TrackPointExtension>
        </extensions>
      </trkpt>
      <trkpt lat="-4.100312702357769012451171875" lon="-81.05335570871829986572265625">
        <ele>0</ele>
        <time>2026-09-03T21:29:49.000Z</time>
        <extensions>
          <ns3:TrackPointExtension>
            <ns3:hr>117</ns3:hr>
          </ns3:TrackPointExtension>
        </extensions>
      </trkpt>
      <trkpt lat="-4.10023097880184650421142578125" lon="-81.0532821156084537506103515625">
        <ele>0</ele>
        <time>2026-09-03T21:29:52.000Z</time>
        <extensions>
          <ns3:TrackPointExtension>
            <ns3:hr>116</ns3:hr>
          </ns3:TrackPointExtension>
        </extensions>
      </trkpt>
      <trkpt lat="-4.100120924413204193115234375" lon="-81.0532920062541961669921875">
        <ele>0</ele>
        <time>2026-09-03T21:29:54.000Z</time>
        <extensions>
          <ns3:TrackPointExtension>
            <ns3:hr>116</ns3:hr>
          </ns3:TrackPointExtension>
        </extensions>
      </trkpt>
      <trkpt lat="-4.10006635822355747222900390625" lon="-81.05330181308090686798095703125">
        <ele>0</ele>
        <time>2026-09-03T21:29:55.000Z</time>
        <extensions>
          <ns3:TrackPointExtension>
            <ns3:hr>116</ns3:hr>
          </ns3:TrackPointExtension>
        </extensions>
      </trkpt>
      <trkpt lat="-4.09969755448400974273681640625" lon="-81.05340088717639446258544921875">
        <ele>0</ele>
        <time>2026-09-03T21:30:01.000Z</time>
        <extensions>
          <ns3:TrackPointExtension>
            <ns3:hr>116</ns3:hr>
          </ns3:TrackPointExtension>
        </extensions>
      </trkpt>
      <trkpt lat="-4.09925096668303012847900390625" lon="-81.0535748116672039031982421875">
        <ele>0</ele>
        <time>2026-09-03T21:30:08.000Z</time>
        <extensions>
          <ns3:TrackPointExtension>
            <ns3:hr>116</ns3:hr>
          </ns3:TrackPointExtension>
        </extensions>
      </trkpt>
      <trkpt lat="-4.09884788095951080322265625" lon="-81.05374462902545928955078125">
        <ele>0</ele>
        <time>2026-09-03T21:30:15.000Z</time>
        <extensions>
          <ns3:TrackPointExtension>
            <ns3:hr>115</ns3:hr>
          </ns3:TrackPointExtension>
        </extensions>
      </trkpt>
      <trkpt lat="-4.09848201088607311248779296875" lon="-81.0538789071142673492431640625">
        <ele>0</ele>
        <time>2026-09-03T21:30:21.000Z</time>
        <extensions>
          <ns3:TrackPointExtension>
            <ns3:hr>115</ns3:hr>
          </ns3:TrackPointExtension>
        </extensions>
      </trkpt>
      <trkpt lat="-4.09815587103366851806640625" lon="-81.05398125015199184417724609375">
        <ele>0</ele>
        <time>2026-09-03T21:30:26.000Z</time>
        <extensions>
          <ns3:TrackPointExtension>
            <ns3:hr>114</ns3:hr>
          </ns3:TrackPointExtension>
        </extensions>
      </trkpt>
      <trkpt lat="-4.09781380556523799896240234375" lon="-81.05411452241241931915283203125">
        <ele>0</ele>
        <time>2026-09-03T21:30:31.000Z</time>
        <extensions>
          <ns3:TrackPointExtension>
            <ns3:hr>115</ns3:hr>
          </ns3:TrackPointExtension>
        </extensions>
      </trkpt>
      <trkpt lat="-4.0976548008620738983154296875" lon="-81.05418778024613857269287109375">
        <ele>0</ele>
        <time>2026-09-03T21:30:34.000Z</time>
        <extensions>
          <ns3:TrackPointExtension>
            <ns3:hr>118</ns3:hr>
          </ns3:TrackPointExtension>
        </extensions>
      </trkpt>
      <trkpt lat="-4.0976048447191715240478515625" lon="-81.05420588515698909759521484375">
        <ele>0</ele>
        <time>2026-09-03T21:30:35.000Z</time>
        <extensions>
          <ns3:TrackPointExtension>
            <ns3:hr>118</ns3:hr>
          </ns3:TrackPointExtension>
        </extensions>
      </trkpt>
      <trkpt lat="-4.09745103679597377777099609375" lon="-81.05425517074763774871826171875">
        <ele>0</ele>
        <time>2026-09-03T21:30:38.000Z</time>
        <extensions>
          <ns3:TrackPointExtension>
            <ns3:hr>119</ns3:hr>
          </ns3:TrackPointExtension>
        </extensions>
      </trkpt>
      <trkpt lat="-4.09734525717794895172119140625" lon="-81.054292805492877960205078125">
        <ele>0</ele>
        <time>2026-09-03T21:30:40.000Z</time>
        <extensions>
          <ns3:TrackPointExtension>
            <ns3:hr>119</ns3:hr>
          </ns3:TrackPointExtension>
        </extensions>
      </trkpt>
      <trkpt lat="-4.097174517810344696044921875" lon="-81.05433479882776737213134765625">
        <ele>0</ele>
        <time>2026-09-03T21:30:43.000Z</time>
        <extensions>
          <ns3:TrackPointExtension>
            <ns3:hr>118</ns3:hr>
          </ns3:TrackPointExtension>
        </extensions>
      </trkpt>
      <trkpt lat="-4.0969946421682834625244140625" lon="-81.05436530895531177520751953125">
        <ele>0</ele>
        <time>2026-09-03T21:30:46.000Z</time>
        <extensions>
          <ns3:TrackPointExtension>
            <ns3:hr>117</ns3:hr>
          </ns3:TrackPointExtension>
        </extensions>
      </trkpt>
      <trkpt lat="-4.0968878567218780517578125" lon="-81.05439146049320697784423828125">
        <ele>0</ele>
        <time>2026-09-03T21:30:48.000Z</time>
        <extensions>
          <ns3:TrackPointExtension>
            <ns3:hr>117</ns3:hr>
          </ns3:TrackPointExtension>
        </extensions>
      </trkpt>
      <trkpt lat="-4.09667084924876689910888671875" lon="-81.0544461943209171295166015625">
        <ele>0</ele>
        <time>2026-09-03T21:30:52.000Z</time>
        <extensions>
          <ns3:TrackPointExtension>
            <ns3:hr>116</ns3:hr>
          </ns3:TrackPointExtension>
        </extensions>
      </trkpt>
      <trkpt lat="-4.09634496085345745086669921875" lon="-81.0545461066067218780517578125">
        <ele>0</ele>
        <time>2026-09-03T21:30:58.000Z</time>
        <extensions>
          <ns3:TrackPointExtension>
            <ns3:hr>115</ns3:hr>
          </ns3:TrackPointExtension>
        </extensions>
      </trkpt>
      <trkpt lat="-4.09629953093826770782470703125" lon="-81.05455993674695491790771484375">
        <ele>0</ele>
        <time>2026-09-03T21:30:59.000Z</time>
        <extensions>
          <ns3:TrackPointExtension>
            <ns3:hr>114</ns3:hr>
          </ns3:TrackPointExtension>
        </extensions>
      </trkpt>
      <trkpt lat="-4.09622090868651866912841796875" lon="-81.05453898198902606964111328125">
        <ele>0</ele>
        <time>2026-09-03T21:31:01.000Z</time>
        <extensions>
          <ns3:TrackPointExtension>
            <ns3:hr>114</ns3:hr>
          </ns3:TrackPointExtension>
        </extensions>
      </trkpt>
      <trkpt lat="-4.09621931612491607666015625" lon="-81.0544542409479618072509765625">
        <ele>0</ele>
        <time>2026-09-03T21:31:03.000Z</time>
        <extensions>
          <ns3:TrackPointExtension>
            <ns3:hr>114</ns3:hr>
          </ns3:TrackPointExtension>
        </extensions>
      </trkpt>
      <trkpt lat="-4.0962546877562999725341796875" lon="-81.05441861785948276519775390625">
        <ele>0</ele>
        <time>2026-09-03T21:31:04.000Z</time>
        <extensions>
          <ns3:TrackPointExtension>
            <ns3:hr>113</ns3:hr>
          </ns3:TrackPointExtension>
        </extensions>
      </trkpt>
      <trkpt lat="-4.0963569469749927520751953125" lon="-81.05436732061207294464111328125">
        <ele>0</ele>
        <time>2026-09-03T21:31:06.000Z</time>
        <extensions>
          <ns3:TrackPointExtension>
            <ns3:hr>112</ns3:hr>
          </ns3:TrackPointExtension>
        </extensions>
      </trkpt>
      <trkpt lat="-4.096608571708202362060546875" lon="-81.05423606000840663909912109375">
        <ele>0</ele>
        <time>2026-09-03T21:31:10.000Z</time>
        <extensions>
          <ns3:TrackPointExtension>
            <ns3:hr>112</ns3:hr>
          </ns3:TrackPointExtension>
        </extensions>
      </trkpt>
      <trkpt lat="-4.09689548425376415252685546875" lon="-81.054083593189716339111328125">
        <ele>0</ele>
        <time>2026-09-03T21:31:14.000Z</time>
        <extensions>
          <ns3:TrackPointExtension>
            <ns3:hr>111</ns3:hr>
          </ns3:TrackPointExtension>
        </extensions>
      </trkpt>
      <trkpt lat="-4.096946530044078826904296875" lon="-81.0540317930281162261962890625">
        <ele>0</ele>
        <time>2026-09-03T21:31:15.000Z</time>
        <extensions>
          <ns3:TrackPointExtension>
            <ns3:hr>111</ns3:hr>
          </ns3:TrackPointExtension>
        </extensions>
      </trkpt>
      <trkpt lat="-4.0970325283706188201904296875" lon="-81.0539446212351322174072265625">
        <ele>0</ele>
        <time>2026-09-03T21:31:17.000Z</time>
        <extensions>
          <ns3:TrackPointExtension>
            <ns3:hr>109</ns3:hr>
          </ns3:TrackPointExtension>
        </extensions>
      </trkpt>
      <trkpt lat="-4.0971304289996623992919921875" lon="-81.0538852773606777191162109375">
        <ele>0</ele>
        <time>2026-09-03T21:31:19.000Z</time>
        <extensions>
          <ns3:TrackPointExtension>
            <ns3:hr>111</ns3:hr>
          </ns3:TrackPointExtension>
        </extensions>
      </trkpt>
      <trkpt lat="-4.0972437523305416107177734375" lon="-81.0538363270461559295654296875">
        <ele>0</ele>
        <time>2026-09-03T21:31:21.000Z</time>
        <extensions>
          <ns3:TrackPointExtension>
            <ns3:hr>108</ns3:hr>
          </ns3:TrackPointExtension>
        </extensions>
      </trkpt>
      <trkpt lat="-4.09756670705974102020263671875" lon="-81.0537104308605194091796875">
        <ele>0</ele>
        <time>2026-09-03T21:31:26.000Z</time>
        <extensions>
          <ns3:TrackPointExtension>
            <ns3:hr>108</ns3:hr>
          </ns3:TrackPointExtension>
        </extensions>
      </trkpt>
      <trkpt lat="-4.09800239838659763336181640625" lon="-81.05354052968323230743408203125">
        <ele>0</ele>
        <time>2026-09-03T21:31:32.000Z</time>
        <extensions>
          <ns3:TrackPointExtension>
            <ns3:hr>111</ns3:hr>
          </ns3:TrackPointExtension>
        </extensions>
      </trkpt>
      <trkpt lat="-4.0981050767004489898681640625" lon="-81.05346643365919589996337890625">
        <ele>0</ele>
        <time>2026-09-03T21:31:34.000Z</time>
        <extensions>
          <ns3:TrackPointExtension>
            <ns3:hr>110</ns3:hr>
          </ns3:TrackPointExtension>
        </extensions>
      </trkpt>
      <trkpt lat="-4.09812728874385356903076171875" lon="-81.05343391187489032745361328125">
        <ele>0</ele>
        <time>2026-09-03T21:31:35.000Z</time>
        <extensions>
          <ns3:TrackPointExtension>
            <ns3:hr>111</ns3:hr>
          </ns3:TrackPointExtension>
        </extensions>
      </trkpt>
      <trkpt lat="-4.098144136369228363037109375" lon="-81.0533858835697174072265625">
        <ele>0</ele>
        <time>2026-09-03T21:31:36.000Z</time>
        <extensions>
          <ns3:TrackPointExtension>
            <ns3:hr>111</ns3:hr>
          </ns3:TrackPointExtension>
        </extensions>
      </trkpt>
      <trkpt lat="-4.09821630455553531646728515625" lon="-81.05328555218875408172607421875">
        <ele>0</ele>
        <time>2026-09-03T21:31:38.000Z</time>
        <extensions>
          <ns3:TrackPointExtension>
            <ns3:hr>111</ns3:hr>
          </ns3:TrackPointExtension>
        </extensions>
      </trkpt>
      <trkpt lat="-4.09851436503231525421142578125" lon="-81.05310215614736080169677734375">
        <ele>0</ele>
        <time>2026-09-03T21:31:43.000Z</time>
        <extensions>
          <ns3:TrackPointExtension>
            <ns3:hr>111</ns3:hr>
          </ns3:TrackPointExtension>
        </extensions>
      </trkpt>
      <trkpt lat="-4.098881743848323822021484375" lon="-81.05297148227691650390625">
        <ele>0</ele>
        <time>2026-09-03T21:31:48.000Z</time>
        <extensions>
          <ns3:TrackPointExtension>
            <ns3:hr>112</ns3:hr>
          </ns3:TrackPointExtension>
        </extensions>
      </trkpt>
      <trkpt lat="-4.09897469915449619293212890625" lon="-81.0529136471450328826904296875">
        <ele>0</ele>
        <time>2026-09-03T21:31:50.000Z</time>
        <extensions>
          <ns3:TrackPointExtension>
            <ns3:hr>112</ns3:hr>
          </ns3:TrackPointExtension>
        </extensions>
      </trkpt>
      <trkpt lat="-4.09898073412477970123291015625" lon="-81.052871905267238616943359375">
        <ele>0</ele>
        <time>2026-09-03T21:31:51.000Z</time>
        <extensions>
          <ns3:TrackPointExtension>
            <ns3:hr>113</ns3:hr>
          </ns3:TrackPointExtension>
        </extensions>
      </trkpt>
      <trkpt lat="-4.09897721372544765472412109375" lon="-81.0527287423610687255859375">
        <ele>0</ele>
        <time>2026-09-03T21:31:56.000Z</time>
        <extensions>
          <ns3:TrackPointExtension>
            <ns3:hr>113</ns3:hr>
          </ns3:TrackPointExtension>
        </extensions>
      </trkpt>
      <trkpt lat="-4.0989811532199382781982421875" lon="-81.052704267203807830810546875">
        <ele>0</ele>
        <time>2026-09-03T21:32:04.000Z</time>
        <extensions>
          <ns3:TrackPointExtension>
            <ns3:hr>114</ns3:hr>
          </ns3:TrackPointExtension>
        </extensions>
      </trkpt>
      <trkpt lat="-4.09894737415015697479248046875" lon="-81.0526846535503864288330078125">
        <ele>0</ele>
        <time>2026-09-03T21:32:08.000Z</time>
        <extensions>
          <ns3:TrackPointExtension>
            <ns3:hr>115</ns3:hr>
          </ns3:TrackPointExtension>
        </extensions>
      </trkpt>
      <trkpt lat="-4.0989271737635135650634765625" lon="-81.05268171988427639007568359375">
        <ele>0</ele>
        <time>2026-09-03T21:32:09.000Z</time>
        <extensions>
          <ns3:TrackPointExtension>
            <ns3:hr>115</ns3:hr>
          </ns3:TrackPointExtension>
        </extensions>
      </trkpt>
      <trkpt lat="-4.0988949872553348541259765625" lon="-81.05268054641783237457275390625">
        <ele>0</ele>
        <time>2026-09-03T21:32:10.000Z</time>
        <extensions>
          <ns3:TrackPointExtension>
            <ns3:hr>114</ns3:hr>
          </ns3:TrackPointExtension>
        </extensions>
      </trkpt>
      <trkpt lat="-4.0988047979772090911865234375" lon="-81.05269563384354114532470703125">
        <ele>0</ele>
        <time>2026-09-03T21:32:12.000Z</time>
        <extensions>
          <ns3:TrackPointExtension>
            <ns3:hr>112</ns3:hr>
          </ns3:TrackPointExtension>
        </extensions>
      </trkpt>
      <trkpt lat="-4.09856800921261310577392578125" lon="-81.05274776928126811981201171875">
        <ele>0</ele>
        <time>2026-09-03T21:32:16.000Z</time>
        <extensions>
          <ns3:TrackPointExtension>
            <ns3:hr>110</ns3:hr>
          </ns3:TrackPointExtension>
        </extensions>
      </trkpt>
      <trkpt lat="-4.098138101398944854736328125" lon="-81.0528955422341823577880859375">
        <ele>0</ele>
        <time>2026-09-03T21:32:23.000Z</time>
        <extensions>
          <ns3:TrackPointExtension>
            <ns3:hr>111</ns3:hr>
          </ns3:TrackPointExtension>
        </extensions>
      </trkpt>
      <trkpt lat="-4.09792117774486541748046875" lon="-81.0529823787510395050048828125">
        <ele>0</ele>
        <time>2026-09-03T21:32:27.000Z</time>
        <extensions>
          <ns3:TrackPointExtension>
            <ns3:hr>113</ns3:hr>
          </ns3:TrackPointExtension>
        </extensions>
      </trkpt>
      <trkpt lat="-4.09786828793585300445556640625" lon="-81.0529984720051288604736328125">
        <ele>0</ele>
        <time>2026-09-03T21:32:28.000Z</time>
        <extensions>
          <ns3:TrackPointExtension>
            <ns3:hr>113</ns3:hr>
          </ns3:TrackPointExtension>
        </extensions>
      </trkpt>
      <trkpt lat="-4.09772411920130252838134765625" lon="-81.0530387051403522491455078125">
        <ele>0</ele>
        <time>2026-09-03T21:32:31.000Z</time>
        <extensions>
          <ns3:TrackPointExtension>
            <ns3:hr>115</ns3:hr>
          </ns3:TrackPointExtension>
        </extensions>
      </trkpt>
      <trkpt lat="-4.0976930223405361175537109375" lon="-81.05302370153367519378662109375">
        <ele>0</ele>
        <time>2026-09-03T21:32:32.000Z</time>
        <extensions>
          <ns3:TrackPointExtension>
            <ns3:hr>114</ns3:hr>
          </ns3:TrackPointExtension>
        </extensions>
      </trkpt>
      <trkpt lat="-4.09767533652484416961669921875" lon="-81.0529917664825916290283203125">
        <ele>0</ele>
        <time>2026-09-03T21:32:33.000Z</time>
        <extensions>
          <ns3:TrackPointExtension>
            <ns3:hr>114</ns3:hr>
          </ns3:TrackPointExtension>
        </extensions>
      </trkpt>
      <trkpt lat="-4.09770651720464229583740234375" lon="-81.05290853418409824371337890625">
        <ele>0</ele>
        <time>2026-09-03T21:32:35.000Z</time>
        <extensions>
          <ns3:TrackPointExtension>
            <ns3:hr>114</ns3:hr>
          </ns3:TrackPointExtension>
        </extensions>
      </trkpt>
      <trkpt lat="-4.09780005924403667449951171875" lon="-81.05286126025021076202392578125">
        <ele>0</ele>
        <time>2026-09-03T21:32:37.000Z</time>
        <extensions>
          <ns3:TrackPointExtension>
            <ns3:hr>113</ns3:hr>
          </ns3:TrackPointExtension>
        </extensions>
      </trkpt>
      <trkpt lat="-4.09785873256623744964599609375" lon="-81.052846424281597137451171875">
        <ele>0</ele>
        <time>2026-09-03T21:32:38.000Z</time>
        <extensions>
          <ns3:TrackPointExtension>
            <ns3:hr>113</ns3:hr>
          </ns3:TrackPointExtension>
        </extensions>
      </trkpt>
      <trkpt lat="-4.0980336628854274749755859375" lon="-81.05281314812600612640380859375">
        <ele>0</ele>
        <time>2026-09-03T21:32:41.000Z</time>
        <extensions>
          <ns3:TrackPointExtension>
            <ns3:hr>111</ns3:hr>
          </ns3:TrackPointExtension>
        </extensions>
      </trkpt>
      <trkpt lat="-4.0982656739652156829833984375" lon="-81.05280409567058086395263671875">
        <ele>0</ele>
        <time>2026-09-03T21:32:45.000Z</time>
        <extensions>
          <ns3:TrackPointExtension>
            <ns3:hr>112</ns3:hr>
          </ns3:TrackPointExtension>
        </extensions>
      </trkpt>
      <trkpt lat="-4.09848712384700775146484375" lon="-81.05280744843184947967529296875">
        <ele>0</ele>
        <time>2026-09-03T21:32:49.000Z</time>
        <extensions>
          <ns3:TrackPointExtension>
            <ns3:hr>110</ns3:hr>
          </ns3:TrackPointExtension>
        </extensions>
      </trkpt>
      <trkpt lat="-4.09854722209274768829345703125" lon="-81.0527957975864410400390625">
        <ele>0</ele>
        <time>2026-09-03T21:32:50.000Z</time>
        <extensions>
          <ns3:TrackPointExtension>
            <ns3:hr>111</ns3:hr>
          </ns3:TrackPointExtension>
        </extensions>
      </trkpt>
      <trkpt lat="-4.0988272614777088165283203125" lon="-81.052754223346710205078125">
        <ele>0</ele>
        <time>2026-09-03T21:32:54.000Z</time>
        <extensions>
          <ns3:TrackPointExtension>
            <ns3:hr>111</ns3:hr>
          </ns3:TrackPointExtension>
        </extensions>
      </trkpt>
      <trkpt lat="-4.098895490169525146484375" lon="-81.05274659581482410430908203125">
        <ele>0</ele>
        <time>2026-09-03T21:32:55.000Z</time>
        <extensions>
          <ns3:TrackPointExtension>
            <ns3:hr>114</ns3:hr>
          </ns3:TrackPointExtension>
        </extensions>
      </trkpt>
      <trkpt lat="-4.0991504676640033721923828125" lon="-81.05270820669829845428466796875">
        <ele>0</ele>
        <time>2026-09-03T21:32:59.000Z</time>
        <extensions>
          <ns3:TrackPointExtension>
            <ns3:hr>113</ns3:hr>
          </ns3:TrackPointExtension>
        </extensions>
      </trkpt>
      <trkpt lat="-4.09921173937618732452392578125" lon="-81.05269295163452625274658203125">
        <ele>0</ele>
        <time>2026-09-03T21:33:00.000Z</time>
        <extensions>
          <ns3:TrackPointExtension>
            <ns3:hr>113</ns3:hr>
          </ns3:TrackPointExtension>
        </extensions>
      </trkpt>
      <trkpt lat="-4.099359847605228424072265625" lon="-81.05266110040247440338134765625">
        <ele>0</ele>
        <time>2026-09-03T21:33:03.000Z</time>
        <extensions>
          <ns3:TrackPointExtension>
            <ns3:hr>114</ns3:hr>
          </ns3:TrackPointExtension>
        </extensions>
      </trkpt>
      <trkpt lat="-4.09937619231641292572021484375" lon="-81.05264358222484588623046875">
        <ele>0</ele>
        <time>2026-09-03T21:33:04.000Z</time>
        <extensions>
          <ns3:TrackPointExtension>
            <ns3:hr>114</ns3:hr>
          </ns3:TrackPointExtension>
        </extensions>
      </trkpt>
      <trkpt lat="-4.09933579154312610626220703125" lon="-81.05260745622217655181884765625">
        <ele>0</ele>
        <time>2026-09-03T21:33:06.000Z</time>
        <extensions>
          <ns3:TrackPointExtension>
            <ns3:hr>116</ns3:hr>
          </ns3:TrackPointExtension>
        </extensions>
      </trkpt>
      <trkpt lat="-4.09929622896015644073486328125" lon="-81.05260762386023998260498046875">
        <ele>0</ele>
        <time>2026-09-03T21:33:07.000Z</time>
        <extensions>
          <ns3:TrackPointExtension>
            <ns3:hr>117</ns3:hr>
          </ns3:TrackPointExtension>
        </extensions>
      </trkpt>
      <trkpt lat="-4.0991923771798610687255859375" lon="-81.05264064855873584747314453125">
        <ele>0</ele>
        <time>2026-09-03T21:33:09.000Z</time>
        <extensions>
          <ns3:TrackPointExtension>
            <ns3:hr>118</ns3:hr>
          </ns3:TrackPointExtension>
        </extensions>
      </trkpt>
      <trkpt lat="-4.09913797862827777862548828125" lon="-81.05266512371599674224853515625">
        <ele>0</ele>
        <time>2026-09-03T21:33:10.000Z</time>
        <extensions>
          <ns3:TrackPointExtension>
            <ns3:hr>119</ns3:hr>
          </ns3:TrackPointExtension>
        </extensions>
      </trkpt>
      <trkpt lat="-4.0990255773067474365234375" lon="-81.05271927081048488616943359375">
        <ele>0</ele>
        <time>2026-09-03T21:33:12.000Z</time>
        <extensions>
          <ns3:TrackPointExtension>
            <ns3:hr>119</ns3:hr>
          </ns3:TrackPointExtension>
        </extensions>
      </trkpt>
      <trkpt lat="-4.09890261478722095489501953125" lon="-81.05276403017342090606689453125">
        <ele>0</ele>
        <time>2026-09-03T21:33:14.000Z</time>
        <extensions>
          <ns3:TrackPointExtension>
            <ns3:hr>119</ns3:hr>
          </ns3:TrackPointExtension>
        </extensions>
      </trkpt>
      <trkpt lat="-4.09853984601795673370361328125" lon="-81.0527993179857730865478515625">
        <ele>0</ele>
        <time>2026-09-03T21:33:19.000Z</time>
        <extensions>
          <ns3:TrackPointExtension>
            <ns3:hr>120</ns3:hr>
          </ns3:TrackPointExtension>
        </extensions>
      </trkpt>
      <trkpt lat="-4.09820708446204662322998046875" lon="-81.05280526913702487945556640625">
        <ele>0</ele>
        <time>2026-09-03T21:33:23.000Z</time>
        <extensions>
          <ns3:TrackPointExtension>
            <ns3:hr>121</ns3:hr>
          </ns3:TrackPointExtension>
        </extensions>
      </trkpt>
      <trkpt lat="-4.0980413742363452911376953125" lon="-81.05279772542417049407958984375">
        <ele>0</ele>
        <time>2026-09-03T21:33:25.000Z</time>
        <extensions>
          <ns3:TrackPointExtension>
            <ns3:hr>123</ns3:hr>
          </ns3:TrackPointExtension>
        </extensions>
      </trkpt>
      <trkpt lat="-4.09788806922733783721923828125" lon="-81.05282940901815891265869140625">
        <ele>0</ele>
        <time>2026-09-03T21:33:27.000Z</time>
        <extensions>
          <ns3:TrackPointExtension>
            <ns3:hr>120</ns3:hr>
          </ns3:TrackPointExtension>
        </extensions>
      </trkpt>
      <trkpt lat="-4.097817577421665191650390625" lon="-81.0528522916138172149658203125">
        <ele>0</ele>
        <time>2026-09-03T21:33:28.000Z</time>
        <extensions>
          <ns3:TrackPointExtension>
            <ns3:hr>122</ns3:hr>
          </ns3:TrackPointExtension>
        </extensions>
      </trkpt>
      <trkpt lat="-4.09761607646942138671875" lon="-81.052922196686267852783203125">
        <ele>0</ele>
        <time>2026-09-03T21:33:31.000Z</time>
        <extensions>
          <ns3:TrackPointExtension>
            <ns3:hr>122</ns3:hr>
          </ns3:TrackPointExtension>
        </extensions>
      </trkpt>
      <trkpt lat="-4.09741147421300411224365234375" lon="-81.05300593189895153045654296875">
        <ele>0</ele>
        <time>2026-09-03T21:33:34.000Z</time>
        <extensions>
          <ns3:TrackPointExtension>
            <ns3:hr>119</ns3:hr>
          </ns3:TrackPointExtension>
        </extensions>
      </trkpt>
      <trkpt lat="-4.09728222526609897613525390625" lon="-81.0530474223196506500244140625">
        <ele>0</ele>
        <time>2026-09-03T21:33:36.000Z</time>
        <extensions>
          <ns3:TrackPointExtension>
            <ns3:hr>120</ns3:hr>
          </ns3:TrackPointExtension>
        </extensions>
      </trkpt>
      <trkpt lat="-4.09715498797595500946044921875" lon="-81.0530631802976131439208984375">
        <ele>0</ele>
        <time>2026-09-03T21:33:38.000Z</time>
        <extensions>
          <ns3:TrackPointExtension>
            <ns3:hr>119</ns3:hr>
          </ns3:TrackPointExtension>
        </extensions>
      </trkpt>
      <trkpt lat="-4.09694912843406200408935546875" lon="-81.053073406219482421875">
        <ele>0</ele>
        <time>2026-09-03T21:33:41.000Z</time>
        <extensions>
          <ns3:TrackPointExtension>
            <ns3:hr>119</ns3:hr>
          </ns3:TrackPointExtension>
        </extensions>
      </trkpt>
      <trkpt lat="-4.09687855280935764312744140625" lon="-81.0530849732458591461181640625">
        <ele>0</ele>
        <time>2026-09-03T21:33:42.000Z</time>
        <extensions>
          <ns3:TrackPointExtension>
            <ns3:hr>119</ns3:hr>
          </ns3:TrackPointExtension>
        </extensions>
      </trkpt>
      <trkpt lat="-4.09660379402339458465576171875" lon="-81.05316736735403537750244140625">
        <ele>0</ele>
        <time>2026-09-03T21:33:46.000Z</time>
        <extensions>
          <ns3:TrackPointExtension>
            <ns3:hr>118</ns3:hr>
          </ns3:TrackPointExtension>
        </extensions>
      </trkpt>
      <trkpt lat="-4.09631914459168910980224609375" lon="-81.053299047052860260009765625">
        <ele>0</ele>
        <time>2026-09-03T21:33:51.000Z</time>
        <extensions>
          <ns3:TrackPointExtension>
            <ns3:hr>117</ns3:hr>
          </ns3:TrackPointExtension>
        </extensions>
      </trkpt>
      <trkpt lat="-4.09627924673259258270263671875" lon="-81.0533206723630428314208984375">
        <ele>0</ele>
        <time>2026-09-03T21:33:52.000Z</time>
        <extensions>
          <ns3:TrackPointExtension>
            <ns3:hr>117</ns3:hr>
          </ns3:TrackPointExtension>
        </extensions>
      </trkpt>
      <trkpt lat="-4.09621437080204486846923828125" lon="-81.053315140306949615478515625">
        <ele>0</ele>
        <time>2026-09-03T21:33:54.000Z</time>
        <extensions>
          <ns3:TrackPointExtension>
            <ns3:hr>118</ns3:hr>
          </ns3:TrackPointExtension>
        </extensions>
      </trkpt>
      <trkpt lat="-4.09621805883944034576416015625" lon="-81.0532455705106258392333984375">
        <ele>0</ele>
        <time>2026-09-03T21:33:56.000Z</time>
        <extensions>
          <ns3:TrackPointExtension>
            <ns3:hr>118</ns3:hr>
          </ns3:TrackPointExtension>
        </extensions>
      </trkpt>
      <trkpt lat="-4.0963100083172321319580078125" lon="-81.0531993024051189422607421875">
        <ele>0</ele>
        <time>2026-09-03T21:33:58.000Z</time>
        <extensions>
          <ns3:TrackPointExtension>
            <ns3:hr>116</ns3:hr>
          </ns3:TrackPointExtension>
        </extensions>
      </trkpt>
      <trkpt lat="-4.096369855105876922607421875" lon="-81.05318547226488590240478515625">
        <ele>0</ele>
        <time>2026-09-03T21:33:59.000Z</time>
        <extensions>
          <ns3:TrackPointExtension>
            <ns3:hr>116</ns3:hr>
          </ns3:TrackPointExtension>
        </extensions>
      </trkpt>
      <trkpt lat="-4.0966261737048625946044921875" lon="-81.05314490385353565216064453125">
        <ele>0</ele>
        <time>2026-09-03T21:34:03.000Z</time>
        <extensions>
          <ns3:TrackPointExtension>
            <ns3:hr>117</ns3:hr>
          </ns3:TrackPointExtension>
        </extensions>
      </trkpt>
      <trkpt lat="-4.09669348038733005523681640625" lon="-81.0531329177320003509521484375">
        <ele>0</ele>
        <time>2026-09-03T21:34:04.000Z</time>
        <extensions>
          <ns3:TrackPointExtension>
            <ns3:hr>116</ns3:hr>
          </ns3:TrackPointExtension>
        </extensions>
      </trkpt>
      <trkpt lat="-4.09717015922069549560546875" lon="-81.05304264463484287261962890625">
        <ele>0</ele>
        <time>2026-09-03T21:34:11.000Z</time>
        <extensions>
          <ns3:TrackPointExtension>
            <ns3:hr>116</ns3:hr>
          </ns3:TrackPointExtension>
        </extensions>
      </trkpt>
      <trkpt lat="-4.09750049002468585968017578125" lon="-81.0529793612658977508544921875">
        <ele>0</ele>
        <time>2026-09-03T21:34:17.000Z</time>
        <extensions>
          <ns3:TrackPointExtension>
            <ns3:hr>115</ns3:hr>
          </ns3:TrackPointExtension>
        </extensions>
      </trkpt>
      <trkpt lat="-4.09781732596457004547119140625" lon="-81.052872575819492340087890625">
        <ele>0</ele>
        <time>2026-09-03T21:34:22.000Z</time>
        <extensions>
          <ns3:TrackPointExtension>
            <ns3:hr>115</ns3:hr>
          </ns3:TrackPointExtension>
        </extensions>
      </trkpt>
      <trkpt lat="-4.09821831621229648590087890625" lon="-81.05278842151165008544921875">
        <ele>0</ele>
        <time>2026-09-03T21:34:28.000Z</time>
        <extensions>
          <ns3:TrackPointExtension>
            <ns3:hr>117</ns3:hr>
          </ns3:TrackPointExtension>
        </extensions>
      </trkpt>
      <trkpt lat="-4.09839819185435771942138671875" lon="-81.052776016294956207275390625">
        <ele>0</ele>
        <time>2026-09-03T21:34:31.000Z</time>
        <extensions>
          <ns3:TrackPointExtension>
            <ns3:hr>116</ns3:hr>
          </ns3:TrackPointExtension>
        </extensions>
      </trkpt>
      <trkpt lat="-4.098528362810611724853515625" lon="-81.05275363661348819732666015625">
        <ele>0</ele>
        <time>2026-09-03T21:34:33.000Z</time>
        <extensions>
          <ns3:TrackPointExtension>
            <ns3:hr>116</ns3:hr>
          </ns3:TrackPointExtension>
        </extensions>
      </trkpt>
      <trkpt lat="-4.09889054484665393829345703125" lon="-81.05269454419612884521484375">
        <ele>0</ele>
        <time>2026-09-03T21:34:39.000Z</time>
        <extensions>
          <ns3:TrackPointExtension>
            <ns3:hr>116</ns3:hr>
          </ns3:TrackPointExtension>
        </extensions>
      </trkpt>
      <trkpt lat="-4.09892491064965724945068359375" lon="-81.052684150636196136474609375">
        <ele>0</ele>
        <time>2026-09-03T21:34:40.000Z</time>
        <extensions>
          <ns3:TrackPointExtension>
            <ns3:hr>115</ns3:hr>
          </ns3:TrackPointExtension>
        </extensions>
      </trkpt>
      <trkpt lat="-4.09895676188170909881591796875" lon="-81.05266445316374301910400390625">
        <ele>0</ele>
        <time>2026-09-03T21:34:42.000Z</time>
        <extensions>
          <ns3:TrackPointExtension>
            <ns3:hr>115</ns3:hr>
          </ns3:TrackPointExtension>
        </extensions>
      </trkpt>
      <trkpt lat="-4.09896246157586574554443359375" lon="-81.05265271849930286407470703125">
        <ele>0</ele>
        <time>2026-09-03T21:34:43.000Z</time>
        <extensions>
          <ns3:TrackPointExtension>
            <ns3:hr>115</ns3:hr>
          </ns3:TrackPointExtension>
        </extensions>
      </trkpt>
      <trkpt lat="-4.09896790981292724609375" lon="-81.05261717922985553741455078125">
        <ele>0</ele>
        <time>2026-09-03T21:34:46.000Z</time>
        <extensions>
          <ns3:TrackPointExtension>
            <ns3:hr>114</ns3:hr>
          </ns3:TrackPointExtension>
        </extensions>
      </trkpt>
      <trkpt lat="-4.0989281795918941497802734375" lon="-81.0526139102876186370849609375">
        <ele>0</ele>
        <time>2026-09-03T21:34:48.000Z</time>
        <extensions>
          <ns3:TrackPointExtension>
            <ns3:hr>114</ns3:hr>
          </ns3:TrackPointExtension>
        </extensions>
      </trkpt>
      <trkpt lat="-4.098755009472370147705078125" lon="-81.0526605136692523956298828125">
        <ele>0</ele>
        <time>2026-09-03T21:34:52.000Z</time>
        <extensions>
          <ns3:TrackPointExtension>
            <ns3:hr>113</ns3:hr>
          </ns3:TrackPointExtension>
        </extensions>
      </trkpt>
      <trkpt lat="-4.0985707752406597137451171875" lon="-81.05270552448928356170654296875">
        <ele>0</ele>
        <time>2026-09-03T21:34:55.000Z</time>
        <extensions>
          <ns3:TrackPointExtension>
            <ns3:hr>112</ns3:hr>
          </ns3:TrackPointExtension>
        </extensions>
      </trkpt>
      <trkpt lat="-4.098447896540164947509765625" lon="-81.05275682173669338226318359375">
        <ele>0</ele>
        <time>2026-09-03T21:34:57.000Z</time>
        <extensions>
          <ns3:TrackPointExtension>
            <ns3:hr>112</ns3:hr>
          </ns3:TrackPointExtension>
        </extensions>
      </trkpt>
      <trkpt lat="-4.09802310168743133544921875" lon="-81.05293401516973972320556640625">
        <ele>0</ele>
        <time>2026-09-03T21:35:04.000Z</time>
        <extensions>
          <ns3:TrackPointExtension>
            <ns3:hr>112</ns3:hr>
          </ns3:TrackPointExtension>
        </extensions>
      </trkpt>
      <trkpt lat="-4.09765295684337615966796875" lon="-81.053061671555042266845703125">
        <ele>0</ele>
        <time>2026-09-03T21:35:10.000Z</time>
        <extensions>
          <ns3:TrackPointExtension>
            <ns3:hr>112</ns3:hr>
          </ns3:TrackPointExtension>
        </extensions>
      </trkpt>
      <trkpt lat="-4.09727820195257663726806640625" lon="-81.05318547226488590240478515625">
        <ele>0</ele>
        <time>2026-09-03T21:35:16.000Z</time>
        <extensions>
          <ns3:TrackPointExtension>
            <ns3:hr>112</ns3:hr>
          </ns3:TrackPointExtension>
        </extensions>
      </trkpt>
      <trkpt lat="-4.09717225469648838043212890625" lon="-81.0532284714281558990478515625">
        <ele>0</ele>
        <time>2026-09-03T21:35:18.000Z</time>
        <extensions>
          <ns3:TrackPointExtension>
            <ns3:hr>109</ns3:hr>
          </ns3:TrackPointExtension>
        </extensions>
      </trkpt>
      <trkpt lat="-4.0970238111913204193115234375" lon="-81.053283624351024627685546875">
        <ele>0</ele>
        <time>2026-09-03T21:35:21.000Z</time>
        <extensions>
          <ns3:TrackPointExtension>
            <ns3:hr>111</ns3:hr>
          </ns3:TrackPointExtension>
        </extensions>
      </trkpt>
      <trkpt lat="-4.09694409929215908050537109375" lon="-81.05330667458474636077880859375">
        <ele>0</ele>
        <time>2026-09-03T21:35:23.000Z</time>
        <extensions>
          <ns3:TrackPointExtension>
            <ns3:hr>113</ns3:hr>
          </ns3:TrackPointExtension>
        </extensions>
      </trkpt>
      <trkpt lat="-4.09692800603806972503662109375" lon="-81.0532987117767333984375">
        <ele>0</ele>
        <time>2026-09-03T21:35:24.000Z</time>
        <extensions>
          <ns3:TrackPointExtension>
            <ns3:hr>112</ns3:hr>
          </ns3:TrackPointExtension>
        </extensions>
      </trkpt>
      <trkpt lat="-4.0969483740627765655517578125" lon="-81.05324967764317989349365234375">
        <ele>0</ele>
        <time>2026-09-03T21:35:26.000Z</time>
        <extensions>
          <ns3:TrackPointExtension>
            <ns3:hr>111</ns3:hr>
          </ns3:TrackPointExtension>
        </extensions>
      </trkpt>
      <trkpt lat="-4.09698508679866790771484375" lon="-81.05322704650461673736572265625">
        <ele>0</ele>
        <time>2026-09-03T21:35:27.000Z</time>
        <extensions>
          <ns3:TrackPointExtension>
            <ns3:hr>112</ns3:hr>
          </ns3:TrackPointExtension>
        </extensions>
      </trkpt>
      <trkpt lat="-4.09708977676928043365478515625" lon="-81.053187735378742218017578125">
        <ele>0</ele>
        <time>2026-09-03T21:35:29.000Z</time>
        <extensions>
          <ns3:TrackPointExtension>
            <ns3:hr>112</ns3:hr>
          </ns3:TrackPointExtension>
        </extensions>
      </trkpt>
      <trkpt lat="-4.09736621193587779998779296875" lon="-81.05308254249393939971923828125">
        <ele>0</ele>
        <time>2026-09-03T21:35:33.000Z</time>
        <extensions>
          <ns3:TrackPointExtension>
            <ns3:hr>113</ns3:hr>
          </ns3:TrackPointExtension>
        </extensions>
      </trkpt>
      <trkpt lat="-4.0975035913288593292236328125" lon="-81.0529971309006214141845703125">
        <ele>0</ele>
        <time>2026-09-03T21:35:35.000Z</time>
        <extensions>
          <ns3:TrackPointExtension>
            <ns3:hr>111</ns3:hr>
          </ns3:TrackPointExtension>
        </extensions>
      </trkpt>
      <trkpt lat="-4.09759419970214366912841796875" lon="-81.05289177037775516510009765625">
        <ele>0</ele>
        <time>2026-09-03T21:35:37.000Z</time>
        <extensions>
          <ns3:TrackPointExtension>
            <ns3:hr>110</ns3:hr>
          </ns3:TrackPointExtension>
        </extensions>
      </trkpt>
      <trkpt lat="-4.0976200997829437255859375" lon="-81.05285757221281528472900390625">
        <ele>0</ele>
        <time>2026-09-03T21:35:38.000Z</time>
        <extensions>
          <ns3:TrackPointExtension>
            <ns3:hr>111</ns3:hr>
          </ns3:TrackPointExtension>
        </extensions>
      </trkpt>
      <trkpt lat="-4.09761817194521427154541015625" lon="-81.0528536327183246612548828125">
        <ele>0</ele>
        <time>2026-09-03T21:35:39.000Z</time>
        <extensions>
          <ns3:TrackPointExtension>
            <ns3:hr>111</ns3:hr>
          </ns3:TrackPointExtension>
        </extensions>
      </trkpt>
      <trkpt lat="-4.097550027072429656982421875" lon="-81.05279940180480480194091796875">
        <ele>0</ele>
        <time>2026-09-03T21:35:48.000Z</time>
        <extensions>
          <ns3:TrackPointExtension>
            <ns3:hr>111</ns3:hr>
          </ns3:TrackPointExtension>
        </extensions>
      </trkpt>
      <trkpt lat="-4.09757223911583423614501953125" lon="-81.0527909360826015472412109375">
        <ele>0</ele>
        <time>2026-09-03T21:35:49.000Z</time>
        <extensions>
          <ns3:TrackPointExtension>
            <ns3:hr>111</ns3:hr>
          </ns3:TrackPointExtension>
        </extensions>
      </trkpt>
      <trkpt lat="-4.0977476723492145538330078125" lon="-81.0527631081640720367431640625">
        <ele>0</ele>
        <time>2026-09-03T21:35:53.000Z</time>
        <extensions>
          <ns3:TrackPointExtension>
            <ns3:hr>112</ns3:hr>
          </ns3:TrackPointExtension>
        </extensions>
      </trkpt>
      <trkpt lat="-4.0981010533869266510009765625" lon="-81.05268909595906734466552734375">
        <ele>0</ele>
        <time>2026-09-03T21:35:59.000Z</time>
        <extensions>
          <ns3:TrackPointExtension>
            <ns3:hr>113</ns3:hr>
          </ns3:TrackPointExtension>
        </extensions>
      </trkpt>
      <trkpt lat="-4.09848720766603946685791015625" lon="-81.05259639210999011993408203125">
        <ele>0</ele>
        <time>2026-09-03T21:36:05.000Z</time>
        <extensions>
          <ns3:TrackPointExtension>
            <ns3:hr>111</ns3:hr>
          </ns3:TrackPointExtension>
        </extensions>
      </trkpt>
      <trkpt lat="-4.09890378825366497039794921875" lon="-81.05245809070765972137451171875">
        <ele>0</ele>
        <time>2026-09-03T21:36:12.000Z</time>
        <extensions>
          <ns3:TrackPointExtension>
            <ns3:hr>113</ns3:hr>
          </ns3:TrackPointExtension>
        </extensions>
      </trkpt>
      <trkpt lat="-4.09895491786301136016845703125" lon="-81.05244920589029788970947265625">
        <ele>0</ele>
        <time>2026-09-03T21:36:13.000Z</time>
        <extensions>
          <ns3:TrackPointExtension>
            <ns3:hr>111</ns3:hr>
          </ns3:TrackPointExtension>
        </extensions>
      </trkpt>
      <trkpt lat="-4.09898869693279266357421875" lon="-81.05243763886392116546630859375">
        <ele>0</ele>
        <time>2026-09-03T21:36:14.000Z</time>
        <extensions>
          <ns3:TrackPointExtension>
            <ns3:hr>114</ns3:hr>
          </ns3:TrackPointExtension>
        </extensions>
      </trkpt>
      <trkpt lat="-4.09899917431175708770751953125" lon="-81.0524174384772777557373046875">
        <ele>0</ele>
        <time>2026-09-03T21:36:15.000Z</time>
        <extensions>
          <ns3:TrackPointExtension>
            <ns3:hr>111</ns3:hr>
          </ns3:TrackPointExtension>
        </extensions>
      </trkpt>
      <trkpt lat="-4.098940752446651458740234375" lon="-81.0523745231330394744873046875">
        <ele>0</ele>
        <time>2026-09-03T21:36:17.000Z</time>
        <extensions>
          <ns3:TrackPointExtension>
            <ns3:hr>112</ns3:hr>
          </ns3:TrackPointExtension>
        </extensions>
      </trkpt>
      <trkpt lat="-4.09888819791376590728759765625" lon="-81.052371673285961151123046875">
        <ele>0</ele>
        <time>2026-09-03T21:36:18.000Z</time>
        <extensions>
          <ns3:TrackPointExtension>
            <ns3:hr>109</ns3:hr>
          </ns3:TrackPointExtension>
        </extensions>
      </trkpt>
      <trkpt lat="-4.0987655706703662872314453125" lon="-81.05239103548228740692138671875">
        <ele>0</ele>
        <time>2026-09-03T21:36:20.000Z</time>
        <extensions>
          <ns3:TrackPointExtension>
            <ns3:hr>112</ns3:hr>
          </ns3:TrackPointExtension>
        </extensions>
      </trkpt>
      <trkpt lat="-4.098630957305431365966796875" lon="-81.052432358264923095703125">
        <ele>0</ele>
        <time>2026-09-03T21:36:22.000Z</time>
        <extensions>
          <ns3:TrackPointExtension>
            <ns3:hr>111</ns3:hr>
          </ns3:TrackPointExtension>
        </extensions>
      </trkpt>
      <trkpt lat="-4.098558537662029266357421875" lon="-81.052459180355072021484375">
        <ele>0</ele>
        <time>2026-09-03T21:36:23.000Z</time>
        <extensions>
          <ns3:TrackPointExtension>
            <ns3:hr>110</ns3:hr>
          </ns3:TrackPointExtension>
        </extensions>
      </trkpt>
      <trkpt lat="-4.0983458049595355987548828125" lon="-81.0525267384946346282958984375">
        <ele>0</ele>
        <time>2026-09-03T21:36:26.000Z</time>
        <extensions>
          <ns3:TrackPointExtension>
            <ns3:hr>113</ns3:hr>
          </ns3:TrackPointExtension>
        </extensions>
      </trkpt>
      <trkpt lat="-4.09801949746906757354736328125" lon="-81.05262883007526397705078125">
        <ele>0</ele>
        <time>2026-09-03T21:36:31.000Z</time>
        <extensions>
          <ns3:TrackPointExtension>
            <ns3:hr>114</ns3:hr>
          </ns3:TrackPointExtension>
        </extensions>
      </trkpt>
      <trkpt lat="-4.097785390913486480712890625" lon="-81.052730083465576171875">
        <ele>0</ele>
        <time>2026-09-03T21:36:35.000Z</time>
        <extensions>
          <ns3:TrackPointExtension>
            <ns3:hr>117</ns3:hr>
          </ns3:TrackPointExtension>
        </extensions>
      </trkpt>
      <trkpt lat="-4.09767047502100467681884765625" lon="-81.0527741722762584686279296875">
        <ele>0</ele>
        <time>2026-09-03T21:36:37.000Z</time>
        <extensions>
          <ns3:TrackPointExtension>
            <ns3:hr>117</ns3:hr>
          </ns3:TrackPointExtension>
        </extensions>
      </trkpt>
      <trkpt lat="-4.09730871208012104034423828125" lon="-81.052915155887603759765625">
        <ele>0</ele>
        <time>2026-09-03T21:36:43.000Z</time>
        <extensions>
          <ns3:TrackPointExtension>
            <ns3:hr>117</ns3:hr>
          </ns3:TrackPointExtension>
        </extensions>
      </trkpt>
      <trkpt lat="-4.09685726277530193328857421875" lon="-81.053081117570400238037109375">
        <ele>0</ele>
        <time>2026-09-03T21:36:50.000Z</time>
        <extensions>
          <ns3:TrackPointExtension>
            <ns3:hr>119</ns3:hr>
          </ns3:TrackPointExtension>
        </extensions>
      </trkpt>
      <trkpt lat="-4.09639692865312099456787109375" lon="-81.05321514420211315155029296875">
        <ele>0</ele>
        <time>2026-09-03T21:36:57.000Z</time>
        <extensions>
          <ns3:TrackPointExtension>
            <ns3:hr>118</ns3:hr>
          </ns3:TrackPointExtension>
        </extensions>
      </trkpt>
      <trkpt lat="-4.09633674658834934234619140625" lon="-81.05323777534067630767822265625">
        <ele>0</ele>
        <time>2026-09-03T21:36:58.000Z</time>
        <extensions>
          <ns3:TrackPointExtension>
            <ns3:hr>118</ns3:hr>
          </ns3:TrackPointExtension>
        </extensions>
      </trkpt>
      <trkpt lat="-4.0962704457342624664306640625" lon="-81.05325688607990741729736328125">
        <ele>0</ele>
        <time>2026-09-03T21:36:59.000Z</time>
        <extensions>
          <ns3:TrackPointExtension>
            <ns3:hr>118</ns3:hr>
          </ns3:TrackPointExtension>
        </extensions>
      </trkpt>
      <trkpt lat="-4.0959839522838592529296875" lon="-81.05335294269025325775146484375">
        <ele>0</ele>
        <time>2026-09-03T21:37:03.000Z</time>
        <extensions>
          <ns3:TrackPointExtension>
            <ns3:hr>117</ns3:hr>
          </ns3:TrackPointExtension>
        </extensions>
      </trkpt>
      <trkpt lat="-4.09564104862511157989501953125" lon="-81.05348051525652408599853515625">
        <ele>0</ele>
        <time>2026-09-03T21:37:08.000Z</time>
        <extensions>
          <ns3:TrackPointExtension>
            <ns3:hr>116</ns3:hr>
          </ns3:TrackPointExtension>
        </extensions>
      </trkpt>
      <trkpt lat="-4.09558421932160854339599609375" lon="-81.0535017214715480804443359375">
        <ele>0</ele>
        <time>2026-09-03T21:37:09.000Z</time>
        <extensions>
          <ns3:TrackPointExtension>
            <ns3:hr>116</ns3:hr>
          </ns3:TrackPointExtension>
        </extensions>
      </trkpt>
      <trkpt lat="-4.09540660679340362548828125" lon="-81.05355544947087764739990234375">
        <ele>0</ele>
        <time>2026-09-03T21:37:12.000Z</time>
        <extensions>
          <ns3:TrackPointExtension>
            <ns3:hr>117</ns3:hr>
          </ns3:TrackPointExtension>
        </extensions>
      </trkpt>
      <trkpt lat="-4.0952327661216259002685546875" lon="-81.05362887494266033172607421875">
        <ele>0</ele>
        <time>2026-09-03T21:37:16.000Z</time>
        <extensions>
          <ns3:TrackPointExtension>
            <ns3:hr>116</ns3:hr>
          </ns3:TrackPointExtension>
        </extensions>
      </trkpt>
      <trkpt lat="-4.09520703367888927459716796875" lon="-81.05359769426286220550537109375">
        <ele>0</ele>
        <time>2026-09-03T21:37:18.000Z</time>
        <extensions>
          <ns3:TrackPointExtension>
            <ns3:hr>117</ns3:hr>
          </ns3:TrackPointExtension>
        </extensions>
      </trkpt>
      <trkpt lat="-4.09525372087955474853515625" lon="-81.05352259241044521331787109375">
        <ele>0</ele>
        <time>2026-09-03T21:37:20.000Z</time>
        <extensions>
          <ns3:TrackPointExtension>
            <ns3:hr>116</ns3:hr>
          </ns3:TrackPointExtension>
        </extensions>
      </trkpt>
      <trkpt lat="-4.09530158154666423797607421875" lon="-81.05349392630159854888916015625">
        <ele>0</ele>
        <time>2026-09-03T21:37:21.000Z</time>
        <extensions>
          <ns3:TrackPointExtension>
            <ns3:hr>116</ns3:hr>
          </ns3:TrackPointExtension>
        </extensions>
      </trkpt>
      <trkpt lat="-4.09535824321210384368896484375" lon="-81.0534668527543544769287109375">
        <ele>0</ele>
        <time>2026-09-03T21:37:22.000Z</time>
        <extensions>
          <ns3:TrackPointExtension>
            <ns3:hr>116</ns3:hr>
          </ns3:TrackPointExtension>
        </extensions>
      </trkpt>
      <trkpt lat="-4.09555505029857158660888671875" lon="-81.0533974505960941314697265625">
        <ele>0</ele>
        <time>2026-09-03T21:37:25.000Z</time>
        <extensions>
          <ns3:TrackPointExtension>
            <ns3:hr>117</ns3:hr>
          </ns3:TrackPointExtension>
        </extensions>
      </trkpt>
      <trkpt lat="-4.09592150710523128509521484375" lon="-81.0533018968999385833740234375">
        <ele>0</ele>
        <time>2026-09-03T21:37:30.000Z</time>
        <extensions>
          <ns3:TrackPointExtension>
            <ns3:hr>117</ns3:hr>
          </ns3:TrackPointExtension>
        </extensions>
      </trkpt>
      <trkpt lat="-4.0963599644601345062255859375" lon="-81.05313132517039775848388671875">
        <ele>0</ele>
        <time>2026-09-03T21:37:36.000Z</time>
        <extensions>
          <ns3:TrackPointExtension>
            <ns3:hr>116</ns3:hr>
          </ns3:TrackPointExtension>
        </extensions>
      </trkpt>
      <trkpt lat="-4.09678258001804351806640625" lon="-81.05296301655471324920654296875">
        <ele>0</ele>
        <time>2026-09-03T21:37:42.000Z</time>
        <extensions>
          <ns3:TrackPointExtension>
            <ns3:hr>116</ns3:hr>
          </ns3:TrackPointExtension>
        </extensions>
      </trkpt>
      <trkpt lat="-4.09682105295360088348388671875" lon="-81.05293150059878826141357421875">
        <ele>0</ele>
        <time>2026-09-03T21:37:43.000Z</time>
        <extensions>
          <ns3:TrackPointExtension>
            <ns3:hr>116</ns3:hr>
          </ns3:TrackPointExtension>
        </extensions>
      </trkpt>
      <trkpt lat="-4.09683379344642162322998046875" lon="-81.0528948716819286346435546875">
        <ele>0</ele>
        <time>2026-09-03T21:37:44.000Z</time>
        <extensions>
          <ns3:TrackPointExtension>
            <ns3:hr>116</ns3:hr>
          </ns3:TrackPointExtension>
        </extensions>
      </trkpt>
      <trkpt lat="-4.09685893915593624114990234375" lon="-81.05282957665622234344482421875">
        <ele>0</ele>
        <time>2026-09-03T21:37:46.000Z</time>
        <extensions>
          <ns3:TrackPointExtension>
            <ns3:hr>116</ns3:hr>
          </ns3:TrackPointExtension>
        </extensions>
      </trkpt>
      <trkpt lat="-4.096926413476467132568359375" lon="-81.05279454030096530914306640625">
        <ele>0</ele>
        <time>2026-09-03T21:37:48.000Z</time>
        <extensions>
          <ns3:TrackPointExtension>
            <ns3:hr>115</ns3:hr>
          </ns3:TrackPointExtension>
        </extensions>
      </trkpt>
      <trkpt lat="-4.09713705070316791534423828125" lon="-81.05268917977809906005859375">
        <ele>0</ele>
        <time>2026-09-03T21:37:53.000Z</time>
        <extensions>
          <ns3:TrackPointExtension>
            <ns3:hr>113</ns3:hr>
          </ns3:TrackPointExtension>
        </extensions>
      </trkpt>
      <trkpt lat="-4.09747685305774211883544921875" lon="-81.0526001639664173126220703125">
        <ele>0</ele>
        <time>2026-09-03T21:37:58.000Z</time>
        <extensions>
          <ns3:TrackPointExtension>
            <ns3:hr>112</ns3:hr>
          </ns3:TrackPointExtension>
        </extensions>
      </trkpt>
      <trkpt lat="-4.09786694683134555816650390625" lon="-81.05249983258545398712158203125">
        <ele>0</ele>
        <time>2026-09-03T21:38:04.000Z</time>
        <extensions>
          <ns3:TrackPointExtension>
            <ns3:hr>111</ns3:hr>
          </ns3:TrackPointExtension>
        </extensions>
      </trkpt>
      <trkpt lat="-4.0979977883398532867431640625" lon="-81.05246429331600666046142578125">
        <ele>0</ele>
        <time>2026-09-03T21:38:06.000Z</time>
        <extensions>
          <ns3:TrackPointExtension>
            <ns3:hr>111</ns3:hr>
          </ns3:TrackPointExtension>
        </extensions>
      </trkpt>
      <trkpt lat="-4.09810314886271953582763671875" lon="-81.052426658570766448974609375">
        <ele>0</ele>
        <time>2026-09-03T21:38:08.000Z</time>
        <extensions>
          <ns3:TrackPointExtension>
            <ns3:hr>111</ns3:hr>
          </ns3:TrackPointExtension>
        </extensions>
      </trkpt>
      <trkpt lat="-4.09813097678124904632568359375" lon="-81.052394472062587738037109375">
        <ele>0</ele>
        <time>2026-09-03T21:38:09.000Z</time>
        <extensions>
          <ns3:TrackPointExtension>
            <ns3:hr>112</ns3:hr>
          </ns3:TrackPointExtension>
        </extensions>
      </trkpt>
      <trkpt lat="-4.09815578721463680267333984375" lon="-81.05236069299280643463134765625">
        <ele>0</ele>
        <time>2026-09-03T21:38:10.000Z</time>
        <extensions>
          <ns3:TrackPointExtension>
            <ns3:hr>112</ns3:hr>
          </ns3:TrackPointExtension>
        </extensions>
      </trkpt>
      <trkpt lat="-4.0981959365308284759521484375" lon="-81.0523332841694355010986328125">
        <ele>0</ele>
        <time>2026-09-03T21:38:12.000Z</time>
        <extensions>
          <ns3:TrackPointExtension>
            <ns3:hr>112</ns3:hr>
          </ns3:TrackPointExtension>
        </extensions>
      </trkpt>
      <trkpt lat="-4.09819283522665500640869140625" lon="-81.05231274850666522979736328125">
        <ele>0</ele>
        <time>2026-09-03T21:38:13.000Z</time>
        <extensions>
          <ns3:TrackPointExtension>
            <ns3:hr>112</ns3:hr>
          </ns3:TrackPointExtension>
        </extensions>
      </trkpt>
      <trkpt lat="-4.09815913997590541839599609375" lon="-81.0522953979671001434326171875">
        <ele>0</ele>
        <time>2026-09-03T21:38:14.000Z</time>
        <extensions>
          <ns3:TrackPointExtension>
            <ns3:hr>112</ns3:hr>
          </ns3:TrackPointExtension>
        </extensions>
      </trkpt>
      <trkpt lat="-4.098047576844692230224609375" lon="-81.05230352841317653656005859375">
        <ele>0</ele>
        <time>2026-09-03T21:38:16.000Z</time>
        <extensions>
          <ns3:TrackPointExtension>
            <ns3:hr>112</ns3:hr>
          </ns3:TrackPointExtension>
        </extensions>
      </trkpt>
      <trkpt lat="-4.09798110835254192352294921875" lon="-81.052317358553409576416015625">
        <ele>0</ele>
        <time>2026-09-03T21:38:17.000Z</time>
        <extensions>
          <ns3:TrackPointExtension>
            <ns3:hr>112</ns3:hr>
          </ns3:TrackPointExtension>
        </extensions>
      </trkpt>
      <trkpt lat="-4.09761532209813594818115234375" lon="-81.05242506600916385650634765625">
        <ele>0</ele>
        <time>2026-09-03T21:38:22.000Z</time>
        <extensions>
          <ns3:TrackPointExtension>
            <ns3:hr>112</ns3:hr>
          </ns3:TrackPointExtension>
        </extensions>
      </trkpt>
      <trkpt lat="-4.09716571681201457977294921875" lon="-81.0525720007717609405517578125">
        <ele>0</ele>
        <time>2026-09-03T21:38:28.000Z</time>
        <extensions>
          <ns3:TrackPointExtension>
            <ns3:hr>112</ns3:hr>
          </ns3:TrackPointExtension>
        </extensions>
      </trkpt>
      <trkpt lat="-4.09704216755926609039306640625" lon="-81.0526045225560665130615234375">
        <ele>0</ele>
        <time>2026-09-03T21:38:30.000Z</time>
        <extensions>
          <ns3:TrackPointExtension>
            <ns3:hr>112</ns3:hr>
          </ns3:TrackPointExtension>
        </extensions>
      </trkpt>
      <trkpt lat="-4.09694426693022251129150390625" lon="-81.05265070684254169464111328125">
        <ele>0</ele>
        <time>2026-09-03T21:38:32.000Z</time>
        <extensions>
          <ns3:TrackPointExtension>
            <ns3:hr>111</ns3:hr>
          </ns3:TrackPointExtension>
        </extensions>
      </trkpt>
      <trkpt lat="-4.09686882980167865753173828125" lon="-81.0526724159717559814453125">
        <ele>0</ele>
        <time>2026-09-03T21:38:34.000Z</time>
        <extensions>
          <ns3:TrackPointExtension>
            <ns3:hr>113</ns3:hr>
          </ns3:TrackPointExtension>
        </extensions>
      </trkpt>
      <trkpt lat="-4.0968404151499271392822265625" lon="-81.05264852754771709442138671875">
        <ele>0</ele>
        <time>2026-09-03T21:38:35.000Z</time>
        <extensions>
          <ns3:TrackPointExtension>
            <ns3:hr>111</ns3:hr>
          </ns3:TrackPointExtension>
        </extensions>
      </trkpt>
      <trkpt lat="-4.09660731442272663116455078125" lon="-81.05230134911835193634033203125">
        <ele>0</ele>
        <time>2026-09-03T21:39:40.000Z</time>
        <extensions>
          <ns3:TrackPointExtension>
            <ns3:hr>119</ns3:hr>
          </ns3:TrackPointExtension>
        </extensions>
      </trkpt>
      <trkpt lat="-4.096670262515544891357421875" lon="-81.0521425120532512664794921875">
        <ele>0</ele>
        <time>2026-09-03T21:39:47.000Z</time>
        <extensions>
          <ns3:TrackPointExtension>
            <ns3:hr>116</ns3:hr>
          </ns3:TrackPointExtension>
        </extensions>
      </trkpt>
      <trkpt lat="-4.09666992723941802978515625" lon="-81.052144356071949005126953125">
        <ele>0</ele>
        <time>2026-09-03T21:39:49.000Z</time>
        <extensions>
          <ns3:TrackPointExtension>
            <ns3:hr>114</ns3:hr>
          </ns3:TrackPointExtension>
        </extensions>
      </trkpt>
      <trkpt lat="-4.09672449342906475067138671875" lon="-81.052109487354755401611328125">
        <ele>0</ele>
        <time>2026-09-03T21:39:58.000Z</time>
        <extensions>
          <ns3:TrackPointExtension>
            <ns3:hr>112</ns3:hr>
          </ns3:TrackPointExtension>
        </extensions>
      </trkpt>
      <trkpt lat="-4.09675709903240203857421875" lon="-81.0520912148058414459228515625">
        <ele>0</ele>
        <time>2026-09-03T21:40:05.000Z</time>
        <extensions>
          <ns3:TrackPointExtension>
            <ns3:hr>112</ns3:hr>
          </ns3:TrackPointExtension>
        </extensions>
      </trkpt>
      <trkpt lat="-4.09682172350585460662841796875" lon="-81.0520573519170284271240234375">
        <ele>0</ele>
        <time>2026-09-03T21:40:13.000Z</time>
        <extensions>
          <ns3:TrackPointExtension>
            <ns3:hr>114</ns3:hr>
          </ns3:TrackPointExtension>
        </extensions>
      </trkpt>
      <trkpt lat="-4.09688224084675312042236328125" lon="-81.05202801525592803955078125">
        <ele>0</ele>
        <time>2026-09-03T21:40:22.000Z</time>
        <extensions>
          <ns3:TrackPointExtension>
            <ns3:hr>118</ns3:hr>
          </ns3:TrackPointExtension>
        </extensions>
      </trkpt>
      <trkpt lat="-4.09689330495893955230712890625" lon="-81.05202005244791507720947265625">
        <ele>0</ele>
        <time>2026-09-03T21:40:24.000Z</time>
        <extensions>
          <ns3:TrackPointExtension>
            <ns3:hr>116</ns3:hr>
          </ns3:TrackPointExtension>
        </extensions>
      </trkpt>
      <trkpt lat="-4.096916019916534423828125" lon="-81.051993481814861297607421875">
        <ele>0</ele>
        <time>2026-09-03T21:40:27.000Z</time>
        <extensions>
          <ns3:TrackPointExtension>
            <ns3:hr>115</ns3:hr>
          </ns3:TrackPointExtension>
        </extensions>
      </trkpt>
      <trkpt lat="-4.09692339599132537841796875" lon="-81.051959954202175140380859375">
        <ele>0</ele>
        <time>2026-09-03T21:40:32.000Z</time>
        <extensions>
          <ns3:TrackPointExtension>
            <ns3:hr>115</ns3:hr>
          </ns3:TrackPointExtension>
        </extensions>
      </trkpt>
      <trkpt lat="-4.0969477035105228424072265625" lon="-81.05192969553172588348388671875">
        <ele>0</ele>
        <time>2026-09-03T21:40:40.000Z</time>
        <extensions>
          <ns3:TrackPointExtension>
            <ns3:hr>114</ns3:hr>
          </ns3:TrackPointExtension>
        </extensions>
      </trkpt>
      <trkpt lat="-4.09696840681135654449462890625" lon="-81.0519098304212093353271484375">
        <ele>0</ele>
        <time>2026-09-03T21:40:43.000Z</time>
        <extensions>
          <ns3:TrackPointExtension>
            <ns3:hr>114</ns3:hr>
          </ns3:TrackPointExtension>
        </extensions>
      </trkpt>
      <trkpt lat="-4.0969845838844776153564453125" lon="-81.05188912712037563323974609375">
        <ele>0</ele>
        <time>2026-09-03T21:40:46.000Z</time>
        <extensions>
          <ns3:TrackPointExtension>
            <ns3:hr>115</ns3:hr>
          </ns3:TrackPointExtension>
        </extensions>
      </trkpt>
      <trkpt lat="-4.09702531993389129638671875" lon="-81.0518675856292247772216796875">
        <ele>0</ele>
        <time>2026-09-03T21:40:50.000Z</time>
        <extensions>
          <ns3:TrackPointExtension>
            <ns3:hr>118</ns3:hr>
          </ns3:TrackPointExtension>
        </extensions>
      </trkpt>
      <trkpt lat="-4.0970583446323871612548828125" lon="-81.05184721760451793670654296875">
        <ele>0</ele>
        <time>2026-09-03T21:40:54.000Z</time>
        <extensions>
          <ns3:TrackPointExtension>
            <ns3:hr>118</ns3:hr>
          </ns3:TrackPointExtension>
        </extensions>
      </trkpt>
      <trkpt lat="-4.097097404301166534423828125" lon="-81.05180866084992885589599609375">
        <ele>0</ele>
        <time>2026-09-03T21:41:01.000Z</time>
        <extensions>
          <ns3:TrackPointExtension>
            <ns3:hr>117</ns3:hr>
          </ns3:TrackPointExtension>
        </extensions>
      </trkpt>
      <trkpt lat="-4.0971009247004985809326171875" lon="-81.0517867840826511383056640625">
        <ele>0</ele>
        <time>2026-09-03T21:41:03.000Z</time>
        <extensions>
          <ns3:TrackPointExtension>
            <ns3:hr>117</ns3:hr>
          </ns3:TrackPointExtension>
        </extensions>
      </trkpt>
      <trkpt lat="-4.0970952250063419342041015625" lon="-81.05174948461353778839111328125">
        <ele>0</ele>
        <time>2026-09-03T21:41:07.000Z</time>
        <extensions>
          <ns3:TrackPointExtension>
            <ns3:hr>116</ns3:hr>
          </ns3:TrackPointExtension>
        </extensions>
      </trkpt>
      <trkpt lat="-4.0967508964240550994873046875" lon="-81.051746718585491180419921875">
        <ele>0</ele>
        <time>2026-09-03T21:41:49.000Z</time>
        <extensions>
          <ns3:TrackPointExtension>
            <ns3:hr>123</ns3:hr>
          </ns3:TrackPointExtension>
        </extensions>
      </trkpt>
      <trkpt lat="-4.0968073904514312744140625" lon="-81.05175887234508991241455078125">
        <ele>0</ele>
        <time>2026-09-03T21:41:56.000Z</time>
        <extensions>
          <ns3:TrackPointExtension>
            <ns3:hr>121</ns3:hr>
          </ns3:TrackPointExtension>
        </extensions>
      </trkpt>
      <trkpt lat="-4.09681518562138080596923828125" lon="-81.0517267696559429168701171875">
        <ele>0</ele>
        <time>2026-09-03T21:41:59.000Z</time>
        <extensions>
          <ns3:TrackPointExtension>
            <ns3:hr>120</ns3:hr>
          </ns3:TrackPointExtension>
        </extensions>
      </trkpt>
      <trkpt lat="-4.0968715958297252655029296875" lon="-81.051693744957447052001953125">
        <ele>0</ele>
        <time>2026-09-03T21:42:06.000Z</time>
        <extensions>
          <ns3:TrackPointExtension>
            <ns3:hr>118</ns3:hr>
          </ns3:TrackPointExtension>
        </extensions>
      </trkpt>
      <trkpt lat="-4.09693202935159206390380859375" lon="-81.051679663360118865966796875">
        <ele>0</ele>
        <time>2026-09-03T21:42:13.000Z</time>
        <extensions>
          <ns3:TrackPointExtension>
            <ns3:hr>118</ns3:hr>
          </ns3:TrackPointExtension>
        </extensions>
      </trkpt>
      <trkpt lat="-4.09696186892688274383544921875" lon="-81.05166013352572917938232421875">
        <ele>0</ele>
        <time>2026-09-03T21:42:17.000Z</time>
        <extensions>
          <ns3:TrackPointExtension>
            <ns3:hr>114</ns3:hr>
          </ns3:TrackPointExtension>
        </extensions>
      </trkpt>
      <trkpt lat="-4.09699170850217342376708984375" lon="-81.0516357421875">
        <ele>0</ele>
        <time>2026-09-03T21:42:21.000Z</time>
        <extensions>
          <ns3:TrackPointExtension>
            <ns3:hr>117</ns3:hr>
          </ns3:TrackPointExtension>
        </extensions>
      </trkpt>
      <trkpt lat="-4.09699958749115467071533203125" lon="-81.0516328923404216766357421875">
        <ele>0</ele>
        <time>2026-09-03T21:42:22.000Z</time>
        <extensions>
          <ns3:TrackPointExtension>
            <ns3:hr>116</ns3:hr>
          </ns3:TrackPointExtension>
        </extensions>
      </trkpt>
      <trkpt lat="-4.0970207937061786651611328125" lon="-81.0516144521534442901611328125">
        <ele>0</ele>
        <time>2026-09-03T21:42:27.000Z</time>
        <extensions>
          <ns3:TrackPointExtension>
            <ns3:hr>117</ns3:hr>
          </ns3:TrackPointExtension>
        </extensions>
      </trkpt>
      <trkpt lat="-4.097041077911853790283203125" lon="-81.051572374999523162841796875">
        <ele>0</ele>
        <time>2026-09-03T21:42:34.000Z</time>
        <extensions>
          <ns3:TrackPointExtension>
            <ns3:hr>114</ns3:hr>
          </ns3:TrackPointExtension>
        </extensions>
      </trkpt>
      <trkpt lat="-4.09709581173956394195556640625" lon="-81.05153507553040981292724609375">
        <ele>0</ele>
        <time>2026-09-03T21:42:42.000Z</time>
        <extensions>
          <ns3:TrackPointExtension>
            <ns3:hr>115</ns3:hr>
          </ns3:TrackPointExtension>
        </extensions>
      </trkpt>
      <trkpt lat="-4.0971260704100131988525390625" lon="-81.05152434669435024261474609375">
        <ele>0</ele>
        <time>2026-09-03T21:42:45.000Z</time>
        <extensions>
          <ns3:TrackPointExtension>
            <ns3:hr>115</ns3:hr>
          </ns3:TrackPointExtension>
        </extensions>
      </trkpt>
      <trkpt lat="-4.0971468575298786163330078125" lon="-81.05150473304092884063720703125">
        <ele>0</ele>
        <time>2026-09-03T21:42:48.000Z</time>
        <extensions>
          <ns3:TrackPointExtension>
            <ns3:hr>115</ns3:hr>
          </ns3:TrackPointExtension>
        </extensions>
      </trkpt>
      <trkpt lat="-4.09715599380433559417724609375" lon="-81.05149836279451847076416015625">
        <ele>0</ele>
        <time>2026-09-03T21:42:49.000Z</time>
        <extensions>
          <ns3:TrackPointExtension>
            <ns3:hr>116</ns3:hr>
          </ns3:TrackPointExtension>
        </extensions>
      </trkpt>
      <trkpt lat="-4.0971855819225311279296875" lon="-81.051488220691680908203125">
        <ele>0</ele>
        <time>2026-09-03T21:42:55.000Z</time>
        <extensions>
          <ns3:TrackPointExtension>
            <ns3:hr>116</ns3:hr>
          </ns3:TrackPointExtension>
        </extensions>
      </trkpt>
      <trkpt lat="-4.09676053561270236968994140625" lon="-81.05142275802791118621826171875">
        <ele>0</ele>
        <time>2026-09-03T21:43:48.000Z</time>
        <extensions>
          <ns3:TrackPointExtension>
            <ns3:hr>105</ns3:hr>
          </ns3:TrackPointExtension>
        </extensions>
      </trkpt>
      <trkpt lat="-4.09711207263171672821044921875" lon="-81.05126752518117427825927734375">
        <ele>0</ele>
        <time>2026-09-03T21:44:18.000Z</time>
        <extensions>
          <ns3:TrackPointExtension>
            <ns3:hr>109</ns3:hr>
          </ns3:TrackPointExtension>
        </extensions>
      </trkpt>
      <trkpt lat="-4.09716839902102947235107421875" lon="-81.0512469895184040069580078125">
        <ele>0</ele>
        <time>2026-09-03T21:44:23.000Z</time>
        <extensions>
          <ns3:TrackPointExtension>
            <ns3:hr>109</ns3:hr>
          </ns3:TrackPointExtension>
        </extensions>
      </trkpt>
      <trkpt lat="-4.09718197770416736602783203125" lon="-81.05123542249202728271484375">
        <ele>0</ele>
        <time>2026-09-03T21:44:24.000Z</time>
        <extensions>
          <ns3:TrackPointExtension>
            <ns3:hr>113</ns3:hr>
          </ns3:TrackPointExtension>
        </extensions>
      </trkpt>
      <trkpt lat="-4.0972078777849674224853515625" lon="-81.0512168146669864654541015625">
        <ele>0</ele>
        <time>2026-09-03T21:44:26.000Z</time>
        <extensions>
          <ns3:TrackPointExtension>
            <ns3:hr>110</ns3:hr>
          </ns3:TrackPointExtension>
        </extensions>
      </trkpt>
      <trkpt lat="-4.09722154028713703155517578125" lon="-81.051207594573497772216796875">
        <ele>0</ele>
        <time>2026-09-03T21:44:27.000Z</time>
        <extensions>
          <ns3:TrackPointExtension>
            <ns3:hr>111</ns3:hr>
          </ns3:TrackPointExtension>
        </extensions>
      </trkpt>
      <trkpt lat="-4.0973196923732757568359375" lon="-81.05115219019353389739990234375">
        <ele>0</ele>
        <time>2026-09-03T21:44:36.000Z</time>
        <extensions>
          <ns3:TrackPointExtension>
            <ns3:hr>109</ns3:hr>
          </ns3:TrackPointExtension>
        </extensions>
      </trkpt>
      <trkpt lat="-4.09732706844806671142578125" lon="-81.05115420185029506683349609375">
        <ele>0</ele>
        <time>2026-09-03T21:44:38.000Z</time>
        <extensions>
          <ns3:TrackPointExtension>
            <ns3:hr>111</ns3:hr>
          </ns3:TrackPointExtension>
        </extensions>
      </trkpt>
      <trkpt lat="-4.0973309241235256195068359375" lon="-81.05115302838385105133056640625">
        <ele>0</ele>
        <time>2026-09-03T21:44:40.000Z</time>
        <extensions>
          <ns3:TrackPointExtension>
            <ns3:hr>111</ns3:hr>
          </ns3:TrackPointExtension>
        </extensions>
      </trkpt>
      <trkpt lat="-4.0973329357802867889404296875" lon="-81.05111530981957912445068359375">
        <ele>0</ele>
        <time>2026-09-03T21:44:44.000Z</time>
        <extensions>
          <ns3:TrackPointExtension>
            <ns3:hr>110</ns3:hr>
          </ns3:TrackPointExtension>
        </extensions>
      </trkpt>
      <trkpt lat="-4.0973282419145107269287109375" lon="-81.0510791838169097900390625">
        <ele>0</ele>
        <time>2026-09-03T21:44:46.000Z</time>
        <extensions>
          <ns3:TrackPointExtension>
            <ns3:hr>110</ns3:hr>
          </ns3:TrackPointExtension>
        </extensions>
      </trkpt>
      <trkpt lat="-4.09729714505374431610107421875" lon="-81.0510243661701679229736328125">
        <ele>0</ele>
        <time>2026-09-03T21:44:53.000Z</time>
        <extensions>
          <ns3:TrackPointExtension>
            <ns3:hr>110</ns3:hr>
          </ns3:TrackPointExtension>
        </extensions>
      </trkpt>
      <trkpt lat="-4.09729219973087310791015625" lon="-81.05100835673511028289794921875">
        <ele>0</ele>
        <time>2026-09-03T21:44:59.000Z</time>
        <extensions>
          <ns3:TrackPointExtension>
            <ns3:hr>108</ns3:hr>
          </ns3:TrackPointExtension>
        </extensions>
      </trkpt>
      <trkpt lat="-4.09726546145975589752197265625" lon="-81.05090576224029064178466796875">
        <ele>0</ele>
        <time>2026-09-03T21:45:13.000Z</time>
        <extensions>
          <ns3:TrackPointExtension>
            <ns3:hr>107</ns3:hr>
          </ns3:TrackPointExtension>
        </extensions>
      </trkpt>
      <trkpt lat="-4.097261019051074981689453125" lon="-81.05085454881191253662109375">
        <ele>0</ele>
        <time>2026-09-03T21:45:21.000Z</time>
        <extensions>
          <ns3:TrackPointExtension>
            <ns3:hr>107</ns3:hr>
          </ns3:TrackPointExtension>
        </extensions>
      </trkpt>
      <trkpt lat="-4.09724132157862186431884765625" lon="-81.05081926099956035614013671875">
        <ele>0</ele>
        <time>2026-09-03T21:45:27.000Z</time>
        <extensions>
          <ns3:TrackPointExtension>
            <ns3:hr>109</ns3:hr>
          </ns3:TrackPointExtension>
        </extensions>
      </trkpt>
      <trkpt lat="-4.0972682274878025054931640625" lon="-81.05081423185765743255615234375">
        <ele>0</ele>
        <time>2026-09-03T21:45:32.000Z</time>
        <extensions>
          <ns3:TrackPointExtension>
            <ns3:hr>109</ns3:hr>
          </ns3:TrackPointExtension>
        </extensions>
      </trkpt>
      <trkpt lat="-4.09729085862636566162109375" lon="-81.0508082807064056396484375">
        <ele>0</ele>
        <time>2026-09-03T21:45:41.000Z</time>
        <extensions>
          <ns3:TrackPointExtension>
            <ns3:hr>110</ns3:hr>
          </ns3:TrackPointExtension>
        </extensions>
      </trkpt>
      <trkpt lat="-4.0972933731973171234130859375" lon="-81.0508044250309467315673828125">
        <ele>0</ele>
        <time>2026-09-03T21:45:44.000Z</time>
        <extensions>
          <ns3:TrackPointExtension>
            <ns3:hr>110</ns3:hr>
          </ns3:TrackPointExtension>
        </extensions>
      </trkpt>
    </trkseg>
  </trk>
</gpx>
