<?xml version="1.0" encoding="UTF-8"?>
<gpx creator="fabulator:gpx-builder" version="1.1" xmlns="http://www.topografix.com/GPX/1/1" xmlns:xsi="http://www.w3.org/2001/XMLSchema-instance" xsi:schemaLocation="http://www.topografix.com/GPX/1/1 https://www.topografix.com/GPX/1/1/gpx.xsd http://www.garmin.com/xmlschemas/TrackPointExtension/v2 https://www8.garmin.com/xmlschemas/TrackPointExtensionv2.xsd http://www.garmin.com/xmlschemas/GpxExtensions/v3 https://www8.garmin.com/xmlschemas/GpxExtensions/v3/GpxExtensionsv3.xsd" xmlns:gpxtpx="http://www.garmin.com/xmlschemas/TrackPointExtension/v2" xmlns:gpxx="http://www.garmin.com/xmlschemas/GpxExtensions/v3">
  <metadata>
    <name>Volandoo Flight</name>
    <author>
      <link href="https://volandoo.com/pilots">
        <text>https://volandoo.com/pilots</text>
      </link>
    </author>
    <link href="https://volandoo.com/tracks/ldPnf2XOCslsnmQFRKp0">
      <text>https://volandoo.com/tracks</text>
    </link>
    <time>2026-07-04T15:19:50.000Z</time>
  </metadata>
  <trk>
    <trkseg>
      <trkpt lat="6.749503" lon="-73.005983">
        <ele>1722</ele>
        <time>2026-07-04T15:19:50.000Z</time>
      </trkpt>
      <trkpt lat="6.749515" lon="-73.006009">
        <ele>1722</ele>
        <time>2026-07-04T15:19:51.000Z</time>
      </trkpt>
      <trkpt lat="6.749516" lon="-73.006017">
        <ele>1722</ele>
        <time>2026-07-04T15:19:52.000Z</time>
      </trkpt>
      <trkpt lat="6.749523" lon="-73.006028">
        <ele>1722</ele>
        <time>2026-07-04T15:19:53.000Z</time>
      </trkpt>
      <trkpt lat="6.749527" lon="-73.006045">
        <ele>1722</ele>
        <time>2026-07-04T15:19:54.000Z</time>
      </trkpt>
      <trkpt lat="6.7495389999999995" lon="-73.00607600000001">
        <ele>1723</ele>
        <time>2026-07-04T15:19:55.000Z</time>
      </trkpt>
      <trkpt lat="6.749559" lon="-73.006123">
        <ele>1721</ele>
        <time>2026-07-04T15:19:56.000Z</time>
      </trkpt>
      <trkpt lat="6.749566" lon="-73.006172">
        <ele>1720</ele>
        <time>2026-07-04T15:19:57.000Z</time>
      </trkpt>
      <trkpt lat="6.749565" lon="-73.00621500000001">
        <ele>1719</ele>
        <time>2026-07-04T15:19:58.000Z</time>
      </trkpt>
      <trkpt lat="6.749569999999999" lon="-73.00627100000001">
        <ele>1716</ele>
        <time>2026-07-04T15:19:59.000Z</time>
      </trkpt>
      <trkpt lat="6.749587999999999" lon="-73.00634500000001">
        <ele>1713</ele>
        <time>2026-07-04T15:20:00.000Z</time>
      </trkpt>
      <trkpt lat="6.749605999999999" lon="-73.00642800000001">
        <ele>1712</ele>
        <time>2026-07-04T15:20:01.000Z</time>
      </trkpt>
      <trkpt lat="6.749615999999999" lon="-73.00650700000001">
        <ele>1713</ele>
        <time>2026-07-04T15:20:02.000Z</time>
      </trkpt>
      <trkpt lat="6.7496209999999985" lon="-73.00657300000002">
        <ele>1713</ele>
        <time>2026-07-04T15:20:03.000Z</time>
      </trkpt>
      <trkpt lat="6.749621999999999" lon="-73.00662800000002">
        <ele>1711</ele>
        <time>2026-07-04T15:20:04.000Z</time>
      </trkpt>
      <trkpt lat="6.7496269999999985" lon="-73.00670000000002">
        <ele>1710</ele>
        <time>2026-07-04T15:20:05.000Z</time>
      </trkpt>
      <trkpt lat="6.749630999999998" lon="-73.00677900000002">
        <ele>1709</ele>
        <time>2026-07-04T15:20:06.000Z</time>
      </trkpt>
      <trkpt lat="6.749627999999998" lon="-73.00685800000002">
        <ele>1708</ele>
        <time>2026-07-04T15:20:07.000Z</time>
      </trkpt>
      <trkpt lat="6.749612999999997" lon="-73.00693100000002">
        <ele>1708</ele>
        <time>2026-07-04T15:20:08.000Z</time>
      </trkpt>
      <trkpt lat="6.749594999999998" lon="-73.00700100000002">
        <ele>1706</ele>
        <time>2026-07-04T15:20:09.000Z</time>
      </trkpt>
      <trkpt lat="6.749594999999998" lon="-73.00700100000002">
        <ele>1706</ele>
        <time>2026-07-04T15:20:09.000Z</time>
      </trkpt>
      <trkpt lat="6.749584999999998" lon="-73.00707000000001">
        <ele>1704</ele>
        <time>2026-07-04T15:20:10.000Z</time>
      </trkpt>
      <trkpt lat="6.749588999999998" lon="-73.00715000000001">
        <ele>1702</ele>
        <time>2026-07-04T15:20:11.000Z</time>
      </trkpt>
      <trkpt lat="6.749601999999998" lon="-73.00723300000001">
        <ele>1699</ele>
        <time>2026-07-04T15:20:12.000Z</time>
      </trkpt>
      <trkpt lat="6.749617999999997" lon="-73.00731900000001">
        <ele>1699</ele>
        <time>2026-07-04T15:20:13.000Z</time>
      </trkpt>
      <trkpt lat="6.749639999999998" lon="-73.00739700000001">
        <ele>1698</ele>
        <time>2026-07-04T15:20:14.000Z</time>
      </trkpt>
      <trkpt lat="6.749677999999998" lon="-73.00745100000002">
        <ele>1697</ele>
        <time>2026-07-04T15:20:15.000Z</time>
      </trkpt>
      <trkpt lat="6.749725999999997" lon="-73.00749900000002">
        <ele>1696</ele>
        <time>2026-07-04T15:20:16.000Z</time>
      </trkpt>
      <trkpt lat="6.749772999999998" lon="-73.00755200000002">
        <ele>1693</ele>
        <time>2026-07-04T15:20:17.000Z</time>
      </trkpt>
      <trkpt lat="6.749826999999998" lon="-73.00761900000002">
        <ele>1690</ele>
        <time>2026-07-04T15:20:18.000Z</time>
      </trkpt>
      <trkpt lat="6.749883999999998" lon="-73.00768500000002">
        <ele>1689</ele>
        <time>2026-07-04T15:20:19.000Z</time>
      </trkpt>
      <trkpt lat="6.749949999999998" lon="-73.00773400000003">
        <ele>1688</ele>
        <time>2026-07-04T15:20:20.000Z</time>
      </trkpt>
      <trkpt lat="6.750006999999998" lon="-73.00777700000003">
        <ele>1686</ele>
        <time>2026-07-04T15:20:21.000Z</time>
      </trkpt>
      <trkpt lat="6.750066999999999" lon="-73.00781500000004">
        <ele>1685</ele>
        <time>2026-07-04T15:20:22.000Z</time>
      </trkpt>
      <trkpt lat="6.750130999999999" lon="-73.00786900000004">
        <ele>1682</ele>
        <time>2026-07-04T15:20:23.000Z</time>
      </trkpt>
      <trkpt lat="6.750197999999998" lon="-73.00791500000004">
        <ele>1681</ele>
        <time>2026-07-04T15:20:24.000Z</time>
      </trkpt>
      <trkpt lat="6.750265999999998" lon="-73.00796900000005">
        <ele>1680</ele>
        <time>2026-07-04T15:20:25.000Z</time>
      </trkpt>
      <trkpt lat="6.750336999999998" lon="-73.00800600000005">
        <ele>1680</ele>
        <time>2026-07-04T15:20:26.000Z</time>
      </trkpt>
      <trkpt lat="6.750405999999998" lon="-73.00804300000006">
        <ele>1678</ele>
        <time>2026-07-04T15:20:27.000Z</time>
      </trkpt>
      <trkpt lat="6.750474999999998" lon="-73.00808500000005">
        <ele>1677</ele>
        <time>2026-07-04T15:20:28.000Z</time>
      </trkpt>
      <trkpt lat="6.750539999999998" lon="-73.00812100000005">
        <ele>1677</ele>
        <time>2026-07-04T15:20:29.000Z</time>
      </trkpt>
      <trkpt lat="6.750610999999998" lon="-73.00816600000005">
        <ele>1674</ele>
        <time>2026-07-04T15:20:30.000Z</time>
      </trkpt>
      <trkpt lat="6.750678999999998" lon="-73.00819900000005">
        <ele>1674</ele>
        <time>2026-07-04T15:20:31.000Z</time>
      </trkpt>
      <trkpt lat="6.750746999999998" lon="-73.00823500000004">
        <ele>1673</ele>
        <time>2026-07-04T15:20:32.000Z</time>
      </trkpt>
      <trkpt lat="6.7508079999999975" lon="-73.00826600000005">
        <ele>1672</ele>
        <time>2026-07-04T15:20:33.000Z</time>
      </trkpt>
      <trkpt lat="6.750879999999998" lon="-73.00830300000005">
        <ele>1672</ele>
        <time>2026-07-04T15:20:34.000Z</time>
      </trkpt>
      <trkpt lat="6.750955999999998" lon="-73.00833100000006">
        <ele>1672</ele>
        <time>2026-07-04T15:20:35.000Z</time>
      </trkpt>
      <trkpt lat="6.751028999999998" lon="-73.00836700000005">
        <ele>1673</ele>
        <time>2026-07-04T15:20:36.000Z</time>
      </trkpt>
      <trkpt lat="6.751093999999998" lon="-73.00840400000006">
        <ele>1673</ele>
        <time>2026-07-04T15:20:37.000Z</time>
      </trkpt>
      <trkpt lat="6.751163999999998" lon="-73.00843100000006">
        <ele>1673</ele>
        <time>2026-07-04T15:20:38.000Z</time>
      </trkpt>
      <trkpt lat="6.7512279999999985" lon="-73.00845800000006">
        <ele>1673</ele>
        <time>2026-07-04T15:20:39.000Z</time>
      </trkpt>
      <trkpt lat="6.751300999999999" lon="-73.00850300000006">
        <ele>1673</ele>
        <time>2026-07-04T15:20:40.000Z</time>
      </trkpt>
      <trkpt lat="6.751370999999999" lon="-73.00854600000007">
        <ele>1672</ele>
        <time>2026-07-04T15:20:41.000Z</time>
      </trkpt>
      <trkpt lat="6.751444999999999" lon="-73.00859300000006">
        <ele>1672</ele>
        <time>2026-07-04T15:20:42.000Z</time>
      </trkpt>
      <trkpt lat="6.751514999999999" lon="-73.00863400000006">
        <ele>1672</ele>
        <time>2026-07-04T15:20:43.000Z</time>
      </trkpt>
      <trkpt lat="6.751581999999998" lon="-73.00867400000006">
        <ele>1671</ele>
        <time>2026-07-04T15:20:44.000Z</time>
      </trkpt>
      <trkpt lat="6.751649999999998" lon="-73.00870600000006">
        <ele>1668</ele>
        <time>2026-07-04T15:20:45.000Z</time>
      </trkpt>
      <trkpt lat="6.751720999999998" lon="-73.00874900000007">
        <ele>1665</ele>
        <time>2026-07-04T15:20:46.000Z</time>
      </trkpt>
      <trkpt lat="6.751800999999998" lon="-73.00880100000006">
        <ele>1663</ele>
        <time>2026-07-04T15:20:47.000Z</time>
      </trkpt>
      <trkpt lat="6.751878999999998" lon="-73.00886400000006">
        <ele>1660</ele>
        <time>2026-07-04T15:20:48.000Z</time>
      </trkpt>
      <trkpt lat="6.751946999999998" lon="-73.00891100000005">
        <ele>1660</ele>
        <time>2026-07-04T15:20:49.000Z</time>
      </trkpt>
      <trkpt lat="6.752006999999998" lon="-73.00894600000005">
        <ele>1659</ele>
        <time>2026-07-04T15:20:50.000Z</time>
      </trkpt>
      <trkpt lat="6.752063999999998" lon="-73.00896900000005">
        <ele>1658</ele>
        <time>2026-07-04T15:20:51.000Z</time>
      </trkpt>
      <trkpt lat="6.752128999999998" lon="-73.00900500000004">
        <ele>1657</ele>
        <time>2026-07-04T15:20:52.000Z</time>
      </trkpt>
      <trkpt lat="6.7521939999999985" lon="-73.00904600000004">
        <ele>1655</ele>
        <time>2026-07-04T15:20:53.000Z</time>
      </trkpt>
      <trkpt lat="6.7522639999999985" lon="-73.00910600000005">
        <ele>1654</ele>
        <time>2026-07-04T15:20:54.000Z</time>
      </trkpt>
      <trkpt lat="6.7523339999999985" lon="-73.00916100000005">
        <ele>1653</ele>
        <time>2026-07-04T15:20:55.000Z</time>
      </trkpt>
      <trkpt lat="6.752408999999998" lon="-73.00919500000005">
        <ele>1653</ele>
        <time>2026-07-04T15:20:56.000Z</time>
      </trkpt>
      <trkpt lat="6.752480999999999" lon="-73.00923100000004">
        <ele>1652</ele>
        <time>2026-07-04T15:20:57.000Z</time>
      </trkpt>
      <trkpt lat="6.752552999999999" lon="-73.00927900000005">
        <ele>1650</ele>
        <time>2026-07-04T15:20:58.000Z</time>
      </trkpt>
      <trkpt lat="6.752611999999999" lon="-73.00933700000004">
        <ele>1648</ele>
        <time>2026-07-04T15:20:59.000Z</time>
      </trkpt>
      <trkpt lat="6.752675999999999" lon="-73.00939400000004">
        <ele>1646</ele>
        <time>2026-07-04T15:21:00.000Z</time>
      </trkpt>
      <trkpt lat="6.7527479999999995" lon="-73.00944500000004">
        <ele>1645</ele>
        <time>2026-07-04T15:21:01.000Z</time>
      </trkpt>
      <trkpt lat="6.752819" lon="-73.00948800000005">
        <ele>1643</ele>
        <time>2026-07-04T15:21:02.000Z</time>
      </trkpt>
      <trkpt lat="6.752888" lon="-73.00953500000004">
        <ele>1642</ele>
        <time>2026-07-04T15:21:03.000Z</time>
      </trkpt>
      <trkpt lat="6.752956999999999" lon="-73.00958200000004">
        <ele>1640</ele>
        <time>2026-07-04T15:21:04.000Z</time>
      </trkpt>
      <trkpt lat="6.753023999999999" lon="-73.00963400000003">
        <ele>1639</ele>
        <time>2026-07-04T15:21:05.000Z</time>
      </trkpt>
      <trkpt lat="6.753093999999999" lon="-73.00967700000004">
        <ele>1637</ele>
        <time>2026-07-04T15:21:06.000Z</time>
      </trkpt>
      <trkpt lat="6.7531669999999995" lon="-73.00971300000003">
        <ele>1637</ele>
        <time>2026-07-04T15:21:07.000Z</time>
      </trkpt>
      <trkpt lat="6.75324" lon="-73.00975400000003">
        <ele>1636</ele>
        <time>2026-07-04T15:21:08.000Z</time>
      </trkpt>
      <trkpt lat="6.753312" lon="-73.00980500000003">
        <ele>1635</ele>
        <time>2026-07-04T15:21:09.000Z</time>
      </trkpt>
      <trkpt lat="6.7533780000000005" lon="-73.00986400000002">
        <ele>1634</ele>
        <time>2026-07-04T15:21:10.000Z</time>
      </trkpt>
      <trkpt lat="6.753437000000001" lon="-73.00992000000002">
        <ele>1633</ele>
        <time>2026-07-04T15:21:11.000Z</time>
      </trkpt>
      <trkpt lat="6.753503000000001" lon="-73.00998400000002">
        <ele>1632</ele>
        <time>2026-07-04T15:21:12.000Z</time>
      </trkpt>
      <trkpt lat="6.753558000000001" lon="-73.01003000000001">
        <ele>1631</ele>
        <time>2026-07-04T15:21:13.000Z</time>
      </trkpt>
      <trkpt lat="6.753618000000001" lon="-73.01008100000001">
        <ele>1631</ele>
        <time>2026-07-04T15:21:14.000Z</time>
      </trkpt>
      <trkpt lat="6.753675000000001" lon="-73.01013400000001">
        <ele>1630</ele>
        <time>2026-07-04T15:21:15.000Z</time>
      </trkpt>
      <trkpt lat="6.753736000000001" lon="-73.010186">
        <ele>1630</ele>
        <time>2026-07-04T15:21:16.000Z</time>
      </trkpt>
      <trkpt lat="6.753802000000001" lon="-73.010228">
        <ele>1630</ele>
        <time>2026-07-04T15:21:17.000Z</time>
      </trkpt>
      <trkpt lat="6.753870000000001" lon="-73.010271">
        <ele>1628</ele>
        <time>2026-07-04T15:21:18.000Z</time>
      </trkpt>
      <trkpt lat="6.753929000000001" lon="-73.01031900000001">
        <ele>1626</ele>
        <time>2026-07-04T15:21:19.000Z</time>
      </trkpt>
      <trkpt lat="6.753991000000001" lon="-73.01037000000001">
        <ele>1625</ele>
        <time>2026-07-04T15:21:20.000Z</time>
      </trkpt>
      <trkpt lat="6.754054000000001" lon="-73.01041900000001">
        <ele>1623</ele>
        <time>2026-07-04T15:21:21.000Z</time>
      </trkpt>
      <trkpt lat="6.754130000000001" lon="-73.01045800000001">
        <ele>1623</ele>
        <time>2026-07-04T15:21:22.000Z</time>
      </trkpt>
      <trkpt lat="6.754206000000001" lon="-73.01049800000001">
        <ele>1623</ele>
        <time>2026-07-04T15:21:23.000Z</time>
      </trkpt>
      <trkpt lat="6.7542740000000006" lon="-73.01053600000002">
        <ele>1624</ele>
        <time>2026-07-04T15:21:24.000Z</time>
      </trkpt>
      <trkpt lat="6.754339000000001" lon="-73.01057500000002">
        <ele>1624</ele>
        <time>2026-07-04T15:21:25.000Z</time>
      </trkpt>
      <trkpt lat="6.7543940000000005" lon="-73.01063300000001">
        <ele>1623</ele>
        <time>2026-07-04T15:21:26.000Z</time>
      </trkpt>
      <trkpt lat="6.754454000000001" lon="-73.01069000000001">
        <ele>1623</ele>
        <time>2026-07-04T15:21:27.000Z</time>
      </trkpt>
      <trkpt lat="6.754518000000001" lon="-73.01074400000002">
        <ele>1622</ele>
        <time>2026-07-04T15:21:28.000Z</time>
      </trkpt>
      <trkpt lat="6.754581000000001" lon="-73.01080100000001">
        <ele>1620</ele>
        <time>2026-07-04T15:21:29.000Z</time>
      </trkpt>
      <trkpt lat="6.754639000000001" lon="-73.01085700000002">
        <ele>1620</ele>
        <time>2026-07-04T15:21:30.000Z</time>
      </trkpt>
      <trkpt lat="6.754689000000001" lon="-73.01092400000002">
        <ele>1617</ele>
        <time>2026-07-04T15:21:31.000Z</time>
      </trkpt>
      <trkpt lat="6.754736000000001" lon="-73.01099000000002">
        <ele>1616</ele>
        <time>2026-07-04T15:21:32.000Z</time>
      </trkpt>
      <trkpt lat="6.754795000000001" lon="-73.01104900000001">
        <ele>1614</ele>
        <time>2026-07-04T15:21:33.000Z</time>
      </trkpt>
      <trkpt lat="6.754863000000001" lon="-73.01110500000001">
        <ele>1613</ele>
        <time>2026-07-04T15:21:34.000Z</time>
      </trkpt>
      <trkpt lat="6.754931000000001" lon="-73.01116600000002">
        <ele>1611</ele>
        <time>2026-07-04T15:21:35.000Z</time>
      </trkpt>
      <trkpt lat="6.754993000000001" lon="-73.01122900000001">
        <ele>1610</ele>
        <time>2026-07-04T15:21:36.000Z</time>
      </trkpt>
      <trkpt lat="6.7550490000000005" lon="-73.01128900000002">
        <ele>1609</ele>
        <time>2026-07-04T15:21:37.000Z</time>
      </trkpt>
      <trkpt lat="6.755107000000001" lon="-73.01135300000001">
        <ele>1607</ele>
        <time>2026-07-04T15:21:38.000Z</time>
      </trkpt>
      <trkpt lat="6.755169" lon="-73.01141600000001">
        <ele>1606</ele>
        <time>2026-07-04T15:21:39.000Z</time>
      </trkpt>
      <trkpt lat="6.755237" lon="-73.01147200000001">
        <ele>1604</ele>
        <time>2026-07-04T15:21:40.000Z</time>
      </trkpt>
      <trkpt lat="6.755301" lon="-73.01153900000001">
        <ele>1602</ele>
        <time>2026-07-04T15:21:41.000Z</time>
      </trkpt>
      <trkpt lat="6.755363" lon="-73.01161000000002">
        <ele>1601</ele>
        <time>2026-07-04T15:21:42.000Z</time>
      </trkpt>
      <trkpt lat="6.755418" lon="-73.01167800000002">
        <ele>1599</ele>
        <time>2026-07-04T15:21:43.000Z</time>
      </trkpt>
      <trkpt lat="6.7554739999999995" lon="-73.01174400000002">
        <ele>1597</ele>
        <time>2026-07-04T15:21:44.000Z</time>
      </trkpt>
      <trkpt lat="6.755542999999999" lon="-73.01180200000002">
        <ele>1596</ele>
        <time>2026-07-04T15:21:45.000Z</time>
      </trkpt>
      <trkpt lat="6.755616999999999" lon="-73.01186000000001">
        <ele>1595</ele>
        <time>2026-07-04T15:21:46.000Z</time>
      </trkpt>
      <trkpt lat="6.755687999999999" lon="-73.01191600000001">
        <ele>1594</ele>
        <time>2026-07-04T15:21:47.000Z</time>
      </trkpt>
      <trkpt lat="6.755751999999999" lon="-73.01196800000001">
        <ele>1595</ele>
        <time>2026-07-04T15:21:48.000Z</time>
      </trkpt>
      <trkpt lat="6.755818999999999" lon="-73.012027">
        <ele>1594</ele>
        <time>2026-07-04T15:21:49.000Z</time>
      </trkpt>
      <trkpt lat="6.755883999999999" lon="-73.012073">
        <ele>1592</ele>
        <time>2026-07-04T15:21:50.000Z</time>
      </trkpt>
      <trkpt lat="6.755951999999999" lon="-73.012114">
        <ele>1591</ele>
        <time>2026-07-04T15:21:51.000Z</time>
      </trkpt>
      <trkpt lat="6.756021999999999" lon="-73.012175">
        <ele>1589</ele>
        <time>2026-07-04T15:21:52.000Z</time>
      </trkpt>
      <trkpt lat="6.756098999999999" lon="-73.012232">
        <ele>1588</ele>
        <time>2026-07-04T15:21:53.000Z</time>
      </trkpt>
      <trkpt lat="6.756173999999999" lon="-73.01228">
        <ele>1588</ele>
        <time>2026-07-04T15:21:54.000Z</time>
      </trkpt>
      <trkpt lat="6.756244999999999" lon="-73.01232300000001">
        <ele>1587</ele>
        <time>2026-07-04T15:21:55.000Z</time>
      </trkpt>
      <trkpt lat="6.756320999999999" lon="-73.012364">
        <ele>1586</ele>
        <time>2026-07-04T15:21:56.000Z</time>
      </trkpt>
      <trkpt lat="6.7564009999999985" lon="-73.012404">
        <ele>1585</ele>
        <time>2026-07-04T15:21:57.000Z</time>
      </trkpt>
      <trkpt lat="6.7564829999999985" lon="-73.012446">
        <ele>1584</ele>
        <time>2026-07-04T15:21:58.000Z</time>
      </trkpt>
      <trkpt lat="6.756563999999998" lon="-73.012491">
        <ele>1582</ele>
        <time>2026-07-04T15:21:59.000Z</time>
      </trkpt>
      <trkpt lat="6.756642999999999" lon="-73.012526">
        <ele>1581</ele>
        <time>2026-07-04T15:22:00.000Z</time>
      </trkpt>
      <trkpt lat="6.756721999999999" lon="-73.012558">
        <ele>1580</ele>
        <time>2026-07-04T15:22:01.000Z</time>
      </trkpt>
      <trkpt lat="6.756799999999999" lon="-73.012593">
        <ele>1578</ele>
        <time>2026-07-04T15:22:02.000Z</time>
      </trkpt>
      <trkpt lat="6.756875999999999" lon="-73.01263">
        <ele>1577</ele>
        <time>2026-07-04T15:22:03.000Z</time>
      </trkpt>
      <trkpt lat="6.756952999999999" lon="-73.012665">
        <ele>1575</ele>
        <time>2026-07-04T15:22:04.000Z</time>
      </trkpt>
      <trkpt lat="6.757028999999999" lon="-73.012696">
        <ele>1575</ele>
        <time>2026-07-04T15:22:05.000Z</time>
      </trkpt>
      <trkpt lat="6.757110999999999" lon="-73.01271600000001">
        <ele>1573</ele>
        <time>2026-07-04T15:22:06.000Z</time>
      </trkpt>
      <trkpt lat="6.75719" lon="-73.01274000000001">
        <ele>1572</ele>
        <time>2026-07-04T15:22:07.000Z</time>
      </trkpt>
      <trkpt lat="6.7572719999999995" lon="-73.012758">
        <ele>1571</ele>
        <time>2026-07-04T15:22:08.000Z</time>
      </trkpt>
      <trkpt lat="6.757355" lon="-73.012782">
        <ele>1570</ele>
        <time>2026-07-04T15:22:09.000Z</time>
      </trkpt>
      <trkpt lat="6.7574369999999995" lon="-73.012795">
        <ele>1569</ele>
        <time>2026-07-04T15:22:10.000Z</time>
      </trkpt>
      <trkpt lat="6.757515" lon="-73.012835">
        <ele>1567</ele>
        <time>2026-07-04T15:22:11.000Z</time>
      </trkpt>
      <trkpt lat="6.757601999999999" lon="-73.01285899999999">
        <ele>1566</ele>
        <time>2026-07-04T15:22:12.000Z</time>
      </trkpt>
      <trkpt lat="6.757682999999999" lon="-73.01287799999999">
        <ele>1565</ele>
        <time>2026-07-04T15:22:13.000Z</time>
      </trkpt>
      <trkpt lat="6.757762999999999" lon="-73.01290699999998">
        <ele>1563</ele>
        <time>2026-07-04T15:22:14.000Z</time>
      </trkpt>
      <trkpt lat="6.757847999999999" lon="-73.01291999999998">
        <ele>1563</ele>
        <time>2026-07-04T15:22:15.000Z</time>
      </trkpt>
      <trkpt lat="6.757927999999999" lon="-73.01294199999998">
        <ele>1562</ele>
        <time>2026-07-04T15:22:16.000Z</time>
      </trkpt>
      <trkpt lat="6.758003999999999" lon="-73.01295299999998">
        <ele>1561</ele>
        <time>2026-07-04T15:22:17.000Z</time>
      </trkpt>
      <trkpt lat="6.758085999999999" lon="-73.01297399999999">
        <ele>1560</ele>
        <time>2026-07-04T15:22:18.000Z</time>
      </trkpt>
      <trkpt lat="6.758162999999999" lon="-73.01298699999998">
        <ele>1559</ele>
        <time>2026-07-04T15:22:19.000Z</time>
      </trkpt>
      <trkpt lat="6.758245999999999" lon="-73.01300899999998">
        <ele>1558</ele>
        <time>2026-07-04T15:22:20.000Z</time>
      </trkpt>
      <trkpt lat="6.758327999999999" lon="-73.01302499999998">
        <ele>1557</ele>
        <time>2026-07-04T15:22:21.000Z</time>
      </trkpt>
      <trkpt lat="6.758411999999999" lon="-73.01304399999998">
        <ele>1557</ele>
        <time>2026-07-04T15:22:22.000Z</time>
      </trkpt>
      <trkpt lat="6.758490999999999" lon="-73.01306599999998">
        <ele>1556</ele>
        <time>2026-07-04T15:22:23.000Z</time>
      </trkpt>
      <trkpt lat="6.758573999999999" lon="-73.01308199999998">
        <ele>1555</ele>
        <time>2026-07-04T15:22:24.000Z</time>
      </trkpt>
      <trkpt lat="6.758653999999999" lon="-73.01310199999999">
        <ele>1553</ele>
        <time>2026-07-04T15:22:25.000Z</time>
      </trkpt>
      <trkpt lat="6.758736999999999" lon="-73.013123">
        <ele>1551</ele>
        <time>2026-07-04T15:22:26.000Z</time>
      </trkpt>
      <trkpt lat="6.758823999999999" lon="-73.01315299999999">
        <ele>1549</ele>
        <time>2026-07-04T15:22:27.000Z</time>
      </trkpt>
      <trkpt lat="6.758910999999999" lon="-73.013168">
        <ele>1548</ele>
        <time>2026-07-04T15:22:28.000Z</time>
      </trkpt>
      <trkpt lat="6.7589929999999985" lon="-73.01319">
        <ele>1547</ele>
        <time>2026-07-04T15:22:29.000Z</time>
      </trkpt>
      <trkpt lat="6.7590759999999985" lon="-73.013205">
        <ele>1546</ele>
        <time>2026-07-04T15:22:30.000Z</time>
      </trkpt>
      <trkpt lat="6.7591579999999984" lon="-73.013227">
        <ele>1545</ele>
        <time>2026-07-04T15:22:31.000Z</time>
      </trkpt>
      <trkpt lat="6.759242999999999" lon="-73.013245">
        <ele>1543</ele>
        <time>2026-07-04T15:22:32.000Z</time>
      </trkpt>
      <trkpt lat="6.759325999999999" lon="-73.013261">
        <ele>1543</ele>
        <time>2026-07-04T15:22:33.000Z</time>
      </trkpt>
      <trkpt lat="6.759409999999999" lon="-73.013285">
        <ele>1541</ele>
        <time>2026-07-04T15:22:34.000Z</time>
      </trkpt>
      <trkpt lat="6.759494999999999" lon="-73.013301">
        <ele>1539</ele>
        <time>2026-07-04T15:22:35.000Z</time>
      </trkpt>
      <trkpt lat="6.759575999999999" lon="-73.01331">
        <ele>1539</ele>
        <time>2026-07-04T15:22:36.000Z</time>
      </trkpt>
      <trkpt lat="6.759657999999999" lon="-73.013329">
        <ele>1537</ele>
        <time>2026-07-04T15:22:37.000Z</time>
      </trkpt>
      <trkpt lat="6.759736999999999" lon="-73.01333699999999">
        <ele>1536</ele>
        <time>2026-07-04T15:22:38.000Z</time>
      </trkpt>
      <trkpt lat="6.759818999999999" lon="-73.013364">
        <ele>1534</ele>
        <time>2026-07-04T15:22:39.000Z</time>
      </trkpt>
      <trkpt lat="6.759898" lon="-73.01338899999999">
        <ele>1532</ele>
        <time>2026-07-04T15:22:40.000Z</time>
      </trkpt>
      <trkpt lat="6.759977999999999" lon="-73.01341099999999">
        <ele>1530</ele>
        <time>2026-07-04T15:22:41.000Z</time>
      </trkpt>
      <trkpt lat="6.760062" lon="-73.013432">
        <ele>1528</ele>
        <time>2026-07-04T15:22:42.000Z</time>
      </trkpt>
      <trkpt lat="6.760141999999999" lon="-73.013454">
        <ele>1527</ele>
        <time>2026-07-04T15:22:43.000Z</time>
      </trkpt>
      <trkpt lat="6.760222999999999" lon="-73.01346699999999">
        <ele>1526</ele>
        <time>2026-07-04T15:22:44.000Z</time>
      </trkpt>
      <trkpt lat="6.760304999999999" lon="-73.01348999999999">
        <ele>1524</ele>
        <time>2026-07-04T15:22:45.000Z</time>
      </trkpt>
      <trkpt lat="6.760386999999999" lon="-73.013511">
        <ele>1523</ele>
        <time>2026-07-04T15:22:46.000Z</time>
      </trkpt>
      <trkpt lat="6.760467999999999" lon="-73.013539">
        <ele>1521</ele>
        <time>2026-07-04T15:22:47.000Z</time>
      </trkpt>
      <trkpt lat="6.760548999999998" lon="-73.013548">
        <ele>1520</ele>
        <time>2026-07-04T15:22:48.000Z</time>
      </trkpt>
      <trkpt lat="6.760631999999998" lon="-73.013578">
        <ele>1518</ele>
        <time>2026-07-04T15:22:49.000Z</time>
      </trkpt>
      <trkpt lat="6.760712999999998" lon="-73.013604">
        <ele>1516</ele>
        <time>2026-07-04T15:22:50.000Z</time>
      </trkpt>
      <trkpt lat="6.760795999999998" lon="-73.013625">
        <ele>1515</ele>
        <time>2026-07-04T15:22:51.000Z</time>
      </trkpt>
      <trkpt lat="6.760880999999999" lon="-73.013653">
        <ele>1513</ele>
        <time>2026-07-04T15:22:52.000Z</time>
      </trkpt>
      <trkpt lat="6.760967999999998" lon="-73.013681">
        <ele>1511</ele>
        <time>2026-07-04T15:22:53.000Z</time>
      </trkpt>
      <trkpt lat="6.761043999999998" lon="-73.013711">
        <ele>1509</ele>
        <time>2026-07-04T15:22:54.000Z</time>
      </trkpt>
      <trkpt lat="6.761128999999999" lon="-73.01374">
        <ele>1508</ele>
        <time>2026-07-04T15:22:55.000Z</time>
      </trkpt>
      <trkpt lat="6.761209999999998" lon="-73.013769">
        <ele>1506</ele>
        <time>2026-07-04T15:22:56.000Z</time>
      </trkpt>
      <trkpt lat="6.761289999999998" lon="-73.013806">
        <ele>1505</ele>
        <time>2026-07-04T15:22:57.000Z</time>
      </trkpt>
      <trkpt lat="6.761370999999998" lon="-73.013836">
        <ele>1504</ele>
        <time>2026-07-04T15:22:58.000Z</time>
      </trkpt>
      <trkpt lat="6.761450999999997" lon="-73.013864">
        <ele>1502</ele>
        <time>2026-07-04T15:22:59.000Z</time>
      </trkpt>
      <trkpt lat="6.7615279999999975" lon="-73.013901">
        <ele>1500</ele>
        <time>2026-07-04T15:23:00.000Z</time>
      </trkpt>
      <trkpt lat="6.761606999999998" lon="-73.013923">
        <ele>1499</ele>
        <time>2026-07-04T15:23:01.000Z</time>
      </trkpt>
      <trkpt lat="6.761689999999998" lon="-73.01395600000001">
        <ele>1498</ele>
        <time>2026-07-04T15:23:02.000Z</time>
      </trkpt>
      <trkpt lat="6.761771999999998" lon="-73.01397800000001">
        <ele>1497</ele>
        <time>2026-07-04T15:23:03.000Z</time>
      </trkpt>
      <trkpt lat="6.761856999999998" lon="-73.01401500000001">
        <ele>1496</ele>
        <time>2026-07-04T15:23:04.000Z</time>
      </trkpt>
      <trkpt lat="6.761933999999998" lon="-73.01405100000001">
        <ele>1495</ele>
        <time>2026-07-04T15:23:05.000Z</time>
      </trkpt>
      <trkpt lat="6.762010999999998" lon="-73.01408300000001">
        <ele>1493</ele>
        <time>2026-07-04T15:23:06.000Z</time>
      </trkpt>
      <trkpt lat="6.762085999999998" lon="-73.01411600000002">
        <ele>1492</ele>
        <time>2026-07-04T15:23:07.000Z</time>
      </trkpt>
      <trkpt lat="6.762162999999998" lon="-73.01414700000002">
        <ele>1490</ele>
        <time>2026-07-04T15:23:08.000Z</time>
      </trkpt>
      <trkpt lat="6.762240999999999" lon="-73.01418500000003">
        <ele>1488</ele>
        <time>2026-07-04T15:23:09.000Z</time>
      </trkpt>
      <trkpt lat="6.762317999999999" lon="-73.01421900000003">
        <ele>1487</ele>
        <time>2026-07-04T15:23:10.000Z</time>
      </trkpt>
      <trkpt lat="6.762396999999999" lon="-73.01425500000002">
        <ele>1485</ele>
        <time>2026-07-04T15:23:11.000Z</time>
      </trkpt>
      <trkpt lat="6.762472999999999" lon="-73.01429700000001">
        <ele>1483</ele>
        <time>2026-07-04T15:23:12.000Z</time>
      </trkpt>
      <trkpt lat="6.762547999999999" lon="-73.01433000000002">
        <ele>1482</ele>
        <time>2026-07-04T15:23:13.000Z</time>
      </trkpt>
      <trkpt lat="6.762620999999999" lon="-73.01436300000002">
        <ele>1481</ele>
        <time>2026-07-04T15:23:14.000Z</time>
      </trkpt>
      <trkpt lat="6.762695999999999" lon="-73.01439400000002">
        <ele>1479</ele>
        <time>2026-07-04T15:23:15.000Z</time>
      </trkpt>
      <trkpt lat="6.762773999999999" lon="-73.01442500000003">
        <ele>1478</ele>
        <time>2026-07-04T15:23:16.000Z</time>
      </trkpt>
      <trkpt lat="6.762848999999999" lon="-73.01445800000003">
        <ele>1477</ele>
        <time>2026-07-04T15:23:17.000Z</time>
      </trkpt>
      <trkpt lat="6.762922999999999" lon="-73.01449100000004">
        <ele>1475</ele>
        <time>2026-07-04T15:23:18.000Z</time>
      </trkpt>
      <trkpt lat="6.762998999999999" lon="-73.01451700000004">
        <ele>1474</ele>
        <time>2026-07-04T15:23:19.000Z</time>
      </trkpt>
      <trkpt lat="6.763075999999999" lon="-73.01455600000004">
        <ele>1472</ele>
        <time>2026-07-04T15:23:20.000Z</time>
      </trkpt>
      <trkpt lat="6.763152999999999" lon="-73.01458600000004">
        <ele>1469</ele>
        <time>2026-07-04T15:23:21.000Z</time>
      </trkpt>
      <trkpt lat="6.7632259999999995" lon="-73.01462300000004">
        <ele>1468</ele>
        <time>2026-07-04T15:23:22.000Z</time>
      </trkpt>
      <trkpt lat="6.763299" lon="-73.01465900000004">
        <ele>1467</ele>
        <time>2026-07-04T15:23:23.000Z</time>
      </trkpt>
      <trkpt lat="6.76338" lon="-73.01468600000004">
        <ele>1466</ele>
        <time>2026-07-04T15:23:24.000Z</time>
      </trkpt>
      <trkpt lat="6.763458" lon="-73.01471700000005">
        <ele>1465</ele>
        <time>2026-07-04T15:23:25.000Z</time>
      </trkpt>
      <trkpt lat="6.763533" lon="-73.01474400000005">
        <ele>1463</ele>
        <time>2026-07-04T15:23:26.000Z</time>
      </trkpt>
      <trkpt lat="6.763605" lon="-73.01478100000006">
        <ele>1461</ele>
        <time>2026-07-04T15:23:27.000Z</time>
      </trkpt>
      <trkpt lat="6.763688" lon="-73.01481300000006">
        <ele>1460</ele>
        <time>2026-07-04T15:23:28.000Z</time>
      </trkpt>
      <trkpt lat="6.7637670000000005" lon="-73.01484400000007">
        <ele>1458</ele>
        <time>2026-07-04T15:23:29.000Z</time>
      </trkpt>
      <trkpt lat="6.763851000000001" lon="-73.01487100000007">
        <ele>1456</ele>
        <time>2026-07-04T15:23:30.000Z</time>
      </trkpt>
      <trkpt lat="6.7639320000000005" lon="-73.01490700000006">
        <ele>1455</ele>
        <time>2026-07-04T15:23:31.000Z</time>
      </trkpt>
      <trkpt lat="6.764017000000001" lon="-73.01493000000006">
        <ele>1453</ele>
        <time>2026-07-04T15:23:32.000Z</time>
      </trkpt>
      <trkpt lat="6.764092000000001" lon="-73.01497400000007">
        <ele>1451</ele>
        <time>2026-07-04T15:23:33.000Z</time>
      </trkpt>
      <trkpt lat="6.764173" lon="-73.01500000000007">
        <ele>1450</ele>
        <time>2026-07-04T15:23:34.000Z</time>
      </trkpt>
      <trkpt lat="6.764251000000001" lon="-73.01502900000007">
        <ele>1448</ele>
        <time>2026-07-04T15:23:35.000Z</time>
      </trkpt>
      <trkpt lat="6.7643320000000005" lon="-73.01506000000008">
        <ele>1446</ele>
        <time>2026-07-04T15:23:36.000Z</time>
      </trkpt>
      <trkpt lat="6.764411000000001" lon="-73.01509000000007">
        <ele>1444</ele>
        <time>2026-07-04T15:23:37.000Z</time>
      </trkpt>
      <trkpt lat="6.764492000000001" lon="-73.01512200000008">
        <ele>1443</ele>
        <time>2026-07-04T15:23:38.000Z</time>
      </trkpt>
      <trkpt lat="6.764572" lon="-73.01514400000008">
        <ele>1442</ele>
        <time>2026-07-04T15:23:39.000Z</time>
      </trkpt>
      <trkpt lat="6.764654" lon="-73.01517900000007">
        <ele>1441</ele>
        <time>2026-07-04T15:23:40.000Z</time>
      </trkpt>
      <trkpt lat="6.764731" lon="-73.01520800000007">
        <ele>1440</ele>
        <time>2026-07-04T15:23:41.000Z</time>
      </trkpt>
      <trkpt lat="6.764810000000001" lon="-73.01524700000007">
        <ele>1438</ele>
        <time>2026-07-04T15:23:42.000Z</time>
      </trkpt>
      <trkpt lat="6.764887000000001" lon="-73.01528600000007">
        <ele>1435</ele>
        <time>2026-07-04T15:23:43.000Z</time>
      </trkpt>
      <trkpt lat="6.764969000000001" lon="-73.01530400000007">
        <ele>1434</ele>
        <time>2026-07-04T15:23:44.000Z</time>
      </trkpt>
      <trkpt lat="6.765048000000001" lon="-73.01533400000007">
        <ele>1433</ele>
        <time>2026-07-04T15:23:45.000Z</time>
      </trkpt>
      <trkpt lat="6.765130000000001" lon="-73.01535700000007">
        <ele>1431</ele>
        <time>2026-07-04T15:23:46.000Z</time>
      </trkpt>
      <trkpt lat="6.765205000000001" lon="-73.01538900000007">
        <ele>1429</ele>
        <time>2026-07-04T15:23:47.000Z</time>
      </trkpt>
      <trkpt lat="6.765282000000001" lon="-73.01542400000007">
        <ele>1427</ele>
        <time>2026-07-04T15:23:48.000Z</time>
      </trkpt>
      <trkpt lat="6.765359000000001" lon="-73.01545600000007">
        <ele>1425</ele>
        <time>2026-07-04T15:23:49.000Z</time>
      </trkpt>
      <trkpt lat="6.765442000000001" lon="-73.01548700000008">
        <ele>1424</ele>
        <time>2026-07-04T15:23:50.000Z</time>
      </trkpt>
      <trkpt lat="6.765523000000001" lon="-73.01552000000008">
        <ele>1422</ele>
        <time>2026-07-04T15:23:51.000Z</time>
      </trkpt>
      <trkpt lat="6.7656030000000005" lon="-73.01556000000008">
        <ele>1420</ele>
        <time>2026-07-04T15:23:52.000Z</time>
      </trkpt>
      <trkpt lat="6.765680000000001" lon="-73.01559600000007">
        <ele>1419</ele>
        <time>2026-07-04T15:23:53.000Z</time>
      </trkpt>
      <trkpt lat="6.765758000000001" lon="-73.01562600000007">
        <ele>1418</ele>
        <time>2026-07-04T15:23:54.000Z</time>
      </trkpt>
      <trkpt lat="6.765836000000001" lon="-73.01567000000007">
        <ele>1416</ele>
        <time>2026-07-04T15:23:55.000Z</time>
      </trkpt>
      <trkpt lat="6.7659150000000015" lon="-73.01571000000007">
        <ele>1414</ele>
        <time>2026-07-04T15:23:56.000Z</time>
      </trkpt>
      <trkpt lat="6.765995000000001" lon="-73.01575800000008">
        <ele>1411</ele>
        <time>2026-07-04T15:23:57.000Z</time>
      </trkpt>
      <trkpt lat="6.7660740000000015" lon="-73.01579100000008">
        <ele>1411</ele>
        <time>2026-07-04T15:23:58.000Z</time>
      </trkpt>
      <trkpt lat="6.766152000000002" lon="-73.01583800000007">
        <ele>1409</ele>
        <time>2026-07-04T15:23:59.000Z</time>
      </trkpt>
      <trkpt lat="6.766229000000002" lon="-73.01588000000007">
        <ele>1407</ele>
        <time>2026-07-04T15:24:00.000Z</time>
      </trkpt>
      <trkpt lat="6.766302000000002" lon="-73.01591600000006">
        <ele>1405</ele>
        <time>2026-07-04T15:24:01.000Z</time>
      </trkpt>
      <trkpt lat="6.766379000000002" lon="-73.01595300000007">
        <ele>1404</ele>
        <time>2026-07-04T15:24:02.000Z</time>
      </trkpt>
      <trkpt lat="6.7664560000000025" lon="-73.01598700000007">
        <ele>1403</ele>
        <time>2026-07-04T15:24:03.000Z</time>
      </trkpt>
      <trkpt lat="6.766533000000003" lon="-73.01603200000007">
        <ele>1401</ele>
        <time>2026-07-04T15:24:04.000Z</time>
      </trkpt>
      <trkpt lat="6.766606000000003" lon="-73.01606700000006">
        <ele>1399</ele>
        <time>2026-07-04T15:24:05.000Z</time>
      </trkpt>
      <trkpt lat="6.766684000000003" lon="-73.01609700000006">
        <ele>1398</ele>
        <time>2026-07-04T15:24:06.000Z</time>
      </trkpt>
      <trkpt lat="6.766759000000003" lon="-73.01613300000005">
        <ele>1396</ele>
        <time>2026-07-04T15:24:07.000Z</time>
      </trkpt>
      <trkpt lat="6.766835000000003" lon="-73.01617200000005">
        <ele>1395</ele>
        <time>2026-07-04T15:24:08.000Z</time>
      </trkpt>
      <trkpt lat="6.766916000000003" lon="-73.01621700000005">
        <ele>1393</ele>
        <time>2026-07-04T15:24:09.000Z</time>
      </trkpt>
      <trkpt lat="6.766994000000003" lon="-73.01625000000006">
        <ele>1392</ele>
        <time>2026-07-04T15:24:10.000Z</time>
      </trkpt>
      <trkpt lat="6.767074000000003" lon="-73.01629400000006">
        <ele>1391</ele>
        <time>2026-07-04T15:24:11.000Z</time>
      </trkpt>
      <trkpt lat="6.767150000000003" lon="-73.01633300000006">
        <ele>1390</ele>
        <time>2026-07-04T15:24:12.000Z</time>
      </trkpt>
      <trkpt lat="6.767226000000003" lon="-73.01636500000006">
        <ele>1389</ele>
        <time>2026-07-04T15:24:13.000Z</time>
      </trkpt>
      <trkpt lat="6.767306000000002" lon="-73.01640900000007">
        <ele>1387</ele>
        <time>2026-07-04T15:24:14.000Z</time>
      </trkpt>
      <trkpt lat="6.7673840000000025" lon="-73.01645100000006">
        <ele>1385</ele>
        <time>2026-07-04T15:24:15.000Z</time>
      </trkpt>
      <trkpt lat="6.767464000000002" lon="-73.01648400000006">
        <ele>1384</ele>
        <time>2026-07-04T15:24:16.000Z</time>
      </trkpt>
      <trkpt lat="6.767545000000002" lon="-73.01652000000006">
        <ele>1384</ele>
        <time>2026-07-04T15:24:17.000Z</time>
      </trkpt>
      <trkpt lat="6.767625000000002" lon="-73.01656000000006">
        <ele>1382</ele>
        <time>2026-07-04T15:24:18.000Z</time>
      </trkpt>
      <trkpt lat="6.7677070000000015" lon="-73.01659400000005">
        <ele>1381</ele>
        <time>2026-07-04T15:24:19.000Z</time>
      </trkpt>
      <trkpt lat="6.767788000000001" lon="-73.01663100000006">
        <ele>1379</ele>
        <time>2026-07-04T15:24:20.000Z</time>
      </trkpt>
      <trkpt lat="6.767865000000001" lon="-73.01666900000006">
        <ele>1378</ele>
        <time>2026-07-04T15:24:21.000Z</time>
      </trkpt>
      <trkpt lat="6.767945000000001" lon="-73.01671500000006">
        <ele>1376</ele>
        <time>2026-07-04T15:24:22.000Z</time>
      </trkpt>
      <trkpt lat="6.768027000000001" lon="-73.01675500000006">
        <ele>1375</ele>
        <time>2026-07-04T15:24:23.000Z</time>
      </trkpt>
      <trkpt lat="6.768109000000001" lon="-73.01679100000005">
        <ele>1374</ele>
        <time>2026-07-04T15:24:24.000Z</time>
      </trkpt>
      <trkpt lat="6.768188000000001" lon="-73.01682300000006">
        <ele>1374</ele>
        <time>2026-07-04T15:24:25.000Z</time>
      </trkpt>
      <trkpt lat="6.768267000000002" lon="-73.01686500000005">
        <ele>1372</ele>
        <time>2026-07-04T15:24:26.000Z</time>
      </trkpt>
      <trkpt lat="6.7683490000000015" lon="-73.01690900000006">
        <ele>1370</ele>
        <time>2026-07-04T15:24:27.000Z</time>
      </trkpt>
      <trkpt lat="6.768426000000002" lon="-73.01694500000005">
        <ele>1369</ele>
        <time>2026-07-04T15:24:28.000Z</time>
      </trkpt>
      <trkpt lat="6.768502000000002" lon="-73.01697900000005">
        <ele>1369</ele>
        <time>2026-07-04T15:24:29.000Z</time>
      </trkpt>
      <trkpt lat="6.768581000000002" lon="-73.01702500000005">
        <ele>1367</ele>
        <time>2026-07-04T15:24:30.000Z</time>
      </trkpt>
      <trkpt lat="6.768659000000002" lon="-73.01706500000004">
        <ele>1365</ele>
        <time>2026-07-04T15:24:31.000Z</time>
      </trkpt>
      <trkpt lat="6.768739000000002" lon="-73.01710100000004">
        <ele>1365</ele>
        <time>2026-07-04T15:24:32.000Z</time>
      </trkpt>
      <trkpt lat="6.7688190000000015" lon="-73.01714100000004">
        <ele>1363</ele>
        <time>2026-07-04T15:24:33.000Z</time>
      </trkpt>
      <trkpt lat="6.768899000000001" lon="-73.01718400000004">
        <ele>1362</ele>
        <time>2026-07-04T15:24:34.000Z</time>
      </trkpt>
      <trkpt lat="6.7689840000000014" lon="-73.01722400000004">
        <ele>1361</ele>
        <time>2026-07-04T15:24:35.000Z</time>
      </trkpt>
      <trkpt lat="6.769069000000002" lon="-73.01726600000003">
        <ele>1359</ele>
        <time>2026-07-04T15:24:36.000Z</time>
      </trkpt>
      <trkpt lat="6.769151000000002" lon="-73.01730300000004">
        <ele>1358</ele>
        <time>2026-07-04T15:24:37.000Z</time>
      </trkpt>
      <trkpt lat="6.769235000000002" lon="-73.01734300000004">
        <ele>1357</ele>
        <time>2026-07-04T15:24:38.000Z</time>
      </trkpt>
      <trkpt lat="6.769314000000002" lon="-73.01738700000004">
        <ele>1355</ele>
        <time>2026-07-04T15:24:39.000Z</time>
      </trkpt>
      <trkpt lat="6.769397000000002" lon="-73.01742800000004">
        <ele>1353</ele>
        <time>2026-07-04T15:24:40.000Z</time>
      </trkpt>
      <trkpt lat="6.769478000000002" lon="-73.01746300000003">
        <ele>1352</ele>
        <time>2026-07-04T15:24:41.000Z</time>
      </trkpt>
      <trkpt lat="6.769561000000002" lon="-73.01748900000004">
        <ele>1352</ele>
        <time>2026-07-04T15:24:42.000Z</time>
      </trkpt>
      <trkpt lat="6.769645000000002" lon="-73.01752000000005">
        <ele>1351</ele>
        <time>2026-07-04T15:24:43.000Z</time>
      </trkpt>
      <trkpt lat="6.769725000000002" lon="-73.01755100000005">
        <ele>1349</ele>
        <time>2026-07-04T15:24:44.000Z</time>
      </trkpt>
      <trkpt lat="6.769810000000002" lon="-73.01757400000005">
        <ele>1349</ele>
        <time>2026-07-04T15:24:45.000Z</time>
      </trkpt>
      <trkpt lat="6.769884000000002" lon="-73.01760200000005">
        <ele>1347</ele>
        <time>2026-07-04T15:24:46.000Z</time>
      </trkpt>
      <trkpt lat="6.769959000000002" lon="-73.01763000000005">
        <ele>1345</ele>
        <time>2026-07-04T15:24:47.000Z</time>
      </trkpt>
      <trkpt lat="6.770034000000002" lon="-73.01765300000005">
        <ele>1343</ele>
        <time>2026-07-04T15:24:48.000Z</time>
      </trkpt>
      <trkpt lat="6.770112000000002" lon="-73.01767400000006">
        <ele>1340</ele>
        <time>2026-07-04T15:24:49.000Z</time>
      </trkpt>
      <trkpt lat="6.770193000000002" lon="-73.01769400000006">
        <ele>1339</ele>
        <time>2026-07-04T15:24:50.000Z</time>
      </trkpt>
      <trkpt lat="6.7702740000000015" lon="-73.01772000000007">
        <ele>1337</ele>
        <time>2026-07-04T15:24:51.000Z</time>
      </trkpt>
      <trkpt lat="6.770355000000001" lon="-73.01775000000006">
        <ele>1336</ele>
        <time>2026-07-04T15:24:52.000Z</time>
      </trkpt>
      <trkpt lat="6.770432000000001" lon="-73.01777100000007">
        <ele>1335</ele>
        <time>2026-07-04T15:24:53.000Z</time>
      </trkpt>
      <trkpt lat="6.770505000000002" lon="-73.01779400000007">
        <ele>1334</ele>
        <time>2026-07-04T15:24:54.000Z</time>
      </trkpt>
      <trkpt lat="6.770585000000001" lon="-73.01781900000006">
        <ele>1332</ele>
        <time>2026-07-04T15:24:55.000Z</time>
      </trkpt>
      <trkpt lat="6.770670000000002" lon="-73.01785600000007">
        <ele>1331</ele>
        <time>2026-07-04T15:24:56.000Z</time>
      </trkpt>
      <trkpt lat="6.7707570000000015" lon="-73.01788200000007">
        <ele>1330</ele>
        <time>2026-07-04T15:24:57.000Z</time>
      </trkpt>
      <trkpt lat="6.770845000000001" lon="-73.01789800000007">
        <ele>1332</ele>
        <time>2026-07-04T15:24:58.000Z</time>
      </trkpt>
      <trkpt lat="6.770917000000002" lon="-73.01789000000008">
        <ele>1332</ele>
        <time>2026-07-04T15:24:59.000Z</time>
      </trkpt>
      <trkpt lat="6.770988000000002" lon="-73.01789400000008">
        <ele>1332</ele>
        <time>2026-07-04T15:25:00.000Z</time>
      </trkpt>
      <trkpt lat="6.771063000000002" lon="-73.01789500000008">
        <ele>1330</ele>
        <time>2026-07-04T15:25:01.000Z</time>
      </trkpt>
      <trkpt lat="6.771137000000001" lon="-73.01788900000008">
        <ele>1331</ele>
        <time>2026-07-04T15:25:02.000Z</time>
      </trkpt>
      <trkpt lat="6.771227000000001" lon="-73.01790800000008">
        <ele>1331</ele>
        <time>2026-07-04T15:25:03.000Z</time>
      </trkpt>
      <trkpt lat="6.7713230000000015" lon="-73.01792400000008">
        <ele>1332</ele>
        <time>2026-07-04T15:25:04.000Z</time>
      </trkpt>
      <trkpt lat="6.771411000000001" lon="-73.01794900000007">
        <ele>1334</ele>
        <time>2026-07-04T15:25:05.000Z</time>
      </trkpt>
      <trkpt lat="6.771492000000001" lon="-73.01797100000007">
        <ele>1335</ele>
        <time>2026-07-04T15:25:06.000Z</time>
      </trkpt>
      <trkpt lat="6.771565000000002" lon="-73.01800300000008">
        <ele>1336</ele>
        <time>2026-07-04T15:25:07.000Z</time>
      </trkpt>
      <trkpt lat="6.771644000000002" lon="-73.01802800000007">
        <ele>1336</ele>
        <time>2026-07-04T15:25:08.000Z</time>
      </trkpt>
      <trkpt lat="6.771717000000002" lon="-73.01804900000008">
        <ele>1336</ele>
        <time>2026-07-04T15:25:09.000Z</time>
      </trkpt>
      <trkpt lat="6.771790000000003" lon="-73.01806300000007">
        <ele>1341</ele>
        <time>2026-07-04T15:25:10.000Z</time>
      </trkpt>
      <trkpt lat="6.771862000000003" lon="-73.01809500000007">
        <ele>1342</ele>
        <time>2026-07-04T15:25:11.000Z</time>
      </trkpt>
      <trkpt lat="6.771935000000004" lon="-73.01811600000008">
        <ele>1343</ele>
        <time>2026-07-04T15:25:12.000Z</time>
      </trkpt>
      <trkpt lat="6.772010000000003" lon="-73.01814400000008">
        <ele>1343</ele>
        <time>2026-07-04T15:25:13.000Z</time>
      </trkpt>
      <trkpt lat="6.772088000000004" lon="-73.01816900000007">
        <ele>1342</ele>
        <time>2026-07-04T15:25:14.000Z</time>
      </trkpt>
      <trkpt lat="6.772173000000004" lon="-73.01819500000008">
        <ele>1341</ele>
        <time>2026-07-04T15:25:15.000Z</time>
      </trkpt>
      <trkpt lat="6.772257000000004" lon="-73.01822600000008">
        <ele>1341</ele>
        <time>2026-07-04T15:25:16.000Z</time>
      </trkpt>
      <trkpt lat="6.772344000000004" lon="-73.01825800000009">
        <ele>1341</ele>
        <time>2026-07-04T15:25:17.000Z</time>
      </trkpt>
      <trkpt lat="6.772419000000004" lon="-73.01829100000009">
        <ele>1342</ele>
        <time>2026-07-04T15:25:18.000Z</time>
      </trkpt>
      <trkpt lat="6.772478000000004" lon="-73.0183220000001">
        <ele>1343</ele>
        <time>2026-07-04T15:25:19.000Z</time>
      </trkpt>
      <trkpt lat="6.772546000000004" lon="-73.0183530000001">
        <ele>1344</ele>
        <time>2026-07-04T15:25:20.000Z</time>
      </trkpt>
      <trkpt lat="6.772613000000003" lon="-73.0183950000001">
        <ele>1342</ele>
        <time>2026-07-04T15:25:21.000Z</time>
      </trkpt>
      <trkpt lat="6.772679000000004" lon="-73.0184410000001">
        <ele>1341</ele>
        <time>2026-07-04T15:25:22.000Z</time>
      </trkpt>
      <trkpt lat="6.772751000000004" lon="-73.0184910000001">
        <ele>1340</ele>
        <time>2026-07-04T15:25:23.000Z</time>
      </trkpt>
      <trkpt lat="6.772822000000004" lon="-73.01853800000009">
        <ele>1339</ele>
        <time>2026-07-04T15:25:24.000Z</time>
      </trkpt>
      <trkpt lat="6.772891000000004" lon="-73.0185880000001">
        <ele>1338</ele>
        <time>2026-07-04T15:25:25.000Z</time>
      </trkpt>
      <trkpt lat="6.772955000000004" lon="-73.01865800000009">
        <ele>1337</ele>
        <time>2026-07-04T15:25:26.000Z</time>
      </trkpt>
      <trkpt lat="6.773013000000004" lon="-73.01871300000009">
        <ele>1335</ele>
        <time>2026-07-04T15:25:27.000Z</time>
      </trkpt>
      <trkpt lat="6.7730660000000045" lon="-73.01876900000009">
        <ele>1333</ele>
        <time>2026-07-04T15:25:28.000Z</time>
      </trkpt>
      <trkpt lat="6.773114000000004" lon="-73.01882700000009">
        <ele>1331</ele>
        <time>2026-07-04T15:25:29.000Z</time>
      </trkpt>
      <trkpt lat="6.773169000000004" lon="-73.01889500000009">
        <ele>1329</ele>
        <time>2026-07-04T15:25:30.000Z</time>
      </trkpt>
      <trkpt lat="6.7732180000000035" lon="-73.01895500000009">
        <ele>1328</ele>
        <time>2026-07-04T15:25:31.000Z</time>
      </trkpt>
      <trkpt lat="6.773277000000004" lon="-73.01901800000009">
        <ele>1327</ele>
        <time>2026-07-04T15:25:32.000Z</time>
      </trkpt>
      <trkpt lat="6.773325000000003" lon="-73.01908100000009">
        <ele>1327</ele>
        <time>2026-07-04T15:25:33.000Z</time>
      </trkpt>
      <trkpt lat="6.773370000000003" lon="-73.01914100000009">
        <ele>1327</ele>
        <time>2026-07-04T15:25:34.000Z</time>
      </trkpt>
      <trkpt lat="6.773412000000003" lon="-73.0191840000001">
        <ele>1326</ele>
        <time>2026-07-04T15:25:35.000Z</time>
      </trkpt>
      <trkpt lat="6.773451000000003" lon="-73.01924700000009">
        <ele>1324</ele>
        <time>2026-07-04T15:25:36.000Z</time>
      </trkpt>
      <trkpt lat="6.773506000000003" lon="-73.01931700000009">
        <ele>1322</ele>
        <time>2026-07-04T15:25:37.000Z</time>
      </trkpt>
      <trkpt lat="6.773564000000003" lon="-73.01939100000008">
        <ele>1321</ele>
        <time>2026-07-04T15:25:38.000Z</time>
      </trkpt>
      <trkpt lat="6.773634000000003" lon="-73.01946200000009">
        <ele>1321</ele>
        <time>2026-07-04T15:25:39.000Z</time>
      </trkpt>
      <trkpt lat="6.773706000000003" lon="-73.01953100000009">
        <ele>1321</ele>
        <time>2026-07-04T15:25:40.000Z</time>
      </trkpt>
      <trkpt lat="6.773753000000004" lon="-73.01958600000009">
        <ele>1322</ele>
        <time>2026-07-04T15:25:41.000Z</time>
      </trkpt>
      <trkpt lat="6.773811000000004" lon="-73.0196290000001">
        <ele>1321</ele>
        <time>2026-07-04T15:25:42.000Z</time>
      </trkpt>
      <trkpt lat="6.773864000000004" lon="-73.0196800000001">
        <ele>1318</ele>
        <time>2026-07-04T15:25:43.000Z</time>
      </trkpt>
      <trkpt lat="6.773936000000004" lon="-73.0197350000001">
        <ele>1315</ele>
        <time>2026-07-04T15:25:44.000Z</time>
      </trkpt>
      <trkpt lat="6.774015000000005" lon="-73.0197920000001">
        <ele>1313</ele>
        <time>2026-07-04T15:25:45.000Z</time>
      </trkpt>
      <trkpt lat="6.7740890000000045" lon="-73.0198590000001">
        <ele>1311</ele>
        <time>2026-07-04T15:25:46.000Z</time>
      </trkpt>
      <trkpt lat="6.774162000000005" lon="-73.01990100000009">
        <ele>1311</ele>
        <time>2026-07-04T15:25:47.000Z</time>
      </trkpt>
      <trkpt lat="6.774225000000005" lon="-73.01995400000008">
        <ele>1310</ele>
        <time>2026-07-04T15:25:48.000Z</time>
      </trkpt>
      <trkpt lat="6.774289000000005" lon="-73.02000300000009">
        <ele>1308</ele>
        <time>2026-07-04T15:25:49.000Z</time>
      </trkpt>
      <trkpt lat="6.7743560000000045" lon="-73.02006200000008">
        <ele>1305</ele>
        <time>2026-07-04T15:25:50.000Z</time>
      </trkpt>
      <trkpt lat="6.774423000000004" lon="-73.02013100000008">
        <ele>1302</ele>
        <time>2026-07-04T15:25:51.000Z</time>
      </trkpt>
      <trkpt lat="6.774500000000004" lon="-73.02020000000007">
        <ele>1299</ele>
        <time>2026-07-04T15:25:52.000Z</time>
      </trkpt>
      <trkpt lat="6.774577000000004" lon="-73.02025000000008">
        <ele>1299</ele>
        <time>2026-07-04T15:25:53.000Z</time>
      </trkpt>
      <trkpt lat="6.774651000000004" lon="-73.02029600000007">
        <ele>1298</ele>
        <time>2026-07-04T15:25:54.000Z</time>
      </trkpt>
      <trkpt lat="6.774718000000004" lon="-73.02033700000007">
        <ele>1297</ele>
        <time>2026-07-04T15:25:55.000Z</time>
      </trkpt>
      <trkpt lat="6.7747870000000034" lon="-73.02038400000006">
        <ele>1294</ele>
        <time>2026-07-04T15:25:56.000Z</time>
      </trkpt>
      <trkpt lat="6.7748640000000035" lon="-73.02043000000006">
        <ele>1292</ele>
        <time>2026-07-04T15:25:57.000Z</time>
      </trkpt>
      <trkpt lat="6.774941000000004" lon="-73.02047900000007">
        <ele>1290</ele>
        <time>2026-07-04T15:25:58.000Z</time>
      </trkpt>
      <trkpt lat="6.775017000000004" lon="-73.02052800000007">
        <ele>1288</ele>
        <time>2026-07-04T15:25:59.000Z</time>
      </trkpt>
      <trkpt lat="6.7750990000000035" lon="-73.02056300000007">
        <ele>1286</ele>
        <time>2026-07-04T15:26:00.000Z</time>
      </trkpt>
      <trkpt lat="6.775186000000003" lon="-73.02060600000007">
        <ele>1283</ele>
        <time>2026-07-04T15:26:01.000Z</time>
      </trkpt>
      <trkpt lat="6.775269000000003" lon="-73.02063100000007">
        <ele>1282</ele>
        <time>2026-07-04T15:26:02.000Z</time>
      </trkpt>
      <trkpt lat="6.775354000000004" lon="-73.02064300000006">
        <ele>1280</ele>
        <time>2026-07-04T15:26:03.000Z</time>
      </trkpt>
      <trkpt lat="6.775441000000003" lon="-73.02064700000007">
        <ele>1279</ele>
        <time>2026-07-04T15:26:04.000Z</time>
      </trkpt>
      <trkpt lat="6.775546000000003" lon="-73.02062300000007">
        <ele>1279</ele>
        <time>2026-07-04T15:26:05.000Z</time>
      </trkpt>
      <trkpt lat="6.775646000000003" lon="-73.02062200000007">
        <ele>1276</ele>
        <time>2026-07-04T15:26:06.000Z</time>
      </trkpt>
      <trkpt lat="6.775744000000003" lon="-73.02062900000007">
        <ele>1276</ele>
        <time>2026-07-04T15:26:07.000Z</time>
      </trkpt>
      <trkpt lat="6.775830000000003" lon="-73.02060800000007">
        <ele>1277</ele>
        <time>2026-07-04T15:26:08.000Z</time>
      </trkpt>
      <trkpt lat="6.7759300000000025" lon="-73.02061300000007">
        <ele>1274</ele>
        <time>2026-07-04T15:26:09.000Z</time>
      </trkpt>
      <trkpt lat="6.776030000000002" lon="-73.02060100000007">
        <ele>1273</ele>
        <time>2026-07-04T15:26:10.000Z</time>
      </trkpt>
      <trkpt lat="6.776130000000002" lon="-73.02058500000007">
        <ele>1269</ele>
        <time>2026-07-04T15:26:11.000Z</time>
      </trkpt>
      <trkpt lat="6.776232000000002" lon="-73.02057200000007">
        <ele>1268</ele>
        <time>2026-07-04T15:26:12.000Z</time>
      </trkpt>
      <trkpt lat="6.776339000000002" lon="-73.02057800000007">
        <ele>1264</ele>
        <time>2026-07-04T15:26:13.000Z</time>
      </trkpt>
      <trkpt lat="6.776439000000002" lon="-73.02058000000007">
        <ele>1262</ele>
        <time>2026-07-04T15:26:14.000Z</time>
      </trkpt>
      <trkpt lat="6.776534000000002" lon="-73.02058400000007">
        <ele>1260</ele>
        <time>2026-07-04T15:26:15.000Z</time>
      </trkpt>
      <trkpt lat="6.776631000000002" lon="-73.02058100000006">
        <ele>1258</ele>
        <time>2026-07-04T15:26:16.000Z</time>
      </trkpt>
      <trkpt lat="6.7767300000000015" lon="-73.02058200000006">
        <ele>1256</ele>
        <time>2026-07-04T15:26:17.000Z</time>
      </trkpt>
      <trkpt lat="6.7768320000000015" lon="-73.02059000000006">
        <ele>1254</ele>
        <time>2026-07-04T15:26:18.000Z</time>
      </trkpt>
      <trkpt lat="6.776931000000001" lon="-73.02059400000006">
        <ele>1253</ele>
        <time>2026-07-04T15:26:19.000Z</time>
      </trkpt>
      <trkpt lat="6.777031000000001" lon="-73.02060700000006">
        <ele>1251</ele>
        <time>2026-07-04T15:26:20.000Z</time>
      </trkpt>
      <trkpt lat="6.777131000000001" lon="-73.02061400000005">
        <ele>1251</ele>
        <time>2026-07-04T15:26:21.000Z</time>
      </trkpt>
      <trkpt lat="6.7772250000000005" lon="-73.02060200000005">
        <ele>1249</ele>
        <time>2026-07-04T15:26:22.000Z</time>
      </trkpt>
      <trkpt lat="6.777315000000001" lon="-73.02059400000006">
        <ele>1248</ele>
        <time>2026-07-04T15:26:23.000Z</time>
      </trkpt>
      <trkpt lat="6.7774090000000005" lon="-73.02059000000006">
        <ele>1246</ele>
        <time>2026-07-04T15:26:24.000Z</time>
      </trkpt>
      <trkpt lat="6.7775110000000005" lon="-73.02058300000006">
        <ele>1244</ele>
        <time>2026-07-04T15:26:25.000Z</time>
      </trkpt>
      <trkpt lat="6.777617" lon="-73.02057700000006">
        <ele>1242</ele>
        <time>2026-07-04T15:26:26.000Z</time>
      </trkpt>
      <trkpt lat="6.77772" lon="-73.02056700000006">
        <ele>1240</ele>
        <time>2026-07-04T15:26:27.000Z</time>
      </trkpt>
      <trkpt lat="6.777823000000001" lon="-73.02056100000006">
        <ele>1239</ele>
        <time>2026-07-04T15:26:28.000Z</time>
      </trkpt>
      <trkpt lat="6.777921000000001" lon="-73.02055700000005">
        <ele>1238</ele>
        <time>2026-07-04T15:26:29.000Z</time>
      </trkpt>
      <trkpt lat="6.777998000000001" lon="-73.02054400000006">
        <ele>1236</ele>
        <time>2026-07-04T15:26:30.000Z</time>
      </trkpt>
      <trkpt lat="6.7780710000000015" lon="-73.02052900000005">
        <ele>1235</ele>
        <time>2026-07-04T15:26:31.000Z</time>
      </trkpt>
      <trkpt lat="6.778152000000001" lon="-73.02052000000005">
        <ele>1232</ele>
        <time>2026-07-04T15:26:32.000Z</time>
      </trkpt>
      <trkpt lat="6.778245000000001" lon="-73.02051400000005">
        <ele>1228</ele>
        <time>2026-07-04T15:26:33.000Z</time>
      </trkpt>
      <trkpt lat="6.778340000000001" lon="-73.02050700000005">
        <ele>1225</ele>
        <time>2026-07-04T15:26:34.000Z</time>
      </trkpt>
      <trkpt lat="6.778443000000001" lon="-73.02049900000006">
        <ele>1222</ele>
        <time>2026-07-04T15:26:35.000Z</time>
      </trkpt>
      <trkpt lat="6.7785350000000015" lon="-73.02049500000005">
        <ele>1222</ele>
        <time>2026-07-04T15:26:36.000Z</time>
      </trkpt>
      <trkpt lat="6.778618000000002" lon="-73.02048700000006">
        <ele>1222</ele>
        <time>2026-07-04T15:26:37.000Z</time>
      </trkpt>
      <trkpt lat="6.778701000000002" lon="-73.02047700000006">
        <ele>1222</ele>
        <time>2026-07-04T15:26:38.000Z</time>
      </trkpt>
      <trkpt lat="6.778797000000002" lon="-73.02047400000005">
        <ele>1217</ele>
        <time>2026-07-04T15:26:39.000Z</time>
      </trkpt>
      <trkpt lat="6.778898000000002" lon="-73.02046700000005">
        <ele>1216</ele>
        <time>2026-07-04T15:26:40.000Z</time>
      </trkpt>
      <trkpt lat="6.779006000000002" lon="-73.02046100000005">
        <ele>1214</ele>
        <time>2026-07-04T15:26:41.000Z</time>
      </trkpt>
      <trkpt lat="6.779112000000001" lon="-73.02046800000005">
        <ele>1214</ele>
        <time>2026-07-04T15:26:42.000Z</time>
      </trkpt>
      <trkpt lat="6.779205000000001" lon="-73.02047600000004">
        <ele>1214</ele>
        <time>2026-07-04T15:26:43.000Z</time>
      </trkpt>
      <trkpt lat="6.779294000000001" lon="-73.02048700000005">
        <ele>1212</ele>
        <time>2026-07-04T15:26:44.000Z</time>
      </trkpt>
      <trkpt lat="6.779382000000001" lon="-73.02048800000004">
        <ele>1210</ele>
        <time>2026-07-04T15:26:45.000Z</time>
      </trkpt>
      <trkpt lat="6.7794810000000005" lon="-73.02049100000005">
        <ele>1208</ele>
        <time>2026-07-04T15:26:46.000Z</time>
      </trkpt>
      <trkpt lat="6.779586" lon="-73.02049800000005">
        <ele>1206</ele>
        <time>2026-07-04T15:26:47.000Z</time>
      </trkpt>
      <trkpt lat="6.779689" lon="-73.02050300000005">
        <ele>1203</ele>
        <time>2026-07-04T15:26:48.000Z</time>
      </trkpt>
      <trkpt lat="6.779791" lon="-73.02050500000004">
        <ele>1202</ele>
        <time>2026-07-04T15:26:49.000Z</time>
      </trkpt>
      <trkpt lat="6.779889000000001" lon="-73.02051000000004">
        <ele>1200</ele>
        <time>2026-07-04T15:26:50.000Z</time>
      </trkpt>
      <trkpt lat="6.779986000000001" lon="-73.02051800000004">
        <ele>1198</ele>
        <time>2026-07-04T15:26:51.000Z</time>
      </trkpt>
      <trkpt lat="6.780084000000001" lon="-73.02052900000004">
        <ele>1196</ele>
        <time>2026-07-04T15:26:52.000Z</time>
      </trkpt>
      <trkpt lat="6.780183000000001" lon="-73.02053700000003">
        <ele>1195</ele>
        <time>2026-07-04T15:26:53.000Z</time>
      </trkpt>
      <trkpt lat="6.780282000000001" lon="-73.02052200000003">
        <ele>1195</ele>
        <time>2026-07-04T15:26:54.000Z</time>
      </trkpt>
      <trkpt lat="6.780381" lon="-73.02051600000003">
        <ele>1195</ele>
        <time>2026-07-04T15:26:55.000Z</time>
      </trkpt>
      <trkpt lat="6.780483" lon="-73.02052600000003">
        <ele>1191</ele>
        <time>2026-07-04T15:26:56.000Z</time>
      </trkpt>
      <trkpt lat="6.780575000000001" lon="-73.02054300000003">
        <ele>1190</ele>
        <time>2026-07-04T15:26:57.000Z</time>
      </trkpt>
      <trkpt lat="6.780673000000001" lon="-73.02056200000003">
        <ele>1189</ele>
        <time>2026-07-04T15:26:58.000Z</time>
      </trkpt>
      <trkpt lat="6.780762000000001" lon="-73.02057000000002">
        <ele>1188</ele>
        <time>2026-07-04T15:26:59.000Z</time>
      </trkpt>
      <trkpt lat="6.780857000000001" lon="-73.02058300000002">
        <ele>1186</ele>
        <time>2026-07-04T15:27:00.000Z</time>
      </trkpt>
      <trkpt lat="6.7809490000000014" lon="-73.02060100000001">
        <ele>1184</ele>
        <time>2026-07-04T15:27:01.000Z</time>
      </trkpt>
      <trkpt lat="6.781039000000002" lon="-73.020615">
        <ele>1183</ele>
        <time>2026-07-04T15:27:02.000Z</time>
      </trkpt>
      <trkpt lat="6.781130000000002" lon="-73.02063100000001">
        <ele>1181</ele>
        <time>2026-07-04T15:27:03.000Z</time>
      </trkpt>
      <trkpt lat="6.7812230000000016" lon="-73.02065300000001">
        <ele>1180</ele>
        <time>2026-07-04T15:27:04.000Z</time>
      </trkpt>
      <trkpt lat="6.781310000000001" lon="-73.020672">
        <ele>1179</ele>
        <time>2026-07-04T15:27:05.000Z</time>
      </trkpt>
      <trkpt lat="6.781392000000001" lon="-73.02069900000001">
        <ele>1177</ele>
        <time>2026-07-04T15:27:06.000Z</time>
      </trkpt>
      <trkpt lat="6.781478000000001" lon="-73.02072600000001">
        <ele>1176</ele>
        <time>2026-07-04T15:27:07.000Z</time>
      </trkpt>
      <trkpt lat="6.781558" lon="-73.02076100000001">
        <ele>1174</ele>
        <time>2026-07-04T15:27:08.000Z</time>
      </trkpt>
      <trkpt lat="6.781638" lon="-73.020784">
        <ele>1172</ele>
        <time>2026-07-04T15:27:09.000Z</time>
      </trkpt>
      <trkpt lat="6.781723" lon="-73.020807">
        <ele>1170</ele>
        <time>2026-07-04T15:27:10.000Z</time>
      </trkpt>
      <trkpt lat="6.781805" lon="-73.020825">
        <ele>1168</ele>
        <time>2026-07-04T15:27:11.000Z</time>
      </trkpt>
      <trkpt lat="6.781891" lon="-73.020835">
        <ele>1166</ele>
        <time>2026-07-04T15:27:12.000Z</time>
      </trkpt>
      <trkpt lat="6.78198" lon="-73.02083900000001">
        <ele>1163</ele>
        <time>2026-07-04T15:27:13.000Z</time>
      </trkpt>
      <trkpt lat="6.782073" lon="-73.020836">
        <ele>1162</ele>
        <time>2026-07-04T15:27:14.000Z</time>
      </trkpt>
      <trkpt lat="6.78217" lon="-73.020831">
        <ele>1160</ele>
        <time>2026-07-04T15:27:15.000Z</time>
      </trkpt>
      <trkpt lat="6.782267" lon="-73.020822">
        <ele>1158</ele>
        <time>2026-07-04T15:27:16.000Z</time>
      </trkpt>
      <trkpt lat="6.782365" lon="-73.02081299999999">
        <ele>1157</ele>
        <time>2026-07-04T15:27:17.000Z</time>
      </trkpt>
      <trkpt lat="6.782463000000001" lon="-73.02080899999999">
        <ele>1156</ele>
        <time>2026-07-04T15:27:18.000Z</time>
      </trkpt>
      <trkpt lat="6.782561000000001" lon="-73.02081199999999">
        <ele>1155</ele>
        <time>2026-07-04T15:27:19.000Z</time>
      </trkpt>
      <trkpt lat="6.782655000000001" lon="-73.02081299999999">
        <ele>1153</ele>
        <time>2026-07-04T15:27:20.000Z</time>
      </trkpt>
      <trkpt lat="6.782748000000001" lon="-73.02081899999999">
        <ele>1150</ele>
        <time>2026-07-04T15:27:21.000Z</time>
      </trkpt>
      <trkpt lat="6.7828420000000005" lon="-73.02081399999999">
        <ele>1149</ele>
        <time>2026-07-04T15:27:22.000Z</time>
      </trkpt>
      <trkpt lat="6.782932000000001" lon="-73.02080699999999">
        <ele>1147</ele>
        <time>2026-07-04T15:27:23.000Z</time>
      </trkpt>
      <trkpt lat="6.783021000000001" lon="-73.02078999999999">
        <ele>1145</ele>
        <time>2026-07-04T15:27:24.000Z</time>
      </trkpt>
      <trkpt lat="6.783111000000001" lon="-73.02077799999999">
        <ele>1144</ele>
        <time>2026-07-04T15:27:25.000Z</time>
      </trkpt>
      <trkpt lat="6.783214000000001" lon="-73.02077899999999">
        <ele>1141</ele>
        <time>2026-07-04T15:27:26.000Z</time>
      </trkpt>
      <trkpt lat="6.783308000000001" lon="-73.020772">
        <ele>1138</ele>
        <time>2026-07-04T15:27:27.000Z</time>
      </trkpt>
      <trkpt lat="6.783403000000001" lon="-73.02074599999999">
        <ele>1138</ele>
        <time>2026-07-04T15:27:28.000Z</time>
      </trkpt>
      <trkpt lat="6.783496" lon="-73.02073599999999">
        <ele>1137</ele>
        <time>2026-07-04T15:27:29.000Z</time>
      </trkpt>
      <trkpt lat="6.7835920000000005" lon="-73.02073099999998">
        <ele>1135</ele>
        <time>2026-07-04T15:27:30.000Z</time>
      </trkpt>
      <trkpt lat="6.783684000000001" lon="-73.02071199999999">
        <ele>1134</ele>
        <time>2026-07-04T15:27:31.000Z</time>
      </trkpt>
      <trkpt lat="6.783782000000001" lon="-73.020704">
        <ele>1132</ele>
        <time>2026-07-04T15:27:32.000Z</time>
      </trkpt>
      <trkpt lat="6.7838790000000015" lon="-73.02069499999999">
        <ele>1130</ele>
        <time>2026-07-04T15:27:33.000Z</time>
      </trkpt>
      <trkpt lat="6.783972000000001" lon="-73.020699">
        <ele>1130</ele>
        <time>2026-07-04T15:27:34.000Z</time>
      </trkpt>
      <trkpt lat="6.784054000000001" lon="-73.02068999999999">
        <ele>1128</ele>
        <time>2026-07-04T15:27:35.000Z</time>
      </trkpt>
      <trkpt lat="6.784135000000001" lon="-73.02068399999999">
        <ele>1127</ele>
        <time>2026-07-04T15:27:36.000Z</time>
      </trkpt>
      <trkpt lat="6.784219000000001" lon="-73.02067399999999">
        <ele>1125</ele>
        <time>2026-07-04T15:27:37.000Z</time>
      </trkpt>
      <trkpt lat="6.784310000000001" lon="-73.02067299999999">
        <ele>1122</ele>
        <time>2026-07-04T15:27:38.000Z</time>
      </trkpt>
      <trkpt lat="6.784405000000001" lon="-73.02066899999998">
        <ele>1120</ele>
        <time>2026-07-04T15:27:39.000Z</time>
      </trkpt>
      <trkpt lat="6.784497000000002" lon="-73.02066499999998">
        <ele>1119</ele>
        <time>2026-07-04T15:27:40.000Z</time>
      </trkpt>
      <trkpt lat="6.784588000000002" lon="-73.02065599999997">
        <ele>1118</ele>
        <time>2026-07-04T15:27:41.000Z</time>
      </trkpt>
      <trkpt lat="6.784673000000002" lon="-73.02065699999997">
        <ele>1117</ele>
        <time>2026-07-04T15:27:42.000Z</time>
      </trkpt>
      <trkpt lat="6.784749000000002" lon="-73.02065399999996">
        <ele>1115</ele>
        <time>2026-07-04T15:27:43.000Z</time>
      </trkpt>
      <trkpt lat="6.784838000000002" lon="-73.02065499999996">
        <ele>1112</ele>
        <time>2026-07-04T15:27:44.000Z</time>
      </trkpt>
      <trkpt lat="6.784931000000002" lon="-73.02066199999996">
        <ele>1109</ele>
        <time>2026-07-04T15:27:45.000Z</time>
      </trkpt>
      <trkpt lat="6.785027000000002" lon="-73.02067099999996">
        <ele>1107</ele>
        <time>2026-07-04T15:27:46.000Z</time>
      </trkpt>
      <trkpt lat="6.785119000000003" lon="-73.02067299999996">
        <ele>1104</ele>
        <time>2026-07-04T15:27:47.000Z</time>
      </trkpt>
      <trkpt lat="6.785208000000003" lon="-73.02066599999996">
        <ele>1103</ele>
        <time>2026-07-04T15:27:48.000Z</time>
      </trkpt>
      <trkpt lat="6.785301000000002" lon="-73.02066599999996">
        <ele>1101</ele>
        <time>2026-07-04T15:27:49.000Z</time>
      </trkpt>
      <trkpt lat="6.7853920000000025" lon="-73.02065599999996">
        <ele>1097</ele>
        <time>2026-07-04T15:27:50.000Z</time>
      </trkpt>
      <trkpt lat="6.785484000000003" lon="-73.02065099999996">
        <ele>1095</ele>
        <time>2026-07-04T15:27:51.000Z</time>
      </trkpt>
      <trkpt lat="6.785578000000003" lon="-73.02064799999995">
        <ele>1092</ele>
        <time>2026-07-04T15:27:52.000Z</time>
      </trkpt>
      <trkpt lat="6.785673000000003" lon="-73.02063899999995">
        <ele>1089</ele>
        <time>2026-07-04T15:27:53.000Z</time>
      </trkpt>
      <trkpt lat="6.785759000000002" lon="-73.02061399999995">
        <ele>1086</ele>
        <time>2026-07-04T15:27:54.000Z</time>
      </trkpt>
      <trkpt lat="6.785854000000002" lon="-73.02059399999995">
        <ele>1084</ele>
        <time>2026-07-04T15:27:55.000Z</time>
      </trkpt>
      <trkpt lat="6.785953000000002" lon="-73.02058299999995">
        <ele>1081</ele>
        <time>2026-07-04T15:27:56.000Z</time>
      </trkpt>
      <trkpt lat="6.786055000000002" lon="-73.02057399999994">
        <ele>1079</ele>
        <time>2026-07-04T15:27:57.000Z</time>
      </trkpt>
      <trkpt lat="6.786148000000002" lon="-73.02057099999993">
        <ele>1075</ele>
        <time>2026-07-04T15:27:58.000Z</time>
      </trkpt>
      <trkpt lat="6.786240000000002" lon="-73.02055399999993">
        <ele>1072</ele>
        <time>2026-07-04T15:27:59.000Z</time>
      </trkpt>
      <trkpt lat="6.786335000000002" lon="-73.02053399999993">
        <ele>1070</ele>
        <time>2026-07-04T15:28:00.000Z</time>
      </trkpt>
      <trkpt lat="6.786431000000002" lon="-73.02052099999993">
        <ele>1066</ele>
        <time>2026-07-04T15:28:01.000Z</time>
      </trkpt>
      <trkpt lat="6.786520000000002" lon="-73.02049399999993">
        <ele>1064</ele>
        <time>2026-07-04T15:28:02.000Z</time>
      </trkpt>
      <trkpt lat="6.786617000000002" lon="-73.02048199999993">
        <ele>1062</ele>
        <time>2026-07-04T15:28:03.000Z</time>
      </trkpt>
      <trkpt lat="6.786711000000002" lon="-73.02047099999993">
        <ele>1059</ele>
        <time>2026-07-04T15:28:04.000Z</time>
      </trkpt>
      <trkpt lat="6.786805000000002" lon="-73.02045699999994">
        <ele>1056</ele>
        <time>2026-07-04T15:28:05.000Z</time>
      </trkpt>
      <trkpt lat="6.786903000000002" lon="-73.02043899999994">
        <ele>1054</ele>
        <time>2026-07-04T15:28:06.000Z</time>
      </trkpt>
      <trkpt lat="6.786998000000002" lon="-73.02042199999994">
        <ele>1052</ele>
        <time>2026-07-04T15:28:07.000Z</time>
      </trkpt>
      <trkpt lat="6.787097000000002" lon="-73.02040799999995">
        <ele>1050</ele>
        <time>2026-07-04T15:28:08.000Z</time>
      </trkpt>
      <trkpt lat="6.787192000000002" lon="-73.02040399999994">
        <ele>1048</ele>
        <time>2026-07-04T15:28:09.000Z</time>
      </trkpt>
      <trkpt lat="6.787292000000002" lon="-73.02040099999994">
        <ele>1045</ele>
        <time>2026-07-04T15:28:10.000Z</time>
      </trkpt>
      <trkpt lat="6.787385000000001" lon="-73.02039299999994">
        <ele>1042</ele>
        <time>2026-07-04T15:28:11.000Z</time>
      </trkpt>
      <trkpt lat="6.7874750000000015" lon="-73.02037399999995">
        <ele>1040</ele>
        <time>2026-07-04T15:28:12.000Z</time>
      </trkpt>
      <trkpt lat="6.787566000000002" lon="-73.02036999999994">
        <ele>1038</ele>
        <time>2026-07-04T15:28:13.000Z</time>
      </trkpt>
      <trkpt lat="6.787659000000001" lon="-73.02036499999994">
        <ele>1036</ele>
        <time>2026-07-04T15:28:14.000Z</time>
      </trkpt>
      <trkpt lat="6.787752000000001" lon="-73.02036099999994">
        <ele>1034</ele>
        <time>2026-07-04T15:28:15.000Z</time>
      </trkpt>
      <trkpt lat="6.7878440000000015" lon="-73.02035799999993">
        <ele>1031</ele>
        <time>2026-07-04T15:28:16.000Z</time>
      </trkpt>
      <trkpt lat="6.7879330000000015" lon="-73.02034899999992">
        <ele>1028</ele>
        <time>2026-07-04T15:28:17.000Z</time>
      </trkpt>
      <trkpt lat="6.788026000000001" lon="-73.02034299999993">
        <ele>1026</ele>
        <time>2026-07-04T15:28:18.000Z</time>
      </trkpt>
      <trkpt lat="6.7881170000000015" lon="-73.02033499999993">
        <ele>1023</ele>
        <time>2026-07-04T15:28:19.000Z</time>
      </trkpt>
      <trkpt lat="6.788208000000002" lon="-73.02032699999994">
        <ele>1021</ele>
        <time>2026-07-04T15:28:20.000Z</time>
      </trkpt>
      <trkpt lat="6.7883010000000015" lon="-73.02032499999994">
        <ele>1019</ele>
        <time>2026-07-04T15:28:21.000Z</time>
      </trkpt>
      <trkpt lat="6.788394000000001" lon="-73.02032399999995">
        <ele>1017</ele>
        <time>2026-07-04T15:28:22.000Z</time>
      </trkpt>
      <trkpt lat="6.788483000000001" lon="-73.02032199999995">
        <ele>1015</ele>
        <time>2026-07-04T15:28:23.000Z</time>
      </trkpt>
      <trkpt lat="6.788570000000001" lon="-73.02032399999995">
        <ele>1013</ele>
        <time>2026-07-04T15:28:24.000Z</time>
      </trkpt>
      <trkpt lat="6.788654000000001" lon="-73.02032199999995">
        <ele>1011</ele>
        <time>2026-07-04T15:28:25.000Z</time>
      </trkpt>
      <trkpt lat="6.788738000000001" lon="-73.02031999999996">
        <ele>1009</ele>
        <time>2026-07-04T15:28:26.000Z</time>
      </trkpt>
      <trkpt lat="6.788828000000001" lon="-73.02032899999996">
        <ele>1007</ele>
        <time>2026-07-04T15:28:27.000Z</time>
      </trkpt>
      <trkpt lat="6.788918000000002" lon="-73.02032499999996">
        <ele>1004</ele>
        <time>2026-07-04T15:28:28.000Z</time>
      </trkpt>
      <trkpt lat="6.789009000000002" lon="-73.02031799999996">
        <ele>1002</ele>
        <time>2026-07-04T15:28:29.000Z</time>
      </trkpt>
      <trkpt lat="6.789097000000002" lon="-73.02030699999996">
        <ele>999</ele>
        <time>2026-07-04T15:28:30.000Z</time>
      </trkpt>
      <trkpt lat="6.789188000000002" lon="-73.02029899999997">
        <ele>996</ele>
        <time>2026-07-04T15:28:31.000Z</time>
      </trkpt>
      <trkpt lat="6.789277000000002" lon="-73.02028599999997">
        <ele>994</ele>
        <time>2026-07-04T15:28:32.000Z</time>
      </trkpt>
      <trkpt lat="6.789366000000002" lon="-73.02027199999998">
        <ele>992</ele>
        <time>2026-07-04T15:28:33.000Z</time>
      </trkpt>
      <trkpt lat="6.789460000000002" lon="-73.02025699999997">
        <ele>990</ele>
        <time>2026-07-04T15:28:34.000Z</time>
      </trkpt>
      <trkpt lat="6.789554000000002" lon="-73.02023999999997">
        <ele>989</ele>
        <time>2026-07-04T15:28:35.000Z</time>
      </trkpt>
      <trkpt lat="6.789645000000002" lon="-73.02022799999997">
        <ele>988</ele>
        <time>2026-07-04T15:28:36.000Z</time>
      </trkpt>
      <trkpt lat="6.789727000000002" lon="-73.02023199999998">
        <ele>987</ele>
        <time>2026-07-04T15:28:37.000Z</time>
      </trkpt>
      <trkpt lat="6.7898010000000015" lon="-73.02025699999997">
        <ele>985</ele>
        <time>2026-07-04T15:28:38.000Z</time>
      </trkpt>
      <trkpt lat="6.7898640000000015" lon="-73.02029899999997">
        <ele>982</ele>
        <time>2026-07-04T15:28:39.000Z</time>
      </trkpt>
      <trkpt lat="6.7899090000000015" lon="-73.02035999999997">
        <ele>980</ele>
        <time>2026-07-04T15:28:40.000Z</time>
      </trkpt>
      <trkpt lat="6.789935000000002" lon="-73.02042599999997">
        <ele>979</ele>
        <time>2026-07-04T15:28:41.000Z</time>
      </trkpt>
      <trkpt lat="6.789932000000001" lon="-73.02049299999997">
        <ele>978</ele>
        <time>2026-07-04T15:28:42.000Z</time>
      </trkpt>
      <trkpt lat="6.789903000000002" lon="-73.02055399999998">
        <ele>976</ele>
        <time>2026-07-04T15:28:43.000Z</time>
      </trkpt>
      <trkpt lat="6.7898580000000015" lon="-73.02061099999997">
        <ele>975</ele>
        <time>2026-07-04T15:28:44.000Z</time>
      </trkpt>
      <trkpt lat="6.789804000000001" lon="-73.02064899999998">
        <ele>974</ele>
        <time>2026-07-04T15:28:45.000Z</time>
      </trkpt>
      <trkpt lat="6.789743000000001" lon="-73.02068399999997">
        <ele>972</ele>
        <time>2026-07-04T15:28:46.000Z</time>
      </trkpt>
      <trkpt lat="6.789684000000001" lon="-73.02071899999997">
        <ele>970</ele>
        <time>2026-07-04T15:28:47.000Z</time>
      </trkpt>
      <trkpt lat="6.789613000000001" lon="-73.02074499999998">
        <ele>969</ele>
        <time>2026-07-04T15:28:48.000Z</time>
      </trkpt>
      <trkpt lat="6.789540000000001" lon="-73.02076499999998">
        <ele>967</ele>
        <time>2026-07-04T15:28:49.000Z</time>
      </trkpt>
      <trkpt lat="6.789468" lon="-73.02077599999998">
        <ele>965</ele>
        <time>2026-07-04T15:28:50.000Z</time>
      </trkpt>
      <trkpt lat="6.789396" lon="-73.02077999999999">
        <ele>964</ele>
        <time>2026-07-04T15:28:51.000Z</time>
      </trkpt>
      <trkpt lat="6.789328" lon="-73.020789">
        <ele>963</ele>
        <time>2026-07-04T15:28:52.000Z</time>
      </trkpt>
      <trkpt lat="6.7892600000000005" lon="-73.020799">
        <ele>962</ele>
        <time>2026-07-04T15:28:53.000Z</time>
      </trkpt>
      <trkpt lat="6.7891900000000005" lon="-73.020808">
        <ele>961</ele>
        <time>2026-07-04T15:28:54.000Z</time>
      </trkpt>
      <trkpt lat="6.789119" lon="-73.020808">
        <ele>959</ele>
        <time>2026-07-04T15:28:55.000Z</time>
      </trkpt>
      <trkpt lat="6.789042" lon="-73.020808">
        <ele>957</ele>
        <time>2026-07-04T15:28:56.000Z</time>
      </trkpt>
      <trkpt lat="6.788965" lon="-73.020803">
        <ele>955</ele>
        <time>2026-07-04T15:28:57.000Z</time>
      </trkpt>
      <trkpt lat="6.788887" lon="-73.020801">
        <ele>954</ele>
        <time>2026-07-04T15:28:58.000Z</time>
      </trkpt>
      <trkpt lat="6.788811" lon="-73.020801">
        <ele>953</ele>
        <time>2026-07-04T15:28:59.000Z</time>
      </trkpt>
      <trkpt lat="6.788737" lon="-73.02079400000001">
        <ele>951</ele>
        <time>2026-07-04T15:29:00.000Z</time>
      </trkpt>
      <trkpt lat="6.788665" lon="-73.020785">
        <ele>949</ele>
        <time>2026-07-04T15:29:01.000Z</time>
      </trkpt>
      <trkpt lat="6.788595" lon="-73.020778">
        <ele>947</ele>
        <time>2026-07-04T15:29:02.000Z</time>
      </trkpt>
      <trkpt lat="6.788515" lon="-73.02077200000001">
        <ele>945</ele>
        <time>2026-07-04T15:29:03.000Z</time>
      </trkpt>
      <trkpt lat="6.788433" lon="-73.02076600000001">
        <ele>943</ele>
        <time>2026-07-04T15:29:04.000Z</time>
      </trkpt>
      <trkpt lat="6.788354" lon="-73.020757">
        <ele>941</ele>
        <time>2026-07-04T15:29:05.000Z</time>
      </trkpt>
      <trkpt lat="6.788279" lon="-73.020751">
        <ele>939</ele>
        <time>2026-07-04T15:29:06.000Z</time>
      </trkpt>
      <trkpt lat="6.788204" lon="-73.020747">
        <ele>938</ele>
        <time>2026-07-04T15:29:07.000Z</time>
      </trkpt>
      <trkpt lat="6.788132" lon="-73.020743">
        <ele>936</ele>
        <time>2026-07-04T15:29:08.000Z</time>
      </trkpt>
      <trkpt lat="6.788055" lon="-73.02073999999999">
        <ele>934</ele>
        <time>2026-07-04T15:29:09.000Z</time>
      </trkpt>
      <trkpt lat="6.787979" lon="-73.02073499999999">
        <ele>931</ele>
        <time>2026-07-04T15:29:10.000Z</time>
      </trkpt>
      <trkpt lat="6.787907" lon="-73.02072999999999">
        <ele>929</ele>
        <time>2026-07-04T15:29:11.000Z</time>
      </trkpt>
      <trkpt lat="6.787833999999999" lon="-73.02072299999999">
        <ele>927</ele>
        <time>2026-07-04T15:29:12.000Z</time>
      </trkpt>
      <trkpt lat="6.787760999999999" lon="-73.02071099999999">
        <ele>925</ele>
        <time>2026-07-04T15:29:13.000Z</time>
      </trkpt>
      <trkpt lat="6.787686999999999" lon="-73.02070099999999">
        <ele>923</ele>
        <time>2026-07-04T15:29:14.000Z</time>
      </trkpt>
      <trkpt lat="6.787622999999999" lon="-73.02068999999999">
        <ele>921</ele>
        <time>2026-07-04T15:29:15.000Z</time>
      </trkpt>
      <trkpt lat="6.787546999999999" lon="-73.02067699999999">
        <ele>920</ele>
        <time>2026-07-04T15:29:16.000Z</time>
      </trkpt>
      <trkpt lat="6.787468999999999" lon="-73.020664">
        <ele>917</ele>
        <time>2026-07-04T15:29:17.000Z</time>
      </trkpt>
      <trkpt lat="6.787393999999999" lon="-73.020659">
        <ele>917</ele>
        <time>2026-07-04T15:29:18.000Z</time>
      </trkpt>
      <trkpt lat="6.787320999999999" lon="-73.020645">
        <ele>915</ele>
        <time>2026-07-04T15:29:19.000Z</time>
      </trkpt>
      <trkpt lat="6.787257999999999" lon="-73.020652">
        <ele>914</ele>
        <time>2026-07-04T15:29:20.000Z</time>
      </trkpt>
      <trkpt lat="6.787190999999999" lon="-73.020653">
        <ele>913</ele>
        <time>2026-07-04T15:29:21.000Z</time>
      </trkpt>
      <trkpt lat="6.787120999999999" lon="-73.020657">
        <ele>911</ele>
        <time>2026-07-04T15:29:22.000Z</time>
      </trkpt>
      <trkpt lat="6.787056999999999" lon="-73.020672">
        <ele>908</ele>
        <time>2026-07-04T15:29:23.000Z</time>
      </trkpt>
      <trkpt lat="6.786984999999999" lon="-73.02068700000001">
        <ele>907</ele>
        <time>2026-07-04T15:29:24.000Z</time>
      </trkpt>
      <trkpt lat="6.786915999999999" lon="-73.02070400000001">
        <ele>905</ele>
        <time>2026-07-04T15:29:25.000Z</time>
      </trkpt>
      <trkpt lat="6.786852999999999" lon="-73.02072400000002">
        <ele>905</ele>
        <time>2026-07-04T15:29:26.000Z</time>
      </trkpt>
      <trkpt lat="6.786786999999999" lon="-73.02073600000001">
        <ele>903</ele>
        <time>2026-07-04T15:29:27.000Z</time>
      </trkpt>
      <trkpt lat="6.786710999999999" lon="-73.02075">
        <ele>901</ele>
        <time>2026-07-04T15:29:28.000Z</time>
      </trkpt>
      <trkpt lat="6.786640999999999" lon="-73.020769">
        <ele>900</ele>
        <time>2026-07-04T15:29:29.000Z</time>
      </trkpt>
      <trkpt lat="6.786568999999998" lon="-73.020782">
        <ele>898</ele>
        <time>2026-07-04T15:29:30.000Z</time>
      </trkpt>
      <trkpt lat="6.786496999999998" lon="-73.020804">
        <ele>898</ele>
        <time>2026-07-04T15:29:31.000Z</time>
      </trkpt>
      <trkpt lat="6.786423999999998" lon="-73.020819">
        <ele>896</ele>
        <time>2026-07-04T15:29:32.000Z</time>
      </trkpt>
      <trkpt lat="6.786350999999997" lon="-73.02083400000001">
        <ele>894</ele>
        <time>2026-07-04T15:29:33.000Z</time>
      </trkpt>
      <trkpt lat="6.786281999999997" lon="-73.020847">
        <ele>892</ele>
        <time>2026-07-04T15:29:34.000Z</time>
      </trkpt>
      <trkpt lat="6.786209999999997" lon="-73.020855">
        <ele>889</ele>
        <time>2026-07-04T15:29:35.000Z</time>
      </trkpt>
      <trkpt lat="6.786138999999997" lon="-73.020864">
        <ele>887</ele>
        <time>2026-07-04T15:29:36.000Z</time>
      </trkpt>
      <trkpt lat="6.786069999999997" lon="-73.020876">
        <ele>886</ele>
        <time>2026-07-04T15:29:37.000Z</time>
      </trkpt>
      <trkpt lat="6.785998999999997" lon="-73.02089">
        <ele>884</ele>
        <time>2026-07-04T15:29:38.000Z</time>
      </trkpt>
      <trkpt lat="6.785924999999997" lon="-73.02090299999999">
        <ele>882</ele>
        <time>2026-07-04T15:29:39.000Z</time>
      </trkpt>
      <trkpt lat="6.785850999999997" lon="-73.02091599999999">
        <ele>880</ele>
        <time>2026-07-04T15:29:40.000Z</time>
      </trkpt>
      <trkpt lat="6.785778999999997" lon="-73.02092799999998">
        <ele>879</ele>
        <time>2026-07-04T15:29:41.000Z</time>
      </trkpt>
      <trkpt lat="6.785707999999997" lon="-73.02094599999998">
        <ele>878</ele>
        <time>2026-07-04T15:29:42.000Z</time>
      </trkpt>
      <trkpt lat="6.7856349999999965" lon="-73.02095899999998">
        <ele>877</ele>
        <time>2026-07-04T15:29:43.000Z</time>
      </trkpt>
      <trkpt lat="6.785557999999996" lon="-73.02096499999998">
        <ele>874</ele>
        <time>2026-07-04T15:29:44.000Z</time>
      </trkpt>
      <trkpt lat="6.785483999999997" lon="-73.02097099999997">
        <ele>872</ele>
        <time>2026-07-04T15:29:45.000Z</time>
      </trkpt>
      <trkpt lat="6.785408999999997" lon="-73.02098199999998">
        <ele>870</ele>
        <time>2026-07-04T15:29:46.000Z</time>
      </trkpt>
      <trkpt lat="6.785337999999997" lon="-73.02098799999997">
        <ele>869</ele>
        <time>2026-07-04T15:29:47.000Z</time>
      </trkpt>
      <trkpt lat="6.7852599999999965" lon="-73.02099599999997">
        <ele>868</ele>
        <time>2026-07-04T15:29:48.000Z</time>
      </trkpt>
      <trkpt lat="6.785187999999996" lon="-73.02100599999997">
        <ele>866</ele>
        <time>2026-07-04T15:29:49.000Z</time>
      </trkpt>
      <trkpt lat="6.785111999999996" lon="-73.02101699999997">
        <ele>865</ele>
        <time>2026-07-04T15:29:50.000Z</time>
      </trkpt>
      <trkpt lat="6.785041999999996" lon="-73.02103499999997">
        <ele>864</ele>
        <time>2026-07-04T15:29:51.000Z</time>
      </trkpt>
      <trkpt lat="6.784975999999996" lon="-73.02105199999997">
        <ele>863</ele>
        <time>2026-07-04T15:29:52.000Z</time>
      </trkpt>
      <trkpt lat="6.784907999999996" lon="-73.02107099999996">
        <ele>861</ele>
        <time>2026-07-04T15:29:53.000Z</time>
      </trkpt>
      <trkpt lat="6.784837999999996" lon="-73.02109499999996">
        <ele>859</ele>
        <time>2026-07-04T15:29:54.000Z</time>
      </trkpt>
      <trkpt lat="6.7847709999999966" lon="-73.02111799999996">
        <ele>856</ele>
        <time>2026-07-04T15:29:55.000Z</time>
      </trkpt>
      <trkpt lat="6.784702999999997" lon="-73.02114099999996">
        <ele>855</ele>
        <time>2026-07-04T15:29:56.000Z</time>
      </trkpt>
      <trkpt lat="6.7846369999999965" lon="-73.02116999999996">
        <ele>853</ele>
        <time>2026-07-04T15:29:57.000Z</time>
      </trkpt>
      <trkpt lat="6.784563999999996" lon="-73.02119799999996">
        <ele>851</ele>
        <time>2026-07-04T15:29:58.000Z</time>
      </trkpt>
      <trkpt lat="6.784506999999996" lon="-73.02123699999996">
        <ele>849</ele>
        <time>2026-07-04T15:29:59.000Z</time>
      </trkpt>
      <trkpt lat="6.784446999999996" lon="-73.02127599999996">
        <ele>848</ele>
        <time>2026-07-04T15:30:00.000Z</time>
      </trkpt>
      <trkpt lat="6.784383999999996" lon="-73.02131199999995">
        <ele>845</ele>
        <time>2026-07-04T15:30:01.000Z</time>
      </trkpt>
      <trkpt lat="6.784322999999996" lon="-73.02134299999996">
        <ele>844</ele>
        <time>2026-07-04T15:30:02.000Z</time>
      </trkpt>
      <trkpt lat="6.784262999999996" lon="-73.02137899999995">
        <ele>842</ele>
        <time>2026-07-04T15:30:03.000Z</time>
      </trkpt>
      <trkpt lat="6.784198999999996" lon="-73.02141299999995">
        <ele>840</ele>
        <time>2026-07-04T15:30:04.000Z</time>
      </trkpt>
      <trkpt lat="6.784138999999995" lon="-73.02144799999995">
        <ele>838</ele>
        <time>2026-07-04T15:30:05.000Z</time>
      </trkpt>
      <trkpt lat="6.784078999999995" lon="-73.02148499999996">
        <ele>837</ele>
        <time>2026-07-04T15:30:06.000Z</time>
      </trkpt>
      <trkpt lat="6.784019999999995" lon="-73.02152099999995">
        <ele>835</ele>
        <time>2026-07-04T15:30:07.000Z</time>
      </trkpt>
      <trkpt lat="6.783956999999995" lon="-73.02155699999994">
        <ele>834</ele>
        <time>2026-07-04T15:30:08.000Z</time>
      </trkpt>
      <trkpt lat="6.783894999999995" lon="-73.02159499999995">
        <ele>833</ele>
        <time>2026-07-04T15:30:09.000Z</time>
      </trkpt>
      <trkpt lat="6.7838409999999945" lon="-73.02163299999995">
        <ele>833</ele>
        <time>2026-07-04T15:30:10.000Z</time>
      </trkpt>
      <trkpt lat="6.783786999999994" lon="-73.02167699999995">
        <ele>832</ele>
        <time>2026-07-04T15:30:11.000Z</time>
      </trkpt>
      <trkpt lat="6.783733999999994" lon="-73.02171199999995">
        <ele>831</ele>
        <time>2026-07-04T15:30:12.000Z</time>
      </trkpt>
      <trkpt lat="6.783677999999994" lon="-73.02175099999995">
        <ele>828</ele>
        <time>2026-07-04T15:30:13.000Z</time>
      </trkpt>
      <trkpt lat="6.783619999999994" lon="-73.02179199999995">
        <ele>826</ele>
        <time>2026-07-04T15:30:14.000Z</time>
      </trkpt>
      <trkpt lat="6.783557999999994" lon="-73.02182599999995">
        <ele>825</ele>
        <time>2026-07-04T15:30:15.000Z</time>
      </trkpt>
      <trkpt lat="6.783494999999994" lon="-73.02186299999995">
        <ele>823</ele>
        <time>2026-07-04T15:30:16.000Z</time>
      </trkpt>
      <trkpt lat="6.783442999999994" lon="-73.02189799999995">
        <ele>822</ele>
        <time>2026-07-04T15:30:17.000Z</time>
      </trkpt>
      <trkpt lat="6.783380999999994" lon="-73.02193199999995">
        <ele>819</ele>
        <time>2026-07-04T15:30:18.000Z</time>
      </trkpt>
      <trkpt lat="6.783323999999994" lon="-73.02196799999994">
        <ele>816</ele>
        <time>2026-07-04T15:30:19.000Z</time>
      </trkpt>
      <trkpt lat="6.783264999999994" lon="-73.02200399999994">
        <ele>813</ele>
        <time>2026-07-04T15:30:20.000Z</time>
      </trkpt>
      <trkpt lat="6.783202999999994" lon="-73.02204099999994">
        <ele>812</ele>
        <time>2026-07-04T15:30:21.000Z</time>
      </trkpt>
      <trkpt lat="6.7831419999999945" lon="-73.02207799999995">
        <ele>810</ele>
        <time>2026-07-04T15:30:22.000Z</time>
      </trkpt>
      <trkpt lat="6.783081999999994" lon="-73.02210999999996">
        <ele>807</ele>
        <time>2026-07-04T15:30:23.000Z</time>
      </trkpt>
      <trkpt lat="6.783027999999994" lon="-73.02214699999996">
        <ele>805</ele>
        <time>2026-07-04T15:30:24.000Z</time>
      </trkpt>
      <trkpt lat="6.782966999999994" lon="-73.02218499999996">
        <ele>804</ele>
        <time>2026-07-04T15:30:25.000Z</time>
      </trkpt>
      <trkpt lat="6.782904999999994" lon="-73.02222099999996">
        <ele>803</ele>
        <time>2026-07-04T15:30:26.000Z</time>
      </trkpt>
      <trkpt lat="6.782839999999994" lon="-73.02225199999997">
        <ele>802</ele>
        <time>2026-07-04T15:30:27.000Z</time>
      </trkpt>
      <trkpt lat="6.782777999999994" lon="-73.02228999999997">
        <ele>800</ele>
        <time>2026-07-04T15:30:28.000Z</time>
      </trkpt>
      <trkpt lat="6.782713999999994" lon="-73.02232599999996">
        <ele>799</ele>
        <time>2026-07-04T15:30:29.000Z</time>
      </trkpt>
      <trkpt lat="6.782654999999994" lon="-73.02236199999996">
        <ele>798</ele>
        <time>2026-07-04T15:30:30.000Z</time>
      </trkpt>
      <trkpt lat="6.782596999999994" lon="-73.02239899999996">
        <ele>797</ele>
        <time>2026-07-04T15:30:31.000Z</time>
      </trkpt>
      <trkpt lat="6.782535999999994" lon="-73.02243199999997">
        <ele>795</ele>
        <time>2026-07-04T15:30:32.000Z</time>
      </trkpt>
      <trkpt lat="6.782477999999994" lon="-73.02246999999997">
        <ele>794</ele>
        <time>2026-07-04T15:30:33.000Z</time>
      </trkpt>
      <trkpt lat="6.782419999999994" lon="-73.02250499999997">
        <ele>793</ele>
        <time>2026-07-04T15:30:34.000Z</time>
      </trkpt>
      <trkpt lat="6.782357999999994" lon="-73.02254399999997">
        <ele>792</ele>
        <time>2026-07-04T15:30:35.000Z</time>
      </trkpt>
      <trkpt lat="6.782292999999994" lon="-73.02257899999996">
        <ele>791</ele>
        <time>2026-07-04T15:30:36.000Z</time>
      </trkpt>
      <trkpt lat="6.782228999999994" lon="-73.02261399999996">
        <ele>790</ele>
        <time>2026-07-04T15:30:37.000Z</time>
      </trkpt>
      <trkpt lat="6.782172999999994" lon="-73.02264799999996">
        <ele>790</ele>
        <time>2026-07-04T15:30:38.000Z</time>
      </trkpt>
      <trkpt lat="6.782119999999994" lon="-73.02268699999996">
        <ele>789</ele>
        <time>2026-07-04T15:30:39.000Z</time>
      </trkpt>
      <trkpt lat="6.782059999999993" lon="-73.02272099999996">
        <ele>788</ele>
        <time>2026-07-04T15:30:40.000Z</time>
      </trkpt>
      <trkpt lat="6.782000999999993" lon="-73.02275399999996">
        <ele>786</ele>
        <time>2026-07-04T15:30:41.000Z</time>
      </trkpt>
      <trkpt lat="6.781941999999993" lon="-73.02278999999996">
        <ele>784</ele>
        <time>2026-07-04T15:30:42.000Z</time>
      </trkpt>
      <trkpt lat="6.781873999999993" lon="-73.02281599999996">
        <ele>781</ele>
        <time>2026-07-04T15:30:43.000Z</time>
      </trkpt>
      <trkpt lat="6.781820999999993" lon="-73.02285099999996">
        <ele>780</ele>
        <time>2026-07-04T15:30:44.000Z</time>
      </trkpt>
      <trkpt lat="6.781756999999993" lon="-73.02287999999996">
        <ele>778</ele>
        <time>2026-07-04T15:30:45.000Z</time>
      </trkpt>
      <trkpt lat="6.781695999999993" lon="-73.02291699999996">
        <ele>776</ele>
        <time>2026-07-04T15:30:46.000Z</time>
      </trkpt>
      <trkpt lat="6.781636999999993" lon="-73.02295299999996">
        <ele>775</ele>
        <time>2026-07-04T15:30:47.000Z</time>
      </trkpt>
      <trkpt lat="6.781578999999993" lon="-73.02299099999996">
        <ele>774</ele>
        <time>2026-07-04T15:30:48.000Z</time>
      </trkpt>
      <trkpt lat="6.781519999999992" lon="-73.02302699999996">
        <ele>773</ele>
        <time>2026-07-04T15:30:49.000Z</time>
      </trkpt>
      <trkpt lat="6.781459999999992" lon="-73.02306099999996">
        <ele>771</ele>
        <time>2026-07-04T15:30:50.000Z</time>
      </trkpt>
      <trkpt lat="6.781402999999992" lon="-73.02309699999995">
        <ele>769</ele>
        <time>2026-07-04T15:30:51.000Z</time>
      </trkpt>
      <trkpt lat="6.781347999999992" lon="-73.02313399999996">
        <ele>769</ele>
        <time>2026-07-04T15:30:52.000Z</time>
      </trkpt>
      <trkpt lat="6.7812849999999925" lon="-73.02316499999996">
        <ele>767</ele>
        <time>2026-07-04T15:30:53.000Z</time>
      </trkpt>
      <trkpt lat="6.7812279999999925" lon="-73.02320399999996">
        <ele>767</ele>
        <time>2026-07-04T15:30:54.000Z</time>
      </trkpt>
      <trkpt lat="6.781165999999993" lon="-73.02323699999997">
        <ele>766</ele>
        <time>2026-07-04T15:30:55.000Z</time>
      </trkpt>
      <trkpt lat="6.781103999999993" lon="-73.02326899999997">
        <ele>764</ele>
        <time>2026-07-04T15:30:56.000Z</time>
      </trkpt>
      <trkpt lat="6.781046999999993" lon="-73.02330299999997">
        <ele>763</ele>
        <time>2026-07-04T15:30:57.000Z</time>
      </trkpt>
      <trkpt lat="6.780987999999993" lon="-73.02333299999997">
        <ele>760</ele>
        <time>2026-07-04T15:30:58.000Z</time>
      </trkpt>
      <trkpt lat="6.780927999999992" lon="-73.02336699999996">
        <ele>759</ele>
        <time>2026-07-04T15:30:59.000Z</time>
      </trkpt>
      <trkpt lat="6.7808659999999925" lon="-73.02340299999996">
        <ele>758</ele>
        <time>2026-07-04T15:31:00.000Z</time>
      </trkpt>
      <trkpt lat="6.780802999999993" lon="-73.02343899999995">
        <ele>756</ele>
        <time>2026-07-04T15:31:01.000Z</time>
      </trkpt>
      <trkpt lat="6.7807389999999925" lon="-73.02347799999995">
        <ele>755</ele>
        <time>2026-07-04T15:31:02.000Z</time>
      </trkpt>
      <trkpt lat="6.780685999999992" lon="-73.02351999999995">
        <ele>753</ele>
        <time>2026-07-04T15:31:03.000Z</time>
      </trkpt>
      <trkpt lat="6.780634999999992" lon="-73.02356899999995">
        <ele>752</ele>
        <time>2026-07-04T15:31:04.000Z</time>
      </trkpt>
      <trkpt lat="6.780576999999992" lon="-73.02361699999996">
        <ele>751</ele>
        <time>2026-07-04T15:31:05.000Z</time>
      </trkpt>
      <trkpt lat="6.780534999999992" lon="-73.02367499999995">
        <ele>751</ele>
        <time>2026-07-04T15:31:06.000Z</time>
      </trkpt>
      <trkpt lat="6.780495999999992" lon="-73.02372899999996">
        <ele>750</ele>
        <time>2026-07-04T15:31:07.000Z</time>
      </trkpt>
      <trkpt lat="6.780447999999993" lon="-73.02378699999996">
        <ele>749</ele>
        <time>2026-07-04T15:31:08.000Z</time>
      </trkpt>
      <trkpt lat="6.780398999999993" lon="-73.02383299999995">
        <ele>748</ele>
        <time>2026-07-04T15:31:09.000Z</time>
      </trkpt>
      <trkpt lat="6.780343999999993" lon="-73.02386099999995">
        <ele>748</ele>
        <time>2026-07-04T15:31:10.000Z</time>
      </trkpt>
      <trkpt lat="6.780282999999994" lon="-73.02386799999995">
        <ele>747</ele>
        <time>2026-07-04T15:31:11.000Z</time>
      </trkpt>
      <trkpt lat="6.780213999999994" lon="-73.02385799999995">
        <ele>746</ele>
        <time>2026-07-04T15:31:12.000Z</time>
      </trkpt>
      <trkpt lat="6.780149999999994" lon="-73.02382699999994">
        <ele>745</ele>
        <time>2026-07-04T15:31:13.000Z</time>
      </trkpt>
      <trkpt lat="6.7801039999999935" lon="-73.02377499999994">
        <ele>744</ele>
        <time>2026-07-04T15:31:14.000Z</time>
      </trkpt>
      <trkpt lat="6.780071999999993" lon="-73.02369899999994">
        <ele>743</ele>
        <time>2026-07-04T15:31:15.000Z</time>
      </trkpt>
      <trkpt lat="6.780066999999994" lon="-73.02361799999994">
        <ele>742</ele>
        <time>2026-07-04T15:31:16.000Z</time>
      </trkpt>
      <trkpt lat="6.780080999999994" lon="-73.02353299999994">
        <ele>741</ele>
        <time>2026-07-04T15:31:17.000Z</time>
      </trkpt>
      <trkpt lat="6.780113999999994" lon="-73.02345199999995">
        <ele>741</ele>
        <time>2026-07-04T15:31:18.000Z</time>
      </trkpt>
      <trkpt lat="6.780164999999994" lon="-73.02338099999994">
        <ele>739</ele>
        <time>2026-07-04T15:31:19.000Z</time>
      </trkpt>
      <trkpt lat="6.780226999999994" lon="-73.02331999999994">
        <ele>738</ele>
        <time>2026-07-04T15:31:20.000Z</time>
      </trkpt>
      <trkpt lat="6.780292999999994" lon="-73.02326399999994">
        <ele>737</ele>
        <time>2026-07-04T15:31:21.000Z</time>
      </trkpt>
      <trkpt lat="6.780365999999995" lon="-73.02322599999994">
        <ele>737</ele>
        <time>2026-07-04T15:31:22.000Z</time>
      </trkpt>
      <trkpt lat="6.780438999999995" lon="-73.02318899999993">
        <ele>735</ele>
        <time>2026-07-04T15:31:23.000Z</time>
      </trkpt>
      <trkpt lat="6.780518999999995" lon="-73.02315799999992">
        <ele>734</ele>
        <time>2026-07-04T15:31:24.000Z</time>
      </trkpt>
      <trkpt lat="6.780598999999994" lon="-73.02313699999992">
        <ele>733</ele>
        <time>2026-07-04T15:31:25.000Z</time>
      </trkpt>
      <trkpt lat="6.780683999999995" lon="-73.02312399999992">
        <ele>731</ele>
        <time>2026-07-04T15:31:26.000Z</time>
      </trkpt>
      <trkpt lat="6.780768999999995" lon="-73.02312099999992">
        <ele>730</ele>
        <time>2026-07-04T15:31:27.000Z</time>
      </trkpt>
      <trkpt lat="6.780853999999995" lon="-73.02311499999992">
        <ele>728</ele>
        <time>2026-07-04T15:31:28.000Z</time>
      </trkpt>
      <trkpt lat="6.780938999999996" lon="-73.02310599999991">
        <ele>727</ele>
        <time>2026-07-04T15:31:29.000Z</time>
      </trkpt>
      <trkpt lat="6.7810269999999955" lon="-73.02309799999992">
        <ele>724</ele>
        <time>2026-07-04T15:31:30.000Z</time>
      </trkpt>
      <trkpt lat="6.781116999999996" lon="-73.02309499999991">
        <ele>723</ele>
        <time>2026-07-04T15:31:31.000Z</time>
      </trkpt>
      <trkpt lat="6.781202999999995" lon="-73.02308999999991">
        <ele>723</ele>
        <time>2026-07-04T15:31:32.000Z</time>
      </trkpt>
      <trkpt lat="6.781289999999995" lon="-73.02309399999992">
        <ele>721</ele>
        <time>2026-07-04T15:31:33.000Z</time>
      </trkpt>
      <trkpt lat="6.781370999999995" lon="-73.02311999999992">
        <ele>719</ele>
        <time>2026-07-04T15:31:34.000Z</time>
      </trkpt>
      <trkpt lat="6.7814329999999945" lon="-73.02315799999992">
        <ele>718</ele>
        <time>2026-07-04T15:31:35.000Z</time>
      </trkpt>
      <trkpt lat="6.781494999999994" lon="-73.02320599999993">
        <ele>716</ele>
        <time>2026-07-04T15:31:36.000Z</time>
      </trkpt>
      <trkpt lat="6.781520999999994" lon="-73.02327599999992">
        <ele>716</ele>
        <time>2026-07-04T15:31:37.000Z</time>
      </trkpt>
      <trkpt lat="6.781535999999995" lon="-73.02333499999992">
        <ele>714</ele>
        <time>2026-07-04T15:31:38.000Z</time>
      </trkpt>
      <trkpt lat="6.781532999999994" lon="-73.02338999999992">
        <ele>713</ele>
        <time>2026-07-04T15:31:39.000Z</time>
      </trkpt>
      <trkpt lat="6.781516999999995" lon="-73.02344299999992">
        <ele>712</ele>
        <time>2026-07-04T15:31:40.000Z</time>
      </trkpt>
      <trkpt lat="6.781477999999995" lon="-73.02347699999991">
        <ele>711</ele>
        <time>2026-07-04T15:31:41.000Z</time>
      </trkpt>
      <trkpt lat="6.7814199999999945" lon="-73.02350499999991">
        <ele>710</ele>
        <time>2026-07-04T15:31:42.000Z</time>
      </trkpt>
      <trkpt lat="6.781354999999994" lon="-73.02350799999992">
        <ele>709</ele>
        <time>2026-07-04T15:31:43.000Z</time>
      </trkpt>
      <trkpt lat="6.781284999999994" lon="-73.02348699999992">
        <ele>708</ele>
        <time>2026-07-04T15:31:44.000Z</time>
      </trkpt>
      <trkpt lat="6.781220999999994" lon="-73.02344799999992">
        <ele>708</ele>
        <time>2026-07-04T15:31:45.000Z</time>
      </trkpt>
      <trkpt lat="6.781177999999994" lon="-73.02338099999992">
        <ele>706</ele>
        <time>2026-07-04T15:31:46.000Z</time>
      </trkpt>
      <trkpt lat="6.781148999999995" lon="-73.02330699999992">
        <ele>705</ele>
        <time>2026-07-04T15:31:47.000Z</time>
      </trkpt>
      <trkpt lat="6.781134999999995" lon="-73.02322099999992">
        <ele>703</ele>
        <time>2026-07-04T15:31:48.000Z</time>
      </trkpt>
      <trkpt lat="6.781152999999994" lon="-73.02313099999992">
        <ele>702</ele>
        <time>2026-07-04T15:31:49.000Z</time>
      </trkpt>
      <trkpt lat="6.781200999999994" lon="-73.02303999999992">
        <ele>700</ele>
        <time>2026-07-04T15:31:50.000Z</time>
      </trkpt>
      <trkpt lat="6.7812549999999945" lon="-73.02295999999993">
        <ele>699</ele>
        <time>2026-07-04T15:31:51.000Z</time>
      </trkpt>
      <trkpt lat="6.781338999999995" lon="-73.02290599999992">
        <ele>700</ele>
        <time>2026-07-04T15:31:52.000Z</time>
      </trkpt>
      <trkpt lat="6.781417999999995" lon="-73.02287999999992">
        <ele>701</ele>
        <time>2026-07-04T15:31:53.000Z</time>
      </trkpt>
      <trkpt lat="6.781511999999995" lon="-73.02286599999992">
        <ele>699</ele>
        <time>2026-07-04T15:31:54.000Z</time>
      </trkpt>
      <trkpt lat="6.781605999999995" lon="-73.02285999999992">
        <ele>699</ele>
        <time>2026-07-04T15:31:55.000Z</time>
      </trkpt>
      <trkpt lat="6.781701999999995" lon="-73.02288999999992">
        <ele>695</ele>
        <time>2026-07-04T15:31:56.000Z</time>
      </trkpt>
      <trkpt lat="6.781784999999995" lon="-73.02292599999991">
        <ele>692</ele>
        <time>2026-07-04T15:31:57.000Z</time>
      </trkpt>
      <trkpt lat="6.781859999999995" lon="-73.02296199999991">
        <ele>691</ele>
        <time>2026-07-04T15:31:58.000Z</time>
      </trkpt>
      <trkpt lat="6.781916999999995" lon="-73.02302399999991">
        <ele>689</ele>
        <time>2026-07-04T15:31:59.000Z</time>
      </trkpt>
      <trkpt lat="6.7819669999999945" lon="-73.0230829999999">
        <ele>688</ele>
        <time>2026-07-04T15:32:00.000Z</time>
      </trkpt>
      <trkpt lat="6.782011999999995" lon="-73.0231509999999">
        <ele>686</ele>
        <time>2026-07-04T15:32:01.000Z</time>
      </trkpt>
      <trkpt lat="6.7820429999999945" lon="-73.0232199999999">
        <ele>684</ele>
        <time>2026-07-04T15:32:02.000Z</time>
      </trkpt>
      <trkpt lat="6.782053999999994" lon="-73.02328399999989">
        <ele>683</ele>
        <time>2026-07-04T15:32:03.000Z</time>
      </trkpt>
      <trkpt lat="6.782037999999995" lon="-73.0233499999999">
        <ele>681</ele>
        <time>2026-07-04T15:32:04.000Z</time>
      </trkpt>
      <trkpt lat="6.782000999999995" lon="-73.0233979999999">
        <ele>680</ele>
        <time>2026-07-04T15:32:05.000Z</time>
      </trkpt>
      <trkpt lat="6.781943999999995" lon="-73.0234249999999">
        <ele>680</ele>
        <time>2026-07-04T15:32:06.000Z</time>
      </trkpt>
      <trkpt lat="6.7818839999999945" lon="-73.02342799999991">
        <ele>678</ele>
        <time>2026-07-04T15:32:07.000Z</time>
      </trkpt>
      <trkpt lat="6.781819999999994" lon="-73.0234019999999">
        <ele>677</ele>
        <time>2026-07-04T15:32:08.000Z</time>
      </trkpt>
      <trkpt lat="6.781762999999994" lon="-73.0233539999999">
        <ele>676</ele>
        <time>2026-07-04T15:32:09.000Z</time>
      </trkpt>
      <trkpt lat="6.781720999999995" lon="-73.0232859999999">
        <ele>675</ele>
        <time>2026-07-04T15:32:10.000Z</time>
      </trkpt>
      <trkpt lat="6.781696999999995" lon="-73.0232129999999">
        <ele>674</ele>
        <time>2026-07-04T15:32:11.000Z</time>
      </trkpt>
      <trkpt lat="6.781697999999995" lon="-73.0231289999999">
        <ele>672</ele>
        <time>2026-07-04T15:32:12.000Z</time>
      </trkpt>
      <trkpt lat="6.781721999999995" lon="-73.0230389999999">
        <ele>671</ele>
        <time>2026-07-04T15:32:13.000Z</time>
      </trkpt>
      <trkpt lat="6.781774999999995" lon="-73.0229549999999">
        <ele>669</ele>
        <time>2026-07-04T15:32:14.000Z</time>
      </trkpt>
      <trkpt lat="6.781843999999995" lon="-73.0228849999999">
        <ele>668</ele>
        <time>2026-07-04T15:32:15.000Z</time>
      </trkpt>
      <trkpt lat="6.781918999999995" lon="-73.0228159999999">
        <ele>668</ele>
        <time>2026-07-04T15:32:16.000Z</time>
      </trkpt>
      <trkpt lat="6.782040999999995" lon="-73.02284299999991">
        <ele>666</ele>
        <time>2026-07-04T15:32:17.000Z</time>
      </trkpt>
      <trkpt lat="6.7821389999999955" lon="-73.02285899999991">
        <ele>665</ele>
        <time>2026-07-04T15:32:18.000Z</time>
      </trkpt>
      <trkpt lat="6.782213999999995" lon="-73.02290299999991">
        <ele>663</ele>
        <time>2026-07-04T15:32:19.000Z</time>
      </trkpt>
      <trkpt lat="6.782268999999995" lon="-73.02296599999991">
        <ele>662</ele>
        <time>2026-07-04T15:32:20.000Z</time>
      </trkpt>
      <trkpt lat="6.782300999999995" lon="-73.02303199999992">
        <ele>660</ele>
        <time>2026-07-04T15:32:21.000Z</time>
      </trkpt>
      <trkpt lat="6.782311999999995" lon="-73.02310199999991">
        <ele>659</ele>
        <time>2026-07-04T15:32:22.000Z</time>
      </trkpt>
      <trkpt lat="6.782305999999995" lon="-73.02316299999991">
        <ele>657</ele>
        <time>2026-07-04T15:32:23.000Z</time>
      </trkpt>
      <trkpt lat="6.782272999999995" lon="-73.02321699999992">
        <ele>656</ele>
        <time>2026-07-04T15:32:24.000Z</time>
      </trkpt>
      <trkpt lat="6.782237999999995" lon="-73.02326299999991">
        <ele>655</ele>
        <time>2026-07-04T15:32:25.000Z</time>
      </trkpt>
      <trkpt lat="6.782196999999995" lon="-73.02331099999992">
        <ele>654</ele>
        <time>2026-07-04T15:32:26.000Z</time>
      </trkpt>
      <trkpt lat="6.782160999999995" lon="-73.02334499999992">
        <ele>654</ele>
        <time>2026-07-04T15:32:27.000Z</time>
      </trkpt>
      <trkpt lat="6.782113999999995" lon="-73.02335899999991">
        <ele>653</ele>
        <time>2026-07-04T15:32:28.000Z</time>
      </trkpt>
      <trkpt lat="6.782044999999995" lon="-73.02334899999991">
        <ele>650</ele>
        <time>2026-07-04T15:32:29.000Z</time>
      </trkpt>
      <trkpt lat="6.781978999999994" lon="-73.02330499999991">
        <ele>647</ele>
        <time>2026-07-04T15:32:30.000Z</time>
      </trkpt>
      <trkpt lat="6.781925999999994" lon="-73.0232439999999">
        <ele>646</ele>
        <time>2026-07-04T15:32:31.000Z</time>
      </trkpt>
      <trkpt lat="6.781901999999994" lon="-73.02315899999991">
        <ele>645</ele>
        <time>2026-07-04T15:32:32.000Z</time>
      </trkpt>
      <trkpt lat="6.781911999999994" lon="-73.0230699999999">
        <ele>644</ele>
        <time>2026-07-04T15:32:33.000Z</time>
      </trkpt>
      <trkpt lat="6.781944999999994" lon="-73.02298999999991">
        <ele>643</ele>
        <time>2026-07-04T15:32:34.000Z</time>
      </trkpt>
      <trkpt lat="6.781986999999994" lon="-73.0229139999999">
        <ele>643</ele>
        <time>2026-07-04T15:32:35.000Z</time>
      </trkpt>
      <trkpt lat="6.782045999999994" lon="-73.0228349999999">
        <ele>642</ele>
        <time>2026-07-04T15:32:36.000Z</time>
      </trkpt>
      <trkpt lat="6.782124999999994" lon="-73.0227789999999">
        <ele>643</ele>
        <time>2026-07-04T15:32:37.000Z</time>
      </trkpt>
      <trkpt lat="6.782253999999995" lon="-73.0227609999999">
        <ele>643</ele>
        <time>2026-07-04T15:32:38.000Z</time>
      </trkpt>
      <trkpt lat="6.782358999999994" lon="-73.0227729999999">
        <ele>645</ele>
        <time>2026-07-04T15:32:39.000Z</time>
      </trkpt>
      <trkpt lat="6.782475999999995" lon="-73.0228389999999">
        <ele>640</ele>
        <time>2026-07-04T15:32:40.000Z</time>
      </trkpt>
      <trkpt lat="6.782558999999995" lon="-73.0228609999999">
        <ele>638</ele>
        <time>2026-07-04T15:32:41.000Z</time>
      </trkpt>
      <trkpt lat="6.782622999999995" lon="-73.0229069999999">
        <ele>636</ele>
        <time>2026-07-04T15:32:42.000Z</time>
      </trkpt>
      <trkpt lat="6.782666999999995" lon="-73.0229739999999">
        <ele>634</ele>
        <time>2026-07-04T15:32:43.000Z</time>
      </trkpt>
      <trkpt lat="6.782695999999994" lon="-73.0230479999999">
        <ele>632</ele>
        <time>2026-07-04T15:32:44.000Z</time>
      </trkpt>
      <trkpt lat="6.782717999999995" lon="-73.02311399999991">
        <ele>630</ele>
        <time>2026-07-04T15:32:45.000Z</time>
      </trkpt>
      <trkpt lat="6.782692999999995" lon="-73.02317499999991">
        <ele>630</ele>
        <time>2026-07-04T15:32:46.000Z</time>
      </trkpt>
      <trkpt lat="6.782668999999995" lon="-73.02323199999991">
        <ele>629</ele>
        <time>2026-07-04T15:32:47.000Z</time>
      </trkpt>
      <trkpt lat="6.782635999999995" lon="-73.02327699999991">
        <ele>628</ele>
        <time>2026-07-04T15:32:48.000Z</time>
      </trkpt>
      <trkpt lat="6.782592999999995" lon="-73.02330999999991">
        <ele>627</ele>
        <time>2026-07-04T15:32:49.000Z</time>
      </trkpt>
      <trkpt lat="6.782546999999995" lon="-73.02332999999992">
        <ele>625</ele>
        <time>2026-07-04T15:32:50.000Z</time>
      </trkpt>
      <trkpt lat="6.782499999999994" lon="-73.02333399999992">
        <ele>624</ele>
        <time>2026-07-04T15:32:51.000Z</time>
      </trkpt>
      <trkpt lat="6.782445999999994" lon="-73.02332099999992">
        <ele>624</ele>
        <time>2026-07-04T15:32:52.000Z</time>
      </trkpt>
      <trkpt lat="6.7823919999999935" lon="-73.02325299999993">
        <ele>620</ele>
        <time>2026-07-04T15:32:53.000Z</time>
      </trkpt>
      <trkpt lat="6.782370999999993" lon="-73.02315799999992">
        <ele>619</ele>
        <time>2026-07-04T15:32:54.000Z</time>
      </trkpt>
      <trkpt lat="6.782386999999993" lon="-73.02305699999992">
        <ele>619</ele>
        <time>2026-07-04T15:32:55.000Z</time>
      </trkpt>
      <trkpt lat="6.782432999999993" lon="-73.02295899999993">
        <ele>618</ele>
        <time>2026-07-04T15:32:56.000Z</time>
      </trkpt>
      <trkpt lat="6.782499999999993" lon="-73.02289099999993">
        <ele>617</ele>
        <time>2026-07-04T15:32:57.000Z</time>
      </trkpt>
      <trkpt lat="6.782575999999993" lon="-73.02283899999993">
        <ele>617</ele>
        <time>2026-07-04T15:32:58.000Z</time>
      </trkpt>
      <trkpt lat="6.782660999999993" lon="-73.02278699999994">
        <ele>616</ele>
        <time>2026-07-04T15:32:59.000Z</time>
      </trkpt>
      <trkpt lat="6.782763999999993" lon="-73.02279599999994">
        <ele>614</ele>
        <time>2026-07-04T15:33:00.000Z</time>
      </trkpt>
      <trkpt lat="6.782860999999993" lon="-73.02281399999994">
        <ele>611</ele>
        <time>2026-07-04T15:33:01.000Z</time>
      </trkpt>
      <trkpt lat="6.782952999999994" lon="-73.02285899999994">
        <ele>609</ele>
        <time>2026-07-04T15:33:02.000Z</time>
      </trkpt>
      <trkpt lat="6.783033999999994" lon="-73.02290799999994">
        <ele>609</ele>
        <time>2026-07-04T15:33:03.000Z</time>
      </trkpt>
      <trkpt lat="6.783107999999993" lon="-73.02295199999995">
        <ele>609</ele>
        <time>2026-07-04T15:33:04.000Z</time>
      </trkpt>
      <trkpt lat="6.783175999999993" lon="-73.02299499999995">
        <ele>609</ele>
        <time>2026-07-04T15:33:05.000Z</time>
      </trkpt>
      <trkpt lat="6.783240999999993" lon="-73.02303699999995">
        <ele>608</ele>
        <time>2026-07-04T15:33:06.000Z</time>
      </trkpt>
      <trkpt lat="6.783305999999993" lon="-73.02308299999994">
        <ele>606</ele>
        <time>2026-07-04T15:33:07.000Z</time>
      </trkpt>
      <trkpt lat="6.783379999999993" lon="-73.02313399999994">
        <ele>604</ele>
        <time>2026-07-04T15:33:08.000Z</time>
      </trkpt>
      <trkpt lat="6.783453999999993" lon="-73.02318599999994">
        <ele>603</ele>
        <time>2026-07-04T15:33:09.000Z</time>
      </trkpt>
      <trkpt lat="6.7835279999999925" lon="-73.02323299999993">
        <ele>603</ele>
        <time>2026-07-04T15:33:10.000Z</time>
      </trkpt>
      <trkpt lat="6.783609999999992" lon="-73.02326299999993">
        <ele>602</ele>
        <time>2026-07-04T15:33:11.000Z</time>
      </trkpt>
      <trkpt lat="6.783692999999992" lon="-73.02328899999993">
        <ele>601</ele>
        <time>2026-07-04T15:33:12.000Z</time>
      </trkpt>
      <trkpt lat="6.783787999999992" lon="-73.02329099999993">
        <ele>598</ele>
        <time>2026-07-04T15:33:13.000Z</time>
      </trkpt>
      <trkpt lat="6.783878999999993" lon="-73.02331499999993">
        <ele>596</ele>
        <time>2026-07-04T15:33:14.000Z</time>
      </trkpt>
      <trkpt lat="6.783964999999992" lon="-73.02332699999992">
        <ele>595</ele>
        <time>2026-07-04T15:33:15.000Z</time>
      </trkpt>
      <trkpt lat="6.784069999999992" lon="-73.02333499999992">
        <ele>594</ele>
        <time>2026-07-04T15:33:16.000Z</time>
      </trkpt>
      <trkpt lat="6.7841689999999915" lon="-73.02333199999991">
        <ele>592</ele>
        <time>2026-07-04T15:33:17.000Z</time>
      </trkpt>
      <trkpt lat="6.784263999999991" lon="-73.02332999999992">
        <ele>591</ele>
        <time>2026-07-04T15:33:18.000Z</time>
      </trkpt>
      <trkpt lat="6.784343999999991" lon="-73.02333899999992">
        <ele>589</ele>
        <time>2026-07-04T15:33:19.000Z</time>
      </trkpt>
      <trkpt lat="6.784455999999991" lon="-73.02334599999992">
        <ele>588</ele>
        <time>2026-07-04T15:33:20.000Z</time>
      </trkpt>
      <trkpt lat="6.784551999999991" lon="-73.02333199999993">
        <ele>587</ele>
        <time>2026-07-04T15:33:21.000Z</time>
      </trkpt>
      <trkpt lat="6.784673999999991" lon="-73.02327999999993">
        <ele>585</ele>
        <time>2026-07-04T15:33:22.000Z</time>
      </trkpt>
      <trkpt lat="6.784784999999991" lon="-73.02326299999993">
        <ele>583</ele>
        <time>2026-07-04T15:33:23.000Z</time>
      </trkpt>
      <trkpt lat="6.784885999999991" lon="-73.02325799999993">
        <ele>581</ele>
        <time>2026-07-04T15:33:24.000Z</time>
      </trkpt>
      <trkpt lat="6.784979999999991" lon="-73.02323899999993">
        <ele>581</ele>
        <time>2026-07-04T15:33:25.000Z</time>
      </trkpt>
      <trkpt lat="6.7850719999999916" lon="-73.02322199999993">
        <ele>580</ele>
        <time>2026-07-04T15:33:26.000Z</time>
      </trkpt>
      <trkpt lat="6.785161999999992" lon="-73.02320999999993">
        <ele>577</ele>
        <time>2026-07-04T15:33:27.000Z</time>
      </trkpt>
      <trkpt lat="6.785254999999991" lon="-73.02319699999994">
        <ele>576</ele>
        <time>2026-07-04T15:33:28.000Z</time>
      </trkpt>
      <trkpt lat="6.7853509999999915" lon="-73.02319099999994">
        <ele>573</ele>
        <time>2026-07-04T15:33:29.000Z</time>
      </trkpt>
      <trkpt lat="6.785448999999992" lon="-73.02319199999994">
        <ele>572</ele>
        <time>2026-07-04T15:33:30.000Z</time>
      </trkpt>
      <trkpt lat="6.7855419999999915" lon="-73.02319599999994">
        <ele>572</ele>
        <time>2026-07-04T15:33:31.000Z</time>
      </trkpt>
      <trkpt lat="6.785633999999992" lon="-73.02322299999994">
        <ele>569</ele>
        <time>2026-07-04T15:33:32.000Z</time>
      </trkpt>
      <trkpt lat="6.785707999999992" lon="-73.02325499999995">
        <ele>568</ele>
        <time>2026-07-04T15:33:33.000Z</time>
      </trkpt>
      <trkpt lat="6.785770999999992" lon="-73.02330299999996">
        <ele>565</ele>
        <time>2026-07-04T15:33:34.000Z</time>
      </trkpt>
      <trkpt lat="6.785809999999992" lon="-73.02335599999995">
        <ele>563</ele>
        <time>2026-07-04T15:33:35.000Z</time>
      </trkpt>
      <trkpt lat="6.785842999999992" lon="-73.02341799999995">
        <ele>562</ele>
        <time>2026-07-04T15:33:36.000Z</time>
      </trkpt>
      <trkpt lat="6.7858659999999915" lon="-73.02347799999995">
        <ele>561</ele>
        <time>2026-07-04T15:33:37.000Z</time>
      </trkpt>
      <trkpt lat="6.785879999999992" lon="-73.02353499999995">
        <ele>560</ele>
        <time>2026-07-04T15:33:38.000Z</time>
      </trkpt>
      <trkpt lat="6.7858849999999915" lon="-73.02358799999995">
        <ele>559</ele>
        <time>2026-07-04T15:33:39.000Z</time>
      </trkpt>
      <trkpt lat="6.785883999999991" lon="-73.02363899999995">
        <ele>557</ele>
        <time>2026-07-04T15:33:40.000Z</time>
      </trkpt>
      <trkpt lat="6.785878999999992" lon="-73.02369299999995">
        <ele>555</ele>
        <time>2026-07-04T15:33:41.000Z</time>
      </trkpt>
      <trkpt lat="6.785874999999992" lon="-73.02374899999995">
        <ele>553</ele>
        <time>2026-07-04T15:33:42.000Z</time>
      </trkpt>
      <trkpt lat="6.785874999999992" lon="-73.02380799999995">
        <ele>551</ele>
        <time>2026-07-04T15:33:43.000Z</time>
      </trkpt>
      <trkpt lat="6.785878999999992" lon="-73.02386799999995">
        <ele>550</ele>
        <time>2026-07-04T15:33:44.000Z</time>
      </trkpt>
      <trkpt lat="6.785877999999991" lon="-73.02392399999995">
        <ele>548</ele>
        <time>2026-07-04T15:33:45.000Z</time>
      </trkpt>
      <trkpt lat="6.785883999999991" lon="-73.02398199999995">
        <ele>547</ele>
        <time>2026-07-04T15:33:46.000Z</time>
      </trkpt>
      <trkpt lat="6.785889999999991" lon="-73.02403799999995">
        <ele>545</ele>
        <time>2026-07-04T15:33:47.000Z</time>
      </trkpt>
      <trkpt lat="6.785899999999991" lon="-73.02409299999995">
        <ele>543</ele>
        <time>2026-07-04T15:33:48.000Z</time>
      </trkpt>
      <trkpt lat="6.785914999999991" lon="-73.02415499999995">
        <ele>541</ele>
        <time>2026-07-04T15:33:49.000Z</time>
      </trkpt>
      <trkpt lat="6.785924999999991" lon="-73.02421899999995">
        <ele>540</ele>
        <time>2026-07-04T15:33:50.000Z</time>
      </trkpt>
      <trkpt lat="6.785927999999991" lon="-73.02428399999995">
        <ele>538</ele>
        <time>2026-07-04T15:33:51.000Z</time>
      </trkpt>
      <trkpt lat="6.785930999999992" lon="-73.02434799999995">
        <ele>536</ele>
        <time>2026-07-04T15:33:52.000Z</time>
      </trkpt>
      <trkpt lat="6.785915999999991" lon="-73.02440199999995">
        <ele>535</ele>
        <time>2026-07-04T15:33:53.000Z</time>
      </trkpt>
      <trkpt lat="6.785886999999992" lon="-73.02444799999995">
        <ele>534</ele>
        <time>2026-07-04T15:33:54.000Z</time>
      </trkpt>
      <trkpt lat="6.7858469999999915" lon="-73.02448299999995">
        <ele>530</ele>
        <time>2026-07-04T15:33:55.000Z</time>
      </trkpt>
      <trkpt lat="6.785791999999992" lon="-73.02451899999994">
        <ele>528</ele>
        <time>2026-07-04T15:33:56.000Z</time>
      </trkpt>
      <trkpt lat="6.785755999999992" lon="-73.02454999999995">
        <ele>527</ele>
        <time>2026-07-04T15:33:57.000Z</time>
      </trkpt>
      <trkpt lat="6.785714999999992" lon="-73.02457099999995">
        <ele>527</ele>
        <time>2026-07-04T15:33:58.000Z</time>
      </trkpt>
      <trkpt lat="6.785665999999992" lon="-73.02458699999995">
        <ele>525</ele>
        <time>2026-07-04T15:33:59.000Z</time>
      </trkpt>
      <trkpt lat="6.785623999999992" lon="-73.02459799999995">
        <ele>524</ele>
        <time>2026-07-04T15:34:00.000Z</time>
      </trkpt>
      <trkpt lat="6.785579999999992" lon="-73.02461099999995">
        <ele>523</ele>
        <time>2026-07-04T15:34:01.000Z</time>
      </trkpt>
      <trkpt lat="6.785532999999992" lon="-73.02462199999995">
        <ele>521</ele>
        <time>2026-07-04T15:34:02.000Z</time>
      </trkpt>
      <trkpt lat="6.785473999999992" lon="-73.02462799999995">
        <ele>520</ele>
        <time>2026-07-04T15:34:03.000Z</time>
      </trkpt>
      <trkpt lat="6.785425999999992" lon="-73.02462599999996">
        <ele>519</ele>
        <time>2026-07-04T15:34:04.000Z</time>
      </trkpt>
      <trkpt lat="6.785374999999992" lon="-73.02463199999995">
        <ele>518</ele>
        <time>2026-07-04T15:34:05.000Z</time>
      </trkpt>
      <trkpt lat="6.785324999999992" lon="-73.02464099999996">
        <ele>517</ele>
        <time>2026-07-04T15:34:06.000Z</time>
      </trkpt>
      <trkpt lat="6.785272999999992" lon="-73.02464999999997">
        <ele>516</ele>
        <time>2026-07-04T15:34:07.000Z</time>
      </trkpt>
      <trkpt lat="6.785220999999992" lon="-73.02465199999996">
        <ele>515</ele>
        <time>2026-07-04T15:34:08.000Z</time>
      </trkpt>
      <trkpt lat="6.785163999999992" lon="-73.02464999999997">
        <ele>513</ele>
        <time>2026-07-04T15:34:09.000Z</time>
      </trkpt>
      <trkpt lat="6.785103999999992" lon="-73.02464199999997">
        <ele>512</ele>
        <time>2026-07-04T15:34:10.000Z</time>
      </trkpt>
      <trkpt lat="6.785047999999992" lon="-73.02463999999998">
        <ele>511</ele>
        <time>2026-07-04T15:34:11.000Z</time>
      </trkpt>
      <trkpt lat="6.784991999999992" lon="-73.02463999999998">
        <ele>511</ele>
        <time>2026-07-04T15:34:12.000Z</time>
      </trkpt>
      <trkpt lat="6.784939999999992" lon="-73.02463799999998">
        <ele>510</ele>
        <time>2026-07-04T15:34:13.000Z</time>
      </trkpt>
      <trkpt lat="6.784889999999992" lon="-73.02463999999998">
        <ele>509</ele>
        <time>2026-07-04T15:34:14.000Z</time>
      </trkpt>
      <trkpt lat="6.784844999999992" lon="-73.02463899999998">
        <ele>508</ele>
        <time>2026-07-04T15:34:15.000Z</time>
      </trkpt>
      <trkpt lat="6.784800999999992" lon="-73.02463999999998">
        <ele>507</ele>
        <time>2026-07-04T15:34:16.000Z</time>
      </trkpt>
      <trkpt lat="6.7847599999999915" lon="-73.02464599999998">
        <ele>506</ele>
        <time>2026-07-04T15:34:17.000Z</time>
      </trkpt>
      <trkpt lat="6.784710999999992" lon="-73.02465099999998">
        <ele>504</ele>
        <time>2026-07-04T15:34:18.000Z</time>
      </trkpt>
      <trkpt lat="6.784658999999992" lon="-73.02465999999998">
        <ele>502</ele>
        <time>2026-07-04T15:34:19.000Z</time>
      </trkpt>
      <trkpt lat="6.784601999999992" lon="-73.02466999999999">
        <ele>501</ele>
        <time>2026-07-04T15:34:20.000Z</time>
      </trkpt>
      <trkpt lat="6.784545999999992" lon="-73.02467699999998">
        <ele>500</ele>
        <time>2026-07-04T15:34:21.000Z</time>
      </trkpt>
      <trkpt lat="6.784491999999991" lon="-73.02468399999998">
        <ele>499</ele>
        <time>2026-07-04T15:34:22.000Z</time>
      </trkpt>
      <trkpt lat="6.784445999999991" lon="-73.02469999999998">
        <ele>499</ele>
        <time>2026-07-04T15:34:23.000Z</time>
      </trkpt>
      <trkpt lat="6.784403999999991" lon="-73.02471299999998">
        <ele>497</ele>
        <time>2026-07-04T15:34:24.000Z</time>
      </trkpt>
      <trkpt lat="6.7843659999999915" lon="-73.02471599999998">
        <ele>497</ele>
        <time>2026-07-04T15:34:25.000Z</time>
      </trkpt>
      <trkpt lat="6.784344999999991" lon="-73.02471599999998">
        <ele>497</ele>
        <time>2026-07-04T15:34:26.000Z</time>
      </trkpt>
      <trkpt lat="6.784332999999991" lon="-73.02471999999999">
        <ele>498</ele>
        <time>2026-07-04T15:34:27.000Z</time>
      </trkpt>
      <trkpt lat="6.7843279999999915" lon="-73.02471699999998">
        <ele>498</ele>
        <time>2026-07-04T15:34:28.000Z</time>
      </trkpt>
      <trkpt lat="6.784328999999992" lon="-73.02471799999998">
        <ele>498</ele>
        <time>2026-07-04T15:34:29.000Z</time>
      </trkpt>
      <trkpt lat="6.784324999999992" lon="-73.02471799999998">
        <ele>498</ele>
        <time>2026-07-04T15:34:30.000Z</time>
      </trkpt>
      <trkpt lat="6.784322999999992" lon="-73.02471699999998">
        <ele>498</ele>
        <time>2026-07-04T15:34:31.000Z</time>
      </trkpt>
      <trkpt lat="6.784322999999992" lon="-73.02471199999998">
        <ele>498</ele>
        <time>2026-07-04T15:34:32.000Z</time>
      </trkpt>
      <trkpt lat="6.784322999999992" lon="-73.02470899999997">
        <ele>498</ele>
        <time>2026-07-04T15:34:33.000Z</time>
      </trkpt>
      <trkpt lat="6.784320999999991" lon="-73.02470599999997">
        <ele>498</ele>
        <time>2026-07-04T15:34:34.000Z</time>
      </trkpt>
      <trkpt lat="6.784318999999991" lon="-73.02470299999996">
        <ele>498</ele>
        <time>2026-07-04T15:34:35.000Z</time>
      </trkpt>
      <trkpt lat="6.784317999999991" lon="-73.02469999999995">
        <ele>498</ele>
        <time>2026-07-04T15:34:36.000Z</time>
      </trkpt>
      <trkpt lat="6.784316999999991" lon="-73.02469999999995">
        <ele>498</ele>
        <time>2026-07-04T15:34:37.000Z</time>
      </trkpt>
      <trkpt lat="6.784316999999991" lon="-73.02469999999995">
        <ele>498</ele>
        <time>2026-07-04T15:34:38.000Z</time>
      </trkpt>
      <trkpt lat="6.784315999999991" lon="-73.02469799999996">
        <ele>497</ele>
        <time>2026-07-04T15:34:39.000Z</time>
      </trkpt>
      <trkpt lat="6.784315999999991" lon="-73.02469699999996">
        <ele>497</ele>
        <time>2026-07-04T15:34:40.000Z</time>
      </trkpt>
      <trkpt lat="6.784315999999991" lon="-73.02469599999996">
        <ele>497</ele>
        <time>2026-07-04T15:34:41.000Z</time>
      </trkpt>
      <trkpt lat="6.7843149999999905" lon="-73.02469499999997">
        <ele>497</ele>
        <time>2026-07-04T15:34:42.000Z</time>
      </trkpt>
    </trkseg>
  </trk>
</gpx>