<?xml version="1.0" encoding="UTF-8"?>
<gpx creator="Garmin Connect" version="1.1"
  xsi:schemaLocation="http://www.topografix.com/GPX/1/1 http://www.topografix.com/GPX/11.xsd"
  xmlns:ns3="http://www.garmin.com/xmlschemas/TrackPointExtension/v1"
  xmlns="http://www.topografix.com/GPX/1/1"
  xmlns:xsi="http://www.w3.org/2001/XMLSchema-instance" xmlns:ns2="http://www.garmin.com/xmlschemas/GpxExtensions/v3">
  <metadata>
    <link href="connect.garmin.com">
      <text>Garmin Connect</text>
    </link>
    <time>2026-08-27T16:40:22.000Z</time>
  </metadata>
  <trk>
    <name>Parque nacional Cajas</name>
    <type>walking</type>
    <trkseg>
      <trkpt lat="-2.77729265391826629638671875" lon="-79.22303966246545314788818359375">
        <ele>3912.199951171875</ele>
        <time>2026-08-27T16:40:45.000Z</time>
        <extensions>
          <ns3:TrackPointExtension>
            <ns3:hr>96</ns3:hr>
          </ns3:TrackPointExtension>
        </extensions>
      </trkpt>
      <trkpt lat="-2.77723607607185840606689453125" lon="-79.22301837243139743804931640625">
        <ele>3913.60009765625</ele>
        <time>2026-08-27T16:40:46.000Z</time>
        <extensions>
          <ns3:TrackPointExtension>
            <ns3:hr>98</ns3:hr>
          </ns3:TrackPointExtension>
        </extensions>
      </trkpt>
      <trkpt lat="-2.7772529236972332000732421875" lon="-79.22302759252488613128662109375">
        <ele>3913.199951171875</ele>
        <time>2026-08-27T16:40:47.000Z</time>
        <extensions>
          <ns3:TrackPointExtension>
            <ns3:hr>94</ns3:hr>
          </ns3:TrackPointExtension>
        </extensions>
      </trkpt>
      <trkpt lat="-2.77721461839973926544189453125" lon="-79.22302792780101299285888671875">
        <ele>3914.199951171875</ele>
        <time>2026-08-27T16:40:50.000Z</time>
        <extensions>
          <ns3:TrackPointExtension>
            <ns3:hr>95</ns3:hr>
          </ns3:TrackPointExtension>
        </extensions>
      </trkpt>
      <trkpt lat="-2.77722752653062343597412109375" lon="-79.22295617870986461639404296875">
        <ele>3913.800048828125</ele>
        <time>2026-08-27T16:41:00.000Z</time>
        <extensions>
          <ns3:TrackPointExtension>
            <ns3:hr>94</ns3:hr>
          </ns3:TrackPointExtension>
        </extensions>
      </trkpt>
      <trkpt lat="-2.777197770774364471435546875" lon="-79.2229011096060276031494140625">
        <ele>3914.199951171875</ele>
        <time>2026-08-27T16:41:09.000Z</time>
        <extensions>
          <ns3:TrackPointExtension>
            <ns3:hr>96</ns3:hr>
          </ns3:TrackPointExtension>
        </extensions>
      </trkpt>
      <trkpt lat="-2.77717438526451587677001953125" lon="-79.22285844571888446807861328125">
        <ele>3914.800048828125</ele>
        <time>2026-08-27T16:41:16.000Z</time>
        <extensions>
          <ns3:TrackPointExtension>
            <ns3:hr>97</ns3:hr>
          </ns3:TrackPointExtension>
        </extensions>
      </trkpt>
      <trkpt lat="-2.77714085765182971954345703125" lon="-79.22278468497097492218017578125">
        <ele>3915.60009765625</ele>
        <time>2026-08-27T16:41:26.000Z</time>
        <extensions>
          <ns3:TrackPointExtension>
            <ns3:hr>95</ns3:hr>
          </ns3:TrackPointExtension>
        </extensions>
      </trkpt>
      <trkpt lat="-2.77713348157703876495361328125" lon="-79.22277890145778656005859375">
        <ele>3915.800048828125</ele>
        <time>2026-08-27T16:41:27.000Z</time>
        <extensions>
          <ns3:TrackPointExtension>
            <ns3:hr>99</ns3:hr>
          </ns3:TrackPointExtension>
        </extensions>
      </trkpt>
      <trkpt lat="-2.77713012881577014923095703125" lon="-79.2227773927152156829833984375">
        <ele>3915.800048828125</ele>
        <time>2026-08-27T16:41:28.000Z</time>
        <extensions>
          <ns3:TrackPointExtension>
            <ns3:hr>96</ns3:hr>
          </ns3:TrackPointExtension>
        </extensions>
      </trkpt>
      <trkpt lat="-2.77710246853530406951904296875" lon="-79.22275249846279621124267578125">
        <ele>3916.39990234375</ele>
        <time>2026-08-27T16:41:33.000Z</time>
        <extensions>
          <ns3:TrackPointExtension>
            <ns3:hr>94</ns3:hr>
          </ns3:TrackPointExtension>
        </extensions>
      </trkpt>
      <trkpt lat="-2.77703725732862949371337890625" lon="-79.2226841859519481658935546875">
        <ele>3918</ele>
        <time>2026-08-27T16:41:42.000Z</time>
        <extensions>
          <ns3:TrackPointExtension>
            <ns3:hr>93</ns3:hr>
          </ns3:TrackPointExtension>
        </extensions>
      </trkpt>
      <trkpt lat="-2.7770038135349750518798828125" lon="-79.22264856286346912384033203125">
        <ele>3919.60009765625</ele>
        <time>2026-08-27T16:41:47.000Z</time>
        <extensions>
          <ns3:TrackPointExtension>
            <ns3:hr>96</ns3:hr>
          </ns3:TrackPointExtension>
        </extensions>
      </trkpt>
      <trkpt lat="-2.7769835293292999267578125" lon="-79.2226226627826690673828125">
        <ele>3921</ele>
        <time>2026-08-27T16:41:51.000Z</time>
        <extensions>
          <ns3:TrackPointExtension>
            <ns3:hr>92</ns3:hr>
          </ns3:TrackPointExtension>
        </extensions>
      </trkpt>
      <trkpt lat="-2.7769769914448261260986328125" lon="-79.2226053960621356964111328125">
        <ele>3921.60009765625</ele>
        <time>2026-08-27T16:41:53.000Z</time>
        <extensions>
          <ns3:TrackPointExtension>
            <ns3:hr>89</ns3:hr>
          </ns3:TrackPointExtension>
        </extensions>
      </trkpt>
      <trkpt lat="-2.7769753150641918182373046875" lon="-79.22259776853024959564208984375">
        <ele>3921.800048828125</ele>
        <time>2026-08-27T16:41:54.000Z</time>
        <extensions>
          <ns3:TrackPointExtension>
            <ns3:hr>92</ns3:hr>
          </ns3:TrackPointExtension>
        </extensions>
      </trkpt>
      <trkpt lat="-2.7769568748772144317626953125" lon="-79.2225448787212371826171875">
        <ele>3923.39990234375</ele>
        <time>2026-08-27T16:42:01.000Z</time>
        <extensions>
          <ns3:TrackPointExtension>
            <ns3:hr>93</ns3:hr>
          </ns3:TrackPointExtension>
        </extensions>
      </trkpt>
      <trkpt lat="-2.7769084274768829345703125" lon="-79.22251244075596332550048828125">
        <ele>3926.39990234375</ele>
        <time>2026-08-27T16:42:08.000Z</time>
        <extensions>
          <ns3:TrackPointExtension>
            <ns3:hr>89</ns3:hr>
          </ns3:TrackPointExtension>
        </extensions>
      </trkpt>
      <trkpt lat="-2.7769159711897373199462890625" lon="-79.2224843613803386688232421875">
        <ele>3926.39990234375</ele>
        <time>2026-08-27T16:42:12.000Z</time>
        <extensions>
          <ns3:TrackPointExtension>
            <ns3:hr>86</ns3:hr>
          </ns3:TrackPointExtension>
        </extensions>
      </trkpt>
      <trkpt lat="-2.7769169770181179046630859375" lon="-79.222477488219738006591796875">
        <ele>3926.39990234375</ele>
        <time>2026-08-27T16:42:13.000Z</time>
        <extensions>
          <ns3:TrackPointExtension>
            <ns3:hr>86</ns3:hr>
          </ns3:TrackPointExtension>
        </extensions>
      </trkpt>
      <trkpt lat="-2.77692477218806743621826171875" lon="-79.22241546213626861572265625">
        <ele>3927</ele>
        <time>2026-08-27T16:42:20.000Z</time>
        <extensions>
          <ns3:TrackPointExtension>
            <ns3:hr>89</ns3:hr>
          </ns3:TrackPointExtension>
        </extensions>
      </trkpt>
      <trkpt lat="-2.77691756375133991241455078125" lon="-79.2223998717963695526123046875">
        <ele>3927.800048828125</ele>
        <time>2026-08-27T16:42:22.000Z</time>
        <extensions>
          <ns3:TrackPointExtension>
            <ns3:hr>92</ns3:hr>
          </ns3:TrackPointExtension>
        </extensions>
      </trkpt>
      <trkpt lat="-2.7769116126000881195068359375" lon="-79.22237514518201351165771484375">
        <ele>3928.60009765625</ele>
        <time>2026-08-27T16:42:25.000Z</time>
        <extensions>
          <ns3:TrackPointExtension>
            <ns3:hr>92</ns3:hr>
          </ns3:TrackPointExtension>
        </extensions>
      </trkpt>
      <trkpt lat="-2.776908762753009796142578125" lon="-79.22236408106982707977294921875">
        <ele>3929</ele>
        <time>2026-08-27T16:42:26.000Z</time>
        <extensions>
          <ns3:TrackPointExtension>
            <ns3:hr>94</ns3:hr>
          </ns3:TrackPointExtension>
        </extensions>
      </trkpt>
      <trkpt lat="-2.77689727954566478729248046875" lon="-79.2223422043025493621826171875">
        <ele>3930</ele>
        <time>2026-08-27T16:42:28.000Z</time>
        <extensions>
          <ns3:TrackPointExtension>
            <ns3:hr>91</ns3:hr>
          </ns3:TrackPointExtension>
        </extensions>
      </trkpt>
      <trkpt lat="-2.7768720500171184539794921875" lon="-79.22231622040271759033203125">
        <ele>3931.800048828125</ele>
        <time>2026-08-27T16:42:31.000Z</time>
        <extensions>
          <ns3:TrackPointExtension>
            <ns3:hr>92</ns3:hr>
          </ns3:TrackPointExtension>
        </extensions>
      </trkpt>
      <trkpt lat="-2.776848413050174713134765625" lon="-79.2222791723906993865966796875">
        <ele>3933.800048828125</ele>
        <time>2026-08-27T16:42:36.000Z</time>
        <extensions>
          <ns3:TrackPointExtension>
            <ns3:hr>89</ns3:hr>
          </ns3:TrackPointExtension>
        </extensions>
      </trkpt>
      <trkpt lat="-2.77684866450726985931396484375" lon="-79.2222751490771770477294921875">
        <ele>3933.800048828125</ele>
        <time>2026-08-27T16:42:37.000Z</time>
        <extensions>
          <ns3:TrackPointExtension>
            <ns3:hr>93</ns3:hr>
          </ns3:TrackPointExtension>
        </extensions>
      </trkpt>
      <trkpt lat="-2.7768465690314769744873046875" lon="-79.2222647555172443389892578125">
        <ele>3934.199951171875</ele>
        <time>2026-08-27T16:42:39.000Z</time>
        <extensions>
          <ns3:TrackPointExtension>
            <ns3:hr>90</ns3:hr>
          </ns3:TrackPointExtension>
        </extensions>
      </trkpt>
      <trkpt lat="-2.7768341638147830963134765625" lon="-79.2222218401730060577392578125">
        <ele>3935.800048828125</ele>
        <time>2026-08-27T16:42:46.000Z</time>
        <extensions>
          <ns3:TrackPointExtension>
            <ns3:hr>90</ns3:hr>
          </ns3:TrackPointExtension>
        </extensions>
      </trkpt>
      <trkpt lat="-2.77684883214533329010009765625" lon="-79.22215889208018779754638671875">
        <ele>3936.800048828125</ele>
        <time>2026-08-27T16:42:55.000Z</time>
        <extensions>
          <ns3:TrackPointExtension>
            <ns3:hr>87</ns3:hr>
          </ns3:TrackPointExtension>
        </extensions>
      </trkpt>
      <trkpt lat="-2.77685302309691905975341796875" lon="-79.2221433855593204498291015625">
        <ele>3936.800048828125</ele>
        <time>2026-08-27T16:42:57.000Z</time>
        <extensions>
          <ns3:TrackPointExtension>
            <ns3:hr>86</ns3:hr>
          </ns3:TrackPointExtension>
        </extensions>
      </trkpt>
      <trkpt lat="-2.77685754932463169097900390625" lon="-79.22211983241140842437744140625">
        <ele>3936.39990234375</ele>
        <time>2026-08-27T16:43:01.000Z</time>
        <extensions>
          <ns3:TrackPointExtension>
            <ns3:hr>89</ns3:hr>
          </ns3:TrackPointExtension>
        </extensions>
      </trkpt>
      <trkpt lat="-2.77687414549291133880615234375" lon="-79.22208823263645172119140625">
        <ele>3935</ele>
        <time>2026-08-27T16:43:05.000Z</time>
        <extensions>
          <ns3:TrackPointExtension>
            <ns3:hr>87</ns3:hr>
          </ns3:TrackPointExtension>
        </extensions>
      </trkpt>
      <trkpt lat="-2.77688520960509777069091796875" lon="-79.22207138501107692718505859375">
        <ele>3934.39990234375</ele>
        <time>2026-08-27T16:43:07.000Z</time>
        <extensions>
          <ns3:TrackPointExtension>
            <ns3:hr>90</ns3:hr>
          </ns3:TrackPointExtension>
        </extensions>
      </trkpt>
      <trkpt lat="-2.77687867172062397003173828125" lon="-79.22199779190123081207275390625">
        <ele>3933.60009765625</ele>
        <time>2026-08-27T16:43:15.000Z</time>
        <extensions>
          <ns3:TrackPointExtension>
            <ns3:hr>91</ns3:hr>
          </ns3:TrackPointExtension>
        </extensions>
      </trkpt>
      <trkpt lat="-2.7768636681139469146728515625" lon="-79.22198270447552204132080078125">
        <ele>3934</ele>
        <time>2026-08-27T16:43:17.000Z</time>
        <extensions>
          <ns3:TrackPointExtension>
            <ns3:hr>88</ns3:hr>
          </ns3:TrackPointExtension>
        </extensions>
      </trkpt>
      <trkpt lat="-2.77682351879775524139404296875" lon="-79.2219462431967258453369140625">
        <ele>3935.39990234375</ele>
        <time>2026-08-27T16:43:23.000Z</time>
        <extensions>
          <ns3:TrackPointExtension>
            <ns3:hr>89</ns3:hr>
          </ns3:TrackPointExtension>
        </extensions>
      </trkpt>
      <trkpt lat="-2.77678797952830791473388671875" lon="-79.22191414050757884979248046875">
        <ele>3936.60009765625</ele>
        <time>2026-08-27T16:43:28.000Z</time>
        <extensions>
          <ns3:TrackPointExtension>
            <ns3:hr>85</ns3:hr>
          </ns3:TrackPointExtension>
        </extensions>
      </trkpt>
      <trkpt lat="-2.77675889432430267333984375" lon="-79.22188748605549335479736328125">
        <ele>3937.60009765625</ele>
        <time>2026-08-27T16:43:32.000Z</time>
        <extensions>
          <ns3:TrackPointExtension>
            <ns3:hr>84</ns3:hr>
          </ns3:TrackPointExtension>
        </extensions>
      </trkpt>
      <trkpt lat="-2.77675176970660686492919921875" lon="-79.2218704707920551300048828125">
        <ele>3937.800048828125</ele>
        <time>2026-08-27T16:43:34.000Z</time>
        <extensions>
          <ns3:TrackPointExtension>
            <ns3:hr>83</ns3:hr>
          </ns3:TrackPointExtension>
        </extensions>
      </trkpt>
      <trkpt lat="-2.7767466567456722259521484375" lon="-79.2218242026865482330322265625">
        <ele>3937.199951171875</ele>
        <time>2026-08-27T16:43:39.000Z</time>
        <extensions>
          <ns3:TrackPointExtension>
            <ns3:hr>80</ns3:hr>
          </ns3:TrackPointExtension>
        </extensions>
      </trkpt>
      <trkpt lat="-2.776739113032817840576171875" lon="-79.22180685214698314666748046875">
        <ele>3937.199951171875</ele>
        <time>2026-08-27T16:43:41.000Z</time>
        <extensions>
          <ns3:TrackPointExtension>
            <ns3:hr>80</ns3:hr>
          </ns3:TrackPointExtension>
        </extensions>
      </trkpt>
      <trkpt lat="-2.77669477276504039764404296875" lon="-79.2217564769089221954345703125">
        <ele>3937.60009765625</ele>
        <time>2026-08-27T16:43:48.000Z</time>
        <extensions>
          <ns3:TrackPointExtension>
            <ns3:hr>77</ns3:hr>
          </ns3:TrackPointExtension>
        </extensions>
      </trkpt>
      <trkpt lat="-2.77667113579809665679931640625" lon="-79.22173107974231243133544921875">
        <ele>3937.800048828125</ele>
        <time>2026-08-27T16:43:51.000Z</time>
        <extensions>
          <ns3:TrackPointExtension>
            <ns3:hr>80</ns3:hr>
          </ns3:TrackPointExtension>
        </extensions>
      </trkpt>
      <trkpt lat="-2.77666099369525909423828125" lon="-79.22171565704047679901123046875">
        <ele>3937.800048828125</ele>
        <time>2026-08-27T16:43:53.000Z</time>
        <extensions>
          <ns3:TrackPointExtension>
            <ns3:hr>76</ns3:hr>
          </ns3:TrackPointExtension>
        </extensions>
      </trkpt>
      <trkpt lat="-2.7766423858702182769775390625" lon="-79.22169134952127933502197265625">
        <ele>3938</ele>
        <time>2026-08-27T16:43:56.000Z</time>
        <extensions>
          <ns3:TrackPointExtension>
            <ns3:hr>76</ns3:hr>
          </ns3:TrackPointExtension>
        </extensions>
      </trkpt>
      <trkpt lat="-2.7766214311122894287109375" lon="-79.2216719873249530792236328125">
        <ele>3938.199951171875</ele>
        <time>2026-08-27T16:43:59.000Z</time>
        <extensions>
          <ns3:TrackPointExtension>
            <ns3:hr>75</ns3:hr>
          </ns3:TrackPointExtension>
        </extensions>
      </trkpt>
      <trkpt lat="-2.776571810245513916015625" lon="-79.2216263897716999053955078125">
        <ele>3938.800048828125</ele>
        <time>2026-08-27T16:44:06.000Z</time>
        <extensions>
          <ns3:TrackPointExtension>
            <ns3:hr>78</ns3:hr>
          </ns3:TrackPointExtension>
        </extensions>
      </trkpt>
      <trkpt lat="-2.77653149329125881195068359375" lon="-79.2215754278004169464111328125">
        <ele>3939</ele>
        <time>2026-08-27T16:44:13.000Z</time>
        <extensions>
          <ns3:TrackPointExtension>
            <ns3:hr>78</ns3:hr>
          </ns3:TrackPointExtension>
        </extensions>
      </trkpt>
      <trkpt lat="-2.77649578638374805450439453125" lon="-79.2215486057102680206298828125">
        <ele>3939.39990234375</ele>
        <time>2026-08-27T16:44:18.000Z</time>
        <extensions>
          <ns3:TrackPointExtension>
            <ns3:hr>81</ns3:hr>
          </ns3:TrackPointExtension>
        </extensions>
      </trkpt>
      <trkpt lat="-2.77646594680845737457275390625" lon="-79.22152253799140453338623046875">
        <ele>3939.60009765625</ele>
        <time>2026-08-27T16:44:23.000Z</time>
        <extensions>
          <ns3:TrackPointExtension>
            <ns3:hr>81</ns3:hr>
          </ns3:TrackPointExtension>
        </extensions>
      </trkpt>
      <trkpt lat="-2.77645924128592014312744140625" lon="-79.22151532955467700958251953125">
        <ele>3939.60009765625</ele>
        <time>2026-08-27T16:44:24.000Z</time>
        <extensions>
          <ns3:TrackPointExtension>
            <ns3:hr>84</ns3:hr>
          </ns3:TrackPointExtension>
        </extensions>
      </trkpt>
      <trkpt lat="-2.77643862180411815643310546875" lon="-79.22149705700576305389404296875">
        <ele>3939.60009765625</ele>
        <time>2026-08-27T16:44:27.000Z</time>
        <extensions>
          <ns3:TrackPointExtension>
            <ns3:hr>87</ns3:hr>
          </ns3:TrackPointExtension>
        </extensions>
      </trkpt>
      <trkpt lat="-2.7764288149774074554443359375" lon="-79.22149387188255786895751953125">
        <ele>3939.800048828125</ele>
        <time>2026-08-27T16:44:28.000Z</time>
        <extensions>
          <ns3:TrackPointExtension>
            <ns3:hr>87</ns3:hr>
          </ns3:TrackPointExtension>
        </extensions>
      </trkpt>
      <trkpt lat="-2.776397801935672760009765625" lon="-79.2214597575366497039794921875">
        <ele>3940</ele>
        <time>2026-08-27T16:44:32.000Z</time>
        <extensions>
          <ns3:TrackPointExtension>
            <ns3:hr>86</ns3:hr>
          </ns3:TrackPointExtension>
        </extensions>
      </trkpt>
      <trkpt lat="-2.77635362930595874786376953125" lon="-79.2214051075279712677001953125">
        <ele>3939.800048828125</ele>
        <time>2026-08-27T16:44:39.000Z</time>
        <extensions>
          <ns3:TrackPointExtension>
            <ns3:hr>80</ns3:hr>
          </ns3:TrackPointExtension>
        </extensions>
      </trkpt>
      <trkpt lat="-2.7763258852064609527587890625" lon="-79.22138423658907413482666015625">
        <ele>3940</ele>
        <time>2026-08-27T16:44:42.000Z</time>
        <extensions>
          <ns3:TrackPointExtension>
            <ns3:hr>77</ns3:hr>
          </ns3:TrackPointExtension>
        </extensions>
      </trkpt>
      <trkpt lat="-2.77630652301013469696044921875" lon="-79.22137468121945858001708984375">
        <ele>3940.39990234375</ele>
        <time>2026-08-27T16:44:44.000Z</time>
        <extensions>
          <ns3:TrackPointExtension>
            <ns3:hr>77</ns3:hr>
          </ns3:TrackPointExtension>
        </extensions>
      </trkpt>
      <trkpt lat="-2.77627668343484401702880859375" lon="-79.221363365650177001953125">
        <ele>3940.800048828125</ele>
        <time>2026-08-27T16:44:47.000Z</time>
        <extensions>
          <ns3:TrackPointExtension>
            <ns3:hr>74</ns3:hr>
          </ns3:TrackPointExtension>
        </extensions>
      </trkpt>
      <trkpt lat="-2.7762477658689022064208984375" lon="-79.22135607339441776275634765625">
        <ele>3941.39990234375</ele>
        <time>2026-08-27T16:44:50.000Z</time>
        <extensions>
          <ns3:TrackPointExtension>
            <ns3:hr>71</ns3:hr>
          </ns3:TrackPointExtension>
        </extensions>
      </trkpt>
      <trkpt lat="-2.77618012391030788421630859375" lon="-79.221342243254184722900390625">
        <ele>3943.199951171875</ele>
        <time>2026-08-27T16:44:57.000Z</time>
        <extensions>
          <ns3:TrackPointExtension>
            <ns3:hr>71</ns3:hr>
          </ns3:TrackPointExtension>
        </extensions>
      </trkpt>
      <trkpt lat="-2.77610451914370059967041015625" lon="-79.22133729793131351470947265625">
        <ele>3945.800048828125</ele>
        <time>2026-08-27T16:45:06.000Z</time>
        <extensions>
          <ns3:TrackPointExtension>
            <ns3:hr>74</ns3:hr>
          </ns3:TrackPointExtension>
        </extensions>
      </trkpt>
      <trkpt lat="-2.7760925330221652984619140625" lon="-79.22133319079875946044921875">
        <ele>3946</ele>
        <time>2026-08-27T16:45:08.000Z</time>
        <extensions>
          <ns3:TrackPointExtension>
            <ns3:hr>73</ns3:hr>
          </ns3:TrackPointExtension>
        </extensions>
      </trkpt>
      <trkpt lat="-2.77608674950897693634033203125" lon="-79.22133109532296657562255859375">
        <ele>3946.199951171875</ele>
        <time>2026-08-27T16:45:09.000Z</time>
        <extensions>
          <ns3:TrackPointExtension>
            <ns3:hr>76</ns3:hr>
          </ns3:TrackPointExtension>
        </extensions>
      </trkpt>
      <trkpt lat="-2.7760559879243373870849609375" lon="-79.22132606618106365203857421875">
        <ele>3947.199951171875</ele>
        <time>2026-08-27T16:45:15.000Z</time>
        <extensions>
          <ns3:TrackPointExtension>
            <ns3:hr>76</ns3:hr>
          </ns3:TrackPointExtension>
        </extensions>
      </trkpt>
      <trkpt lat="-2.77603561989963054656982421875" lon="-79.22132271341979503631591796875">
        <ele>3947.800048828125</ele>
        <time>2026-08-27T16:45:19.000Z</time>
        <extensions>
          <ns3:TrackPointExtension>
            <ns3:hr>79</ns3:hr>
          </ns3:TrackPointExtension>
        </extensions>
      </trkpt>
      <trkpt lat="-2.77603277005255222320556640625" lon="-79.22132371924817562103271484375">
        <ele>3948</ele>
        <time>2026-08-27T16:45:22.000Z</time>
        <extensions>
          <ns3:TrackPointExtension>
            <ns3:hr>82</ns3:hr>
          </ns3:TrackPointExtension>
        </extensions>
      </trkpt>
      <trkpt lat="-2.77603067457675933837890625" lon="-79.22132422216236591339111328125">
        <ele>3948</ele>
        <time>2026-08-27T16:45:23.000Z</time>
        <extensions>
          <ns3:TrackPointExtension>
            <ns3:hr>83</ns3:hr>
          </ns3:TrackPointExtension>
        </extensions>
      </trkpt>
      <trkpt lat="-2.77603226713836193084716796875" lon="-79.221324808895587921142578125">
        <ele>3948</ele>
        <time>2026-08-27T16:45:25.000Z</time>
        <extensions>
          <ns3:TrackPointExtension>
            <ns3:hr>86</ns3:hr>
          </ns3:TrackPointExtension>
        </extensions>
      </trkpt>
      <trkpt lat="-2.77603344060480594635009765625" lon="-79.22132380306720733642578125">
        <ele>3948</ele>
        <time>2026-08-27T16:45:26.000Z</time>
        <extensions>
          <ns3:TrackPointExtension>
            <ns3:hr>89</ns3:hr>
          </ns3:TrackPointExtension>
        </extensions>
      </trkpt>
      <trkpt lat="-2.77603411115705966949462890625" lon="-79.22132313251495361328125">
        <ele>3947.800048828125</ele>
        <time>2026-08-27T16:45:27.000Z</time>
        <extensions>
          <ns3:TrackPointExtension>
            <ns3:hr>89</ns3:hr>
          </ns3:TrackPointExtension>
        </extensions>
      </trkpt>
      <trkpt lat="-2.77604383416473865509033203125" lon="-79.2213249765336513519287109375">
        <ele>3947.60009765625</ele>
        <time>2026-08-27T16:45:30.000Z</time>
        <extensions>
          <ns3:TrackPointExtension>
            <ns3:hr>87</ns3:hr>
          </ns3:TrackPointExtension>
        </extensions>
      </trkpt>
      <trkpt lat="-2.776044420897960662841796875" lon="-79.22132925130426883697509765625">
        <ele>3947.60009765625</ele>
        <time>2026-08-27T16:45:39.000Z</time>
        <extensions>
          <ns3:TrackPointExtension>
            <ns3:hr>86</ns3:hr>
          </ns3:TrackPointExtension>
        </extensions>
      </trkpt>
      <trkpt lat="-2.776044420897960662841796875" lon="-79.22132925130426883697509765625">
        <ele>3947.60009765625</ele>
        <time>2026-08-27T16:45:40.000Z</time>
        <extensions>
          <ns3:TrackPointExtension>
            <ns3:hr>89</ns3:hr>
          </ns3:TrackPointExtension>
        </extensions>
      </trkpt>
      <trkpt lat="-2.77604735456407070159912109375" lon="-79.22132573090493679046630859375">
        <ele>3947.39990234375</ele>
        <time>2026-08-27T16:45:58.000Z</time>
        <extensions>
          <ns3:TrackPointExtension>
            <ns3:hr>86</ns3:hr>
          </ns3:TrackPointExtension>
        </extensions>
      </trkpt>
      <trkpt lat="-2.7760251425206661224365234375" lon="-79.221314750611782073974609375">
        <ele>3948</ele>
        <time>2026-08-27T16:46:19.000Z</time>
        <extensions>
          <ns3:TrackPointExtension>
            <ns3:hr>83</ns3:hr>
          </ns3:TrackPointExtension>
        </extensions>
      </trkpt>
      <trkpt lat="-2.7760050259530544281005859375" lon="-79.2213125713169574737548828125">
        <ele>3948.60009765625</ele>
        <time>2026-08-27T16:46:24.000Z</time>
        <extensions>
          <ns3:TrackPointExtension>
            <ns3:hr>86</ns3:hr>
          </ns3:TrackPointExtension>
        </extensions>
      </trkpt>
      <trkpt lat="-2.7760206162929534912109375" lon="-79.22129941172897815704345703125">
        <ele>3947.60009765625</ele>
        <time>2026-08-27T16:46:51.000Z</time>
        <extensions>
          <ns3:TrackPointExtension>
            <ns3:hr>83</ns3:hr>
          </ns3:TrackPointExtension>
        </extensions>
      </trkpt>
      <trkpt lat="-2.77602304704487323760986328125" lon="-79.22129874117672443389892578125">
        <ele>3947.60009765625</ele>
        <time>2026-08-27T16:46:56.000Z</time>
        <extensions>
          <ns3:TrackPointExtension>
            <ns3:hr>80</ns3:hr>
          </ns3:TrackPointExtension>
        </extensions>
      </trkpt>
      <trkpt lat="-2.776027657091617584228515625" lon="-79.22129907645285129547119140625">
        <ele>3947.39990234375</ele>
        <time>2026-08-27T16:47:04.000Z</time>
        <extensions>
          <ns3:TrackPointExtension>
            <ns3:hr>77</ns3:hr>
          </ns3:TrackPointExtension>
        </extensions>
      </trkpt>
      <trkpt lat="-2.77602774091064929962158203125" lon="-79.22129966318607330322265625">
        <ele>3947.39990234375</ele>
        <time>2026-08-27T16:47:09.000Z</time>
        <extensions>
          <ns3:TrackPointExtension>
            <ns3:hr>84</ns3:hr>
          </ns3:TrackPointExtension>
        </extensions>
      </trkpt>
      <trkpt lat="-2.77602774091064929962158203125" lon="-79.22129974700510501861572265625">
        <ele>3947.39990234375</ele>
        <time>2026-08-27T16:47:10.000Z</time>
        <extensions>
          <ns3:TrackPointExtension>
            <ns3:hr>83</ns3:hr>
          </ns3:TrackPointExtension>
        </extensions>
      </trkpt>
      <trkpt lat="-2.77602774091064929962158203125" lon="-79.22130008228123188018798828125">
        <ele>3947.39990234375</ele>
        <time>2026-08-27T16:47:13.000Z</time>
        <extensions>
          <ns3:TrackPointExtension>
            <ns3:hr>86</ns3:hr>
          </ns3:TrackPointExtension>
        </extensions>
      </trkpt>
      <trkpt lat="-2.77602774091064929962158203125" lon="-79.22130008228123188018798828125">
        <ele>3947.39990234375</ele>
        <time>2026-08-27T16:47:15.000Z</time>
        <extensions>
          <ns3:TrackPointExtension>
            <ns3:hr>89</ns3:hr>
          </ns3:TrackPointExtension>
        </extensions>
      </trkpt>
      <trkpt lat="-2.77602774091064929962158203125" lon="-79.2213003337383270263671875">
        <ele>3947.39990234375</ele>
        <time>2026-08-27T16:47:17.000Z</time>
        <extensions>
          <ns3:TrackPointExtension>
            <ns3:hr>92</ns3:hr>
          </ns3:TrackPointExtension>
        </extensions>
      </trkpt>
      <trkpt lat="-2.77602556161582469940185546875" lon="-79.221304357051849365234375">
        <ele>3947.60009765625</ele>
        <time>2026-08-27T16:47:32.000Z</time>
        <extensions>
          <ns3:TrackPointExtension>
            <ns3:hr>95</ns3:hr>
          </ns3:TrackPointExtension>
        </extensions>
      </trkpt>
      <trkpt lat="-2.77601919136941432952880859375" lon="-79.22131483443081378936767578125">
        <ele>3948.199951171875</ele>
        <time>2026-08-27T16:48:08.000Z</time>
        <extensions>
          <ns3:TrackPointExtension>
            <ns3:hr>98</ns3:hr>
          </ns3:TrackPointExtension>
        </extensions>
      </trkpt>
      <trkpt lat="-2.77601768262684345245361328125" lon="-79.22132003121078014373779296875">
        <ele>3948.39990234375</ele>
        <time>2026-08-27T16:48:45.000Z</time>
        <extensions>
          <ns3:TrackPointExtension>
            <ns3:hr>95</ns3:hr>
          </ns3:TrackPointExtension>
        </extensions>
      </trkpt>
      <trkpt lat="-2.7760170958936214447021484375" lon="-79.22131936065852642059326171875">
        <ele>3948.39990234375</ele>
        <time>2026-08-27T16:48:54.000Z</time>
        <extensions>
          <ns3:TrackPointExtension>
            <ns3:hr>92</ns3:hr>
          </ns3:TrackPointExtension>
        </extensions>
      </trkpt>
      <trkpt lat="-2.776016928255558013916015625" lon="-79.221319444477558135986328125">
        <ele>3948.39990234375</ele>
        <time>2026-08-27T16:49:05.000Z</time>
        <extensions>
          <ns3:TrackPointExtension>
            <ns3:hr>88</ns3:hr>
          </ns3:TrackPointExtension>
        </extensions>
      </trkpt>
      <trkpt lat="-2.77601684443652629852294921875" lon="-79.22131936065852642059326171875">
        <ele>3948.39990234375</ele>
        <time>2026-08-27T16:49:06.000Z</time>
        <extensions>
          <ns3:TrackPointExtension>
            <ns3:hr>91</ns3:hr>
          </ns3:TrackPointExtension>
        </extensions>
      </trkpt>
      <trkpt lat="-2.77601734735071659088134765625" lon="-79.22132103703916072845458984375">
        <ele>3948.39990234375</ele>
        <time>2026-08-27T16:50:00.000Z</time>
        <extensions>
          <ns3:TrackPointExtension>
            <ns3:hr>94</ns3:hr>
          </ns3:TrackPointExtension>
        </extensions>
      </trkpt>
      <trkpt lat="-2.77601751498878002166748046875" lon="-79.22132153995335102081298828125">
        <ele>3948.39990234375</ele>
        <time>2026-08-27T16:50:20.000Z</time>
        <extensions>
          <ns3:TrackPointExtension>
            <ns3:hr>91</ns3:hr>
          </ns3:TrackPointExtension>
        </extensions>
      </trkpt>
      <trkpt lat="-2.776017598807811737060546875" lon="-79.2213217914104461669921875">
        <ele>3948.39990234375</ele>
        <time>2026-08-27T16:50:38.000Z</time>
        <extensions>
          <ns3:TrackPointExtension>
            <ns3:hr>94</ns3:hr>
          </ns3:TrackPointExtension>
        </extensions>
      </trkpt>
      <trkpt lat="-2.7760179340839385986328125" lon="-79.2213219590485095977783203125">
        <ele>3948.39990234375</ele>
        <time>2026-08-27T16:51:07.000Z</time>
        <extensions>
          <ns3:TrackPointExtension>
            <ns3:hr>91</ns3:hr>
          </ns3:TrackPointExtension>
        </extensions>
      </trkpt>
      <trkpt lat="-2.7760184369981288909912109375" lon="-79.2213216237723827362060546875">
        <ele>3948.39990234375</ele>
        <time>2026-08-27T16:51:20.000Z</time>
        <extensions>
          <ns3:TrackPointExtension>
            <ns3:hr>94</ns3:hr>
          </ns3:TrackPointExtension>
        </extensions>
      </trkpt>
      <trkpt lat="-2.77601860463619232177734375" lon="-79.2213217914104461669921875">
        <ele>3948.39990234375</ele>
        <time>2026-08-27T16:51:28.000Z</time>
        <extensions>
          <ns3:TrackPointExtension>
            <ns3:hr>98</ns3:hr>
          </ns3:TrackPointExtension>
        </extensions>
      </trkpt>
      <trkpt lat="-2.7760187722742557525634765625" lon="-79.22132187522947788238525390625">
        <ele>3948.39990234375</ele>
        <time>2026-08-27T16:51:37.000Z</time>
        <extensions>
          <ns3:TrackPointExtension>
            <ns3:hr>94</ns3:hr>
          </ns3:TrackPointExtension>
        </extensions>
      </trkpt>
      <trkpt lat="-2.77601860463619232177734375" lon="-79.2213217914104461669921875">
        <ele>3948.39990234375</ele>
        <time>2026-08-27T16:51:40.000Z</time>
        <extensions>
          <ns3:TrackPointExtension>
            <ns3:hr>97</ns3:hr>
          </ns3:TrackPointExtension>
        </extensions>
      </trkpt>
      <trkpt lat="-2.77601835317909717559814453125" lon="-79.2213219590485095977783203125">
        <ele>3948.39990234375</ele>
        <time>2026-08-27T16:51:48.000Z</time>
        <extensions>
          <ns3:TrackPointExtension>
            <ns3:hr>94</ns3:hr>
          </ns3:TrackPointExtension>
        </extensions>
      </trkpt>
      <trkpt lat="-2.7760184369981288909912109375" lon="-79.22132204286754131317138671875">
        <ele>3948.39990234375</ele>
        <time>2026-08-27T16:51:52.000Z</time>
        <extensions>
          <ns3:TrackPointExtension>
            <ns3:hr>91</ns3:hr>
          </ns3:TrackPointExtension>
        </extensions>
      </trkpt>
      <trkpt lat="-2.776018269360065460205078125" lon="-79.2213219590485095977783203125">
        <ele>3948.39990234375</ele>
        <time>2026-08-27T16:52:01.000Z</time>
        <extensions>
          <ns3:TrackPointExtension>
            <ns3:hr>88</ns3:hr>
          </ns3:TrackPointExtension>
        </extensions>
      </trkpt>
      <trkpt lat="-2.77601835317909717559814453125" lon="-79.22132204286754131317138671875">
        <ele>3948.39990234375</ele>
        <time>2026-08-27T16:52:06.000Z</time>
        <extensions>
          <ns3:TrackPointExtension>
            <ns3:hr>85</ns3:hr>
          </ns3:TrackPointExtension>
        </extensions>
      </trkpt>
      <trkpt lat="-2.776018939912319183349609375" lon="-79.2213222943246364593505859375">
        <ele>3948.39990234375</ele>
        <time>2026-08-27T16:52:40.000Z</time>
        <extensions>
          <ns3:TrackPointExtension>
            <ns3:hr>82</ns3:hr>
          </ns3:TrackPointExtension>
        </extensions>
      </trkpt>
      <trkpt lat="-2.7760191075503826141357421875" lon="-79.22132237814366817474365234375">
        <ele>3948.39990234375</ele>
        <time>2026-08-27T16:52:55.000Z</time>
        <extensions>
          <ns3:TrackPointExtension>
            <ns3:hr>79</ns3:hr>
          </ns3:TrackPointExtension>
        </extensions>
      </trkpt>
      <trkpt lat="-2.77601919136941432952880859375" lon="-79.221322126686573028564453125">
        <ele>3948.39990234375</ele>
        <time>2026-08-27T16:52:57.000Z</time>
        <extensions>
          <ns3:TrackPointExtension>
            <ns3:hr>82</ns3:hr>
          </ns3:TrackPointExtension>
        </extensions>
      </trkpt>
      <trkpt lat="-2.776019610464572906494140625" lon="-79.22132288105785846710205078125">
        <ele>3948.39990234375</ele>
        <time>2026-08-27T16:53:12.000Z</time>
        <extensions>
          <ns3:TrackPointExtension>
            <ns3:hr>85</ns3:hr>
          </ns3:TrackPointExtension>
        </extensions>
      </trkpt>
      <trkpt lat="-2.7760201133787631988525390625" lon="-79.22132288105785846710205078125">
        <ele>3948.39990234375</ele>
        <time>2026-08-27T16:53:21.000Z</time>
        <extensions>
          <ns3:TrackPointExtension>
            <ns3:hr>88</ns3:hr>
          </ns3:TrackPointExtension>
        </extensions>
      </trkpt>
      <trkpt lat="-2.77604551054537296295166015625" lon="-79.22132916748523712158203125">
        <ele>3947.60009765625</ele>
        <time>2026-08-27T16:53:31.000Z</time>
        <extensions>
          <ns3:TrackPointExtension>
            <ns3:hr>91</ns3:hr>
          </ns3:TrackPointExtension>
        </extensions>
      </trkpt>
      <trkpt lat="-2.7760885097086429595947265625" lon="-79.221336878836154937744140625">
        <ele>3946.39990234375</ele>
        <time>2026-08-27T16:53:33.000Z</time>
        <extensions>
          <ns3:TrackPointExtension>
            <ns3:hr>92</ns3:hr>
          </ns3:TrackPointExtension>
        </extensions>
      </trkpt>
      <trkpt lat="-2.77617107145488262176513671875" lon="-79.22133679501712322235107421875">
        <ele>3943.39990234375</ele>
        <time>2026-08-27T16:53:38.000Z</time>
        <extensions>
          <ns3:TrackPointExtension>
            <ns3:hr>95</ns3:hr>
          </ns3:TrackPointExtension>
        </extensions>
      </trkpt>
      <trkpt lat="-2.7761964686214923858642578125" lon="-79.2213306762278079986572265625">
        <ele>3942.199951171875</ele>
        <time>2026-08-27T16:53:41.000Z</time>
        <extensions>
          <ns3:TrackPointExtension>
            <ns3:hr>98</ns3:hr>
          </ns3:TrackPointExtension>
        </extensions>
      </trkpt>
      <trkpt lat="-2.77620459906756877899169921875" lon="-79.221328832209110260009765625">
        <ele>3942</ele>
        <time>2026-08-27T16:53:43.000Z</time>
        <extensions>
          <ns3:TrackPointExtension>
            <ns3:hr>99</ns3:hr>
          </ns3:TrackPointExtension>
        </extensions>
      </trkpt>
      <trkpt lat="-2.77621096931397914886474609375" lon="-79.221324808895587921142578125">
        <ele>3941.800048828125</ele>
        <time>2026-08-27T16:53:52.000Z</time>
        <extensions>
          <ns3:TrackPointExtension>
            <ns3:hr>98</ns3:hr>
          </ns3:TrackPointExtension>
        </extensions>
      </trkpt>
      <trkpt lat="-2.77618096210062503814697265625" lon="-79.22133025713264942169189453125">
        <ele>3942.800048828125</ele>
        <time>2026-08-27T16:53:58.000Z</time>
        <extensions>
          <ns3:TrackPointExtension>
            <ns3:hr>102</ns3:hr>
          </ns3:TrackPointExtension>
        </extensions>
      </trkpt>
      <trkpt lat="-2.77617358602583408355712890625" lon="-79.22133059240877628326416015625">
        <ele>3943</ele>
        <time>2026-08-27T16:53:59.000Z</time>
        <extensions>
          <ns3:TrackPointExtension>
            <ns3:hr>105</ns3:hr>
          </ns3:TrackPointExtension>
        </extensions>
      </trkpt>
      <trkpt lat="-2.776165790855884552001953125" lon="-79.2213323526084423065185546875">
        <ele>3943.39990234375</ele>
        <time>2026-08-27T16:54:00.000Z</time>
        <extensions>
          <ns3:TrackPointExtension>
            <ns3:hr>108</ns3:hr>
          </ns3:TrackPointExtension>
        </extensions>
      </trkpt>
      <trkpt lat="-2.7761592529714107513427734375" lon="-79.22133411280810832977294921875">
        <ele>3943.60009765625</ele>
        <time>2026-08-27T16:54:01.000Z</time>
        <extensions>
          <ns3:TrackPointExtension>
            <ns3:hr>111</ns3:hr>
          </ns3:TrackPointExtension>
        </extensions>
      </trkpt>
      <trkpt lat="-2.7761445008218288421630859375" lon="-79.22133629210293292999267578125">
        <ele>3944.199951171875</ele>
        <time>2026-08-27T16:54:05.000Z</time>
        <extensions>
          <ns3:TrackPointExtension>
            <ns3:hr>108</ns3:hr>
          </ns3:TrackPointExtension>
        </extensions>
      </trkpt>
      <trkpt lat="-2.77613989077508449554443359375" lon="-79.22133863903582096099853515625">
        <ele>3944.60009765625</ele>
        <time>2026-08-27T16:54:07.000Z</time>
        <extensions>
          <ns3:TrackPointExtension>
            <ns3:hr>107</ns3:hr>
          </ns3:TrackPointExtension>
        </extensions>
      </trkpt>
      <trkpt lat="-2.77611256577074527740478515625" lon="-79.22134517692029476165771484375">
        <ele>3945.60009765625</ele>
        <time>2026-08-27T16:54:17.000Z</time>
        <extensions>
          <ns3:TrackPointExtension>
            <ns3:hr>105</ns3:hr>
          </ns3:TrackPointExtension>
        </extensions>
      </trkpt>
      <trkpt lat="-2.776112817227840423583984375" lon="-79.22134500928223133087158203125">
        <ele>3945.60009765625</ele>
        <time>2026-08-27T16:54:32.000Z</time>
        <extensions>
          <ns3:TrackPointExtension>
            <ns3:hr>102</ns3:hr>
          </ns3:TrackPointExtension>
        </extensions>
      </trkpt>
      <trkpt lat="-2.776112817227840423583984375" lon="-79.2213437519967555999755859375">
        <ele>3945.60009765625</ele>
        <time>2026-08-27T16:54:33.000Z</time>
        <extensions>
          <ns3:TrackPointExtension>
            <ns3:hr>100</ns3:hr>
          </ns3:TrackPointExtension>
        </extensions>
      </trkpt>
      <trkpt lat="-2.77604014612734317779541015625" lon="-79.2213300056755542755126953125">
        <ele>3947.800048828125</ele>
        <time>2026-08-27T16:54:45.000Z</time>
        <extensions>
          <ns3:TrackPointExtension>
            <ns3:hr>97</ns3:hr>
          </ns3:TrackPointExtension>
        </extensions>
      </trkpt>
      <trkpt lat="-2.77599505148828029632568359375" lon="-79.2213186062872409820556640625">
        <ele>3949.199951171875</ele>
        <time>2026-08-27T16:54:51.000Z</time>
        <extensions>
          <ns3:TrackPointExtension>
            <ns3:hr>94</ns3:hr>
          </ns3:TrackPointExtension>
        </extensions>
      </trkpt>
      <trkpt lat="-2.77599303983151912689208984375" lon="-79.2213233001530170440673828125">
        <ele>3949.39990234375</ele>
        <time>2026-08-27T16:54:52.000Z</time>
        <extensions>
          <ns3:TrackPointExtension>
            <ns3:hr>97</ns3:hr>
          </ns3:TrackPointExtension>
        </extensions>
      </trkpt>
      <trkpt lat="-2.7759916149079799652099609375" lon="-79.22132782638072967529296875">
        <ele>3949.60009765625</ele>
        <time>2026-08-27T16:54:53.000Z</time>
        <extensions>
          <ns3:TrackPointExtension>
            <ns3:hr>96</ns3:hr>
          </ns3:TrackPointExtension>
        </extensions>
      </trkpt>
      <trkpt lat="-2.77595582418143749237060546875" lon="-79.22133143059909343719482421875">
        <ele>3951</ele>
        <time>2026-08-27T16:55:02.000Z</time>
        <extensions>
          <ns3:TrackPointExtension>
            <ns3:hr>95</ns3:hr>
          </ns3:TrackPointExtension>
        </extensions>
      </trkpt>
      <trkpt lat="-2.77594576589763164520263671875" lon="-79.2213300056755542755126953125">
        <ele>3951.199951171875</ele>
        <time>2026-08-27T16:55:04.000Z</time>
        <extensions>
          <ns3:TrackPointExtension>
            <ns3:hr>98</ns3:hr>
          </ns3:TrackPointExtension>
        </extensions>
      </trkpt>
      <trkpt lat="-2.77593285776674747467041015625" lon="-79.2213330231606960296630859375">
        <ele>3951.800048828125</ele>
        <time>2026-08-27T16:55:07.000Z</time>
        <extensions>
          <ns3:TrackPointExtension>
            <ns3:hr>93</ns3:hr>
          </ns3:TrackPointExtension>
        </extensions>
      </trkpt>
      <trkpt lat="-2.7759188599884510040283203125" lon="-79.22133310697972774505615234375">
        <ele>3952.800048828125</ele>
        <time>2026-08-27T16:55:11.000Z</time>
        <extensions>
          <ns3:TrackPointExtension>
            <ns3:hr>92</ns3:hr>
          </ns3:TrackPointExtension>
        </extensions>
      </trkpt>
      <trkpt lat="-2.775882817804813385009765625" lon="-79.221325479447841644287109375">
        <ele>3954.199951171875</ele>
        <time>2026-08-27T16:55:20.000Z</time>
        <extensions>
          <ns3:TrackPointExtension>
            <ns3:hr>89</ns3:hr>
          </ns3:TrackPointExtension>
        </extensions>
      </trkpt>
      <trkpt lat="-2.775877453386783599853515625" lon="-79.2213243059813976287841796875">
        <ele>3954.199951171875</ele>
        <time>2026-08-27T16:55:22.000Z</time>
        <extensions>
          <ns3:TrackPointExtension>
            <ns3:hr>88</ns3:hr>
          </ns3:TrackPointExtension>
        </extensions>
      </trkpt>
      <trkpt lat="-2.7758541516959667205810546875" lon="-79.221313409507274627685546875">
        <ele>3954.60009765625</ele>
        <time>2026-08-27T16:55:27.000Z</time>
        <extensions>
          <ns3:TrackPointExtension>
            <ns3:hr>85</ns3:hr>
          </ns3:TrackPointExtension>
        </extensions>
      </trkpt>
      <trkpt lat="-2.77584157884120941162109375" lon="-79.2213129065930843353271484375">
        <ele>3955</ele>
        <time>2026-08-27T16:55:30.000Z</time>
        <extensions>
          <ns3:TrackPointExtension>
            <ns3:hr>88</ns3:hr>
          </ns3:TrackPointExtension>
        </extensions>
      </trkpt>
      <trkpt lat="-2.77583889663219451904296875" lon="-79.2213122360408306121826171875">
        <ele>3955.199951171875</ele>
        <time>2026-08-27T16:55:31.000Z</time>
        <extensions>
          <ns3:TrackPointExtension>
            <ns3:hr>88</ns3:hr>
          </ns3:TrackPointExtension>
        </extensions>
      </trkpt>
      <trkpt lat="-2.77580176480114459991455078125" lon="-79.22125783748924732208251953125">
        <ele>3954.39990234375</ele>
        <time>2026-08-27T16:55:39.000Z</time>
        <extensions>
          <ns3:TrackPointExtension>
            <ns3:hr>90</ns3:hr>
          </ns3:TrackPointExtension>
        </extensions>
      </trkpt>
      <trkpt lat="-2.7757854200899600982666015625" lon="-79.22124140895903110504150390625">
        <ele>3954.39990234375</ele>
        <time>2026-08-27T16:55:43.000Z</time>
        <extensions>
          <ns3:TrackPointExtension>
            <ns3:hr>86</ns3:hr>
          </ns3:TrackPointExtension>
        </extensions>
      </trkpt>
      <trkpt lat="-2.77576656080782413482666015625" lon="-79.22121441923081874847412109375">
        <ele>3954</ele>
        <time>2026-08-27T16:55:48.000Z</time>
        <extensions>
          <ns3:TrackPointExtension>
            <ns3:hr>87</ns3:hr>
          </ns3:TrackPointExtension>
        </extensions>
      </trkpt>
      <trkpt lat="-2.7757294289767742156982421875" lon="-79.221183992922306060791015625">
        <ele>3954.199951171875</ele>
        <time>2026-08-27T16:55:58.000Z</time>
        <extensions>
          <ns3:TrackPointExtension>
            <ns3:hr>88</ns3:hr>
          </ns3:TrackPointExtension>
        </extensions>
      </trkpt>
      <trkpt lat="-2.77569682337343692779541015625" lon="-79.2211536504328250885009765625">
        <ele>3954.39990234375</ele>
        <time>2026-08-27T16:56:06.000Z</time>
        <extensions>
          <ns3:TrackPointExtension>
            <ns3:hr>89</ns3:hr>
          </ns3:TrackPointExtension>
        </extensions>
      </trkpt>
      <trkpt lat="-2.77567821554839611053466796875" lon="-79.2211233079433441162109375">
        <ele>3953.800048828125</ele>
        <time>2026-08-27T16:56:12.000Z</time>
        <extensions>
          <ns3:TrackPointExtension>
            <ns3:hr>92</ns3:hr>
          </ns3:TrackPointExtension>
        </extensions>
      </trkpt>
      <trkpt lat="-2.775673605501651763916015625" lon="-79.22109715640544891357421875">
        <ele>3953</ele>
        <time>2026-08-27T16:56:15.000Z</time>
        <extensions>
          <ns3:TrackPointExtension>
            <ns3:hr>92</ns3:hr>
          </ns3:TrackPointExtension>
        </extensions>
      </trkpt>
      <trkpt lat="-2.77562742121517658233642578125" lon="-79.22106756828725337982177734375">
        <ele>3953.60009765625</ele>
        <time>2026-08-27T16:56:21.000Z</time>
        <extensions>
          <ns3:TrackPointExtension>
            <ns3:hr>92</ns3:hr>
          </ns3:TrackPointExtension>
        </extensions>
      </trkpt>
      <trkpt lat="-2.7755809016525745391845703125" lon="-79.22105046920478343963623046875">
        <ele>3953.199951171875</ele>
        <time>2026-08-27T16:56:29.000Z</time>
        <extensions>
          <ns3:TrackPointExtension>
            <ns3:hr>90</ns3:hr>
          </ns3:TrackPointExtension>
        </extensions>
      </trkpt>
      <trkpt lat="-2.77548962272703647613525390625" lon="-79.22102741897106170654296875">
        <ele>3953.199951171875</ele>
        <time>2026-08-27T16:56:39.000Z</time>
        <extensions>
          <ns3:TrackPointExtension>
            <ns3:hr>90</ns3:hr>
          </ns3:TrackPointExtension>
        </extensions>
      </trkpt>
      <trkpt lat="-2.77547545731067657470703125" lon="-79.22101526521146297454833984375">
        <ele>3952.60009765625</ele>
        <time>2026-08-27T16:56:42.000Z</time>
        <extensions>
          <ns3:TrackPointExtension>
            <ns3:hr>89</ns3:hr>
          </ns3:TrackPointExtension>
        </extensions>
      </trkpt>
      <trkpt lat="-2.7754608727991580963134765625" lon="-79.22099330462515354156494140625">
        <ele>3951.199951171875</ele>
        <time>2026-08-27T16:56:45.000Z</time>
        <extensions>
          <ns3:TrackPointExtension>
            <ns3:hr>90</ns3:hr>
          </ns3:TrackPointExtension>
        </extensions>
      </trkpt>
      <trkpt lat="-2.7754109166562557220458984375" lon="-79.22094452194869518280029296875">
        <ele>3948.60009765625</ele>
        <time>2026-08-27T16:56:52.000Z</time>
        <extensions>
          <ns3:TrackPointExtension>
            <ns3:hr>90</ns3:hr>
          </ns3:TrackPointExtension>
        </extensions>
      </trkpt>
      <trkpt lat="-2.7754035405814647674560546875" lon="-79.22093966044485569000244140625">
        <ele>3948.39990234375</ele>
        <time>2026-08-27T16:56:53.000Z</time>
        <extensions>
          <ns3:TrackPointExtension>
            <ns3:hr>89</ns3:hr>
          </ns3:TrackPointExtension>
        </extensions>
      </trkpt>
      <trkpt lat="-2.77537613175809383392333984375" lon="-79.220909737050533294677734375">
        <ele>3946.800048828125</ele>
        <time>2026-08-27T16:57:00.000Z</time>
        <extensions>
          <ns3:TrackPointExtension>
            <ns3:hr>89</ns3:hr>
          </ns3:TrackPointExtension>
        </extensions>
      </trkpt>
      <trkpt lat="-2.7753616310656070709228515625" lon="-79.2209105752408504486083984375">
        <ele>3947</ele>
        <time>2026-08-27T16:57:06.000Z</time>
        <extensions>
          <ns3:TrackPointExtension>
            <ns3:hr>91</ns3:hr>
          </ns3:TrackPointExtension>
        </extensions>
      </trkpt>
      <trkpt lat="-2.7753210626542568206787109375" lon="-79.2208991758525371551513671875">
        <ele>3946.800048828125</ele>
        <time>2026-08-27T16:57:12.000Z</time>
        <extensions>
          <ns3:TrackPointExtension>
            <ns3:hr>88</ns3:hr>
          </ns3:TrackPointExtension>
        </extensions>
      </trkpt>
      <trkpt lat="-2.7753059752285480499267578125" lon="-79.2208951525390148162841796875">
        <ele>3946.800048828125</ele>
        <time>2026-08-27T16:57:17.000Z</time>
        <extensions>
          <ns3:TrackPointExtension>
            <ns3:hr>91</ns3:hr>
          </ns3:TrackPointExtension>
        </extensions>
      </trkpt>
      <trkpt lat="-2.7753039635717868804931640625" lon="-79.2208964936435222625732421875">
        <ele>3947</ele>
        <time>2026-08-27T16:57:19.000Z</time>
        <extensions>
          <ns3:TrackPointExtension>
            <ns3:hr>92</ns3:hr>
          </ns3:TrackPointExtension>
        </extensions>
      </trkpt>
      <trkpt lat="-2.77528778649866580963134765625" lon="-79.220885932445526123046875">
        <ele>3946.60009765625</ele>
        <time>2026-08-27T16:57:25.000Z</time>
        <extensions>
          <ns3:TrackPointExtension>
            <ns3:hr>91</ns3:hr>
          </ns3:TrackPointExtension>
        </extensions>
      </trkpt>
      <trkpt lat="-2.77524235658347606658935546875" lon="-79.220844022929668426513671875">
        <ele>3944.800048828125</ele>
        <time>2026-08-27T16:57:32.000Z</time>
        <extensions>
          <ns3:TrackPointExtension>
            <ns3:hr>92</ns3:hr>
          </ns3:TrackPointExtension>
        </extensions>
      </trkpt>
      <trkpt lat="-2.7751775644719600677490234375" lon="-79.220855422317981719970703125">
        <ele>3946.60009765625</ele>
        <time>2026-08-27T16:57:38.000Z</time>
        <extensions>
          <ns3:TrackPointExtension>
            <ns3:hr>93</ns3:hr>
          </ns3:TrackPointExtension>
        </extensions>
      </trkpt>
      <trkpt lat="-2.77513909153640270233154296875" lon="-79.22086087055504322052001953125">
        <ele>3949.39990234375</ele>
        <time>2026-08-27T16:57:42.000Z</time>
        <extensions>
          <ns3:TrackPointExtension>
            <ns3:hr>93</ns3:hr>
          </ns3:TrackPointExtension>
        </extensions>
      </trkpt>
      <trkpt lat="-2.77508611790835857391357421875" lon="-79.2208475433290004730224609375">
        <ele>3951</ele>
        <time>2026-08-27T16:57:47.000Z</time>
        <extensions>
          <ns3:TrackPointExtension>
            <ns3:hr>94</ns3:hr>
          </ns3:TrackPointExtension>
        </extensions>
      </trkpt>
      <trkpt lat="-2.77502258308231830596923828125" lon="-79.2208324559032917022705078125">
        <ele>3950.60009765625</ele>
        <time>2026-08-27T16:57:54.000Z</time>
        <extensions>
          <ns3:TrackPointExtension>
            <ns3:hr>94</ns3:hr>
          </ns3:TrackPointExtension>
        </extensions>
      </trkpt>
      <trkpt lat="-2.77501277625560760498046875" lon="-79.2208277620375156402587890625">
        <ele>3950.199951171875</ele>
        <time>2026-08-27T16:57:55.000Z</time>
        <extensions>
          <ns3:TrackPointExtension>
            <ns3:hr>94</ns3:hr>
          </ns3:TrackPointExtension>
        </extensions>
      </trkpt>
      <trkpt lat="-2.77496994473040103912353515625" lon="-79.22082097269594669342041015625">
        <ele>3950</ele>
        <time>2026-08-27T16:58:00.000Z</time>
        <extensions>
          <ns3:TrackPointExtension>
            <ns3:hr>95</ns3:hr>
          </ns3:TrackPointExtension>
        </extensions>
      </trkpt>
      <trkpt lat="-2.7749066613614559173583984375" lon="-79.22082415781915187835693359375">
        <ele>3951</ele>
        <time>2026-08-27T16:58:07.000Z</time>
        <extensions>
          <ns3:TrackPointExtension>
            <ns3:hr>94</ns3:hr>
          </ns3:TrackPointExtension>
        </extensions>
      </trkpt>
      <trkpt lat="-2.77482057921588420867919921875" lon="-79.22081510536372661590576171875">
        <ele>3952.800048828125</ele>
        <time>2026-08-27T16:58:16.000Z</time>
        <extensions>
          <ns3:TrackPointExtension>
            <ns3:hr>92</ns3:hr>
          </ns3:TrackPointExtension>
        </extensions>
      </trkpt>
      <trkpt lat="-2.7747970260679721832275390625" lon="-79.2208069749176502227783203125">
        <ele>3953.199951171875</ele>
        <time>2026-08-27T16:58:19.000Z</time>
        <extensions>
          <ns3:TrackPointExtension>
            <ns3:hr>89</ns3:hr>
          </ns3:TrackPointExtension>
        </extensions>
      </trkpt>
      <trkpt lat="-2.774777747690677642822265625" lon="-79.22080018557608127593994140625">
        <ele>3955</ele>
        <time>2026-08-27T16:58:21.000Z</time>
        <extensions>
          <ns3:TrackPointExtension>
            <ns3:hr>90</ns3:hr>
          </ns3:TrackPointExtension>
        </extensions>
      </trkpt>
      <trkpt lat="-2.77474950067698955535888671875" lon="-79.22080001793801784515380859375">
        <ele>3959</ele>
        <time>2026-08-27T16:58:24.000Z</time>
        <extensions>
          <ns3:TrackPointExtension>
            <ns3:hr>90</ns3:hr>
          </ns3:TrackPointExtension>
        </extensions>
      </trkpt>
      <trkpt lat="-2.77468194253742694854736328125" lon="-79.2207938991487026214599609375">
        <ele>3968.199951171875</ele>
        <time>2026-08-27T16:58:32.000Z</time>
        <extensions>
          <ns3:TrackPointExtension>
            <ns3:hr>93</ns3:hr>
          </ns3:TrackPointExtension>
        </extensions>
      </trkpt>
      <trkpt lat="-2.77466350235044956207275390625" lon="-79.2207933962345123291015625">
        <ele>3970.800048828125</ele>
        <time>2026-08-27T16:58:34.000Z</time>
        <extensions>
          <ns3:TrackPointExtension>
            <ns3:hr>92</ns3:hr>
          </ns3:TrackPointExtension>
        </extensions>
      </trkpt>
      <trkpt lat="-2.77461572550237178802490234375" lon="-79.220790378749370574951171875">
        <ele>3977.39990234375</ele>
        <time>2026-08-27T16:58:41.000Z</time>
        <extensions>
          <ns3:TrackPointExtension>
            <ns3:hr>89</ns3:hr>
          </ns3:TrackPointExtension>
        </extensions>
      </trkpt>
      <trkpt lat="-2.7745856344699859619140625" lon="-79.22079599462449550628662109375">
        <ele>3982.60009765625</ele>
        <time>2026-08-27T16:58:45.000Z</time>
        <extensions>
          <ns3:TrackPointExtension>
            <ns3:hr>92</ns3:hr>
          </ns3:TrackPointExtension>
        </extensions>
      </trkpt>
      <trkpt lat="-2.7745623327791690826416015625" lon="-79.22079767100512981414794921875">
        <ele>3986.39990234375</ele>
        <time>2026-08-27T16:58:49.000Z</time>
        <extensions>
          <ns3:TrackPointExtension>
            <ns3:hr>91</ns3:hr>
          </ns3:TrackPointExtension>
        </extensions>
      </trkpt>
      <trkpt lat="-2.77453945018351078033447265625" lon="-79.22078995965421199798583984375">
        <ele>3987.199951171875</ele>
        <time>2026-08-27T16:58:57.000Z</time>
        <extensions>
          <ns3:TrackPointExtension>
            <ns3:hr>92</ns3:hr>
          </ns3:TrackPointExtension>
        </extensions>
      </trkpt>
      <trkpt lat="-2.77453190647065639495849609375" lon="-79.22078476287424564361572265625">
        <ele>3987.39990234375</ele>
        <time>2026-08-27T16:58:59.000Z</time>
        <extensions>
          <ns3:TrackPointExtension>
            <ns3:hr>95</ns3:hr>
          </ns3:TrackPointExtension>
        </extensions>
      </trkpt>
      <trkpt lat="-2.7745117060840129852294921875" lon="-79.22075961716473102569580078125">
        <ele>3985.60009765625</ele>
        <time>2026-08-27T16:59:05.000Z</time>
        <extensions>
          <ns3:TrackPointExtension>
            <ns3:hr>97</ns3:hr>
          </ns3:TrackPointExtension>
        </extensions>
      </trkpt>
      <trkpt lat="-2.77451463975012302398681640625" lon="-79.22075442038476467132568359375">
        <ele>3985.39990234375</ele>
        <time>2026-08-27T16:59:09.000Z</time>
        <extensions>
          <ns3:TrackPointExtension>
            <ns3:hr>100</ns3:hr>
          </ns3:TrackPointExtension>
        </extensions>
      </trkpt>
      <trkpt lat="-2.7745160646736621856689453125" lon="-79.2207546718418598175048828125">
        <ele>3985.39990234375</ele>
        <time>2026-08-27T16:59:12.000Z</time>
        <extensions>
          <ns3:TrackPointExtension>
            <ns3:hr>104</ns3:hr>
          </ns3:TrackPointExtension>
        </extensions>
      </trkpt>
      <trkpt lat="-2.77449435554444789886474609375" lon="-79.22073162160813808441162109375">
        <ele>3981.199951171875</ele>
        <time>2026-08-27T16:59:18.000Z</time>
        <extensions>
          <ns3:TrackPointExtension>
            <ns3:hr>107</ns3:hr>
          </ns3:TrackPointExtension>
        </extensions>
      </trkpt>
      <trkpt lat="-2.7744879014790058135986328125" lon="-79.2207288555800914764404296875">
        <ele>3980.199951171875</ele>
        <time>2026-08-27T16:59:19.000Z</time>
        <extensions>
          <ns3:TrackPointExtension>
            <ns3:hr>107</ns3:hr>
          </ns3:TrackPointExtension>
        </extensions>
      </trkpt>
      <trkpt lat="-2.77447826229035854339599609375" lon="-79.22073128633201122283935546875">
        <ele>3979.800048828125</ele>
        <time>2026-08-27T16:59:26.000Z</time>
        <extensions>
          <ns3:TrackPointExtension>
            <ns3:hr>105</ns3:hr>
          </ns3:TrackPointExtension>
        </extensions>
      </trkpt>
      <trkpt lat="-2.774442471563816070556640625" lon="-79.22071821056306362152099609375">
        <ele>3975.39990234375</ele>
        <time>2026-08-27T16:59:32.000Z</time>
        <extensions>
          <ns3:TrackPointExtension>
            <ns3:hr>104</ns3:hr>
          </ns3:TrackPointExtension>
        </extensions>
      </trkpt>
      <trkpt lat="-2.77440198697149753570556640625" lon="-79.22067361883819103240966796875">
        <ele>3967</ele>
        <time>2026-08-27T16:59:39.000Z</time>
        <extensions>
          <ns3:TrackPointExtension>
            <ns3:hr>104</ns3:hr>
          </ns3:TrackPointExtension>
        </extensions>
      </trkpt>
      <trkpt lat="-2.77440567500889301300048828125" lon="-79.22064310871064662933349609375">
        <ele>3964</ele>
        <time>2026-08-27T16:59:46.000Z</time>
        <extensions>
          <ns3:TrackPointExtension>
            <ns3:hr>101</ns3:hr>
          </ns3:TrackPointExtension>
        </extensions>
      </trkpt>
      <trkpt lat="-2.77443216182291507720947265625" lon="-79.22060899436473846435546875">
        <ele>3960.60009765625</ele>
        <time>2026-08-27T16:59:54.000Z</time>
        <extensions>
          <ns3:TrackPointExtension>
            <ns3:hr>99</ns3:hr>
          </ns3:TrackPointExtension>
        </extensions>
      </trkpt>
      <trkpt lat="-2.7744325809180736541748046875" lon="-79.2205863632261753082275390625">
        <ele>3957.39990234375</ele>
        <time>2026-08-27T17:00:01.000Z</time>
        <extensions>
          <ns3:TrackPointExtension>
            <ns3:hr>99</ns3:hr>
          </ns3:TrackPointExtension>
        </extensions>
      </trkpt>
      <trkpt lat="-2.77443987317383289337158203125" lon="-79.2205632291734218597412109375">
        <ele>3954.60009765625</ele>
        <time>2026-08-27T17:00:06.000Z</time>
        <extensions>
          <ns3:TrackPointExtension>
            <ns3:hr>98</ns3:hr>
          </ns3:TrackPointExtension>
        </extensions>
      </trkpt>
      <trkpt lat="-2.77446300722658634185791015625" lon="-79.22053330577909946441650390625">
        <ele>3951.60009765625</ele>
        <time>2026-08-27T17:00:14.000Z</time>
        <extensions>
          <ns3:TrackPointExtension>
            <ns3:hr>96</ns3:hr>
          </ns3:TrackPointExtension>
        </extensions>
      </trkpt>
      <trkpt lat="-2.7744697965681552886962890625" lon="-79.2205131053924560546875">
        <ele>3949.199951171875</ele>
        <time>2026-08-27T17:00:23.000Z</time>
        <extensions>
          <ns3:TrackPointExtension>
            <ns3:hr>96</ns3:hr>
          </ns3:TrackPointExtension>
        </extensions>
      </trkpt>
      <trkpt lat="-2.7744624204933643341064453125" lon="-79.2204795777797698974609375">
        <ele>3944</ele>
        <time>2026-08-27T17:00:31.000Z</time>
        <extensions>
          <ns3:TrackPointExtension>
            <ns3:hr>97</ns3:hr>
          </ns3:TrackPointExtension>
        </extensions>
      </trkpt>
      <trkpt lat="-2.77447122149169445037841796875" lon="-79.22047647647559642791748046875">
        <ele>3944.199951171875</ele>
        <time>2026-08-27T17:00:37.000Z</time>
        <extensions>
          <ns3:TrackPointExtension>
            <ns3:hr>97</ns3:hr>
          </ns3:TrackPointExtension>
        </extensions>
      </trkpt>
      <trkpt lat="-2.77447122149169445037841796875" lon="-79.22047647647559642791748046875">
        <ele>3944.199951171875</ele>
        <time>2026-08-27T17:00:46.000Z</time>
        <extensions>
          <ns3:TrackPointExtension>
            <ns3:hr>100</ns3:hr>
          </ns3:TrackPointExtension>
        </extensions>
      </trkpt>
      <trkpt lat="-2.77447423897683620452880859375" lon="-79.22047647647559642791748046875">
        <ele>3944.39990234375</ele>
        <time>2026-08-27T17:00:51.000Z</time>
        <extensions>
          <ns3:TrackPointExtension>
            <ns3:hr>103</ns3:hr>
          </ns3:TrackPointExtension>
        </extensions>
      </trkpt>
      <trkpt lat="-2.774475328624248504638671875" lon="-79.2204029671847820281982421875">
        <ele>3938.60009765625</ele>
        <time>2026-08-27T17:01:09.000Z</time>
        <extensions>
          <ns3:TrackPointExtension>
            <ns3:hr>106</ns3:hr>
          </ns3:TrackPointExtension>
        </extensions>
      </trkpt>
      <trkpt lat="-2.77446820400655269622802734375" lon="-79.2203865386545658111572265625">
        <ele>3936.60009765625</ele>
        <time>2026-08-27T17:01:12.000Z</time>
        <extensions>
          <ns3:TrackPointExtension>
            <ns3:hr>103</ns3:hr>
          </ns3:TrackPointExtension>
        </extensions>
      </trkpt>
      <trkpt lat="-2.7743993885815143585205078125" lon="-79.22028151340782642364501953125">
        <ele>3924.800048828125</ele>
        <time>2026-08-27T17:01:20.000Z</time>
        <extensions>
          <ns3:TrackPointExtension>
            <ns3:hr>103</ns3:hr>
          </ns3:TrackPointExtension>
        </extensions>
      </trkpt>
      <trkpt lat="-2.77433426119387149810791015625" lon="-79.2202279530465602874755859375">
        <ele>3918.800048828125</ele>
        <time>2026-08-27T17:01:25.000Z</time>
        <extensions>
          <ns3:TrackPointExtension>
            <ns3:hr>102</ns3:hr>
          </ns3:TrackPointExtension>
        </extensions>
      </trkpt>
      <trkpt lat="-2.7742934413254261016845703125" lon="-79.220232479274272918701171875">
        <ele>3919.60009765625</ele>
        <time>2026-08-27T17:01:32.000Z</time>
        <extensions>
          <ns3:TrackPointExtension>
            <ns3:hr>101</ns3:hr>
          </ns3:TrackPointExtension>
        </extensions>
      </trkpt>
      <trkpt lat="-2.77427810244262218475341796875" lon="-79.2202172242105007171630859375">
        <ele>3917.800048828125</ele>
        <time>2026-08-27T17:01:34.000Z</time>
        <extensions>
          <ns3:TrackPointExtension>
            <ns3:hr>102</ns3:hr>
          </ns3:TrackPointExtension>
        </extensions>
      </trkpt>
      <trkpt lat="-2.77426586486399173736572265625" lon="-79.22019853256642818450927734375">
        <ele>3915.800048828125</ele>
        <time>2026-08-27T17:01:37.000Z</time>
        <extensions>
          <ns3:TrackPointExtension>
            <ns3:hr>103</ns3:hr>
          </ns3:TrackPointExtension>
        </extensions>
      </trkpt>
      <trkpt lat="-2.77421456761658191680908203125" lon="-79.220163412392139434814453125">
        <ele>3914.60009765625</ele>
        <time>2026-08-27T17:01:45.000Z</time>
        <extensions>
          <ns3:TrackPointExtension>
            <ns3:hr>103</ns3:hr>
          </ns3:TrackPointExtension>
        </extensions>
      </trkpt>
      <trkpt lat="-2.7741492725908756256103515625" lon="-79.22017187811434268951416015625">
        <ele>3915.199951171875</ele>
        <time>2026-08-27T17:01:54.000Z</time>
        <extensions>
          <ns3:TrackPointExtension>
            <ns3:hr>103</ns3:hr>
          </ns3:TrackPointExtension>
        </extensions>
      </trkpt>
      <trkpt lat="-2.774077691137790679931640625" lon="-79.220137260854244232177734375">
        <ele>3914.199951171875</ele>
        <time>2026-08-27T17:02:04.000Z</time>
        <extensions>
          <ns3:TrackPointExtension>
            <ns3:hr>104</ns3:hr>
          </ns3:TrackPointExtension>
        </extensions>
      </trkpt>
      <trkpt lat="-2.774003930389881134033203125" lon="-79.22015729360282421112060546875">
        <ele>3915.199951171875</ele>
        <time>2026-08-27T17:02:11.000Z</time>
        <extensions>
          <ns3:TrackPointExtension>
            <ns3:hr>104</ns3:hr>
          </ns3:TrackPointExtension>
        </extensions>
      </trkpt>
      <trkpt lat="-2.773977778851985931396484375" lon="-79.22017489559948444366455078125">
        <ele>3916</ele>
        <time>2026-08-27T17:02:18.000Z</time>
        <extensions>
          <ns3:TrackPointExtension>
            <ns3:hr>103</ns3:hr>
          </ns3:TrackPointExtension>
        </extensions>
      </trkpt>
      <trkpt lat="-2.77396562509238719940185546875" lon="-79.2201964370906352996826171875">
        <ele>3916.800048828125</ele>
        <time>2026-08-27T17:02:26.000Z</time>
        <extensions>
          <ns3:TrackPointExtension>
            <ns3:hr>106</ns3:hr>
          </ns3:TrackPointExtension>
        </extensions>
      </trkpt>
      <trkpt lat="-2.77392840944230556488037109375" lon="-79.22016835771501064300537109375">
        <ele>3916.39990234375</ele>
        <time>2026-08-27T17:02:34.000Z</time>
        <extensions>
          <ns3:TrackPointExtension>
            <ns3:hr>107</ns3:hr>
          </ns3:TrackPointExtension>
        </extensions>
      </trkpt>
      <trkpt lat="-2.773905694484710693359375" lon="-79.22018461860716342926025390625">
        <ele>3917.39990234375</ele>
        <time>2026-08-27T17:02:40.000Z</time>
        <extensions>
          <ns3:TrackPointExtension>
            <ns3:hr>107</ns3:hr>
          </ns3:TrackPointExtension>
        </extensions>
      </trkpt>
      <trkpt lat="-2.77385129593312740325927734375" lon="-79.22021999023854732513427734375">
        <ele>3920</ele>
        <time>2026-08-27T17:02:50.000Z</time>
        <extensions>
          <ns3:TrackPointExtension>
            <ns3:hr>107</ns3:hr>
          </ns3:TrackPointExtension>
        </extensions>
      </trkpt>
      <trkpt lat="-2.7738131582736968994140625" lon="-79.22018914483487606048583984375">
        <ele>3919.199951171875</ele>
        <time>2026-08-27T17:02:57.000Z</time>
        <extensions>
          <ns3:TrackPointExtension>
            <ns3:hr>106</ns3:hr>
          </ns3:TrackPointExtension>
        </extensions>
      </trkpt>
      <trkpt lat="-2.7738024294376373291015625" lon="-79.2201887257397174835205078125">
        <ele>3919.39990234375</ele>
        <time>2026-08-27T17:02:58.000Z</time>
        <extensions>
          <ns3:TrackPointExtension>
            <ns3:hr>103</ns3:hr>
          </ns3:TrackPointExtension>
        </extensions>
      </trkpt>
      <trkpt lat="-2.77378943748772144317626953125" lon="-79.22017841599881649017333984375">
        <ele>3919.39990234375</ele>
        <time>2026-08-27T17:03:00.000Z</time>
        <extensions>
          <ns3:TrackPointExtension>
            <ns3:hr>104</ns3:hr>
          </ns3:TrackPointExtension>
        </extensions>
      </trkpt>
      <trkpt lat="-2.7737875096499919891357421875" lon="-79.2201769910752773284912109375">
        <ele>3919.199951171875</ele>
        <time>2026-08-27T17:03:01.000Z</time>
        <extensions>
          <ns3:TrackPointExtension>
            <ns3:hr>104</ns3:hr>
          </ns3:TrackPointExtension>
        </extensions>
      </trkpt>
      <trkpt lat="-2.77377334423363208770751953125" lon="-79.22015930525958538055419921875">
        <ele>3918.800048828125</ele>
        <time>2026-08-27T17:03:06.000Z</time>
        <extensions>
          <ns3:TrackPointExtension>
            <ns3:hr>103</ns3:hr>
          </ns3:TrackPointExtension>
        </extensions>
      </trkpt>
      <trkpt lat="-2.77376957237720489501953125" lon="-79.2201568745076656341552734375">
        <ele>3918.800048828125</ele>
        <time>2026-08-27T17:03:07.000Z</time>
        <extensions>
          <ns3:TrackPointExtension>
            <ns3:hr>107</ns3:hr>
          </ns3:TrackPointExtension>
        </extensions>
      </trkpt>
      <trkpt lat="-2.77376546524465084075927734375" lon="-79.220154024660587310791015625">
        <ele>3918.800048828125</ele>
        <time>2026-08-27T17:03:08.000Z</time>
        <extensions>
          <ns3:TrackPointExtension>
            <ns3:hr>111</ns3:hr>
          </ns3:TrackPointExtension>
        </extensions>
      </trkpt>
      <trkpt lat="-2.77376144193112850189208984375" lon="-79.22015343792736530303955078125">
        <ele>3918.800048828125</ele>
        <time>2026-08-27T17:03:09.000Z</time>
        <extensions>
          <ns3:TrackPointExtension>
            <ns3:hr>114</ns3:hr>
          </ns3:TrackPointExtension>
        </extensions>
      </trkpt>
      <trkpt lat="-2.77375473640859127044677734375" lon="-79.220149330794811248779296875">
        <ele>3918.800048828125</ele>
        <time>2026-08-27T17:03:11.000Z</time>
        <extensions>
          <ns3:TrackPointExtension>
            <ns3:hr>118</ns3:hr>
          </ns3:TrackPointExtension>
        </extensions>
      </trkpt>
      <trkpt lat="-2.773747779428958892822265625" lon="-79.22012829221785068511962890625">
        <ele>3918</ele>
        <time>2026-08-27T17:03:14.000Z</time>
        <extensions>
          <ns3:TrackPointExtension>
            <ns3:hr>117</ns3:hr>
          </ns3:TrackPointExtension>
        </extensions>
      </trkpt>
      <trkpt lat="-2.77373428456485271453857421875" lon="-79.2201139591634273529052734375">
        <ele>3917.800048828125</ele>
        <time>2026-08-27T17:03:19.000Z</time>
        <extensions>
          <ns3:TrackPointExtension>
            <ns3:hr>114</ns3:hr>
          </ns3:TrackPointExtension>
        </extensions>
      </trkpt>
      <trkpt lat="-2.773717604577541351318359375" lon="-79.22008730471134185791015625">
        <ele>3917</ele>
        <time>2026-08-27T17:03:25.000Z</time>
        <extensions>
          <ns3:TrackPointExtension>
            <ns3:hr>114</ns3:hr>
          </ns3:TrackPointExtension>
        </extensions>
      </trkpt>
      <trkpt lat="-2.77371366508305072784423828125" lon="-79.22008219175040721893310546875">
        <ele>3916.800048828125</ele>
        <time>2026-08-27T17:03:26.000Z</time>
        <extensions>
          <ns3:TrackPointExtension>
            <ns3:hr>111</ns3:hr>
          </ns3:TrackPointExtension>
        </extensions>
      </trkpt>
      <trkpt lat="-2.77367435395717620849609375" lon="-79.2200485803186893463134765625">
        <ele>3916</ele>
        <time>2026-08-27T17:03:37.000Z</time>
        <extensions>
          <ns3:TrackPointExtension>
            <ns3:hr>111</ns3:hr>
          </ns3:TrackPointExtension>
        </extensions>
      </trkpt>
      <trkpt lat="-2.7736393176019191741943359375" lon="-79.2200611531734466552734375">
        <ele>3916.60009765625</ele>
        <time>2026-08-27T17:03:44.000Z</time>
        <extensions>
          <ns3:TrackPointExtension>
            <ns3:hr>112</ns3:hr>
          </ns3:TrackPointExtension>
        </extensions>
      </trkpt>
      <trkpt lat="-2.77357100509107112884521484375" lon="-79.22007934190332889556884765625">
        <ele>3917.199951171875</ele>
        <time>2026-08-27T17:03:53.000Z</time>
        <extensions>
          <ns3:TrackPointExtension>
            <ns3:hr>110</ns3:hr>
          </ns3:TrackPointExtension>
        </extensions>
      </trkpt>
      <trkpt lat="-2.7735186181962490081787109375" lon="-79.220054782927036285400390625">
        <ele>3916.199951171875</ele>
        <time>2026-08-27T17:04:01.000Z</time>
        <extensions>
          <ns3:TrackPointExtension>
            <ns3:hr>109</ns3:hr>
          </ns3:TrackPointExtension>
        </extensions>
      </trkpt>
      <trkpt lat="-2.77347897179424762725830078125" lon="-79.22004698775708675384521484375">
        <ele>3915.800048828125</ele>
        <time>2026-08-27T17:04:09.000Z</time>
        <extensions>
          <ns3:TrackPointExtension>
            <ns3:hr>109</ns3:hr>
          </ns3:TrackPointExtension>
        </extensions>
      </trkpt>
      <trkpt lat="-2.7734716795384883880615234375" lon="-79.22004640102386474609375">
        <ele>3915.60009765625</ele>
        <time>2026-08-27T17:04:14.000Z</time>
        <extensions>
          <ns3:TrackPointExtension>
            <ns3:hr>108</ns3:hr>
          </ns3:TrackPointExtension>
        </extensions>
      </trkpt>
      <trkpt lat="-2.7734730206429958343505859375" lon="-79.22004665248095989227294921875">
        <ele>3915.800048828125</ele>
        <time>2026-08-27T17:04:23.000Z</time>
        <extensions>
          <ns3:TrackPointExtension>
            <ns3:hr>105</ns3:hr>
          </ns3:TrackPointExtension>
        </extensions>
      </trkpt>
      <trkpt lat="-2.7734730206429958343505859375" lon="-79.22004665248095989227294921875">
        <ele>3915.800048828125</ele>
        <time>2026-08-27T17:04:27.000Z</time>
        <extensions>
          <ns3:TrackPointExtension>
            <ns3:hr>104</ns3:hr>
          </ns3:TrackPointExtension>
        </extensions>
      </trkpt>
      <trkpt lat="-2.7734723500907421112060546875" lon="-79.22004648484289646148681640625">
        <ele>3915.60009765625</ele>
        <time>2026-08-27T17:04:37.000Z</time>
        <extensions>
          <ns3:TrackPointExtension>
            <ns3:hr>108</ns3:hr>
          </ns3:TrackPointExtension>
        </extensions>
      </trkpt>
      <trkpt lat="-2.7734498865902423858642578125" lon="-79.22005654312670230865478515625">
        <ele>3916</ele>
        <time>2026-08-27T17:05:07.000Z</time>
        <extensions>
          <ns3:TrackPointExtension>
            <ns3:hr>111</ns3:hr>
          </ns3:TrackPointExtension>
        </extensions>
      </trkpt>
      <trkpt lat="-2.77343706227838993072509765625" lon="-79.22003542073071002960205078125">
        <ele>3915.199951171875</ele>
        <time>2026-08-27T17:05:09.000Z</time>
        <extensions>
          <ns3:TrackPointExtension>
            <ns3:hr>112</ns3:hr>
          </ns3:TrackPointExtension>
        </extensions>
      </trkpt>
      <trkpt lat="-2.7734156884253025054931640625" lon="-79.21998429112136363983154296875">
        <ele>3913.199951171875</ele>
        <time>2026-08-27T17:05:14.000Z</time>
        <extensions>
          <ns3:TrackPointExtension>
            <ns3:hr>108</ns3:hr>
          </ns3:TrackPointExtension>
        </extensions>
      </trkpt>
      <trkpt lat="-2.7734076417982578277587890625" lon="-79.21996417455375194549560546875">
        <ele>3912.39990234375</ele>
        <time>2026-08-27T17:05:17.000Z</time>
        <extensions>
          <ns3:TrackPointExtension>
            <ns3:hr>110</ns3:hr>
          </ns3:TrackPointExtension>
        </extensions>
      </trkpt>
      <trkpt lat="-2.7733845077455043792724609375" lon="-79.2199127934873104095458984375">
        <ele>3910.39990234375</ele>
        <time>2026-08-27T17:05:26.000Z</time>
        <extensions>
          <ns3:TrackPointExtension>
            <ns3:hr>108</ns3:hr>
          </ns3:TrackPointExtension>
        </extensions>
      </trkpt>
      <trkpt lat="-2.773366905748844146728515625" lon="-79.219867698848247528076171875">
        <ele>3909.39990234375</ele>
        <time>2026-08-27T17:05:35.000Z</time>
        <extensions>
          <ns3:TrackPointExtension>
            <ns3:hr>107</ns3:hr>
          </ns3:TrackPointExtension>
        </extensions>
      </trkpt>
      <trkpt lat="-2.7733610384166240692138671875" lon="-79.2198573052883148193359375">
        <ele>3909</ele>
        <time>2026-08-27T17:05:42.000Z</time>
        <extensions>
          <ns3:TrackPointExtension>
            <ns3:hr>107</ns3:hr>
          </ns3:TrackPointExtension>
        </extensions>
      </trkpt>
      <trkpt lat="-2.7733496390283107757568359375" lon="-79.21982855536043643951416015625">
        <ele>3908.39990234375</ele>
        <time>2026-08-27T17:05:50.000Z</time>
        <extensions>
          <ns3:TrackPointExtension>
            <ns3:hr>110</ns3:hr>
          </ns3:TrackPointExtension>
        </extensions>
      </trkpt>
      <trkpt lat="-2.77334737591445446014404296875" lon="-79.21982444822788238525390625">
        <ele>3908.199951171875</ele>
        <time>2026-08-27T17:05:51.000Z</time>
        <extensions>
          <ns3:TrackPointExtension>
            <ns3:hr>109</ns3:hr>
          </ns3:TrackPointExtension>
        </extensions>
      </trkpt>
      <trkpt lat="-2.77333932928740978240966796875" lon="-79.2197920940816402435302734375">
        <ele>3907.60009765625</ele>
        <time>2026-08-27T17:05:58.000Z</time>
        <extensions>
          <ns3:TrackPointExtension>
            <ns3:hr>108</ns3:hr>
          </ns3:TrackPointExtension>
        </extensions>
      </trkpt>
      <trkpt lat="-2.7733788080513477325439453125" lon="-79.21978027559816837310791015625">
        <ele>3908.199951171875</ele>
        <time>2026-08-27T17:06:10.000Z</time>
        <extensions>
          <ns3:TrackPointExtension>
            <ns3:hr>108</ns3:hr>
          </ns3:TrackPointExtension>
        </extensions>
      </trkpt>
      <trkpt lat="-2.7733786404132843017578125" lon="-79.2197312414646148681640625">
        <ele>3907.60009765625</ele>
        <time>2026-08-27T17:06:16.000Z</time>
        <extensions>
          <ns3:TrackPointExtension>
            <ns3:hr>108</ns3:hr>
          </ns3:TrackPointExtension>
        </extensions>
      </trkpt>
      <trkpt lat="-2.77339364401996135711669921875" lon="-79.2196968756616115570068359375">
        <ele>3907.39990234375</ele>
        <time>2026-08-27T17:06:23.000Z</time>
        <extensions>
          <ns3:TrackPointExtension>
            <ns3:hr>107</ns3:hr>
          </ns3:TrackPointExtension>
        </extensions>
      </trkpt>
      <trkpt lat="-2.77340906672179698944091796875" lon="-79.219671897590160369873046875">
        <ele>3907.39990234375</ele>
        <time>2026-08-27T17:06:29.000Z</time>
        <extensions>
          <ns3:TrackPointExtension>
            <ns3:hr>108</ns3:hr>
          </ns3:TrackPointExtension>
        </extensions>
      </trkpt>
      <trkpt lat="-2.77342465706169605255126953125" lon="-79.21960023231804370880126953125">
        <ele>3906</ele>
        <time>2026-08-27T17:06:38.000Z</time>
        <extensions>
          <ns3:TrackPointExtension>
            <ns3:hr>107</ns3:hr>
          </ns3:TrackPointExtension>
        </extensions>
      </trkpt>
      <trkpt lat="-2.7734203822910785675048828125" lon="-79.219591431319713592529296875">
        <ele>3906</ele>
        <time>2026-08-27T17:06:39.000Z</time>
        <extensions>
          <ns3:TrackPointExtension>
            <ns3:hr>107</ns3:hr>
          </ns3:TrackPointExtension>
        </extensions>
      </trkpt>
      <trkpt lat="-2.7733759582042694091796875" lon="-79.21955094672739505767822265625">
        <ele>3904.39990234375</ele>
        <time>2026-08-27T17:06:46.000Z</time>
        <extensions>
          <ns3:TrackPointExtension>
            <ns3:hr>108</ns3:hr>
          </ns3:TrackPointExtension>
        </extensions>
      </trkpt>
      <trkpt lat="-2.77334201149642467498779296875" lon="-79.21952865086495876312255859375">
        <ele>3903.199951171875</ele>
        <time>2026-08-27T17:06:50.000Z</time>
        <extensions>
          <ns3:TrackPointExtension>
            <ns3:hr>109</ns3:hr>
          </ns3:TrackPointExtension>
        </extensions>
      </trkpt>
      <trkpt lat="-2.7733261696994304656982421875" lon="-79.2195061035454273223876953125">
        <ele>3902.39990234375</ele>
        <time>2026-08-27T17:06:52.000Z</time>
        <extensions>
          <ns3:TrackPointExtension>
            <ns3:hr>106</ns3:hr>
          </ns3:TrackPointExtension>
        </extensions>
      </trkpt>
      <trkpt lat="-2.7733080647885799407958984375" lon="-79.219484813511371612548828125">
        <ele>3901.60009765625</ele>
        <time>2026-08-27T17:06:54.000Z</time>
        <extensions>
          <ns3:TrackPointExtension>
            <ns3:hr>105</ns3:hr>
          </ns3:TrackPointExtension>
        </extensions>
      </trkpt>
      <trkpt lat="-2.773248217999935150146484375" lon="-79.2194576561450958251953125">
        <ele>3899.60009765625</ele>
        <time>2026-08-27T17:07:00.000Z</time>
        <extensions>
          <ns3:TrackPointExtension>
            <ns3:hr>101</ns3:hr>
          </ns3:TrackPointExtension>
        </extensions>
      </trkpt>
      <trkpt lat="-2.7732359804213047027587890625" lon="-79.21945237554609775543212890625">
        <ele>3899.199951171875</ele>
        <time>2026-08-27T17:07:01.000Z</time>
        <extensions>
          <ns3:TrackPointExtension>
            <ns3:hr>104</ns3:hr>
          </ns3:TrackPointExtension>
        </extensions>
      </trkpt>
      <trkpt lat="-2.77322248555719852447509765625" lon="-79.21944734640419483184814453125">
        <ele>3898.800048828125</ele>
        <time>2026-08-27T17:07:02.000Z</time>
        <extensions>
          <ns3:TrackPointExtension>
            <ns3:hr>102</ns3:hr>
          </ns3:TrackPointExtension>
        </extensions>
      </trkpt>
      <trkpt lat="-2.77320974506437778472900390625" lon="-79.2194447480142116546630859375">
        <ele>3898.39990234375</ele>
        <time>2026-08-27T17:07:03.000Z</time>
        <extensions>
          <ns3:TrackPointExtension>
            <ns3:hr>105</ns3:hr>
          </ns3:TrackPointExtension>
        </extensions>
      </trkpt>
      <trkpt lat="-2.77315107174217700958251953125" lon="-79.21944516710937023162841796875">
        <ele>3897.199951171875</ele>
        <time>2026-08-27T17:07:09.000Z</time>
        <extensions>
          <ns3:TrackPointExtension>
            <ns3:hr>103</ns3:hr>
          </ns3:TrackPointExtension>
        </extensions>
      </trkpt>
      <trkpt lat="-2.7731441147625446319580078125" lon="-79.21944919042289257049560546875">
        <ele>3897</ele>
        <time>2026-08-27T17:07:10.000Z</time>
        <extensions>
          <ns3:TrackPointExtension>
            <ns3:hr>102</ns3:hr>
          </ns3:TrackPointExtension>
        </extensions>
      </trkpt>
      <trkpt lat="-2.7730916440486907958984375" lon="-79.21943628229200839996337890625">
        <ele>3895.60009765625</ele>
        <time>2026-08-27T17:07:17.000Z</time>
        <extensions>
          <ns3:TrackPointExtension>
            <ns3:hr>107</ns3:hr>
          </ns3:TrackPointExtension>
        </extensions>
      </trkpt>
      <trkpt lat="-2.77307085692882537841796875" lon="-79.21941247768700122833251953125">
        <ele>3894.60009765625</ele>
        <time>2026-08-27T17:07:20.000Z</time>
        <extensions>
          <ns3:TrackPointExtension>
            <ns3:hr>103</ns3:hr>
          </ns3:TrackPointExtension>
        </extensions>
      </trkpt>
      <trkpt lat="-2.7730462141335010528564453125" lon="-79.219384230673313140869140625">
        <ele>3893.60009765625</ele>
        <time>2026-08-27T17:07:24.000Z</time>
        <extensions>
          <ns3:TrackPointExtension>
            <ns3:hr>100</ns3:hr>
          </ns3:TrackPointExtension>
        </extensions>
      </trkpt>
      <trkpt lat="-2.773034311830997467041015625" lon="-79.2193770222365856170654296875">
        <ele>3893.199951171875</ele>
        <time>2026-08-27T17:07:26.000Z</time>
        <extensions>
          <ns3:TrackPointExtension>
            <ns3:hr>101</ns3:hr>
          </ns3:TrackPointExtension>
        </extensions>
      </trkpt>
      <trkpt lat="-2.77298913337290287017822265625" lon="-79.21935866586863994598388671875">
        <ele>3891.800048828125</ele>
        <time>2026-08-27T17:07:32.000Z</time>
        <extensions>
          <ns3:TrackPointExtension>
            <ns3:hr>99</ns3:hr>
          </ns3:TrackPointExtension>
        </extensions>
      </trkpt>
      <trkpt lat="-2.77297421358525753021240234375" lon="-79.21934039331972599029541015625">
        <ele>3891.39990234375</ele>
        <time>2026-08-27T17:07:34.000Z</time>
        <extensions>
          <ns3:TrackPointExtension>
            <ns3:hr>102</ns3:hr>
          </ns3:TrackPointExtension>
        </extensions>
      </trkpt>
      <trkpt lat="-2.77296985499560832977294921875" lon="-79.219331927597522735595703125">
        <ele>3891.199951171875</ele>
        <time>2026-08-27T17:07:35.000Z</time>
        <extensions>
          <ns3:TrackPointExtension>
            <ns3:hr>103</ns3:hr>
          </ns3:TrackPointExtension>
        </extensions>
      </trkpt>
      <trkpt lat="-2.772966586053371429443359375" lon="-79.2193240486085414886474609375">
        <ele>3891.199951171875</ele>
        <time>2026-08-27T17:07:36.000Z</time>
        <extensions>
          <ns3:TrackPointExtension>
            <ns3:hr>100</ns3:hr>
          </ns3:TrackPointExtension>
        </extensions>
      </trkpt>
      <trkpt lat="-2.7729382552206516265869140625" lon="-79.21928809024393558502197265625">
        <ele>3890.199951171875</ele>
        <time>2026-08-27T17:07:42.000Z</time>
        <extensions>
          <ns3:TrackPointExtension>
            <ns3:hr>100</ns3:hr>
          </ns3:TrackPointExtension>
        </extensions>
      </trkpt>
      <trkpt lat="-2.77291839011013507843017578125" lon="-79.21927132643759250640869140625">
        <ele>3889.800048828125</ele>
        <time>2026-08-27T17:07:49.000Z</time>
        <extensions>
          <ns3:TrackPointExtension>
            <ns3:hr>101</ns3:hr>
          </ns3:TrackPointExtension>
        </extensions>
      </trkpt>
      <trkpt lat="-2.77288972400128841400146484375" lon="-79.2192291654646396636962890625">
        <ele>3888.800048828125</ele>
        <time>2026-08-27T17:07:55.000Z</time>
        <extensions>
          <ns3:TrackPointExtension>
            <ns3:hr>101</ns3:hr>
          </ns3:TrackPointExtension>
        </extensions>
      </trkpt>
      <trkpt lat="-2.77288905344903469085693359375" lon="-79.219217263162136077880859375">
        <ele>3888.60009765625</ele>
        <time>2026-08-27T17:07:56.000Z</time>
        <extensions>
          <ns3:TrackPointExtension>
            <ns3:hr>102</ns3:hr>
          </ns3:TrackPointExtension>
        </extensions>
      </trkpt>
      <trkpt lat="-2.77288218028843402862548828125" lon="-79.21920041553676128387451171875">
        <ele>3888.39990234375</ele>
        <time>2026-08-27T17:07:58.000Z</time>
        <extensions>
          <ns3:TrackPointExtension>
            <ns3:hr>103</ns3:hr>
          </ns3:TrackPointExtension>
        </extensions>
      </trkpt>
      <trkpt lat="-2.772857956588268280029296875" lon="-79.2191894352436065673828125">
        <ele>3887.800048828125</ele>
        <time>2026-08-27T17:08:01.000Z</time>
        <extensions>
          <ns3:TrackPointExtension>
            <ns3:hr>101</ns3:hr>
          </ns3:TrackPointExtension>
        </extensions>
      </trkpt>
      <trkpt lat="-2.772796265780925750732421875" lon="-79.21917141415178775787353515625">
        <ele>3885.39990234375</ele>
        <time>2026-08-27T17:08:08.000Z</time>
        <extensions>
          <ns3:TrackPointExtension>
            <ns3:hr>98</ns3:hr>
          </ns3:TrackPointExtension>
        </extensions>
      </trkpt>
      <trkpt lat="-2.7727759815752506256103515625" lon="-79.219163618981838226318359375">
        <ele>3884.39990234375</ele>
        <time>2026-08-27T17:08:10.000Z</time>
        <extensions>
          <ns3:TrackPointExtension>
            <ns3:hr>98</ns3:hr>
          </ns3:TrackPointExtension>
        </extensions>
      </trkpt>
      <trkpt lat="-2.77275309897959232330322265625" lon="-79.2191627807915210723876953125">
        <ele>3883.60009765625</ele>
        <time>2026-08-27T17:08:12.000Z</time>
        <extensions>
          <ns3:TrackPointExtension>
            <ns3:hr>97</ns3:hr>
          </ns3:TrackPointExtension>
        </extensions>
      </trkpt>
      <trkpt lat="-2.77273532934486865997314453125" lon="-79.21916521154344081878662109375">
        <ele>3882.800048828125</ele>
        <time>2026-08-27T17:08:16.000Z</time>
        <extensions>
          <ns3:TrackPointExtension>
            <ns3:hr>96</ns3:hr>
          </ns3:TrackPointExtension>
        </extensions>
      </trkpt>
      <trkpt lat="-2.7727072499692440032958984375" lon="-79.2191510461270809173583984375">
        <ele>3881.60009765625</ele>
        <time>2026-08-27T17:08:23.000Z</time>
        <extensions>
          <ns3:TrackPointExtension>
            <ns3:hr>96</ns3:hr>
          </ns3:TrackPointExtension>
        </extensions>
      </trkpt>
      <trkpt lat="-2.7726638317108154296875" lon="-79.219117350876331329345703125">
        <ele>3879.60009765625</ele>
        <time>2026-08-27T17:08:33.000Z</time>
        <extensions>
          <ns3:TrackPointExtension>
            <ns3:hr>97</ns3:hr>
          </ns3:TrackPointExtension>
        </extensions>
      </trkpt>
      <trkpt lat="-2.77265754528343677520751953125" lon="-79.21907150186598300933837890625">
        <ele>3878.60009765625</ele>
        <time>2026-08-27T17:08:41.000Z</time>
        <extensions>
          <ns3:TrackPointExtension>
            <ns3:hr>96</ns3:hr>
          </ns3:TrackPointExtension>
        </extensions>
      </trkpt>
      <trkpt lat="-2.77264497242867946624755859375" lon="-79.21906001865863800048828125">
        <ele>3877.800048828125</ele>
        <time>2026-08-27T17:08:48.000Z</time>
        <extensions>
          <ns3:TrackPointExtension>
            <ns3:hr>95</ns3:hr>
          </ns3:TrackPointExtension>
        </extensions>
      </trkpt>
      <trkpt lat="-2.7726415358483791351318359375" lon="-79.21905708499252796173095703125">
        <ele>3877.60009765625</ele>
        <time>2026-08-27T17:08:52.000Z</time>
        <extensions>
          <ns3:TrackPointExtension>
            <ns3:hr>98</ns3:hr>
          </ns3:TrackPointExtension>
        </extensions>
      </trkpt>
      <trkpt lat="-2.77264078147709369659423828125" lon="-79.21905624680221080780029296875">
        <ele>3877.60009765625</ele>
        <time>2026-08-27T17:08:53.000Z</time>
        <extensions>
          <ns3:TrackPointExtension>
            <ns3:hr>95</ns3:hr>
          </ns3:TrackPointExtension>
        </extensions>
      </trkpt>
      <trkpt lat="-2.77264061383903026580810546875" lon="-79.219055660068988800048828125">
        <ele>3877.60009765625</ele>
        <time>2026-08-27T17:08:56.000Z</time>
        <extensions>
          <ns3:TrackPointExtension>
            <ns3:hr>95</ns3:hr>
          </ns3:TrackPointExtension>
        </extensions>
      </trkpt>
      <trkpt lat="-2.77264430187642574310302734375" lon="-79.219056665897369384765625">
        <ele>3877.60009765625</ele>
        <time>2026-08-27T17:09:08.000Z</time>
        <extensions>
          <ns3:TrackPointExtension>
            <ns3:hr>98</ns3:hr>
          </ns3:TrackPointExtension>
        </extensions>
      </trkpt>
      <trkpt lat="-2.7726522646844387054443359375" lon="-79.2190005071461200714111328125">
        <ele>3876.199951171875</ele>
        <time>2026-08-27T17:09:23.000Z</time>
        <extensions>
          <ns3:TrackPointExtension>
            <ns3:hr>99</ns3:hr>
          </ns3:TrackPointExtension>
        </extensions>
      </trkpt>
      <trkpt lat="-2.7726703695952892303466796875" lon="-79.2189341224730014801025390625">
        <ele>3874.800048828125</ele>
        <time>2026-08-27T17:09:29.000Z</time>
        <extensions>
          <ns3:TrackPointExtension>
            <ns3:hr>100</ns3:hr>
          </ns3:TrackPointExtension>
        </extensions>
      </trkpt>
      <trkpt lat="-2.77268352918326854705810546875" lon="-79.21891861595213413238525390625">
        <ele>3874.800048828125</ele>
        <time>2026-08-27T17:09:31.000Z</time>
        <extensions>
          <ns3:TrackPointExtension>
            <ns3:hr>100</ns3:hr>
          </ns3:TrackPointExtension>
        </extensions>
      </trkpt>
      <trkpt lat="-2.772698700428009033203125" lon="-79.2188630439341068267822265625">
        <ele>3874.39990234375</ele>
        <time>2026-08-27T17:09:38.000Z</time>
        <extensions>
          <ns3:TrackPointExtension>
            <ns3:hr>100</ns3:hr>
          </ns3:TrackPointExtension>
        </extensions>
      </trkpt>
      <trkpt lat="-2.7727152965962886810302734375" lon="-79.2188010178506374359130859375">
        <ele>3873.800048828125</ele>
        <time>2026-08-27T17:09:46.000Z</time>
        <extensions>
          <ns3:TrackPointExtension>
            <ns3:hr>100</ns3:hr>
          </ns3:TrackPointExtension>
        </extensions>
      </trkpt>
      <trkpt lat="-2.77275796048343181610107421875" lon="-79.21875650994479656219482421875">
        <ele>3875</ele>
        <time>2026-08-27T17:09:55.000Z</time>
        <extensions>
          <ns3:TrackPointExtension>
            <ns3:hr>101</ns3:hr>
          </ns3:TrackPointExtension>
        </extensions>
      </trkpt>
      <trkpt lat="-2.7727885544300079345703125" lon="-79.2187195457518100738525390625">
        <ele>3875.800048828125</ele>
        <time>2026-08-27T17:10:00.000Z</time>
        <extensions>
          <ns3:TrackPointExtension>
            <ns3:hr>98</ns3:hr>
          </ns3:TrackPointExtension>
        </extensions>
      </trkpt>
      <trkpt lat="-2.772794254124164581298828125" lon="-79.21871677972376346588134765625">
        <ele>3876</ele>
        <time>2026-08-27T17:10:01.000Z</time>
        <extensions>
          <ns3:TrackPointExtension>
            <ns3:hr>99</ns3:hr>
          </ns3:TrackPointExtension>
        </extensions>
      </trkpt>
      <trkpt lat="-2.77284814976155757904052734375" lon="-79.21866464428603649139404296875">
        <ele>3877.60009765625</ele>
        <time>2026-08-27T17:10:09.000Z</time>
        <extensions>
          <ns3:TrackPointExtension>
            <ns3:hr>100</ns3:hr>
          </ns3:TrackPointExtension>
        </extensions>
      </trkpt>
      <trkpt lat="-2.7728748880326747894287109375" lon="-79.218598343431949615478515625">
        <ele>3877.199951171875</ele>
        <time>2026-08-27T17:10:19.000Z</time>
        <extensions>
          <ns3:TrackPointExtension>
            <ns3:hr>101</ns3:hr>
          </ns3:TrackPointExtension>
        </extensions>
      </trkpt>
      <trkpt lat="-2.77290196157991886138916015625" lon="-79.21853036619722843170166015625">
        <ele>3877.60009765625</ele>
        <time>2026-08-27T17:10:28.000Z</time>
        <extensions>
          <ns3:TrackPointExtension>
            <ns3:hr>100</ns3:hr>
          </ns3:TrackPointExtension>
        </extensions>
      </trkpt>
      <trkpt lat="-2.7729167975485324859619140625" lon="-79.21845358796417713165283203125">
        <ele>3877</ele>
        <time>2026-08-27T17:10:38.000Z</time>
        <extensions>
          <ns3:TrackPointExtension>
            <ns3:hr>102</ns3:hr>
          </ns3:TrackPointExtension>
        </extensions>
      </trkpt>
      <trkpt lat="-2.7729253470897674560546875" lon="-79.21839441172778606414794921875">
        <ele>3876.39990234375</ele>
        <time>2026-08-27T17:10:44.000Z</time>
        <extensions>
          <ns3:TrackPointExtension>
            <ns3:hr>102</ns3:hr>
          </ns3:TrackPointExtension>
        </extensions>
      </trkpt>
      <trkpt lat="-2.7729312144219875335693359375" lon="-79.2183872871100902557373046875">
        <ele>3876.60009765625</ele>
        <time>2026-08-27T17:10:45.000Z</time>
        <extensions>
          <ns3:TrackPointExtension>
            <ns3:hr>102</ns3:hr>
          </ns3:TrackPointExtension>
        </extensions>
      </trkpt>
      <trkpt lat="-2.77295644395053386688232421875" lon="-79.2183611355721950531005859375">
        <ele>3877.39990234375</ele>
        <time>2026-08-27T17:10:49.000Z</time>
        <extensions>
          <ns3:TrackPointExtension>
            <ns3:hr>99</ns3:hr>
          </ns3:TrackPointExtension>
        </extensions>
      </trkpt>
      <trkpt lat="-2.772998102009296417236328125" lon="-79.21830221079289913177490234375">
        <ele>3879.39990234375</ele>
        <time>2026-08-27T17:10:56.000Z</time>
        <extensions>
          <ns3:TrackPointExtension>
            <ns3:hr>101</ns3:hr>
          </ns3:TrackPointExtension>
        </extensions>
      </trkpt>
      <trkpt lat="-2.7730599604547023773193359375" lon="-79.218214452266693115234375">
        <ele>3881.800048828125</ele>
        <time>2026-08-27T17:11:07.000Z</time>
        <extensions>
          <ns3:TrackPointExtension>
            <ns3:hr>104</ns3:hr>
          </ns3:TrackPointExtension>
        </extensions>
      </trkpt>
      <trkpt lat="-2.7730633132159709930419921875" lon="-79.21820464543998241424560546875">
        <ele>3881.800048828125</ele>
        <time>2026-08-27T17:11:08.000Z</time>
        <extensions>
          <ns3:TrackPointExtension>
            <ns3:hr>100</ns3:hr>
          </ns3:TrackPointExtension>
        </extensions>
      </trkpt>
      <trkpt lat="-2.77307664044201374053955078125" lon="-79.21817832626402378082275390625">
        <ele>3881.800048828125</ele>
        <time>2026-08-27T17:11:11.000Z</time>
        <extensions>
          <ns3:TrackPointExtension>
            <ns3:hr>101</ns3:hr>
          </ns3:TrackPointExtension>
        </extensions>
      </trkpt>
      <trkpt lat="-2.77312894351780414581298828125" lon="-79.2180966027081012725830078125">
        <ele>3881.800048828125</ele>
        <time>2026-08-27T17:11:21.000Z</time>
        <extensions>
          <ns3:TrackPointExtension>
            <ns3:hr>102</ns3:hr>
          </ns3:TrackPointExtension>
        </extensions>
      </trkpt>
      <trkpt lat="-2.77318158186972141265869140625" lon="-79.21804103069007396697998046875">
        <ele>3882</ele>
        <time>2026-08-27T17:11:29.000Z</time>
        <extensions>
          <ns3:TrackPointExtension>
            <ns3:hr>99</ns3:hr>
          </ns3:TrackPointExtension>
        </extensions>
      </trkpt>
      <trkpt lat="-2.773200608789920806884765625" lon="-79.2180050723254680633544921875">
        <ele>3881.39990234375</ele>
        <time>2026-08-27T17:11:34.000Z</time>
        <extensions>
          <ns3:TrackPointExtension>
            <ns3:hr>98</ns3:hr>
          </ns3:TrackPointExtension>
        </extensions>
      </trkpt>
      <trkpt lat="-2.77320622466504573822021484375" lon="-79.2179990373551845550537109375">
        <ele>3881.39990234375</ele>
        <time>2026-08-27T17:11:35.000Z</time>
        <extensions>
          <ns3:TrackPointExtension>
            <ns3:hr>98</ns3:hr>
          </ns3:TrackPointExtension>
        </extensions>
      </trkpt>
      <trkpt lat="-2.77323472313582897186279296875" lon="-79.2179494164884090423583984375">
        <ele>3880.800048828125</ele>
        <time>2026-08-27T17:11:42.000Z</time>
        <extensions>
          <ns3:TrackPointExtension>
            <ns3:hr>96</ns3:hr>
          </ns3:TrackPointExtension>
        </extensions>
      </trkpt>
      <trkpt lat="-2.773229442536830902099609375" lon="-79.21789954416453838348388671875">
        <ele>3878.800048828125</ele>
        <time>2026-08-27T17:11:50.000Z</time>
        <extensions>
          <ns3:TrackPointExtension>
            <ns3:hr>95</ns3:hr>
          </ns3:TrackPointExtension>
        </extensions>
      </trkpt>
      <trkpt lat="-2.77324511669576168060302734375" lon="-79.217872805893421173095703125">
        <ele>3878.39990234375</ele>
        <time>2026-08-27T17:11:56.000Z</time>
        <extensions>
          <ns3:TrackPointExtension>
            <ns3:hr>96</ns3:hr>
          </ns3:TrackPointExtension>
        </extensions>
      </trkpt>
      <trkpt lat="-2.77324830181896686553955078125" lon="-79.217832572758197784423828125">
        <ele>3877</ele>
        <time>2026-08-27T17:12:04.000Z</time>
        <extensions>
          <ns3:TrackPointExtension>
            <ns3:hr>99</ns3:hr>
          </ns3:TrackPointExtension>
        </extensions>
      </trkpt>
      <trkpt lat="-2.77324629016220569610595703125" lon="-79.21782662160694599151611328125">
        <ele>3876.800048828125</ele>
        <time>2026-08-27T17:12:05.000Z</time>
        <extensions>
          <ns3:TrackPointExtension>
            <ns3:hr>98</ns3:hr>
          </ns3:TrackPointExtension>
        </extensions>
      </trkpt>
      <trkpt lat="-2.7732457034289836883544921875" lon="-79.21777783893048763275146484375">
        <ele>3875</ele>
        <time>2026-08-27T17:12:11.000Z</time>
        <extensions>
          <ns3:TrackPointExtension>
            <ns3:hr>97</ns3:hr>
          </ns3:TrackPointExtension>
        </extensions>
      </trkpt>
      <trkpt lat="-2.77326322160661220550537109375" lon="-79.21776048839092254638671875">
        <ele>3875</ele>
        <time>2026-08-27T17:12:16.000Z</time>
        <extensions>
          <ns3:TrackPointExtension>
            <ns3:hr>94</ns3:hr>
          </ns3:TrackPointExtension>
        </extensions>
      </trkpt>
      <trkpt lat="-2.773267328739166259765625" lon="-79.21775436960160732269287109375">
        <ele>3874.800048828125</ele>
        <time>2026-08-27T17:12:17.000Z</time>
        <extensions>
          <ns3:TrackPointExtension>
            <ns3:hr>94</ns3:hr>
          </ns3:TrackPointExtension>
        </extensions>
      </trkpt>
      <trkpt lat="-2.77327998541295528411865234375" lon="-79.21771950088441371917724609375">
        <ele>3874</ele>
        <time>2026-08-27T17:12:23.000Z</time>
        <extensions>
          <ns3:TrackPointExtension>
            <ns3:hr>94</ns3:hr>
          </ns3:TrackPointExtension>
        </extensions>
      </trkpt>
      <trkpt lat="-2.77327562682330608367919921875" lon="-79.21768362633883953094482421875">
        <ele>3872.60009765625</ele>
        <time>2026-08-27T17:12:30.000Z</time>
        <extensions>
          <ns3:TrackPointExtension>
            <ns3:hr>96</ns3:hr>
          </ns3:TrackPointExtension>
        </extensions>
      </trkpt>
      <trkpt lat="-2.77331233955919742584228515625" lon="-79.21763149090111255645751953125">
        <ele>3872.39990234375</ele>
        <time>2026-08-27T17:12:39.000Z</time>
        <extensions>
          <ns3:TrackPointExtension>
            <ns3:hr>96</ns3:hr>
          </ns3:TrackPointExtension>
        </extensions>
      </trkpt>
      <trkpt lat="-2.7733127586543560028076171875" lon="-79.2175940237939357757568359375">
        <ele>3871.199951171875</ele>
        <time>2026-08-27T17:12:45.000Z</time>
        <extensions>
          <ns3:TrackPointExtension>
            <ns3:hr>99</ns3:hr>
          </ns3:TrackPointExtension>
        </extensions>
      </trkpt>
      <trkpt lat="-2.77331954799592494964599609375" lon="-79.21758153475821018218994140625">
        <ele>3871</ele>
        <time>2026-08-27T17:12:47.000Z</time>
        <extensions>
          <ns3:TrackPointExtension>
            <ns3:hr>97</ns3:hr>
          </ns3:TrackPointExtension>
        </extensions>
      </trkpt>
      <trkpt lat="-2.77333346195518970489501953125" lon="-79.21752051450312137603759765625">
        <ele>3869.39990234375</ele>
        <time>2026-08-27T17:12:53.000Z</time>
        <extensions>
          <ns3:TrackPointExtension>
            <ns3:hr>97</ns3:hr>
          </ns3:TrackPointExtension>
        </extensions>
      </trkpt>
      <trkpt lat="-2.773354835808277130126953125" lon="-79.217467792332172393798828125">
        <ele>3868.60009765625</ele>
        <time>2026-08-27T17:12:59.000Z</time>
        <extensions>
          <ns3:TrackPointExtension>
            <ns3:hr>94</ns3:hr>
          </ns3:TrackPointExtension>
        </extensions>
      </trkpt>
      <trkpt lat="-2.77335911057889461517333984375" lon="-79.2174619249999523162841796875">
        <ele>3868.60009765625</ele>
        <time>2026-08-27T17:13:00.000Z</time>
        <extensions>
          <ns3:TrackPointExtension>
            <ns3:hr>94</ns3:hr>
          </ns3:TrackPointExtension>
        </extensions>
      </trkpt>
      <trkpt lat="-2.7733680792152881622314453125" lon="-79.21744675375521183013916015625">
        <ele>3868.39990234375</ele>
        <time>2026-08-27T17:13:02.000Z</time>
        <extensions>
          <ns3:TrackPointExtension>
            <ns3:hr>97</ns3:hr>
          </ns3:TrackPointExtension>
        </extensions>
      </trkpt>
      <trkpt lat="-2.7733865194022655487060546875" lon="-79.217389337718486785888671875">
        <ele>3867.60009765625</ele>
        <time>2026-08-27T17:13:09.000Z</time>
        <extensions>
          <ns3:TrackPointExtension>
            <ns3:hr>94</ns3:hr>
          </ns3:TrackPointExtension>
        </extensions>
      </trkpt>
      <trkpt lat="-2.7733838371932506561279296875" lon="-79.21737969852983951568603515625">
        <ele>3867.199951171875</ele>
        <time>2026-08-27T17:13:11.000Z</time>
        <extensions>
          <ns3:TrackPointExtension>
            <ns3:hr>91</ns3:hr>
          </ns3:TrackPointExtension>
        </extensions>
      </trkpt>
      <trkpt lat="-2.77338978834450244903564453125" lon="-79.217348434031009674072265625">
        <ele>3866.60009765625</ele>
        <time>2026-08-27T17:13:15.000Z</time>
        <extensions>
          <ns3:TrackPointExtension>
            <ns3:hr>90</ns3:hr>
          </ns3:TrackPointExtension>
        </extensions>
      </trkpt>
      <trkpt lat="-2.7733845077455043792724609375" lon="-79.2173103801906108856201171875">
        <ele>3865.39990234375</ele>
        <time>2026-08-27T17:13:20.000Z</time>
        <extensions>
          <ns3:TrackPointExtension>
            <ns3:hr>86</ns3:hr>
          </ns3:TrackPointExtension>
        </extensions>
      </trkpt>
      <trkpt lat="-2.7733841724693775177001953125" lon="-79.217299483716487884521484375">
        <ele>3865.199951171875</ele>
        <time>2026-08-27T17:13:21.000Z</time>
        <extensions>
          <ns3:TrackPointExtension>
            <ns3:hr>90</ns3:hr>
          </ns3:TrackPointExtension>
        </extensions>
      </trkpt>
      <trkpt lat="-2.7733871899545192718505859375" lon="-79.217275679111480712890625">
        <ele>3864.60009765625</ele>
        <time>2026-08-27T17:13:24.000Z</time>
        <extensions>
          <ns3:TrackPointExtension>
            <ns3:hr>90</ns3:hr>
          </ns3:TrackPointExtension>
        </extensions>
      </trkpt>
      <trkpt lat="-2.77340068481862545013427734375" lon="-79.21721491031348705291748046875">
        <ele>3863.60009765625</ele>
        <time>2026-08-27T17:13:34.000Z</time>
        <extensions>
          <ns3:TrackPointExtension>
            <ns3:hr>90</ns3:hr>
          </ns3:TrackPointExtension>
        </extensions>
      </trkpt>
      <trkpt lat="-2.7734207175672054290771484375" lon="-79.217195212841033935546875">
        <ele>3863.60009765625</ele>
        <time>2026-08-27T17:13:40.000Z</time>
        <extensions>
          <ns3:TrackPointExtension>
            <ns3:hr>91</ns3:hr>
          </ns3:TrackPointExtension>
        </extensions>
      </trkpt>
      <trkpt lat="-2.77342733927071094512939453125" lon="-79.2171742580831050872802734375">
        <ele>3863.39990234375</ele>
        <time>2026-08-27T17:13:46.000Z</time>
        <extensions>
          <ns3:TrackPointExtension>
            <ns3:hr>88</ns3:hr>
          </ns3:TrackPointExtension>
        </extensions>
      </trkpt>
      <trkpt lat="-2.77343069203197956085205078125" lon="-79.21717233024537563323974609375">
        <ele>3863.39990234375</ele>
        <time>2026-08-27T17:13:47.000Z</time>
        <extensions>
          <ns3:TrackPointExtension>
            <ns3:hr>91</ns3:hr>
          </ns3:TrackPointExtension>
        </extensions>
      </trkpt>
      <trkpt lat="-2.7734354697167873382568359375" lon="-79.21715221367776393890380859375">
        <ele>3863</ele>
        <time>2026-08-27T17:13:55.000Z</time>
        <extensions>
          <ns3:TrackPointExtension>
            <ns3:hr>92</ns3:hr>
          </ns3:TrackPointExtension>
        </extensions>
      </trkpt>
      <trkpt lat="-2.77342759072780609130859375" lon="-79.2171294987201690673828125">
        <ele>3862.39990234375</ele>
        <time>2026-08-27T17:14:01.000Z</time>
        <extensions>
          <ns3:TrackPointExtension>
            <ns3:hr>91</ns3:hr>
          </ns3:TrackPointExtension>
        </extensions>
      </trkpt>
      <trkpt lat="-2.773393057286739349365234375" lon="-79.21713075600564479827880859375">
        <ele>3861.60009765625</ele>
        <time>2026-08-27T17:14:10.000Z</time>
        <extensions>
          <ns3:TrackPointExtension>
            <ns3:hr>90</ns3:hr>
          </ns3:TrackPointExtension>
        </extensions>
      </trkpt>
      <trkpt lat="-2.77338601648807525634765625" lon="-79.2171152494847774505615234375">
        <ele>3861.39990234375</ele>
        <time>2026-08-27T17:14:16.000Z</time>
        <extensions>
          <ns3:TrackPointExtension>
            <ns3:hr>90</ns3:hr>
          </ns3:TrackPointExtension>
        </extensions>
      </trkpt>
      <trkpt lat="-2.7733623795211315155029296875" lon="-79.21711600385606288909912109375">
        <ele>3860.800048828125</ele>
        <time>2026-08-27T17:14:21.000Z</time>
        <extensions>
          <ns3:TrackPointExtension>
            <ns3:hr>95</ns3:hr>
          </ns3:TrackPointExtension>
        </extensions>
      </trkpt>
      <trkpt lat="-2.77335659600794315338134765625" lon="-79.2171105556190013885498046875">
        <ele>3860.60009765625</ele>
        <time>2026-08-27T17:14:24.000Z</time>
        <extensions>
          <ns3:TrackPointExtension>
            <ns3:hr>102</ns3:hr>
          </ns3:TrackPointExtension>
        </extensions>
      </trkpt>
      <trkpt lat="-2.773347795009613037109375" lon="-79.21709924004971981048583984375">
        <ele>3860.39990234375</ele>
        <time>2026-08-27T17:14:27.000Z</time>
        <extensions>
          <ns3:TrackPointExtension>
            <ns3:hr>106</ns3:hr>
          </ns3:TrackPointExtension>
        </extensions>
      </trkpt>
      <trkpt lat="-2.7733362279832363128662109375" lon="-79.2170901037752628326416015625">
        <ele>3860</ele>
        <time>2026-08-27T17:14:29.000Z</time>
        <extensions>
          <ns3:TrackPointExtension>
            <ns3:hr>109</ns3:hr>
          </ns3:TrackPointExtension>
        </extensions>
      </trkpt>
      <trkpt lat="-2.773321308195590972900390625" lon="-79.2170833982527256011962890625">
        <ele>3859.60009765625</ele>
        <time>2026-08-27T17:14:32.000Z</time>
        <extensions>
          <ns3:TrackPointExtension>
            <ns3:hr>107</ns3:hr>
          </ns3:TrackPointExtension>
        </extensions>
      </trkpt>
      <trkpt lat="-2.77332960627973079681396484375" lon="-79.217075519263744354248046875">
        <ele>3860</ele>
        <time>2026-08-27T17:14:35.000Z</time>
        <extensions>
          <ns3:TrackPointExtension>
            <ns3:hr>104</ns3:hr>
          </ns3:TrackPointExtension>
        </extensions>
      </trkpt>
      <trkpt lat="-2.7733191289007663726806640625" lon="-79.217060767114162445068359375">
        <ele>3859.800048828125</ele>
        <time>2026-08-27T17:14:39.000Z</time>
        <extensions>
          <ns3:TrackPointExtension>
            <ns3:hr>101</ns3:hr>
          </ns3:TrackPointExtension>
        </extensions>
      </trkpt>
      <trkpt lat="-2.77330026961863040924072265625" lon="-79.21704643405973911285400390625">
        <ele>3859.199951171875</ele>
        <time>2026-08-27T17:14:46.000Z</time>
        <extensions>
          <ns3:TrackPointExtension>
            <ns3:hr>100</ns3:hr>
          </ns3:TrackPointExtension>
        </extensions>
      </trkpt>
      <trkpt lat="-2.773252241313457489013671875" lon="-79.217011816799640655517578125">
        <ele>3858</ele>
        <time>2026-08-27T17:14:53.000Z</time>
        <extensions>
          <ns3:TrackPointExtension>
            <ns3:hr>101</ns3:hr>
          </ns3:TrackPointExtension>
        </extensions>
      </trkpt>
      <trkpt lat="-2.7731766365468502044677734375" lon="-79.2169927060604095458984375">
        <ele>3855.800048828125</ele>
        <time>2026-08-27T17:15:01.000Z</time>
        <extensions>
          <ns3:TrackPointExtension>
            <ns3:hr>102</ns3:hr>
          </ns3:TrackPointExtension>
        </extensions>
      </trkpt>
      <trkpt lat="-2.7730929851531982421875" lon="-79.216940067708492279052734375">
        <ele>3854.800048828125</ele>
        <time>2026-08-27T17:15:13.000Z</time>
        <extensions>
          <ns3:TrackPointExtension>
            <ns3:hr>102</ns3:hr>
          </ns3:TrackPointExtension>
        </extensions>
      </trkpt>
      <trkpt lat="-2.7730908058583736419677734375" lon="-79.216938726603984832763671875">
        <ele>3854.800048828125</ele>
        <time>2026-08-27T17:15:34.000Z</time>
        <extensions>
          <ns3:TrackPointExtension>
            <ns3:hr>101</ns3:hr>
          </ns3:TrackPointExtension>
        </extensions>
      </trkpt>
      <trkpt lat="-2.77309172786772251129150390625" lon="-79.21693847514688968658447265625">
        <ele>3854.800048828125</ele>
        <time>2026-08-27T17:15:40.000Z</time>
        <extensions>
          <ns3:TrackPointExtension>
            <ns3:hr>98</ns3:hr>
          </ns3:TrackPointExtension>
        </extensions>
      </trkpt>
      <trkpt lat="-2.77309457771480083465576171875" lon="-79.21693529002368450164794921875">
        <ele>3854.800048828125</ele>
        <time>2026-08-27T17:16:26.000Z</time>
        <extensions>
          <ns3:TrackPointExtension>
            <ns3:hr>101</ns3:hr>
          </ns3:TrackPointExtension>
        </extensions>
      </trkpt>
      <trkpt lat="-2.77309457771480083465576171875" lon="-79.216934032738208770751953125">
        <ele>3854.800048828125</ele>
        <time>2026-08-27T17:16:30.000Z</time>
        <extensions>
          <ns3:TrackPointExtension>
            <ns3:hr>104</ns3:hr>
          </ns3:TrackPointExtension>
        </extensions>
      </trkpt>
      <trkpt lat="-2.77309323661029338836669921875" lon="-79.2169318534433841705322265625">
        <ele>3854.800048828125</ele>
        <time>2026-08-27T17:16:50.000Z</time>
        <extensions>
          <ns3:TrackPointExtension>
            <ns3:hr>107</ns3:hr>
          </ns3:TrackPointExtension>
        </extensions>
      </trkpt>
      <trkpt lat="-2.77310010977089405059814453125" lon="-79.2169248126447200775146484375">
        <ele>3854.800048828125</ele>
        <time>2026-08-27T17:17:07.000Z</time>
        <extensions>
          <ns3:TrackPointExtension>
            <ns3:hr>104</ns3:hr>
          </ns3:TrackPointExtension>
        </extensions>
      </trkpt>
      <trkpt lat="-2.77310010977089405059814453125" lon="-79.2169248126447200775146484375">
        <ele>3854.800048828125</ele>
        <time>2026-08-27T17:17:10.000Z</time>
        <extensions>
          <ns3:TrackPointExtension>
            <ns3:hr>103</ns3:hr>
          </ns3:TrackPointExtension>
        </extensions>
      </trkpt>
      <trkpt lat="-2.773099355399608612060546875" lon="-79.2169248126447200775146484375">
        <ele>3854.800048828125</ele>
        <time>2026-08-27T17:17:16.000Z</time>
        <extensions>
          <ns3:TrackPointExtension>
            <ns3:hr>100</ns3:hr>
          </ns3:TrackPointExtension>
        </extensions>
      </trkpt>
      <trkpt lat="-2.77307689189910888671875" lon="-79.21692942269146442413330078125">
        <ele>3854.800048828125</ele>
        <time>2026-08-27T17:17:55.000Z</time>
        <extensions>
          <ns3:TrackPointExtension>
            <ns3:hr>97</ns3:hr>
          </ns3:TrackPointExtension>
        </extensions>
      </trkpt>
      <trkpt lat="-2.77307731099426746368408203125" lon="-79.21693679876625537872314453125">
        <ele>3854.800048828125</ele>
        <time>2026-08-27T17:18:11.000Z</time>
        <extensions>
          <ns3:TrackPointExtension>
            <ns3:hr>100</ns3:hr>
          </ns3:TrackPointExtension>
        </extensions>
      </trkpt>
      <trkpt lat="-2.77308066375553607940673828125" lon="-79.21694048680365085601806640625">
        <ele>3854.800048828125</ele>
        <time>2026-08-27T17:18:33.000Z</time>
        <extensions>
          <ns3:TrackPointExtension>
            <ns3:hr>103</ns3:hr>
          </ns3:TrackPointExtension>
        </extensions>
      </trkpt>
      <trkpt lat="-2.77308066375553607940673828125" lon="-79.21694048680365085601806640625">
        <ele>3854.800048828125</ele>
        <time>2026-08-27T17:18:35.000Z</time>
        <extensions>
          <ns3:TrackPointExtension>
            <ns3:hr>100</ns3:hr>
          </ns3:TrackPointExtension>
        </extensions>
      </trkpt>
      <trkpt lat="-2.7730830945074558258056640625" lon="-79.21694098971784114837646484375">
        <ele>3854.800048828125</ele>
        <time>2026-08-27T17:18:59.000Z</time>
        <extensions>
          <ns3:TrackPointExtension>
            <ns3:hr>97</ns3:hr>
          </ns3:TrackPointExtension>
        </extensions>
      </trkpt>
      <trkpt lat="-2.773022241890430450439453125" lon="-79.21691701747477054595947265625">
        <ele>3854.800048828125</ele>
        <time>2026-08-27T17:19:19.000Z</time>
        <extensions>
          <ns3:TrackPointExtension>
            <ns3:hr>97</ns3:hr>
          </ns3:TrackPointExtension>
        </extensions>
      </trkpt>
      <trkpt lat="-2.77294470928609371185302734375" lon="-79.21690159477293491363525390625">
        <ele>3854.800048828125</ele>
        <time>2026-08-27T17:19:27.000Z</time>
        <extensions>
          <ns3:TrackPointExtension>
            <ns3:hr>97</ns3:hr>
          </ns3:TrackPointExtension>
        </extensions>
      </trkpt>
      <trkpt lat="-2.7729057334363460540771484375" lon="-79.216911904513835906982421875">
        <ele>3854.800048828125</ele>
        <time>2026-08-27T17:19:35.000Z</time>
        <extensions>
          <ns3:TrackPointExtension>
            <ns3:hr>100</ns3:hr>
          </ns3:TrackPointExtension>
        </extensions>
      </trkpt>
      <trkpt lat="-2.77289642952382564544677734375" lon="-79.216916598379611968994140625">
        <ele>3854.800048828125</ele>
        <time>2026-08-27T17:19:37.000Z</time>
        <extensions>
          <ns3:TrackPointExtension>
            <ns3:hr>101</ns3:hr>
          </ns3:TrackPointExtension>
        </extensions>
      </trkpt>
      <trkpt lat="-2.77289123274385929107666015625" lon="-79.21691684983670711517333984375">
        <ele>3854.60009765625</ele>
        <time>2026-08-27T17:19:39.000Z</time>
        <extensions>
          <ns3:TrackPointExtension>
            <ns3:hr>98</ns3:hr>
          </ns3:TrackPointExtension>
        </extensions>
      </trkpt>
      <trkpt lat="-2.772835828363895416259765625" lon="-79.216932356357574462890625">
        <ele>3854.199951171875</ele>
        <time>2026-08-27T17:19:49.000Z</time>
        <extensions>
          <ns3:TrackPointExtension>
            <ns3:hr>96</ns3:hr>
          </ns3:TrackPointExtension>
        </extensions>
      </trkpt>
      <trkpt lat="-2.77279249392449855804443359375" lon="-79.21695373021066188812255859375">
        <ele>3854.60009765625</ele>
        <time>2026-08-27T17:19:58.000Z</time>
        <extensions>
          <ns3:TrackPointExtension>
            <ns3:hr>99</ns3:hr>
          </ns3:TrackPointExtension>
        </extensions>
      </trkpt>
      <trkpt lat="-2.77277824468910694122314453125" lon="-79.21695892699062824249267578125">
        <ele>3854.60009765625</ele>
        <time>2026-08-27T17:20:00.000Z</time>
        <extensions>
          <ns3:TrackPointExtension>
            <ns3:hr>101</ns3:hr>
          </ns3:TrackPointExtension>
        </extensions>
      </trkpt>
      <trkpt lat="-2.7727478183805942535400390625" lon="-79.21696714125573635101318359375">
        <ele>3855</ele>
        <time>2026-08-27T17:20:05.000Z</time>
        <extensions>
          <ns3:TrackPointExtension>
            <ns3:hr>105</ns3:hr>
          </ns3:TrackPointExtension>
        </extensions>
      </trkpt>
      <trkpt lat="-2.772735245525836944580078125" lon="-79.21697770245373249053955078125">
        <ele>3855.199951171875</ele>
        <time>2026-08-27T17:20:07.000Z</time>
        <extensions>
          <ns3:TrackPointExtension>
            <ns3:hr>108</ns3:hr>
          </ns3:TrackPointExtension>
        </extensions>
      </trkpt>
      <trkpt lat="-2.77272191829979419708251953125" lon="-79.21698667109012603759765625">
        <ele>3855.199951171875</ele>
        <time>2026-08-27T17:20:09.000Z</time>
        <extensions>
          <ns3:TrackPointExtension>
            <ns3:hr>110</ns3:hr>
          </ns3:TrackPointExtension>
        </extensions>
      </trkpt>
      <trkpt lat="-2.77266492135822772979736328125" lon="-79.21702346764504909515380859375">
        <ele>3855.39990234375</ele>
        <time>2026-08-27T17:20:17.000Z</time>
        <extensions>
          <ns3:TrackPointExtension>
            <ns3:hr>107</ns3:hr>
          </ns3:TrackPointExtension>
        </extensions>
      </trkpt>
      <trkpt lat="-2.77265855111181735992431640625" lon="-79.21702531166374683380126953125">
        <ele>3855.39990234375</ele>
        <time>2026-08-27T17:20:18.000Z</time>
        <extensions>
          <ns3:TrackPointExtension>
            <ns3:hr>109</ns3:hr>
          </ns3:TrackPointExtension>
        </extensions>
      </trkpt>
      <trkpt lat="-2.77259518392384052276611328125" lon="-79.21708415262401103973388671875">
        <ele>3855</ele>
        <time>2026-08-27T17:20:29.000Z</time>
        <extensions>
          <ns3:TrackPointExtension>
            <ns3:hr>108</ns3:hr>
          </ns3:TrackPointExtension>
        </extensions>
      </trkpt>
      <trkpt lat="-2.772544808685779571533203125" lon="-79.21711985953152179718017578125">
        <ele>3854.800048828125</ele>
        <time>2026-08-27T17:20:38.000Z</time>
        <extensions>
          <ns3:TrackPointExtension>
            <ns3:hr>109</ns3:hr>
          </ns3:TrackPointExtension>
        </extensions>
      </trkpt>
      <trkpt lat="-2.7724693715572357177734375" lon="-79.21716847456991672515869140625">
        <ele>3855</ele>
        <time>2026-08-27T17:20:48.000Z</time>
        <extensions>
          <ns3:TrackPointExtension>
            <ns3:hr>107</ns3:hr>
          </ns3:TrackPointExtension>
        </extensions>
      </trkpt>
      <trkpt lat="-2.77241815812885761260986328125" lon="-79.21720887534320354461669921875">
        <ele>3855.199951171875</ele>
        <time>2026-08-27T17:20:56.000Z</time>
        <extensions>
          <ns3:TrackPointExtension>
            <ns3:hr>106</ns3:hr>
          </ns3:TrackPointExtension>
        </extensions>
      </trkpt>
      <trkpt lat="-2.77237624861299991607666015625" lon="-79.21723234467208385467529296875">
        <ele>3855.39990234375</ele>
        <time>2026-08-27T17:21:01.000Z</time>
        <extensions>
          <ns3:TrackPointExtension>
            <ns3:hr>106</ns3:hr>
          </ns3:TrackPointExtension>
        </extensions>
      </trkpt>
      <trkpt lat="-2.7723042480647563934326171875" lon="-79.21726293861865997314453125">
        <ele>3855.60009765625</ele>
        <time>2026-08-27T17:21:10.000Z</time>
        <extensions>
          <ns3:TrackPointExtension>
            <ns3:hr>105</ns3:hr>
          </ns3:TrackPointExtension>
        </extensions>
      </trkpt>
      <trkpt lat="-2.77226242236793041229248046875" lon="-79.21728749759495258331298828125">
        <ele>3855.199951171875</ele>
        <time>2026-08-27T17:21:18.000Z</time>
        <extensions>
          <ns3:TrackPointExtension>
            <ns3:hr>106</ns3:hr>
          </ns3:TrackPointExtension>
        </extensions>
      </trkpt>
      <trkpt lat="-2.7722314931452274322509765625" lon="-79.21730308793485164642333984375">
        <ele>3854.800048828125</ele>
        <time>2026-08-27T17:21:22.000Z</time>
        <extensions>
          <ns3:TrackPointExtension>
            <ns3:hr>103</ns3:hr>
          </ns3:TrackPointExtension>
        </extensions>
      </trkpt>
      <trkpt lat="-2.772181034088134765625" lon="-79.217315576970577239990234375">
        <ele>3854.199951171875</ele>
        <time>2026-08-27T17:21:28.000Z</time>
        <extensions>
          <ns3:TrackPointExtension>
            <ns3:hr>105</ns3:hr>
          </ns3:TrackPointExtension>
        </extensions>
      </trkpt>
      <trkpt lat="-2.77213049121201038360595703125" lon="-79.21732823364436626434326171875">
        <ele>3853.60009765625</ele>
        <time>2026-08-27T17:21:33.000Z</time>
        <extensions>
          <ns3:TrackPointExtension>
            <ns3:hr>101</ns3:hr>
          </ns3:TrackPointExtension>
        </extensions>
      </trkpt>
      <trkpt lat="-2.7721000649034976959228515625" lon="-79.21733242459595203399658203125">
        <ele>3853.199951171875</ele>
        <time>2026-08-27T17:21:36.000Z</time>
        <extensions>
          <ns3:TrackPointExtension>
            <ns3:hr>102</ns3:hr>
          </ns3:TrackPointExtension>
        </extensions>
      </trkpt>
      <trkpt lat="-2.77203091420233249664306640625" lon="-79.217337705194950103759765625">
        <ele>3852.39990234375</ele>
        <time>2026-08-27T17:21:43.000Z</time>
        <extensions>
          <ns3:TrackPointExtension>
            <ns3:hr>99</ns3:hr>
          </ns3:TrackPointExtension>
        </extensions>
      </trkpt>
      <trkpt lat="-2.7720051817595958709716796875" lon="-79.21734214760363101959228515625">
        <ele>3852</ele>
        <time>2026-08-27T17:21:46.000Z</time>
        <extensions>
          <ns3:TrackPointExtension>
            <ns3:hr>99</ns3:hr>
          </ns3:TrackPointExtension>
        </extensions>
      </trkpt>
      <trkpt lat="-2.77192178182303905487060546875" lon="-79.21734382398426532745361328125">
        <ele>3851</ele>
        <time>2026-08-27T17:21:54.000Z</time>
        <extensions>
          <ns3:TrackPointExtension>
            <ns3:hr>97</ns3:hr>
          </ns3:TrackPointExtension>
        </extensions>
      </trkpt>
      <trkpt lat="-2.771868892014026641845703125" lon="-79.21732756309211254119873046875">
        <ele>3850.60009765625</ele>
        <time>2026-08-27T17:22:00.000Z</time>
        <extensions>
          <ns3:TrackPointExtension>
            <ns3:hr>94</ns3:hr>
          </ns3:TrackPointExtension>
        </extensions>
      </trkpt>
      <trkpt lat="-2.771827988326549530029296875" lon="-79.21730040572583675384521484375">
        <ele>3850.39990234375</ele>
        <time>2026-08-27T17:22:05.000Z</time>
        <extensions>
          <ns3:TrackPointExtension>
            <ns3:hr>95</ns3:hr>
          </ns3:TrackPointExtension>
        </extensions>
      </trkpt>
      <trkpt lat="-2.77181717567145824432373046875" lon="-79.2172892577946186065673828125">
        <ele>3850.39990234375</ele>
        <time>2026-08-27T17:22:07.000Z</time>
        <extensions>
          <ns3:TrackPointExtension>
            <ns3:hr>98</ns3:hr>
          </ns3:TrackPointExtension>
        </extensions>
      </trkpt>
      <trkpt lat="-2.77180963195860385894775390625" lon="-79.21728171408176422119140625">
        <ele>3850.39990234375</ele>
        <time>2026-08-27T17:22:08.000Z</time>
        <extensions>
          <ns3:TrackPointExtension>
            <ns3:hr>95</ns3:hr>
          </ns3:TrackPointExtension>
        </extensions>
      </trkpt>
      <trkpt lat="-2.77178733609616756439208984375" lon="-79.21725413762032985687255859375">
        <ele>3850.60009765625</ele>
        <time>2026-08-27T17:22:12.000Z</time>
        <extensions>
          <ns3:TrackPointExtension>
            <ns3:hr>92</ns3:hr>
          </ns3:TrackPointExtension>
        </extensions>
      </trkpt>
      <trkpt lat="-2.7717634476721286773681640625" lon="-79.21722077764570713043212890625">
        <ele>3851</ele>
        <time>2026-08-27T17:22:16.000Z</time>
        <extensions>
          <ns3:TrackPointExtension>
            <ns3:hr>89</ns3:hr>
          </ns3:TrackPointExtension>
        </extensions>
      </trkpt>
      <trkpt lat="-2.771698571741580963134765625" lon="-79.2171538062393665313720703125">
        <ele>3851.39990234375</ele>
        <time>2026-08-27T17:22:25.000Z</time>
        <extensions>
          <ns3:TrackPointExtension>
            <ns3:hr>89</ns3:hr>
          </ns3:TrackPointExtension>
        </extensions>
      </trkpt>
      <trkpt lat="-2.77165892533957958221435546875" lon="-79.21709530055522918701171875">
        <ele>3852</ele>
        <time>2026-08-27T17:22:33.000Z</time>
        <extensions>
          <ns3:TrackPointExtension>
            <ns3:hr>92</ns3:hr>
          </ns3:TrackPointExtension>
        </extensions>
      </trkpt>
      <trkpt lat="-2.77165456674993038177490234375" lon="-79.2170877568423748016357421875">
        <ele>3852</ele>
        <time>2026-08-27T17:22:34.000Z</time>
        <extensions>
          <ns3:TrackPointExtension>
            <ns3:hr>92</ns3:hr>
          </ns3:TrackPointExtension>
        </extensions>
      </trkpt>
      <trkpt lat="-2.77163210324943065643310546875" lon="-79.21705883927643299102783203125">
        <ele>3852.39990234375</ele>
        <time>2026-08-27T17:22:38.000Z</time>
        <extensions>
          <ns3:TrackPointExtension>
            <ns3:hr>95</ns3:hr>
          </ns3:TrackPointExtension>
        </extensions>
      </trkpt>
      <trkpt lat="-2.77158231474459171295166015625" lon="-79.217013828456401824951171875">
        <ele>3852.60009765625</ele>
        <time>2026-08-27T17:22:45.000Z</time>
        <extensions>
          <ns3:TrackPointExtension>
            <ns3:hr>94</ns3:hr>
          </ns3:TrackPointExtension>
        </extensions>
      </trkpt>
      <trkpt lat="-2.77155029587447643280029296875" lon="-79.2169794626533985137939453125">
        <ele>3852.800048828125</ele>
        <time>2026-08-27T17:22:52.000Z</time>
        <extensions>
          <ns3:TrackPointExtension>
            <ns3:hr>96</ns3:hr>
          </ns3:TrackPointExtension>
        </extensions>
      </trkpt>
      <trkpt lat="-2.771480642259120941162109375" lon="-79.2169244773685932159423828125">
        <ele>3853.199951171875</ele>
        <time>2026-08-27T17:23:01.000Z</time>
        <extensions>
          <ns3:TrackPointExtension>
            <ns3:hr>97</ns3:hr>
          </ns3:TrackPointExtension>
        </extensions>
      </trkpt>
      <trkpt lat="-2.7714432589709758758544921875" lon="-79.21691433526575565338134765625">
        <ele>3853.39990234375</ele>
        <time>2026-08-27T17:23:05.000Z</time>
        <extensions>
          <ns3:TrackPointExtension>
            <ns3:hr>94</ns3:hr>
          </ns3:TrackPointExtension>
        </extensions>
      </trkpt>
      <trkpt lat="-2.77139539830386638641357421875" lon="-79.21690193004906177520751953125">
        <ele>3854</ele>
        <time>2026-08-27T17:23:10.000Z</time>
        <extensions>
          <ns3:TrackPointExtension>
            <ns3:hr>95</ns3:hr>
          </ns3:TrackPointExtension>
        </extensions>
      </trkpt>
      <trkpt lat="-2.77130554430186748504638671875" lon="-79.21688877046108245849609375">
        <ele>3855.39990234375</ele>
        <time>2026-08-27T17:23:19.000Z</time>
        <extensions>
          <ns3:TrackPointExtension>
            <ns3:hr>98</ns3:hr>
          </ns3:TrackPointExtension>
        </extensions>
      </trkpt>
      <trkpt lat="-2.77129657566547393798828125" lon="-79.2168875969946384429931640625">
        <ele>3855.39990234375</ele>
        <time>2026-08-27T17:23:20.000Z</time>
        <extensions>
          <ns3:TrackPointExtension>
            <ns3:hr>98</ns3:hr>
          </ns3:TrackPointExtension>
        </extensions>
      </trkpt>
      <trkpt lat="-2.77119196951389312744140625" lon="-79.21686823479831218719482421875">
        <ele>3856.800048828125</ele>
        <time>2026-08-27T17:23:32.000Z</time>
        <extensions>
          <ns3:TrackPointExtension>
            <ns3:hr>100</ns3:hr>
          </ns3:TrackPointExtension>
        </extensions>
      </trkpt>
      <trkpt lat="-2.77117696590721607208251953125" lon="-79.2168654687702655792236328125">
        <ele>3857</ele>
        <time>2026-08-27T17:23:34.000Z</time>
        <extensions>
          <ns3:TrackPointExtension>
            <ns3:hr>97</ns3:hr>
          </ns3:TrackPointExtension>
        </extensions>
      </trkpt>
      <trkpt lat="-2.7710892073810100555419921875" lon="-79.2168483696877956390380859375">
        <ele>3858</ele>
        <time>2026-08-27T17:23:44.000Z</time>
        <extensions>
          <ns3:TrackPointExtension>
            <ns3:hr>100</ns3:hr>
          </ns3:TrackPointExtension>
        </extensions>
      </trkpt>
      <trkpt lat="-2.77108459733426570892333984375" lon="-79.21684644185006618499755859375">
        <ele>3858</ele>
        <time>2026-08-27T17:23:45.000Z</time>
        <extensions>
          <ns3:TrackPointExtension>
            <ns3:hr>98</ns3:hr>
          </ns3:TrackPointExtension>
        </extensions>
      </trkpt>
      <trkpt lat="-2.7710741199553012847900390625" lon="-79.21684451401233673095703125">
        <ele>3858.199951171875</ele>
        <time>2026-08-27T17:23:47.000Z</time>
        <extensions>
          <ns3:TrackPointExtension>
            <ns3:hr>94</ns3:hr>
          </ns3:TrackPointExtension>
        </extensions>
      </trkpt>
      <trkpt lat="-2.77102089487016201019287109375" lon="-79.21683755703270435333251953125">
        <ele>3858.60009765625</ele>
        <time>2026-08-27T17:23:53.000Z</time>
        <extensions>
          <ns3:TrackPointExtension>
            <ns3:hr>96</ns3:hr>
          </ns3:TrackPointExtension>
        </extensions>
      </trkpt>
      <trkpt lat="-2.77099457569420337677001953125" lon="-79.2168356291949748992919921875">
        <ele>3859</ele>
        <time>2026-08-27T17:23:56.000Z</time>
        <extensions>
          <ns3:TrackPointExtension>
            <ns3:hr>99</ns3:hr>
          </ns3:TrackPointExtension>
        </extensions>
      </trkpt>
      <trkpt lat="-2.77095870114862918853759765625" lon="-79.216834120452404022216796875">
        <ele>3859.199951171875</ele>
        <time>2026-08-27T17:24:00.000Z</time>
        <extensions>
          <ns3:TrackPointExtension>
            <ns3:hr>102</ns3:hr>
          </ns3:TrackPointExtension>
        </extensions>
      </trkpt>
      <trkpt lat="-2.77091167867183685302734375" lon="-79.2168290913105010986328125">
        <ele>3859.60009765625</ele>
        <time>2026-08-27T17:24:05.000Z</time>
        <extensions>
          <ns3:TrackPointExtension>
            <ns3:hr>104</ns3:hr>
          </ns3:TrackPointExtension>
        </extensions>
      </trkpt>
      <trkpt lat="-2.77085132896900177001953125" lon="-79.21681232750415802001953125">
        <ele>3860</ele>
        <time>2026-08-27T17:24:14.000Z</time>
        <extensions>
          <ns3:TrackPointExtension>
            <ns3:hr>107</ns3:hr>
          </ns3:TrackPointExtension>
        </extensions>
      </trkpt>
      <trkpt lat="-2.77079097926616668701171875" lon="-79.2167863436043262481689453125">
        <ele>3860.60009765625</ele>
        <time>2026-08-27T17:24:23.000Z</time>
        <extensions>
          <ns3:TrackPointExtension>
            <ns3:hr>104</ns3:hr>
          </ns3:TrackPointExtension>
        </extensions>
      </trkpt>
      <trkpt lat="-2.77076809667050838470458984375" lon="-79.2167796380817890167236328125">
        <ele>3860.800048828125</ele>
        <time>2026-08-27T17:24:26.000Z</time>
        <extensions>
          <ns3:TrackPointExtension>
            <ns3:hr>102</ns3:hr>
          </ns3:TrackPointExtension>
        </extensions>
      </trkpt>
      <trkpt lat="-2.7707274444401264190673828125" lon="-79.2167638801038265228271484375">
        <ele>3861.199951171875</ele>
        <time>2026-08-27T17:24:33.000Z</time>
        <extensions>
          <ns3:TrackPointExtension>
            <ns3:hr>104</ns3:hr>
          </ns3:TrackPointExtension>
        </extensions>
      </trkpt>
      <trkpt lat="-2.77071076445281505584716796875" lon="-79.21675876714289188385009765625">
        <ele>3861.199951171875</ele>
        <time>2026-08-27T17:24:35.000Z</time>
        <extensions>
          <ns3:TrackPointExtension>
            <ns3:hr>101</ns3:hr>
          </ns3:TrackPointExtension>
        </extensions>
      </trkpt>
      <trkpt lat="-2.77067472226917743682861328125" lon="-79.2167611978948116302490234375">
        <ele>3861.39990234375</ele>
        <time>2026-08-27T17:24:41.000Z</time>
        <extensions>
          <ns3:TrackPointExtension>
            <ns3:hr>104</ns3:hr>
          </ns3:TrackPointExtension>
        </extensions>
      </trkpt>
      <trkpt lat="-2.7706691063940525054931640625" lon="-79.216756336390972137451171875">
        <ele>3861.39990234375</ele>
        <time>2026-08-27T17:24:43.000Z</time>
        <extensions>
          <ns3:TrackPointExtension>
            <ns3:hr>101</ns3:hr>
          </ns3:TrackPointExtension>
        </extensions>
      </trkpt>
      <trkpt lat="-2.7706570364534854888916015625" lon="-79.2167417518794536590576171875">
        <ele>3861.60009765625</ele>
        <time>2026-08-27T17:24:47.000Z</time>
        <extensions>
          <ns3:TrackPointExtension>
            <ns3:hr>104</ns3:hr>
          </ns3:TrackPointExtension>
        </extensions>
      </trkpt>
      <trkpt lat="-2.77064555324614048004150390625" lon="-79.21674602665007114410400390625">
        <ele>3861.60009765625</ele>
        <time>2026-08-27T17:24:49.000Z</time>
        <extensions>
          <ns3:TrackPointExtension>
            <ns3:hr>104</ns3:hr>
          </ns3:TrackPointExtension>
        </extensions>
      </trkpt>
      <trkpt lat="-2.7705859579145908355712890625" lon="-79.21675859950482845306396484375">
        <ele>3861.199951171875</ele>
        <time>2026-08-27T17:24:55.000Z</time>
        <extensions>
          <ns3:TrackPointExtension>
            <ns3:hr>101</ns3:hr>
          </ns3:TrackPointExtension>
        </extensions>
      </trkpt>
      <trkpt lat="-2.770574726164340972900390625" lon="-79.21676044352352619171142578125">
        <ele>3861.199951171875</ele>
        <time>2026-08-27T17:24:56.000Z</time>
        <extensions>
          <ns3:TrackPointExtension>
            <ns3:hr>103</ns3:hr>
          </ns3:TrackPointExtension>
        </extensions>
      </trkpt>
      <trkpt lat="-2.77047372423112392425537109375" lon="-79.21675256453454494476318359375">
        <ele>3860.39990234375</ele>
        <time>2026-08-27T17:25:06.000Z</time>
        <extensions>
          <ns3:TrackPointExtension>
            <ns3:hr>103</ns3:hr>
          </ns3:TrackPointExtension>
        </extensions>
      </trkpt>
      <trkpt lat="-2.7704297192394733428955078125" lon="-79.21675072051584720611572265625">
        <ele>3860</ele>
        <time>2026-08-27T17:25:11.000Z</time>
        <extensions>
          <ns3:TrackPointExtension>
            <ns3:hr>106</ns3:hr>
          </ns3:TrackPointExtension>
        </extensions>
      </trkpt>
      <trkpt lat="-2.7704012207686901092529296875" lon="-79.21675390563905239105224609375">
        <ele>3859.60009765625</ele>
        <time>2026-08-27T17:25:14.000Z</time>
        <extensions>
          <ns3:TrackPointExtension>
            <ns3:hr>109</ns3:hr>
          </ns3:TrackPointExtension>
        </extensions>
      </trkpt>
      <trkpt lat="-2.7703824453055858612060546875" lon="-79.21675893478095531463623046875">
        <ele>3859.199951171875</ele>
        <time>2026-08-27T17:25:16.000Z</time>
        <extensions>
          <ns3:TrackPointExtension>
            <ns3:hr>106</ns3:hr>
          </ns3:TrackPointExtension>
        </extensions>
      </trkpt>
      <trkpt lat="-2.7703653462231159210205078125" lon="-79.21676815487444400787353515625">
        <ele>3858.800048828125</ele>
        <time>2026-08-27T17:25:18.000Z</time>
        <extensions>
          <ns3:TrackPointExtension>
            <ns3:hr>107</ns3:hr>
          </ns3:TrackPointExtension>
        </extensions>
      </trkpt>
      <trkpt lat="-2.7703070081770420074462890625" lon="-79.216781146824359893798828125">
        <ele>3858.800048828125</ele>
        <time>2026-08-27T17:25:24.000Z</time>
        <extensions>
          <ns3:TrackPointExtension>
            <ns3:hr>109</ns3:hr>
          </ns3:TrackPointExtension>
        </extensions>
      </trkpt>
      <trkpt lat="-2.7702895738184452056884765625" lon="-79.2167823202908039093017578125">
        <ele>3859</ele>
        <time>2026-08-27T17:25:26.000Z</time>
        <extensions>
          <ns3:TrackPointExtension>
            <ns3:hr>105</ns3:hr>
          </ns3:TrackPointExtension>
        </extensions>
      </trkpt>
      <trkpt lat="-2.770266272127628326416015625" lon="-79.2167910374701023101806640625">
        <ele>3858.800048828125</ele>
        <time>2026-08-27T17:25:29.000Z</time>
        <extensions>
          <ns3:TrackPointExtension>
            <ns3:hr>105</ns3:hr>
          </ns3:TrackPointExtension>
        </extensions>
      </trkpt>
      <trkpt lat="-2.77021958492696285247802734375" lon="-79.21679229475557804107666015625">
        <ele>3858.39990234375</ele>
        <time>2026-08-27T17:25:34.000Z</time>
        <extensions>
          <ns3:TrackPointExtension>
            <ns3:hr>106</ns3:hr>
          </ns3:TrackPointExtension>
        </extensions>
      </trkpt>
      <trkpt lat="-2.770182788372039794921875" lon="-79.2168004252016544342041015625">
        <ele>3857.800048828125</ele>
        <time>2026-08-27T17:25:38.000Z</time>
        <extensions>
          <ns3:TrackPointExtension>
            <ns3:hr>109</ns3:hr>
          </ns3:TrackPointExtension>
        </extensions>
      </trkpt>
      <trkpt lat="-2.77011598460376262664794921875" lon="-79.21683856286108493804931640625">
        <ele>3856.199951171875</ele>
        <time>2026-08-27T17:25:46.000Z</time>
        <extensions>
          <ns3:TrackPointExtension>
            <ns3:hr>108</ns3:hr>
          </ns3:TrackPointExtension>
        </extensions>
      </trkpt>
      <trkpt lat="-2.770075835287570953369140625" lon="-79.2168530635535717010498046875">
        <ele>3855.39990234375</ele>
        <time>2026-08-27T17:25:50.000Z</time>
        <extensions>
          <ns3:TrackPointExtension>
            <ns3:hr>105</ns3:hr>
          </ns3:TrackPointExtension>
        </extensions>
      </trkpt>
      <trkpt lat="-2.77002311311662197113037109375" lon="-79.2168825678527355194091796875">
        <ele>3855.60009765625</ele>
        <time>2026-08-27T17:25:56.000Z</time>
        <extensions>
          <ns3:TrackPointExtension>
            <ns3:hr>102</ns3:hr>
          </ns3:TrackPointExtension>
        </extensions>
      </trkpt>
      <trkpt lat="-2.77000182308256626129150390625" lon="-79.2168872617185115814208984375">
        <ele>3855.800048828125</ele>
        <time>2026-08-27T17:25:58.000Z</time>
        <extensions>
          <ns3:TrackPointExtension>
            <ns3:hr>102</ns3:hr>
          </ns3:TrackPointExtension>
        </extensions>
      </trkpt>
      <trkpt lat="-2.7699720673263072967529296875" lon="-79.21688986010849475860595703125">
        <ele>3856.199951171875</ele>
        <time>2026-08-27T17:26:01.000Z</time>
        <extensions>
          <ns3:TrackPointExtension>
            <ns3:hr>99</ns3:hr>
          </ns3:TrackPointExtension>
        </extensions>
      </trkpt>
      <trkpt lat="-2.769945748150348663330078125" lon="-79.216894470155239105224609375">
        <ele>3856.60009765625</ele>
        <time>2026-08-27T17:26:04.000Z</time>
        <extensions>
          <ns3:TrackPointExtension>
            <ns3:hr>95</ns3:hr>
          </ns3:TrackPointExtension>
        </extensions>
      </trkpt>
      <trkpt lat="-2.76993879117071628570556640625" lon="-79.21689388342201709747314453125">
        <ele>3856.800048828125</ele>
        <time>2026-08-27T17:26:05.000Z</time>
        <extensions>
          <ns3:TrackPointExtension>
            <ns3:hr>99</ns3:hr>
          </ns3:TrackPointExtension>
        </extensions>
      </trkpt>
      <trkpt lat="-2.76992261409759521484375" lon="-79.2168943025171756744384765625">
        <ele>3857</ele>
        <time>2026-08-27T17:26:07.000Z</time>
        <extensions>
          <ns3:TrackPointExtension>
            <ns3:hr>96</ns3:hr>
          </ns3:TrackPointExtension>
        </extensions>
      </trkpt>
      <trkpt lat="-2.769908867776393890380859375" lon="-79.2168963141739368438720703125">
        <ele>3857.199951171875</ele>
        <time>2026-08-27T17:26:09.000Z</time>
        <extensions>
          <ns3:TrackPointExtension>
            <ns3:hr>99</ns3:hr>
          </ns3:TrackPointExtension>
        </extensions>
      </trkpt>
      <trkpt lat="-2.7698528766632080078125" lon="-79.21690888702869415283203125">
        <ele>3858</ele>
        <time>2026-08-27T17:26:15.000Z</time>
        <extensions>
          <ns3:TrackPointExtension>
            <ns3:hr>98</ns3:hr>
          </ns3:TrackPointExtension>
        </extensions>
      </trkpt>
      <trkpt lat="-2.76981406845152378082275390625" lon="-79.2169120721518993377685546875">
        <ele>3859</ele>
        <time>2026-08-27T17:26:19.000Z</time>
        <extensions>
          <ns3:TrackPointExtension>
            <ns3:hr>95</ns3:hr>
          </ns3:TrackPointExtension>
        </extensions>
      </trkpt>
      <trkpt lat="-2.769804932177066802978515625" lon="-79.21691182069480419158935546875">
        <ele>3859.199951171875</ele>
        <time>2026-08-27T17:26:20.000Z</time>
        <extensions>
          <ns3:TrackPointExtension>
            <ns3:hr>96</ns3:hr>
          </ns3:TrackPointExtension>
        </extensions>
      </trkpt>
      <trkpt lat="-2.76976344175636768341064453125" lon="-79.216909222304821014404296875">
        <ele>3860.199951171875</ele>
        <time>2026-08-27T17:26:25.000Z</time>
        <extensions>
          <ns3:TrackPointExtension>
            <ns3:hr>97</ns3:hr>
          </ns3:TrackPointExtension>
        </extensions>
      </trkpt>
      <trkpt lat="-2.76967710815370082855224609375" lon="-79.216901846230030059814453125">
        <ele>3862.199951171875</ele>
        <time>2026-08-27T17:26:36.000Z</time>
        <extensions>
          <ns3:TrackPointExtension>
            <ns3:hr>100</ns3:hr>
          </ns3:TrackPointExtension>
        </extensions>
      </trkpt>
      <trkpt lat="-2.76965900324285030364990234375" lon="-79.2168993316590785980224609375">
        <ele>3862.60009765625</ele>
        <time>2026-08-27T17:26:38.000Z</time>
        <extensions>
          <ns3:TrackPointExtension>
            <ns3:hr>97</ns3:hr>
          </ns3:TrackPointExtension>
        </extensions>
      </trkpt>
      <trkpt lat="-2.76961072348058223724365234375" lon="-79.216875024139881134033203125">
        <ele>3864</ele>
        <time>2026-08-27T17:26:44.000Z</time>
        <extensions>
          <ns3:TrackPointExtension>
            <ns3:hr>99</ns3:hr>
          </ns3:TrackPointExtension>
        </extensions>
      </trkpt>
      <trkpt lat="-2.76957727968692779541015625" lon="-79.21685532666742801666259765625">
        <ele>3864.800048828125</ele>
        <time>2026-08-27T17:26:48.000Z</time>
        <extensions>
          <ns3:TrackPointExtension>
            <ns3:hr>99</ns3:hr>
          </ns3:TrackPointExtension>
        </extensions>
      </trkpt>
      <trkpt lat="-2.7695341967046260833740234375" lon="-79.2168383114039897918701171875">
        <ele>3866</ele>
        <time>2026-08-27T17:26:53.000Z</time>
        <extensions>
          <ns3:TrackPointExtension>
            <ns3:hr>102</ns3:hr>
          </ns3:TrackPointExtension>
        </extensions>
      </trkpt>
      <trkpt lat="-2.769518606364727020263671875" lon="-79.2168346233665943145751953125">
        <ele>3866.39990234375</ele>
        <time>2026-08-27T17:26:55.000Z</time>
        <extensions>
          <ns3:TrackPointExtension>
            <ns3:hr>99</ns3:hr>
          </ns3:TrackPointExtension>
        </extensions>
      </trkpt>
      <trkpt lat="-2.76949438266456127166748046875" lon="-79.21684308908879756927490234375">
        <ele>3866.800048828125</ele>
        <time>2026-08-27T17:26:59.000Z</time>
        <extensions>
          <ns3:TrackPointExtension>
            <ns3:hr>100</ns3:hr>
          </ns3:TrackPointExtension>
        </extensions>
      </trkpt>
      <trkpt lat="-2.76947133243083953857421875" lon="-79.216851890087127685546875">
        <ele>3867.39990234375</ele>
        <time>2026-08-27T17:27:06.000Z</time>
        <extensions>
          <ns3:TrackPointExtension>
            <ns3:hr>100</ns3:hr>
          </ns3:TrackPointExtension>
        </extensions>
      </trkpt>
      <trkpt lat="-2.76947200298309326171875" lon="-79.216852225363254547119140625">
        <ele>3867.39990234375</ele>
        <time>2026-08-27T17:27:21.000Z</time>
        <extensions>
          <ns3:TrackPointExtension>
            <ns3:hr>103</ns3:hr>
          </ns3:TrackPointExtension>
        </extensions>
      </trkpt>
      <trkpt lat="-2.76947133243083953857421875" lon="-79.216852225363254547119140625">
        <ele>3867.39990234375</ele>
        <time>2026-08-27T17:27:24.000Z</time>
        <extensions>
          <ns3:TrackPointExtension>
            <ns3:hr>106</ns3:hr>
          </ns3:TrackPointExtension>
        </extensions>
      </trkpt>
      <trkpt lat="-2.769431769847869873046875" lon="-79.21679313294589519500732421875">
        <ele>3868.800048828125</ele>
        <time>2026-08-27T17:27:36.000Z</time>
        <extensions>
          <ns3:TrackPointExtension>
            <ns3:hr>108</ns3:hr>
          </ns3:TrackPointExtension>
        </extensions>
      </trkpt>
      <trkpt lat="-2.76942648924887180328369140625" lon="-79.21678324230015277862548828125">
        <ele>3869</ele>
        <time>2026-08-27T17:27:37.000Z</time>
        <extensions>
          <ns3:TrackPointExtension>
            <ns3:hr>111</ns3:hr>
          </ns3:TrackPointExtension>
        </extensions>
      </trkpt>
      <trkpt lat="-2.76942112483084201812744140625" lon="-79.2167725972831249237060546875">
        <ele>3869.199951171875</ele>
        <time>2026-08-27T17:27:38.000Z</time>
        <extensions>
          <ns3:TrackPointExtension>
            <ns3:hr>115</ns3:hr>
          </ns3:TrackPointExtension>
        </extensions>
      </trkpt>
      <trkpt lat="-2.769414670765399932861328125" lon="-79.2167598567903041839599609375">
        <ele>3869.39990234375</ele>
        <time>2026-08-27T17:27:39.000Z</time>
        <extensions>
          <ns3:TrackPointExtension>
            <ns3:hr>114</ns3:hr>
          </ns3:TrackPointExtension>
        </extensions>
      </trkpt>
      <trkpt lat="-2.76940268464386463165283203125" lon="-79.216744601726531982421875">
        <ele>3869.800048828125</ele>
        <time>2026-08-27T17:27:41.000Z</time>
        <extensions>
          <ns3:TrackPointExtension>
            <ns3:hr>117</ns3:hr>
          </ns3:TrackPointExtension>
        </extensions>
      </trkpt>
      <trkpt lat="-2.7693960629403591156005859375" lon="-79.2167223058640956878662109375">
        <ele>3870.199951171875</ele>
        <time>2026-08-27T17:27:44.000Z</time>
        <extensions>
          <ns3:TrackPointExtension>
            <ns3:hr>121</ns3:hr>
          </ns3:TrackPointExtension>
        </extensions>
      </trkpt>
      <trkpt lat="-2.76939396746456623077392578125" lon="-79.21671601943671703338623046875">
        <ele>3870.39990234375</ele>
        <time>2026-08-27T17:27:45.000Z</time>
        <extensions>
          <ns3:TrackPointExtension>
            <ns3:hr>121</ns3:hr>
          </ns3:TrackPointExtension>
        </extensions>
      </trkpt>
      <trkpt lat="-2.76937401853501796722412109375" lon="-79.21669875271618366241455078125">
        <ele>3871</ele>
        <time>2026-08-27T17:27:48.000Z</time>
        <extensions>
          <ns3:TrackPointExtension>
            <ns3:hr>124</ns3:hr>
          </ns3:TrackPointExtension>
        </extensions>
      </trkpt>
      <trkpt lat="-2.76934803463518619537353515625" lon="-79.21667553484439849853515625">
        <ele>3871.800048828125</ele>
        <time>2026-08-27T17:27:52.000Z</time>
        <extensions>
          <ns3:TrackPointExtension>
            <ns3:hr>121</ns3:hr>
          </ns3:TrackPointExtension>
        </extensions>
      </trkpt>
      <trkpt lat="-2.7693296782672405242919921875" lon="-79.21665734611451625823974609375">
        <ele>3872.39990234375</ele>
        <time>2026-08-27T17:27:55.000Z</time>
        <extensions>
          <ns3:TrackPointExtension>
            <ns3:hr>120</ns3:hr>
          </ns3:TrackPointExtension>
        </extensions>
      </trkpt>
      <trkpt lat="-2.7692954801023006439208984375" lon="-79.21662096865475177764892578125">
        <ele>3873.60009765625</ele>
        <time>2026-08-27T17:28:02.000Z</time>
        <extensions>
          <ns3:TrackPointExtension>
            <ns3:hr>117</ns3:hr>
          </ns3:TrackPointExtension>
        </extensions>
      </trkpt>
      <trkpt lat="-2.7692857570946216583251953125" lon="-79.21658878214657306671142578125">
        <ele>3874.199951171875</ele>
        <time>2026-08-27T17:28:07.000Z</time>
        <extensions>
          <ns3:TrackPointExtension>
            <ns3:hr>116</ns3:hr>
          </ns3:TrackPointExtension>
        </extensions>
      </trkpt>
      <trkpt lat="-2.76928936131298542022705078125" lon="-79.21653228811919689178466796875">
        <ele>3874.199951171875</ele>
        <time>2026-08-27T17:28:16.000Z</time>
        <extensions>
          <ns3:TrackPointExtension>
            <ns3:hr>110</ns3:hr>
          </ns3:TrackPointExtension>
        </extensions>
      </trkpt>
      <trkpt lat="-2.76928936131298542022705078125" lon="-79.2165295220911502838134765625">
        <ele>3874.199951171875</ele>
        <time>2026-08-27T17:28:17.000Z</time>
        <extensions>
          <ns3:TrackPointExtension>
            <ns3:hr>112</ns3:hr>
          </ns3:TrackPointExtension>
        </extensions>
      </trkpt>
      <trkpt lat="-2.76928265579044818878173828125" lon="-79.2165286839008331298828125">
        <ele>3874.199951171875</ele>
        <time>2026-08-27T17:28:22.000Z</time>
        <extensions>
          <ns3:TrackPointExtension>
            <ns3:hr>110</ns3:hr>
          </ns3:TrackPointExtension>
        </extensions>
      </trkpt>
      <trkpt lat="-2.76928198523819446563720703125" lon="-79.216527007520198822021484375">
        <ele>3874.199951171875</ele>
        <time>2026-08-27T17:28:28.000Z</time>
        <extensions>
          <ns3:TrackPointExtension>
            <ns3:hr>113</ns3:hr>
          </ns3:TrackPointExtension>
        </extensions>
      </trkpt>
      <trkpt lat="-2.76928198523819446563720703125" lon="-79.216527007520198822021484375">
        <ele>3874.199951171875</ele>
        <time>2026-08-27T17:28:31.000Z</time>
        <extensions>
          <ns3:TrackPointExtension>
            <ns3:hr>110</ns3:hr>
          </ns3:TrackPointExtension>
        </extensions>
      </trkpt>
      <trkpt lat="-2.7692824043333530426025390625" lon="-79.21652742661535739898681640625">
        <ele>3874.199951171875</ele>
        <time>2026-08-27T17:28:38.000Z</time>
        <extensions>
          <ns3:TrackPointExtension>
            <ns3:hr>107</ns3:hr>
          </ns3:TrackPointExtension>
        </extensions>
      </trkpt>
      <trkpt lat="-2.7693021856248378753662109375" lon="-79.2165140993893146514892578125">
        <ele>3874</ele>
        <time>2026-08-27T17:29:32.000Z</time>
        <extensions>
          <ns3:TrackPointExtension>
            <ns3:hr>104</ns3:hr>
          </ns3:TrackPointExtension>
        </extensions>
      </trkpt>
      <trkpt lat="-2.76930612511932849884033203125" lon="-79.21651468612253665924072265625">
        <ele>3873.800048828125</ele>
        <time>2026-08-27T17:29:47.000Z</time>
        <extensions>
          <ns3:TrackPointExtension>
            <ns3:hr>101</ns3:hr>
          </ns3:TrackPointExtension>
        </extensions>
      </trkpt>
      <trkpt lat="-2.769307382404804229736328125" lon="-79.21651636250317096710205078125">
        <ele>3873.800048828125</ele>
        <time>2026-08-27T17:30:03.000Z</time>
        <extensions>
          <ns3:TrackPointExtension>
            <ns3:hr>98</ns3:hr>
          </ns3:TrackPointExtension>
        </extensions>
      </trkpt>
      <trkpt lat="-2.76930780149996280670166015625" lon="-79.21651728451251983642578125">
        <ele>3873.800048828125</ele>
        <time>2026-08-27T17:30:10.000Z</time>
        <extensions>
          <ns3:TrackPointExtension>
            <ns3:hr>95</ns3:hr>
          </ns3:TrackPointExtension>
        </extensions>
      </trkpt>
      <trkpt lat="-2.7692572586238384246826171875" lon="-79.2165233194828033447265625">
        <ele>3874.800048828125</ele>
        <time>2026-08-27T17:30:26.000Z</time>
        <extensions>
          <ns3:TrackPointExtension>
            <ns3:hr>96</ns3:hr>
          </ns3:TrackPointExtension>
        </extensions>
      </trkpt>
      <trkpt lat="-2.76920378208160400390625" lon="-79.21654704026877880096435546875">
        <ele>3876</ele>
        <time>2026-08-27T17:30:32.000Z</time>
        <extensions>
          <ns3:TrackPointExtension>
            <ns3:hr>99</ns3:hr>
          </ns3:TrackPointExtension>
        </extensions>
      </trkpt>
      <trkpt lat="-2.7691670693457126617431640625" lon="-79.216559864580631256103515625">
        <ele>3877.39990234375</ele>
        <time>2026-08-27T17:30:37.000Z</time>
        <extensions>
          <ns3:TrackPointExtension>
            <ns3:hr>97</ns3:hr>
          </ns3:TrackPointExtension>
        </extensions>
      </trkpt>
      <trkpt lat="-2.7691318653523921966552734375" lon="-79.2166173644363880157470703125">
        <ele>3878.39990234375</ele>
        <time>2026-08-27T17:30:46.000Z</time>
        <extensions>
          <ns3:TrackPointExtension>
            <ns3:hr>99</ns3:hr>
          </ns3:TrackPointExtension>
        </extensions>
      </trkpt>
      <trkpt lat="-2.76911267079412937164306640625" lon="-79.2166894488036632537841796875">
        <ele>3878.800048828125</ele>
        <time>2026-08-27T17:30:55.000Z</time>
        <extensions>
          <ns3:TrackPointExtension>
            <ns3:hr>100</ns3:hr>
          </ns3:TrackPointExtension>
        </extensions>
      </trkpt>
      <trkpt lat="-2.7690876089036464691162109375" lon="-79.21674191951751708984375">
        <ele>3879.199951171875</ele>
        <time>2026-08-27T17:31:05.000Z</time>
        <extensions>
          <ns3:TrackPointExtension>
            <ns3:hr>102</ns3:hr>
          </ns3:TrackPointExtension>
        </extensions>
      </trkpt>
      <trkpt lat="-2.76905735023319721221923828125" lon="-79.21679330058395862579345703125">
        <ele>3879.39990234375</ele>
        <time>2026-08-27T17:31:13.000Z</time>
        <extensions>
          <ns3:TrackPointExtension>
            <ns3:hr>103</ns3:hr>
          </ns3:TrackPointExtension>
        </extensions>
      </trkpt>
      <trkpt lat="-2.76900990866124629974365234375" lon="-79.21684241853654384613037109375">
        <ele>3880</ele>
        <time>2026-08-27T17:31:24.000Z</time>
        <extensions>
          <ns3:TrackPointExtension>
            <ns3:hr>102</ns3:hr>
          </ns3:TrackPointExtension>
        </extensions>
      </trkpt>
      <trkpt lat="-2.7689719386398792266845703125" lon="-79.216896481812000274658203125">
        <ele>3880.39990234375</ele>
        <time>2026-08-27T17:31:34.000Z</time>
        <extensions>
          <ns3:TrackPointExtension>
            <ns3:hr>105</ns3:hr>
          </ns3:TrackPointExtension>
        </extensions>
      </trkpt>
      <trkpt lat="-2.768960706889629364013671875" lon="-79.21690645627677440643310546875">
        <ele>3880.39990234375</ele>
        <time>2026-08-27T17:31:36.000Z</time>
        <extensions>
          <ns3:TrackPointExtension>
            <ns3:hr>102</ns3:hr>
          </ns3:TrackPointExtension>
        </extensions>
      </trkpt>
      <trkpt lat="-2.7689239941537380218505859375" lon="-79.2169660516083240509033203125">
        <ele>3880.60009765625</ele>
        <time>2026-08-27T17:31:46.000Z</time>
        <extensions>
          <ns3:TrackPointExtension>
            <ns3:hr>103</ns3:hr>
          </ns3:TrackPointExtension>
        </extensions>
      </trkpt>
      <trkpt lat="-2.7689087390899658203125" lon="-79.21699161641299724578857421875">
        <ele>3880.800048828125</ele>
        <time>2026-08-27T17:31:50.000Z</time>
        <extensions>
          <ns3:TrackPointExtension>
            <ns3:hr>106</ns3:hr>
          </ns3:TrackPointExtension>
        </extensions>
      </trkpt>
      <trkpt lat="-2.768893651664257049560546875" lon="-79.21701625920832157135009765625">
        <ele>3880.800048828125</ele>
        <time>2026-08-27T17:31:54.000Z</time>
        <extensions>
          <ns3:TrackPointExtension>
            <ns3:hr>103</ns3:hr>
          </ns3:TrackPointExtension>
        </extensions>
      </trkpt>
      <trkpt lat="-2.7688884548842906951904296875" lon="-79.21704567968845367431640625">
        <ele>3880.60009765625</ele>
        <time>2026-08-27T17:31:58.000Z</time>
        <extensions>
          <ns3:TrackPointExtension>
            <ns3:hr>102</ns3:hr>
          </ns3:TrackPointExtension>
        </extensions>
      </trkpt>
      <trkpt lat="-2.7688854373991489410400390625" lon="-79.21707342378795146942138671875">
        <ele>3880.199951171875</ele>
        <time>2026-08-27T17:32:01.000Z</time>
        <extensions>
          <ns3:TrackPointExtension>
            <ns3:hr>99</ns3:hr>
          </ns3:TrackPointExtension>
        </extensions>
      </trkpt>
      <trkpt lat="-2.7688737027347087860107421875" lon="-79.21709471382200717926025390625">
        <ele>3880.199951171875</ele>
        <time>2026-08-27T17:32:04.000Z</time>
        <extensions>
          <ns3:TrackPointExtension>
            <ns3:hr>95</ns3:hr>
          </ns3:TrackPointExtension>
        </extensions>
      </trkpt>
      <trkpt lat="-2.7688564360141754150390625" lon="-79.217109046876430511474609375">
        <ele>3880.39990234375</ele>
        <time>2026-08-27T17:32:07.000Z</time>
        <extensions>
          <ns3:TrackPointExtension>
            <ns3:hr>98</ns3:hr>
          </ns3:TrackPointExtension>
        </extensions>
      </trkpt>
      <trkpt lat="-2.76882919482886791229248046875" lon="-79.21714550815522670745849609375">
        <ele>3880.39990234375</ele>
        <time>2026-08-27T17:32:12.000Z</time>
        <extensions>
          <ns3:TrackPointExtension>
            <ns3:hr>101</ns3:hr>
          </ns3:TrackPointExtension>
        </extensions>
      </trkpt>
      <trkpt lat="-2.7688049711287021636962890625" lon="-79.21720988117158412933349609375">
        <ele>3879.800048828125</ele>
        <time>2026-08-27T17:32:20.000Z</time>
        <extensions>
          <ns3:TrackPointExtension>
            <ns3:hr>102</ns3:hr>
          </ns3:TrackPointExtension>
        </extensions>
      </trkpt>
      <trkpt lat="-2.768779657781124114990234375" lon="-79.21729068271815776824951171875">
        <ele>3878.800048828125</ele>
        <time>2026-08-27T17:32:30.000Z</time>
        <extensions>
          <ns3:TrackPointExtension>
            <ns3:hr>98</ns3:hr>
          </ns3:TrackPointExtension>
        </extensions>
      </trkpt>
      <trkpt lat="-2.7687670849263668060302734375" lon="-79.21733678318560123443603515625">
        <ele>3878</ele>
        <time>2026-08-27T17:32:36.000Z</time>
        <extensions>
          <ns3:TrackPointExtension>
            <ns3:hr>95</ns3:hr>
          </ns3:TrackPointExtension>
        </extensions>
      </trkpt>
      <trkpt lat="-2.76873598806560039520263671875" lon="-79.2173807881772518157958984375">
        <ele>3877.800048828125</ele>
        <time>2026-08-27T17:32:42.000Z</time>
        <extensions>
          <ns3:TrackPointExtension>
            <ns3:hr>93</ns3:hr>
          </ns3:TrackPointExtension>
        </extensions>
      </trkpt>
      <trkpt lat="-2.76869810186326503753662109375" lon="-79.217423535883426666259765625">
        <ele>3877.60009765625</ele>
        <time>2026-08-27T17:32:50.000Z</time>
        <extensions>
          <ns3:TrackPointExtension>
            <ns3:hr>94</ns3:hr>
          </ns3:TrackPointExtension>
        </extensions>
      </trkpt>
      <trkpt lat="-2.7686343155801296234130859375" lon="-79.21742646954953670501708984375">
        <ele>3878.60009765625</ele>
        <time>2026-08-27T17:32:58.000Z</time>
        <extensions>
          <ns3:TrackPointExtension>
            <ns3:hr>95</ns3:hr>
          </ns3:TrackPointExtension>
        </extensions>
      </trkpt>
      <trkpt lat="-2.76859668083488941192626953125" lon="-79.2174277268350124359130859375">
        <ele>3879.199951171875</ele>
        <time>2026-08-27T17:33:02.000Z</time>
        <extensions>
          <ns3:TrackPointExtension>
            <ns3:hr>99</ns3:hr>
          </ns3:TrackPointExtension>
        </extensions>
      </trkpt>
      <trkpt lat="-2.76858578436076641082763671875" lon="-79.21742697246372699737548828125">
        <ele>3879.39990234375</ele>
        <time>2026-08-27T17:33:03.000Z</time>
        <extensions>
          <ns3:TrackPointExtension>
            <ns3:hr>96</ns3:hr>
          </ns3:TrackPointExtension>
        </extensions>
      </trkpt>
      <trkpt lat="-2.7685461379587650299072265625" lon="-79.21742462553083896636962890625">
        <ele>3880</ele>
        <time>2026-08-27T17:33:07.000Z</time>
        <extensions>
          <ns3:TrackPointExtension>
            <ns3:hr>95</ns3:hr>
          </ns3:TrackPointExtension>
        </extensions>
      </trkpt>
      <trkpt lat="-2.76842284016311168670654296875" lon="-79.21742931939661502838134765625">
        <ele>3881.60009765625</ele>
        <time>2026-08-27T17:33:20.000Z</time>
        <extensions>
          <ns3:TrackPointExtension>
            <ns3:hr>96</ns3:hr>
          </ns3:TrackPointExtension>
        </extensions>
      </trkpt>
      <trkpt lat="-2.768384702503681182861328125" lon="-79.21742915175855159759521484375">
        <ele>3881.800048828125</ele>
        <time>2026-08-27T17:33:25.000Z</time>
        <extensions>
          <ns3:TrackPointExtension>
            <ns3:hr>93</ns3:hr>
          </ns3:TrackPointExtension>
        </extensions>
      </trkpt>
      <trkpt lat="-2.7683681063354015350341796875" lon="-79.217426218092441558837890625">
        <ele>3882.199951171875</ele>
        <time>2026-08-27T17:33:27.000Z</time>
        <extensions>
          <ns3:TrackPointExtension>
            <ns3:hr>96</ns3:hr>
          </ns3:TrackPointExtension>
        </extensions>
      </trkpt>
      <trkpt lat="-2.76832259260118007659912109375" lon="-79.21743216924369335174560546875">
        <ele>3882.199951171875</ele>
        <time>2026-08-27T17:33:34.000Z</time>
        <extensions>
          <ns3:TrackPointExtension>
            <ns3:hr>98</ns3:hr>
          </ns3:TrackPointExtension>
        </extensions>
      </trkpt>
      <trkpt lat="-2.7682765759527683258056640625" lon="-79.21743334271013736724853515625">
        <ele>3882.60009765625</ele>
        <time>2026-08-27T17:33:40.000Z</time>
        <extensions>
          <ns3:TrackPointExtension>
            <ns3:hr>98</ns3:hr>
          </ns3:TrackPointExtension>
        </extensions>
      </trkpt>
      <trkpt lat="-2.7682256139814853668212890625" lon="-79.21743200160562992095947265625">
        <ele>3883</ele>
        <time>2026-08-27T17:33:46.000Z</time>
        <extensions>
          <ns3:TrackPointExtension>
            <ns3:hr>97</ns3:hr>
          </ns3:TrackPointExtension>
        </extensions>
      </trkpt>
      <trkpt lat="-2.76819015853106975555419921875" lon="-79.21744625084102153778076171875">
        <ele>3882.60009765625</ele>
        <time>2026-08-27T17:33:50.000Z</time>
        <extensions>
          <ns3:TrackPointExtension>
            <ns3:hr>98</ns3:hr>
          </ns3:TrackPointExtension>
        </extensions>
      </trkpt>
      <trkpt lat="-2.76815713383257389068603515625" lon="-79.21745748259127140045166015625">
        <ele>3882.39990234375</ele>
        <time>2026-08-27T17:33:54.000Z</time>
        <extensions>
          <ns3:TrackPointExtension>
            <ns3:hr>99</ns3:hr>
          </ns3:TrackPointExtension>
        </extensions>
      </trkpt>
      <trkpt lat="-2.76809460483491420745849609375" lon="-79.21749084256589412689208984375">
        <ele>3881.800048828125</ele>
        <time>2026-08-27T17:34:04.000Z</time>
        <extensions>
          <ns3:TrackPointExtension>
            <ns3:hr>101</ns3:hr>
          </ns3:TrackPointExtension>
        </extensions>
      </trkpt>
      <trkpt lat="-2.768052108585834503173828125" lon="-79.2175088636577129364013671875">
        <ele>3881.60009765625</ele>
        <time>2026-08-27T17:34:12.000Z</time>
        <extensions>
          <ns3:TrackPointExtension>
            <ns3:hr>99</ns3:hr>
          </ns3:TrackPointExtension>
        </extensions>
      </trkpt>
      <trkpt lat="-2.76804163120687007904052734375" lon="-79.21751372516155242919921875">
        <ele>3881.60009765625</ele>
        <time>2026-08-27T17:34:15.000Z</time>
        <extensions>
          <ns3:TrackPointExtension>
            <ns3:hr>96</ns3:hr>
          </ns3:TrackPointExtension>
        </extensions>
      </trkpt>
      <trkpt lat="-2.768038026988506317138671875" lon="-79.21751598827540874481201171875">
        <ele>3881.60009765625</ele>
        <time>2026-08-27T17:34:16.000Z</time>
        <extensions>
          <ns3:TrackPointExtension>
            <ns3:hr>99</ns3:hr>
          </ns3:TrackPointExtension>
        </extensions>
      </trkpt>
      <trkpt lat="-2.76803291402757167816162109375" lon="-79.21751531772315502166748046875">
        <ele>3881.60009765625</ele>
        <time>2026-08-27T17:34:17.000Z</time>
        <extensions>
          <ns3:TrackPointExtension>
            <ns3:hr>99</ns3:hr>
          </ns3:TrackPointExtension>
        </extensions>
      </trkpt>
      <trkpt lat="-2.7679828740656375885009765625" lon="-79.2175242863595485687255859375">
        <ele>3882</ele>
        <time>2026-08-27T17:34:25.000Z</time>
        <extensions>
          <ns3:TrackPointExtension>
            <ns3:hr>98</ns3:hr>
          </ns3:TrackPointExtension>
        </extensions>
      </trkpt>
      <trkpt lat="-2.7679124660789966583251953125" lon="-79.217536188662052154541015625">
        <ele>3882.60009765625</ele>
        <time>2026-08-27T17:34:33.000Z</time>
        <extensions>
          <ns3:TrackPointExtension>
            <ns3:hr>98</ns3:hr>
          </ns3:TrackPointExtension>
        </extensions>
      </trkpt>
      <trkpt lat="-2.76785018853843212127685546875" lon="-79.21756963245570659637451171875">
        <ele>3882.199951171875</ele>
        <time>2026-08-27T17:34:40.000Z</time>
        <extensions>
          <ns3:TrackPointExtension>
            <ns3:hr>98</ns3:hr>
          </ns3:TrackPointExtension>
        </extensions>
      </trkpt>
      <trkpt lat="-2.7677773497998714447021484375" lon="-79.2175720632076263427734375">
        <ele>3882.800048828125</ele>
        <time>2026-08-27T17:34:48.000Z</time>
        <extensions>
          <ns3:TrackPointExtension>
            <ns3:hr>97</ns3:hr>
          </ns3:TrackPointExtension>
        </extensions>
      </trkpt>
      <trkpt lat="-2.76770484633743762969970703125" lon="-79.2175873182713985443115234375">
        <ele>3883.39990234375</ele>
        <time>2026-08-27T17:34:57.000Z</time>
        <extensions>
          <ns3:TrackPointExtension>
            <ns3:hr>98</ns3:hr>
          </ns3:TrackPointExtension>
        </extensions>
      </trkpt>
      <trkpt lat="-2.7676817961037158966064453125" lon="-79.21760718338191509246826171875">
        <ele>3883.39990234375</ele>
        <time>2026-08-27T17:35:00.000Z</time>
        <extensions>
          <ns3:TrackPointExtension>
            <ns3:hr>95</ns3:hr>
          </ns3:TrackPointExtension>
        </extensions>
      </trkpt>
      <trkpt lat="-2.7676548063755035400390625" lon="-79.21762092970311641693115234375">
        <ele>3883.60009765625</ele>
        <time>2026-08-27T17:35:04.000Z</time>
        <extensions>
          <ns3:TrackPointExtension>
            <ns3:hr>95</ns3:hr>
          </ns3:TrackPointExtension>
        </extensions>
      </trkpt>
      <trkpt lat="-2.767569310963153839111328125" lon="-79.217628724873065948486328125">
        <ele>3885.199951171875</ele>
        <time>2026-08-27T17:35:14.000Z</time>
        <extensions>
          <ns3:TrackPointExtension>
            <ns3:hr>96</ns3:hr>
          </ns3:TrackPointExtension>
        </extensions>
      </trkpt>
      <trkpt lat="-2.7675553970038890838623046875" lon="-79.21763484366238117218017578125">
        <ele>3885.39990234375</ele>
        <time>2026-08-27T17:35:16.000Z</time>
        <extensions>
          <ns3:TrackPointExtension>
            <ns3:hr>93</ns3:hr>
          </ns3:TrackPointExtension>
        </extensions>
      </trkpt>
      <trkpt lat="-2.76751474477350711822509765625" lon="-79.21765211038291454315185546875">
        <ele>3886</ele>
        <time>2026-08-27T17:35:21.000Z</time>
        <extensions>
          <ns3:TrackPointExtension>
            <ns3:hr>96</ns3:hr>
          </ns3:TrackPointExtension>
        </extensions>
      </trkpt>
      <trkpt lat="-2.7675071172416210174560546875" lon="-79.21765663661062717437744140625">
        <ele>3886</ele>
        <time>2026-08-27T17:35:22.000Z</time>
        <extensions>
          <ns3:TrackPointExtension>
            <ns3:hr>96</ns3:hr>
          </ns3:TrackPointExtension>
        </extensions>
      </trkpt>
      <trkpt lat="-2.767453305423259735107421875" lon="-79.21767457388341426849365234375">
        <ele>3886.60009765625</ele>
        <time>2026-08-27T17:35:29.000Z</time>
        <extensions>
          <ns3:TrackPointExtension>
            <ns3:hr>97</ns3:hr>
          </ns3:TrackPointExtension>
        </extensions>
      </trkpt>
      <trkpt lat="-2.767434529960155487060546875" lon="-79.21768882311880588531494140625">
        <ele>3886.39990234375</ele>
        <time>2026-08-27T17:35:32.000Z</time>
        <extensions>
          <ns3:TrackPointExtension>
            <ns3:hr>94</ns3:hr>
          </ns3:TrackPointExtension>
        </extensions>
      </trkpt>
      <trkpt lat="-2.76742774061858654022216796875" lon="-79.21769318170845508575439453125">
        <ele>3886.39990234375</ele>
        <time>2026-08-27T17:35:33.000Z</time>
        <extensions>
          <ns3:TrackPointExtension>
            <ns3:hr>98</ns3:hr>
          </ns3:TrackPointExtension>
        </extensions>
      </trkpt>
      <trkpt lat="-2.76740259490907192230224609375" lon="-79.2177066765725612640380859375">
        <ele>3886.60009765625</ele>
        <time>2026-08-27T17:35:37.000Z</time>
        <extensions>
          <ns3:TrackPointExtension>
            <ns3:hr>99</ns3:hr>
          </ns3:TrackPointExtension>
        </extensions>
      </trkpt>
      <trkpt lat="-2.767372839152812957763671875" lon="-79.217741377651691436767578125">
        <ele>3886.60009765625</ele>
        <time>2026-08-27T17:35:43.000Z</time>
        <extensions>
          <ns3:TrackPointExtension>
            <ns3:hr>96</ns3:hr>
          </ns3:TrackPointExtension>
        </extensions>
      </trkpt>
      <trkpt lat="-2.767354734241962432861328125" lon="-79.21775110065937042236328125">
        <ele>3886.800048828125</ele>
        <time>2026-08-27T17:35:47.000Z</time>
        <extensions>
          <ns3:TrackPointExtension>
            <ns3:hr>98</ns3:hr>
          </ns3:TrackPointExtension>
        </extensions>
      </trkpt>
      <trkpt lat="-2.7673297561705112457275390625" lon="-79.21777448616921901702880859375">
        <ele>3887.39990234375</ele>
        <time>2026-08-27T17:35:52.000Z</time>
        <extensions>
          <ns3:TrackPointExtension>
            <ns3:hr>101</ns3:hr>
          </ns3:TrackPointExtension>
        </extensions>
      </trkpt>
      <trkpt lat="-2.76731609366834163665771484375" lon="-79.21780013479292392730712890625">
        <ele>3887.60009765625</ele>
        <time>2026-08-27T17:35:56.000Z</time>
        <extensions>
          <ns3:TrackPointExtension>
            <ns3:hr>100</ns3:hr>
          </ns3:TrackPointExtension>
        </extensions>
      </trkpt>
      <trkpt lat="-2.7672808058559894561767578125" lon="-79.2178260348737239837646484375">
        <ele>3888.60009765625</ele>
        <time>2026-08-27T17:36:03.000Z</time>
        <extensions>
          <ns3:TrackPointExtension>
            <ns3:hr>102</ns3:hr>
          </ns3:TrackPointExtension>
        </extensions>
      </trkpt>
      <trkpt lat="-2.7672509662806987762451171875" lon="-79.21784053556621074676513671875">
        <ele>3889.60009765625</ele>
        <time>2026-08-27T17:36:07.000Z</time>
        <extensions>
          <ns3:TrackPointExtension>
            <ns3:hr>105</ns3:hr>
          </ns3:TrackPointExtension>
        </extensions>
      </trkpt>
      <trkpt lat="-2.76722640730440616607666015625" lon="-79.21784690581262111663818359375">
        <ele>3890.39990234375</ele>
        <time>2026-08-27T17:36:12.000Z</time>
        <extensions>
          <ns3:TrackPointExtension>
            <ns3:hr>107</ns3:hr>
          </ns3:TrackPointExtension>
        </extensions>
      </trkpt>
      <trkpt lat="-2.7671882696449756622314453125" lon="-79.21785168349742889404296875">
        <ele>3891.800048828125</ele>
        <time>2026-08-27T17:36:19.000Z</time>
        <extensions>
          <ns3:TrackPointExtension>
            <ns3:hr>108</ns3:hr>
          </ns3:TrackPointExtension>
        </extensions>
      </trkpt>
      <trkpt lat="-2.76714979670941829681396484375" lon="-79.2179269529879093170166015625">
        <ele>3892.199951171875</ele>
        <time>2026-08-27T17:36:31.000Z</time>
        <extensions>
          <ns3:TrackPointExtension>
            <ns3:hr>108</ns3:hr>
          </ns3:TrackPointExtension>
        </extensions>
      </trkpt>
      <trkpt lat="-2.76713890023529529571533203125" lon="-79.21796425245702266693115234375">
        <ele>3892.199951171875</ele>
        <time>2026-08-27T17:36:37.000Z</time>
        <extensions>
          <ns3:TrackPointExtension>
            <ns3:hr>110</ns3:hr>
          </ns3:TrackPointExtension>
        </extensions>
      </trkpt>
      <trkpt lat="-2.767130434513092041015625" lon="-79.217976070940494537353515625">
        <ele>3892.39990234375</ele>
        <time>2026-08-27T17:36:40.000Z</time>
        <extensions>
          <ns3:TrackPointExtension>
            <ns3:hr>113</ns3:hr>
          </ns3:TrackPointExtension>
        </extensions>
      </trkpt>
      <trkpt lat="-2.76709665544331073760986328125" lon="-79.21800415031611919403076171875">
        <ele>3894</ele>
        <time>2026-08-27T17:36:47.000Z</time>
        <extensions>
          <ns3:TrackPointExtension>
            <ns3:hr>114</ns3:hr>
          </ns3:TrackPointExtension>
        </extensions>
      </trkpt>
      <trkpt lat="-2.767092883586883544921875" lon="-79.21801353804767131805419921875">
        <ele>3894.199951171875</ele>
        <time>2026-08-27T17:36:49.000Z</time>
        <extensions>
          <ns3:TrackPointExtension>
            <ns3:hr>117</ns3:hr>
          </ns3:TrackPointExtension>
        </extensions>
      </trkpt>
      <trkpt lat="-2.7670886926352977752685546875" lon="-79.2180312238633632659912109375">
        <ele>3894.800048828125</ele>
        <time>2026-08-27T17:36:51.000Z</time>
        <extensions>
          <ns3:TrackPointExtension>
            <ns3:hr>120</ns3:hr>
          </ns3:TrackPointExtension>
        </extensions>
      </trkpt>
      <trkpt lat="-2.7670917101204395294189453125" lon="-79.21804882586002349853515625">
        <ele>3895</ele>
        <time>2026-08-27T17:36:54.000Z</time>
        <extensions>
          <ns3:TrackPointExtension>
            <ns3:hr>123</ns3:hr>
          </ns3:TrackPointExtension>
        </extensions>
      </trkpt>
      <trkpt lat="-2.7670853398740291595458984375" lon="-79.2180570401251316070556640625">
        <ele>3895.199951171875</ele>
        <time>2026-08-27T17:36:57.000Z</time>
        <extensions>
          <ns3:TrackPointExtension>
            <ns3:hr>120</ns3:hr>
          </ns3:TrackPointExtension>
        </extensions>
      </trkpt>
      <trkpt lat="-2.76706614531576633453369140625" lon="-79.21807925216853618621826171875">
        <ele>3896</ele>
        <time>2026-08-27T17:37:02.000Z</time>
        <extensions>
          <ns3:TrackPointExtension>
            <ns3:hr>120</ns3:hr>
          </ns3:TrackPointExtension>
        </extensions>
      </trkpt>
      <trkpt lat="-2.7670541591942310333251953125" lon="-79.2181572876870632171630859375">
        <ele>3897</ele>
        <time>2026-08-27T17:37:11.000Z</time>
        <extensions>
          <ns3:TrackPointExtension>
            <ns3:hr>118</ns3:hr>
          </ns3:TrackPointExtension>
        </extensions>
      </trkpt>
      <trkpt lat="-2.76706916280090808868408203125" lon="-79.218174554407596588134765625">
        <ele>3896.800048828125</ele>
        <time>2026-08-27T17:37:14.000Z</time>
        <extensions>
          <ns3:TrackPointExtension>
            <ns3:hr>114</ns3:hr>
          </ns3:TrackPointExtension>
        </extensions>
      </trkpt>
      <trkpt lat="-2.76707285083830356597900390625" lon="-79.21819978393614292144775390625">
        <ele>3897</ele>
        <time>2026-08-27T17:37:18.000Z</time>
        <extensions>
          <ns3:TrackPointExtension>
            <ns3:hr>111</ns3:hr>
          </ns3:TrackPointExtension>
        </extensions>
      </trkpt>
      <trkpt lat="-2.76706212200224399566650390625" lon="-79.21825460158288478851318359375">
        <ele>3897.800048828125</ele>
        <time>2026-08-27T17:37:28.000Z</time>
        <extensions>
          <ns3:TrackPointExtension>
            <ns3:hr>112</ns3:hr>
          </ns3:TrackPointExtension>
        </extensions>
      </trkpt>
      <trkpt lat="-2.76705600321292877197265625" lon="-79.21827253885567188262939453125">
        <ele>3898.39990234375</ele>
        <time>2026-08-27T17:37:31.000Z</time>
        <extensions>
          <ns3:TrackPointExtension>
            <ns3:hr>115</ns3:hr>
          </ns3:TrackPointExtension>
        </extensions>
      </trkpt>
      <trkpt lat="-2.76706145144999027252197265625" lon="-79.2183014564216136932373046875">
        <ele>3898.800048828125</ele>
        <time>2026-08-27T17:37:35.000Z</time>
        <extensions>
          <ns3:TrackPointExtension>
            <ns3:hr>117</ns3:hr>
          </ns3:TrackPointExtension>
        </extensions>
      </trkpt>
      <trkpt lat="-2.7670662291347980499267578125" lon="-79.218367002904415130615234375">
        <ele>3898.800048828125</ele>
        <time>2026-08-27T17:37:45.000Z</time>
        <extensions>
          <ns3:TrackPointExtension>
            <ns3:hr>118</ns3:hr>
          </ns3:TrackPointExtension>
        </extensions>
      </trkpt>
      <trkpt lat="-2.767086513340473175048828125" lon="-79.21842207200825214385986328125">
        <ele>3898.800048828125</ele>
        <time>2026-08-27T17:37:55.000Z</time>
        <extensions>
          <ns3:TrackPointExtension>
            <ns3:hr>118</ns3:hr>
          </ns3:TrackPointExtension>
        </extensions>
      </trkpt>
      <trkpt lat="-2.76709414087235927581787109375" lon="-79.21848460100591182708740234375">
        <ele>3899</ele>
        <time>2026-08-27T17:38:06.000Z</time>
        <extensions>
          <ns3:TrackPointExtension>
            <ns3:hr>116</ns3:hr>
          </ns3:TrackPointExtension>
        </extensions>
      </trkpt>
      <trkpt lat="-2.76708542369306087493896484375" lon="-79.21852030791342258453369140625">
        <ele>3899.199951171875</ele>
        <time>2026-08-27T17:38:11.000Z</time>
        <extensions>
          <ns3:TrackPointExtension>
            <ns3:hr>110</ns3:hr>
          </ns3:TrackPointExtension>
        </extensions>
      </trkpt>
      <trkpt lat="-2.76708508841693401336669921875" lon="-79.21852583996951580047607421875">
        <ele>3899.199951171875</ele>
        <time>2026-08-27T17:38:12.000Z</time>
        <extensions>
          <ns3:TrackPointExtension>
            <ns3:hr>114</ns3:hr>
          </ns3:TrackPointExtension>
        </extensions>
      </trkpt>
      <trkpt lat="-2.7670863457024097442626953125" lon="-79.21853656880557537078857421875">
        <ele>3899.39990234375</ele>
        <time>2026-08-27T17:38:14.000Z</time>
        <extensions>
          <ns3:TrackPointExtension>
            <ns3:hr>113</ns3:hr>
          </ns3:TrackPointExtension>
        </extensions>
      </trkpt>
      <trkpt lat="-2.76708810590207576751708984375" lon="-79.21855098567903041839599609375">
        <ele>3899.39990234375</ele>
        <time>2026-08-27T17:38:18.000Z</time>
        <extensions>
          <ns3:TrackPointExtension>
            <ns3:hr>110</ns3:hr>
          </ns3:TrackPointExtension>
        </extensions>
      </trkpt>
      <trkpt lat="-2.7671034447848796844482421875" lon="-79.2185777239501476287841796875">
        <ele>3899.60009765625</ele>
        <time>2026-08-27T17:38:24.000Z</time>
        <extensions>
          <ns3:TrackPointExtension>
            <ns3:hr>108</ns3:hr>
          </ns3:TrackPointExtension>
        </extensions>
      </trkpt>
      <trkpt lat="-2.7671114914119243621826171875" lon="-79.2186320386826992034912109375">
        <ele>3900</ele>
        <time>2026-08-27T17:38:34.000Z</time>
        <extensions>
          <ns3:TrackPointExtension>
            <ns3:hr>108</ns3:hr>
          </ns3:TrackPointExtension>
        </extensions>
      </trkpt>
      <trkpt lat="-2.7671487070620059967041015625" lon="-79.21868610195815563201904296875">
        <ele>3900.199951171875</ele>
        <time>2026-08-27T17:38:45.000Z</time>
        <extensions>
          <ns3:TrackPointExtension>
            <ns3:hr>108</ns3:hr>
          </ns3:TrackPointExtension>
        </extensions>
      </trkpt>
      <trkpt lat="-2.76716337539255619049072265625" lon="-79.218723736703395843505859375">
        <ele>3900.39990234375</ele>
        <time>2026-08-27T17:38:53.000Z</time>
        <extensions>
          <ns3:TrackPointExtension>
            <ns3:hr>108</ns3:hr>
          </ns3:TrackPointExtension>
        </extensions>
      </trkpt>
      <trkpt lat="-2.76718768291175365447998046875" lon="-79.21875617466866970062255859375">
        <ele>3900.60009765625</ele>
        <time>2026-08-27T17:39:02.000Z</time>
        <extensions>
          <ns3:TrackPointExtension>
            <ns3:hr>107</ns3:hr>
          </ns3:TrackPointExtension>
        </extensions>
      </trkpt>
      <trkpt lat="-2.7671986632049083709716796875" lon="-79.2187869362533092498779296875">
        <ele>3900.800048828125</ele>
        <time>2026-08-27T17:39:11.000Z</time>
        <extensions>
          <ns3:TrackPointExtension>
            <ns3:hr>108</ns3:hr>
          </ns3:TrackPointExtension>
        </extensions>
      </trkpt>
      <trkpt lat="-2.7672184444963932037353515625" lon="-79.21882624737918376922607421875">
        <ele>3901</ele>
        <time>2026-08-27T17:39:18.000Z</time>
        <extensions>
          <ns3:TrackPointExtension>
            <ns3:hr>109</ns3:hr>
          </ns3:TrackPointExtension>
        </extensions>
      </trkpt>
      <trkpt lat="-2.76724266819655895233154296875" lon="-79.21889380551874637603759765625">
        <ele>3901.39990234375</ele>
        <time>2026-08-27T17:39:29.000Z</time>
        <extensions>
          <ns3:TrackPointExtension>
            <ns3:hr>111</ns3:hr>
          </ns3:TrackPointExtension>
        </extensions>
      </trkpt>
      <trkpt lat="-2.76724786497652530670166015625" lon="-79.21892448328435420989990234375">
        <ele>3901.800048828125</ele>
        <time>2026-08-27T17:39:33.000Z</time>
        <extensions>
          <ns3:TrackPointExtension>
            <ns3:hr>118</ns3:hr>
          </ns3:TrackPointExtension>
        </extensions>
      </trkpt>
      <trkpt lat="-2.767248116433620452880859375" lon="-79.21893286518752574920654296875">
        <ele>3901.800048828125</ele>
        <time>2026-08-27T17:39:34.000Z</time>
        <extensions>
          <ns3:TrackPointExtension>
            <ns3:hr>122</ns3:hr>
          </ns3:TrackPointExtension>
        </extensions>
      </trkpt>
      <trkpt lat="-2.76724912226200103759765625" lon="-79.21894200146198272705078125">
        <ele>3902</ele>
        <time>2026-08-27T17:39:35.000Z</time>
        <extensions>
          <ns3:TrackPointExtension>
            <ns3:hr>125</ns3:hr>
          </ns3:TrackPointExtension>
        </extensions>
      </trkpt>
      <trkpt lat="-2.76724970899522304534912109375" lon="-79.2189508862793445587158203125">
        <ele>3902</ele>
        <time>2026-08-27T17:39:36.000Z</time>
        <extensions>
          <ns3:TrackPointExtension>
            <ns3:hr>128</ns3:hr>
          </ns3:TrackPointExtension>
        </extensions>
      </trkpt>
      <trkpt lat="-2.76724954135715961456298828125" lon="-79.21895935200154781341552734375">
        <ele>3902.199951171875</ele>
        <time>2026-08-27T17:39:37.000Z</time>
        <extensions>
          <ns3:TrackPointExtension>
            <ns3:hr>131</ns3:hr>
          </ns3:TrackPointExtension>
        </extensions>
      </trkpt>
      <trkpt lat="-2.76725037954747676849365234375" lon="-79.21897687017917633056640625">
        <ele>3902.199951171875</ele>
        <time>2026-08-27T17:39:39.000Z</time>
        <extensions>
          <ns3:TrackPointExtension>
            <ns3:hr>135</ns3:hr>
          </ns3:TrackPointExtension>
        </extensions>
      </trkpt>
      <trkpt lat="-2.76725138537585735321044921875" lon="-79.21901576220989227294921875">
        <ele>3902.60009765625</ele>
        <time>2026-08-27T17:39:43.000Z</time>
        <extensions>
          <ns3:TrackPointExtension>
            <ns3:hr>136</ns3:hr>
          </ns3:TrackPointExtension>
        </extensions>
      </trkpt>
      <trkpt lat="-2.76723126880824565887451171875" lon="-79.21907971613109111785888671875">
        <ele>3903.39990234375</ele>
        <time>2026-08-27T17:39:50.000Z</time>
        <extensions>
          <ns3:TrackPointExtension>
            <ns3:hr>139</ns3:hr>
          </ns3:TrackPointExtension>
        </extensions>
      </trkpt>
      <trkpt lat="-2.76722070761024951934814453125" lon="-79.21910586766898632049560546875">
        <ele>3903.60009765625</ele>
        <time>2026-08-27T17:39:53.000Z</time>
        <extensions>
          <ns3:TrackPointExtension>
            <ns3:hr>142</ns3:hr>
          </ns3:TrackPointExtension>
        </extensions>
      </trkpt>
      <trkpt lat="-2.767220623791217803955078125" lon="-79.2191171832382678985595703125">
        <ele>3903.60009765625</ele>
        <time>2026-08-27T17:39:54.000Z</time>
        <extensions>
          <ns3:TrackPointExtension>
            <ns3:hr>143</ns3:hr>
          </ns3:TrackPointExtension>
        </extensions>
      </trkpt>
      <trkpt lat="-2.76721199043095111846923828125" lon="-79.21925070695579051971435546875">
        <ele>3904.199951171875</ele>
        <time>2026-08-27T17:40:07.000Z</time>
        <extensions>
          <ns3:TrackPointExtension>
            <ns3:hr>142</ns3:hr>
          </ns3:TrackPointExtension>
        </extensions>
      </trkpt>
      <trkpt lat="-2.7672395668923854827880859375" lon="-79.21930535696446895599365234375">
        <ele>3904.199951171875</ele>
        <time>2026-08-27T17:40:16.000Z</time>
        <extensions>
          <ns3:TrackPointExtension>
            <ns3:hr>141</ns3:hr>
          </ns3:TrackPointExtension>
        </extensions>
      </trkpt>
      <trkpt lat="-2.7672553248703479766845703125" lon="-79.219295047223567962646484375">
        <ele>3904</ele>
        <time>2026-08-27T17:40:20.000Z</time>
        <extensions>
          <ns3:TrackPointExtension>
            <ns3:hr>144</ns3:hr>
          </ns3:TrackPointExtension>
        </extensions>
      </trkpt>
      <trkpt lat="-2.767260856926441192626953125" lon="-79.21929412521421909332275390625">
        <ele>3904</ele>
        <time>2026-08-27T17:40:21.000Z</time>
        <extensions>
          <ns3:TrackPointExtension>
            <ns3:hr>139</ns3:hr>
          </ns3:TrackPointExtension>
        </extensions>
      </trkpt>
      <trkpt lat="-2.76728038676083087921142578125" lon="-79.2192928679287433624267578125">
        <ele>3903.800048828125</ele>
        <time>2026-08-27T17:40:23.000Z</time>
        <extensions>
          <ns3:TrackPointExtension>
            <ns3:hr>137</ns3:hr>
          </ns3:TrackPointExtension>
        </extensions>
      </trkpt>
      <trkpt lat="-2.76731274090707302093505859375" lon="-79.21929546631872653961181640625">
        <ele>3903.800048828125</ele>
        <time>2026-08-27T17:40:31.000Z</time>
        <extensions>
          <ns3:TrackPointExtension>
            <ns3:hr>136</ns3:hr>
          </ns3:TrackPointExtension>
        </extensions>
      </trkpt>
      <trkpt lat="-2.7673170156776905059814453125" lon="-79.21929513104259967803955078125">
        <ele>3903.800048828125</ele>
        <time>2026-08-27T17:40:36.000Z</time>
        <extensions>
          <ns3:TrackPointExtension>
            <ns3:hr>135</ns3:hr>
          </ns3:TrackPointExtension>
        </extensions>
      </trkpt>
      <trkpt lat="-2.76731860823929309844970703125" lon="-79.219295047223567962646484375">
        <ele>3904</ele>
        <time>2026-08-27T17:40:46.000Z</time>
        <extensions>
          <ns3:TrackPointExtension>
            <ns3:hr>131</ns3:hr>
          </ns3:TrackPointExtension>
        </extensions>
      </trkpt>
      <trkpt lat="-2.76731860823929309844970703125" lon="-79.219295047223567962646484375">
        <ele>3904</ele>
        <time>2026-08-27T17:40:48.000Z</time>
        <extensions>
          <ns3:TrackPointExtension>
            <ns3:hr>128</ns3:hr>
          </ns3:TrackPointExtension>
        </extensions>
      </trkpt>
      <trkpt lat="-2.76731860823929309844970703125" lon="-79.21929546631872653961181640625">
        <ele>3904</ele>
        <time>2026-08-27T17:40:50.000Z</time>
        <extensions>
          <ns3:TrackPointExtension>
            <ns3:hr>125</ns3:hr>
          </ns3:TrackPointExtension>
        </extensions>
      </trkpt>
      <trkpt lat="-2.7673168480396270751953125" lon="-79.2193025909364223480224609375">
        <ele>3904</ele>
        <time>2026-08-27T17:40:51.000Z</time>
        <extensions>
          <ns3:TrackPointExtension>
            <ns3:hr>124</ns3:hr>
          </ns3:TrackPointExtension>
        </extensions>
      </trkpt>
      <trkpt lat="-2.7673012576997280120849609375" lon="-79.21936335973441600799560546875">
        <ele>3904</ele>
        <time>2026-08-27T17:40:55.000Z</time>
        <extensions>
          <ns3:TrackPointExtension>
            <ns3:hr>121</ns3:hr>
          </ns3:TrackPointExtension>
        </extensions>
      </trkpt>
      <trkpt lat="-2.76729128323495388031005859375" lon="-79.21941013075411319732666015625">
        <ele>3903.800048828125</ele>
        <time>2026-08-27T17:40:58.000Z</time>
        <extensions>
          <ns3:TrackPointExtension>
            <ns3:hr>118</ns3:hr>
          </ns3:TrackPointExtension>
        </extensions>
      </trkpt>
      <trkpt lat="-2.767287008464336395263671875" lon="-79.2194403894245624542236328125">
        <ele>3903.800048828125</ele>
        <time>2026-08-27T17:41:00.000Z</time>
        <extensions>
          <ns3:TrackPointExtension>
            <ns3:hr>116</ns3:hr>
          </ns3:TrackPointExtension>
        </extensions>
      </trkpt>
      <trkpt lat="-2.767280302941799163818359375" lon="-79.21946763060986995697021484375">
        <ele>3903.800048828125</ele>
        <time>2026-08-27T17:41:04.000Z</time>
        <extensions>
          <ns3:TrackPointExtension>
            <ns3:hr>113</ns3:hr>
          </ns3:TrackPointExtension>
        </extensions>
      </trkpt>
      <trkpt lat="-2.76726094074547290802001953125" lon="-79.2195084504783153533935546875">
        <ele>3903.800048828125</ele>
        <time>2026-08-27T17:41:10.000Z</time>
        <extensions>
          <ns3:TrackPointExtension>
            <ns3:hr>112</ns3:hr>
          </ns3:TrackPointExtension>
        </extensions>
      </trkpt>
      <trkpt lat="-2.76723193936049938201904296875" lon="-79.219557233154773712158203125">
        <ele>3903.800048828125</ele>
        <time>2026-08-27T17:41:18.000Z</time>
        <extensions>
          <ns3:TrackPointExtension>
            <ns3:hr>116</ns3:hr>
          </ns3:TrackPointExtension>
        </extensions>
      </trkpt>
      <trkpt lat="-2.76722841896116733551025390625" lon="-79.21957005746662616729736328125">
        <ele>3903.800048828125</ele>
        <time>2026-08-27T17:41:20.000Z</time>
        <extensions>
          <ns3:TrackPointExtension>
            <ns3:hr>119</ns3:hr>
          </ns3:TrackPointExtension>
        </extensions>
      </trkpt>
      <trkpt lat="-2.76722364127635955810546875" lon="-79.21958497725427150726318359375">
        <ele>3903.800048828125</ele>
        <time>2026-08-27T17:41:22.000Z</time>
        <extensions>
          <ns3:TrackPointExtension>
            <ns3:hr>120</ns3:hr>
          </ns3:TrackPointExtension>
        </extensions>
      </trkpt>
      <trkpt lat="-2.7671929635107517242431640625" lon="-79.21967499889433383941650390625">
        <ele>3904</ele>
        <time>2026-08-27T17:41:35.000Z</time>
        <extensions>
          <ns3:TrackPointExtension>
            <ns3:hr>123</ns3:hr>
          </ns3:TrackPointExtension>
        </extensions>
      </trkpt>
      <trkpt lat="-2.76717460714280605316162109375" lon="-79.21972897835075855255126953125">
        <ele>3904</ele>
        <time>2026-08-27T17:41:41.000Z</time>
        <extensions>
          <ns3:TrackPointExtension>
            <ns3:hr>126</ns3:hr>
          </ns3:TrackPointExtension>
        </extensions>
      </trkpt>
      <trkpt lat="-2.76717728935182094573974609375" lon="-79.21975261531770229339599609375">
        <ele>3903.800048828125</ele>
        <time>2026-08-27T17:41:44.000Z</time>
        <extensions>
          <ns3:TrackPointExtension>
            <ns3:hr>128</ns3:hr>
          </ns3:TrackPointExtension>
        </extensions>
      </trkpt>
      <trkpt lat="-2.7672006748616695404052734375" lon="-79.21982436440885066986083984375">
        <ele>3903.39990234375</ele>
        <time>2026-08-27T17:41:54.000Z</time>
        <extensions>
          <ns3:TrackPointExtension>
            <ns3:hr>127</ns3:hr>
          </ns3:TrackPointExtension>
        </extensions>
      </trkpt>
      <trkpt lat="-2.7672137506306171417236328125" lon="-79.2198479175567626953125">
        <ele>3903.199951171875</ele>
        <time>2026-08-27T17:41:59.000Z</time>
        <extensions>
          <ns3:TrackPointExtension>
            <ns3:hr>124</ns3:hr>
          </ns3:TrackPointExtension>
        </extensions>
      </trkpt>
      <trkpt lat="-2.76721584610641002655029296875" lon="-79.2198524437844753265380859375">
        <ele>3903</ele>
        <time>2026-08-27T17:42:00.000Z</time>
        <extensions>
          <ns3:TrackPointExtension>
            <ns3:hr>123</ns3:hr>
          </ns3:TrackPointExtension>
        </extensions>
      </trkpt>
      <trkpt lat="-2.76723545975983142852783203125" lon="-79.21988203190267086029052734375">
        <ele>3902.800048828125</ele>
        <time>2026-08-27T17:42:06.000Z</time>
        <extensions>
          <ns3:TrackPointExtension>
            <ns3:hr>123</ns3:hr>
          </ns3:TrackPointExtension>
        </extensions>
      </trkpt>
      <trkpt lat="-2.767245769500732421875" lon="-79.21990131027996540069580078125">
        <ele>3902.60009765625</ele>
        <time>2026-08-27T17:42:12.000Z</time>
        <extensions>
          <ns3:TrackPointExtension>
            <ns3:hr>123</ns3:hr>
          </ns3:TrackPointExtension>
        </extensions>
      </trkpt>
      <trkpt lat="-2.76727183721959590911865234375" lon="-79.219932071864604949951171875">
        <ele>3902.199951171875</ele>
        <time>2026-08-27T17:42:18.000Z</time>
        <extensions>
          <ns3:TrackPointExtension>
            <ns3:hr>122</ns3:hr>
          </ns3:TrackPointExtension>
        </extensions>
      </trkpt>
      <trkpt lat="-2.76730251498520374298095703125" lon="-79.2200093530118465423583984375">
        <ele>3902.60009765625</ele>
        <time>2026-08-27T17:42:30.000Z</time>
        <extensions>
          <ns3:TrackPointExtension>
            <ns3:hr>121</ns3:hr>
          </ns3:TrackPointExtension>
        </extensions>
      </trkpt>
      <trkpt lat="-2.7672999165952205657958984375" lon="-79.2200794257223606109619140625">
        <ele>3903</ele>
        <time>2026-08-27T17:42:38.000Z</time>
        <extensions>
          <ns3:TrackPointExtension>
            <ns3:hr>120</ns3:hr>
          </ns3:TrackPointExtension>
        </extensions>
      </trkpt>
      <trkpt lat="-2.76729513891041278839111328125" lon="-79.22011001966893672943115234375">
        <ele>3903.39990234375</ele>
        <time>2026-08-27T17:42:42.000Z</time>
        <extensions>
          <ns3:TrackPointExtension>
            <ns3:hr>117</ns3:hr>
          </ns3:TrackPointExtension>
        </extensions>
      </trkpt>
      <trkpt lat="-2.767283655703067779541015625" lon="-79.22015695832669734954833984375">
        <ele>3903.800048828125</ele>
        <time>2026-08-27T17:42:47.000Z</time>
        <extensions>
          <ns3:TrackPointExtension>
            <ns3:hr>114</ns3:hr>
          </ns3:TrackPointExtension>
        </extensions>
      </trkpt>
      <trkpt lat="-2.7672798000276088714599609375" lon="-79.22016550786793231964111328125">
        <ele>3903.800048828125</ele>
        <time>2026-08-27T17:42:48.000Z</time>
        <extensions>
          <ns3:TrackPointExtension>
            <ns3:hr>114</ns3:hr>
          </ns3:TrackPointExtension>
        </extensions>
      </trkpt>
      <trkpt lat="-2.7672388963401317596435546875" lon="-79.220259971916675567626953125">
        <ele>3904.60009765625</ele>
        <time>2026-08-27T17:42:58.000Z</time>
        <extensions>
          <ns3:TrackPointExtension>
            <ns3:hr>115</ns3:hr>
          </ns3:TrackPointExtension>
        </extensions>
      </trkpt>
      <trkpt lat="-2.767252139747142791748046875" lon="-79.22035275958478450775146484375">
        <ele>3904.800048828125</ele>
        <time>2026-08-27T17:43:08.000Z</time>
        <extensions>
          <ns3:TrackPointExtension>
            <ns3:hr>115</ns3:hr>
          </ns3:TrackPointExtension>
        </extensions>
      </trkpt>
      <trkpt lat="-2.76723898015916347503662109375" lon="-79.2204532586038112640380859375">
        <ele>3905.60009765625</ele>
        <time>2026-08-27T17:43:20.000Z</time>
        <extensions>
          <ns3:TrackPointExtension>
            <ns3:hr>113</ns3:hr>
          </ns3:TrackPointExtension>
        </extensions>
      </trkpt>
      <trkpt lat="-2.7672372199594974517822265625" lon="-79.22048653475940227508544921875">
        <ele>3906.199951171875</ele>
        <time>2026-08-27T17:43:25.000Z</time>
        <extensions>
          <ns3:TrackPointExtension>
            <ns3:hr>116</ns3:hr>
          </ns3:TrackPointExtension>
        </extensions>
      </trkpt>
      <trkpt lat="-2.7672425843775272369384765625" lon="-79.2205082438886165618896484375">
        <ele>3906.199951171875</ele>
        <time>2026-08-27T17:43:31.000Z</time>
        <extensions>
          <ns3:TrackPointExtension>
            <ns3:hr>115</ns3:hr>
          </ns3:TrackPointExtension>
        </extensions>
      </trkpt>
      <trkpt lat="-2.7672471106052398681640625" lon="-79.22050832770764827728271484375">
        <ele>3906.199951171875</ele>
        <time>2026-08-27T17:43:36.000Z</time>
        <extensions>
          <ns3:TrackPointExtension>
            <ns3:hr>119</ns3:hr>
          </ns3:TrackPointExtension>
        </extensions>
      </trkpt>
      <trkpt lat="-2.7672497928142547607421875" lon="-79.22050765715539455413818359375">
        <ele>3906</ele>
        <time>2026-08-27T17:43:40.000Z</time>
        <extensions>
          <ns3:TrackPointExtension>
            <ns3:hr>119</ns3:hr>
          </ns3:TrackPointExtension>
        </extensions>
      </trkpt>
      <trkpt lat="-2.76724836789071559906005859375" lon="-79.22050765715539455413818359375">
        <ele>3906</ele>
        <time>2026-08-27T17:43:49.000Z</time>
        <extensions>
          <ns3:TrackPointExtension>
            <ns3:hr>122</ns3:hr>
          </ns3:TrackPointExtension>
        </extensions>
      </trkpt>
      <trkpt lat="-2.76725389994680881500244140625" lon="-79.2204929888248443603515625">
        <ele>3905.800048828125</ele>
        <time>2026-08-27T17:44:41.000Z</time>
        <extensions>
          <ns3:TrackPointExtension>
            <ns3:hr>119</ns3:hr>
          </ns3:TrackPointExtension>
        </extensions>
      </trkpt>
      <trkpt lat="-2.7672524750232696533203125" lon="-79.22049491666257381439208984375">
        <ele>3906</ele>
        <time>2026-08-27T17:45:01.000Z</time>
        <extensions>
          <ns3:TrackPointExtension>
            <ns3:hr>116</ns3:hr>
          </ns3:TrackPointExtension>
        </extensions>
      </trkpt>
      <trkpt lat="-2.76716723106801509857177734375" lon="-79.22050044871866703033447265625">
        <ele>3907.39990234375</ele>
        <time>2026-08-27T17:45:51.000Z</time>
        <extensions>
          <ns3:TrackPointExtension>
            <ns3:hr>119</ns3:hr>
          </ns3:TrackPointExtension>
        </extensions>
      </trkpt>
      <trkpt lat="-2.76710855774581432342529296875" lon="-79.22054068185389041900634765625">
        <ele>3908.800048828125</ele>
        <time>2026-08-27T17:45:58.000Z</time>
        <extensions>
          <ns3:TrackPointExtension>
            <ns3:hr>119</ns3:hr>
          </ns3:TrackPointExtension>
        </extensions>
      </trkpt>
      <trkpt lat="-2.76704552583396434783935546875" lon="-79.220532886683940887451171875">
        <ele>3910</ele>
        <time>2026-08-27T17:46:08.000Z</time>
        <extensions>
          <ns3:TrackPointExtension>
            <ns3:hr>116</ns3:hr>
          </ns3:TrackPointExtension>
        </extensions>
      </trkpt>
      <trkpt lat="-2.767000682651996612548828125" lon="-79.220540262758731842041015625">
        <ele>3910.60009765625</ele>
        <time>2026-08-27T17:46:15.000Z</time>
        <extensions>
          <ns3:TrackPointExtension>
            <ns3:hr>116</ns3:hr>
          </ns3:TrackPointExtension>
        </extensions>
      </trkpt>
      <trkpt lat="-2.76700344868004322052001953125" lon="-79.22059156000614166259765625">
        <ele>3911</ele>
        <time>2026-08-27T17:46:23.000Z</time>
        <extensions>
          <ns3:TrackPointExtension>
            <ns3:hr>114</ns3:hr>
          </ns3:TrackPointExtension>
        </extensions>
      </trkpt>
      <trkpt lat="-2.76700210757553577423095703125" lon="-79.2206436954438686370849609375">
        <ele>3911.39990234375</ele>
        <time>2026-08-27T17:46:33.000Z</time>
        <extensions>
          <ns3:TrackPointExtension>
            <ns3:hr>113</ns3:hr>
          </ns3:TrackPointExtension>
        </extensions>
      </trkpt>
      <trkpt lat="-2.7669887803494930267333984375" lon="-79.2206889577209949493408203125">
        <ele>3911.800048828125</ele>
        <time>2026-08-27T17:46:42.000Z</time>
        <extensions>
          <ns3:TrackPointExtension>
            <ns3:hr>117</ns3:hr>
          </ns3:TrackPointExtension>
        </extensions>
      </trkpt>
      <trkpt lat="-2.76698081754148006439208984375" lon="-79.22070421278476715087890625">
        <ele>3912</ele>
        <time>2026-08-27T17:46:45.000Z</time>
        <extensions>
          <ns3:TrackPointExtension>
            <ns3:hr>113</ns3:hr>
          </ns3:TrackPointExtension>
        </extensions>
      </trkpt>
      <trkpt lat="-2.76694829575717449188232421875" lon="-79.220734722912311553955078125">
        <ele>3912.800048828125</ele>
        <time>2026-08-27T17:46:52.000Z</time>
        <extensions>
          <ns3:TrackPointExtension>
            <ns3:hr>114</ns3:hr>
          </ns3:TrackPointExtension>
        </extensions>
      </trkpt>
      <trkpt lat="-2.7668885327875614166259765625" lon="-79.2207781411707401275634765625">
        <ele>3914</ele>
        <time>2026-08-27T17:47:03.000Z</time>
        <extensions>
          <ns3:TrackPointExtension>
            <ns3:hr>114</ns3:hr>
          </ns3:TrackPointExtension>
        </extensions>
      </trkpt>
      <trkpt lat="-2.7668375708162784576416015625" lon="-79.2208006046712398529052734375">
        <ele>3915</ele>
        <time>2026-08-27T17:47:13.000Z</time>
        <extensions>
          <ns3:TrackPointExtension>
            <ns3:hr>117</ns3:hr>
          </ns3:TrackPointExtension>
        </extensions>
      </trkpt>
      <trkpt lat="-2.7668313682079315185546875" lon="-79.22080219723284244537353515625">
        <ele>3915</ele>
        <time>2026-08-27T17:47:15.000Z</time>
        <extensions>
          <ns3:TrackPointExtension>
            <ns3:hr>114</ns3:hr>
          </ns3:TrackPointExtension>
        </extensions>
      </trkpt>
      <trkpt lat="-2.76678954251110553741455078125" lon="-79.22081292606890201568603515625">
        <ele>3915.800048828125</ele>
        <time>2026-08-27T17:47:22.000Z</time>
        <extensions>
          <ns3:TrackPointExtension>
            <ns3:hr>115</ns3:hr>
          </ns3:TrackPointExtension>
        </extensions>
      </trkpt>
      <trkpt lat="-2.76673506014049053192138671875" lon="-79.22082298435270786285400390625">
        <ele>3916.60009765625</ele>
        <time>2026-08-27T17:47:31.000Z</time>
        <extensions>
          <ns3:TrackPointExtension>
            <ns3:hr>115</ns3:hr>
          </ns3:TrackPointExtension>
        </extensions>
      </trkpt>
      <trkpt lat="-2.76670907624065876007080078125" lon="-79.22083119861781597137451171875">
        <ele>3917.199951171875</ele>
        <time>2026-08-27T17:47:35.000Z</time>
        <extensions>
          <ns3:TrackPointExtension>
            <ns3:hr>119</ns3:hr>
          </ns3:TrackPointExtension>
        </extensions>
      </trkpt>
      <trkpt lat="-2.76670220308005809783935546875" lon="-79.220831282436847686767578125">
        <ele>3917.199951171875</ele>
        <time>2026-08-27T17:47:36.000Z</time>
        <extensions>
          <ns3:TrackPointExtension>
            <ns3:hr>116</ns3:hr>
          </ns3:TrackPointExtension>
        </extensions>
      </trkpt>
      <trkpt lat="-2.76665744371712207794189453125" lon="-79.220838658511638641357421875">
        <ele>3918</ele>
        <time>2026-08-27T17:47:43.000Z</time>
        <extensions>
          <ns3:TrackPointExtension>
            <ns3:hr>116</ns3:hr>
          </ns3:TrackPointExtension>
        </extensions>
      </trkpt>
      <trkpt lat="-2.76660916395485401153564453125" lon="-79.22082432545721530914306640625">
        <ele>3918.800048828125</ele>
        <time>2026-08-27T17:47:50.000Z</time>
        <extensions>
          <ns3:TrackPointExtension>
            <ns3:hr>120</ns3:hr>
          </ns3:TrackPointExtension>
        </extensions>
      </trkpt>
      <trkpt lat="-2.76660061441361904144287109375" lon="-79.22082013450562953948974609375">
        <ele>3919</ele>
        <time>2026-08-27T17:47:51.000Z</time>
        <extensions>
          <ns3:TrackPointExtension>
            <ns3:hr>117</ns3:hr>
          </ns3:TrackPointExtension>
        </extensions>
      </trkpt>
      <trkpt lat="-2.76657882146537303924560546875" lon="-79.22080823220312595367431640625">
        <ele>3919.199951171875</ele>
        <time>2026-08-27T17:47:54.000Z</time>
        <extensions>
          <ns3:TrackPointExtension>
            <ns3:hr>118</ns3:hr>
          </ns3:TrackPointExtension>
        </extensions>
      </trkpt>
      <trkpt lat="-2.7664701081812381744384765625" lon="-79.22078057192265987396240234375">
        <ele>3921</ele>
        <time>2026-08-27T17:48:09.000Z</time>
        <extensions>
          <ns3:TrackPointExtension>
            <ns3:hr>118</ns3:hr>
          </ns3:TrackPointExtension>
        </extensions>
      </trkpt>
      <trkpt lat="-2.76636072434484958648681640625" lon="-79.2207623831927776336669921875">
        <ele>3922.800048828125</ele>
        <time>2026-08-27T17:48:23.000Z</time>
        <extensions>
          <ns3:TrackPointExtension>
            <ns3:hr>118</ns3:hr>
          </ns3:TrackPointExtension>
        </extensions>
      </trkpt>
      <trkpt lat="-2.76631529442965984344482421875" lon="-79.22076431103050708770751953125">
        <ele>3923.800048828125</ele>
        <time>2026-08-27T17:48:29.000Z</time>
        <extensions>
          <ns3:TrackPointExtension>
            <ns3:hr>115</ns3:hr>
          </ns3:TrackPointExtension>
        </extensions>
      </trkpt>
      <trkpt lat="-2.76627405546605587005615234375" lon="-79.22076347284018993377685546875">
        <ele>3924.39990234375</ele>
        <time>2026-08-27T17:48:33.000Z</time>
        <extensions>
          <ns3:TrackPointExtension>
            <ns3:hr>114</ns3:hr>
          </ns3:TrackPointExtension>
        </extensions>
      </trkpt>
      <trkpt lat="-2.7662082575261592864990234375" lon="-79.22079809010028839111328125">
        <ele>3925.800048828125</ele>
        <time>2026-08-27T17:48:42.000Z</time>
        <extensions>
          <ns3:TrackPointExtension>
            <ns3:hr>117</ns3:hr>
          </ns3:TrackPointExtension>
        </extensions>
      </trkpt>
      <trkpt lat="-2.76620314456522464752197265625" lon="-79.22080186195671558380126953125">
        <ele>3926</ele>
        <time>2026-08-27T17:48:43.000Z</time>
        <extensions>
          <ns3:TrackPointExtension>
            <ns3:hr>117</ns3:hr>
          </ns3:TrackPointExtension>
        </extensions>
      </trkpt>
      <trkpt lat="-2.76614849455654621124267578125" lon="-79.2208435200154781341552734375">
        <ele>3927</ele>
        <time>2026-08-27T17:48:52.000Z</time>
        <extensions>
          <ns3:TrackPointExtension>
            <ns3:hr>118</ns3:hr>
          </ns3:TrackPointExtension>
        </extensions>
      </trkpt>
      <trkpt lat="-2.76613458059728145599365234375" lon="-79.2208639718592166900634765625">
        <ele>3927.199951171875</ele>
        <time>2026-08-27T17:48:58.000Z</time>
        <extensions>
          <ns3:TrackPointExtension>
            <ns3:hr>121</ns3:hr>
          </ns3:TrackPointExtension>
        </extensions>
      </trkpt>
      <trkpt lat="-2.766129635274410247802734375" lon="-79.22086975537240505218505859375">
        <ele>3927.39990234375</ele>
        <time>2026-08-27T17:48:59.000Z</time>
        <extensions>
          <ns3:TrackPointExtension>
            <ns3:hr>121</ns3:hr>
          </ns3:TrackPointExtension>
        </extensions>
      </trkpt>
      <trkpt lat="-2.766122929751873016357421875" lon="-79.2208757065236568450927734375">
        <ele>3927.60009765625</ele>
        <time>2026-08-27T17:49:00.000Z</time>
        <extensions>
          <ns3:TrackPointExtension>
            <ns3:hr>124</ns3:hr>
          </ns3:TrackPointExtension>
        </extensions>
      </trkpt>
      <trkpt lat="-2.766115553677082061767578125" lon="-79.22088065184652805328369140625">
        <ele>3927.60009765625</ele>
        <time>2026-08-27T17:49:01.000Z</time>
        <extensions>
          <ns3:TrackPointExtension>
            <ns3:hr>127</ns3:hr>
          </ns3:TrackPointExtension>
        </extensions>
      </trkpt>
      <trkpt lat="-2.76610205881297588348388671875" lon="-79.22089196741580963134765625">
        <ele>3928</ele>
        <time>2026-08-27T17:49:03.000Z</time>
        <extensions>
          <ns3:TrackPointExtension>
            <ns3:hr>132</ns3:hr>
          </ns3:TrackPointExtension>
        </extensions>
      </trkpt>
      <trkpt lat="-2.7660857141017913818359375" lon="-79.2209092341363430023193359375">
        <ele>3928.39990234375</ele>
        <time>2026-08-27T17:49:06.000Z</time>
        <extensions>
          <ns3:TrackPointExtension>
            <ns3:hr>135</ns3:hr>
          </ns3:TrackPointExtension>
        </extensions>
      </trkpt>
      <trkpt lat="-2.7660704590380191802978515625" lon="-79.22092407010495662689208984375">
        <ele>3928.60009765625</ele>
        <time>2026-08-27T17:49:09.000Z</time>
        <extensions>
          <ns3:TrackPointExtension>
            <ns3:hr>138</ns3:hr>
          </ns3:TrackPointExtension>
        </extensions>
      </trkpt>
      <trkpt lat="-2.7660637535154819488525390625" lon="-79.22093094326555728912353515625">
        <ele>3928.60009765625</ele>
        <time>2026-08-27T17:49:10.000Z</time>
        <extensions>
          <ns3:TrackPointExtension>
            <ns3:hr>138</ns3:hr>
          </ns3:TrackPointExtension>
        </extensions>
      </trkpt>
      <trkpt lat="-2.76602628640830516815185546875" lon="-79.22100688330829143524169921875">
        <ele>3928.39990234375</ele>
        <time>2026-08-27T17:49:20.000Z</time>
        <extensions>
          <ns3:TrackPointExtension>
            <ns3:hr>139</ns3:hr>
          </ns3:TrackPointExtension>
        </extensions>
      </trkpt>
      <trkpt lat="-2.76600315235555171966552734375" lon="-79.22106723301112651824951171875">
        <ele>3928.39990234375</ele>
        <time>2026-08-27T17:49:27.000Z</time>
        <extensions>
          <ns3:TrackPointExtension>
            <ns3:hr>136</ns3:hr>
          </ns3:TrackPointExtension>
        </extensions>
      </trkpt>
      <trkpt lat="-2.76599091477692127227783203125" lon="-79.22110344283282756805419921875">
        <ele>3928.60009765625</ele>
        <time>2026-08-27T17:49:31.000Z</time>
        <extensions>
          <ns3:TrackPointExtension>
            <ns3:hr>133</ns3:hr>
          </ns3:TrackPointExtension>
        </extensions>
      </trkpt>
      <trkpt lat="-2.76593123562633991241455078125" lon="-79.22117066569626331329345703125">
        <ele>3927.60009765625</ele>
        <time>2026-08-27T17:49:41.000Z</time>
        <extensions>
          <ns3:TrackPointExtension>
            <ns3:hr>131</ns3:hr>
          </ns3:TrackPointExtension>
        </extensions>
      </trkpt>
      <trkpt lat="-2.76590776629745960235595703125" lon="-79.2211979068815708160400390625">
        <ele>3927.199951171875</ele>
        <time>2026-08-27T17:49:45.000Z</time>
        <extensions>
          <ns3:TrackPointExtension>
            <ns3:hr>128</ns3:hr>
          </ns3:TrackPointExtension>
        </extensions>
      </trkpt>
      <trkpt lat="-2.7658364363014698028564453125" lon="-79.221240319311618804931640625">
        <ele>3927</ele>
        <time>2026-08-27T17:49:54.000Z</time>
        <extensions>
          <ns3:TrackPointExtension>
            <ns3:hr>127</ns3:hr>
          </ns3:TrackPointExtension>
        </extensions>
      </trkpt>
      <trkpt lat="-2.7657905034720897674560546875" lon="-79.22127158381044864654541015625">
        <ele>3926</ele>
        <time>2026-08-27T17:50:01.000Z</time>
        <extensions>
          <ns3:TrackPointExtension>
            <ns3:hr>124</ns3:hr>
          </ns3:TrackPointExtension>
        </extensions>
      </trkpt>
      <trkpt lat="-2.76576410047709941864013671875" lon="-79.22128264792263507843017578125">
        <ele>3925.60009765625</ele>
        <time>2026-08-27T17:50:04.000Z</time>
        <extensions>
          <ns3:TrackPointExtension>
            <ns3:hr>121</ns3:hr>
          </ns3:TrackPointExtension>
        </extensions>
      </trkpt>
      <trkpt lat="-2.765740044414997100830078125" lon="-79.221292622387409210205078125">
        <ele>3925.199951171875</ele>
        <time>2026-08-27T17:50:07.000Z</time>
        <extensions>
          <ns3:TrackPointExtension>
            <ns3:hr>118</ns3:hr>
          </ns3:TrackPointExtension>
        </extensions>
      </trkpt>
      <trkpt lat="-2.765674330294132232666015625" lon="-79.22131164930760860443115234375">
        <ele>3924.39990234375</ele>
        <time>2026-08-27T17:50:14.000Z</time>
        <extensions>
          <ns3:TrackPointExtension>
            <ns3:hr>117</ns3:hr>
          </ns3:TrackPointExtension>
        </extensions>
      </trkpt>
      <trkpt lat="-2.76559528894722461700439453125" lon="-79.22131265513598918914794921875">
        <ele>3923.800048828125</ele>
        <time>2026-08-27T17:50:22.000Z</time>
        <extensions>
          <ns3:TrackPointExtension>
            <ns3:hr>113</ns3:hr>
          </ns3:TrackPointExtension>
        </extensions>
      </trkpt>
      <trkpt lat="-2.76557743549346923828125" lon="-79.22131215222179889678955078125">
        <ele>3923.800048828125</ele>
        <time>2026-08-27T17:50:24.000Z</time>
        <extensions>
          <ns3:TrackPointExtension>
            <ns3:hr>115</ns3:hr>
          </ns3:TrackPointExtension>
        </extensions>
      </trkpt>
      <trkpt lat="-2.7655358612537384033203125" lon="-79.22128616832196712493896484375">
        <ele>3924.199951171875</ele>
        <time>2026-08-27T17:50:30.000Z</time>
        <extensions>
          <ns3:TrackPointExtension>
            <ns3:hr>118</ns3:hr>
          </ns3:TrackPointExtension>
        </extensions>
      </trkpt>
      <trkpt lat="-2.765527479350566864013671875" lon="-79.22127895988523960113525390625">
        <ele>3924.199951171875</ele>
        <time>2026-08-27T17:50:34.000Z</time>
        <extensions>
          <ns3:TrackPointExtension>
            <ns3:hr>119</ns3:hr>
          </ns3:TrackPointExtension>
        </extensions>
      </trkpt>
      <trkpt lat="-2.76552069000899791717529296875" lon="-79.2212706618010997772216796875">
        <ele>3924.39990234375</ele>
        <time>2026-08-27T17:50:42.000Z</time>
        <extensions>
          <ns3:TrackPointExtension>
            <ns3:hr>117</ns3:hr>
          </ns3:TrackPointExtension>
        </extensions>
      </trkpt>
      <trkpt lat="-2.76552035473287105560302734375" lon="-79.22127091325819492340087890625">
        <ele>3924.39990234375</ele>
        <time>2026-08-27T17:51:09.000Z</time>
        <extensions>
          <ns3:TrackPointExtension>
            <ns3:hr>120</ns3:hr>
          </ns3:TrackPointExtension>
        </extensions>
      </trkpt>
      <trkpt lat="-2.76550610549747943878173828125" lon="-79.2212673090398311614990234375">
        <ele>3924.39990234375</ele>
        <time>2026-08-27T17:52:02.000Z</time>
        <extensions>
          <ns3:TrackPointExtension>
            <ns3:hr>117</ns3:hr>
          </ns3:TrackPointExtension>
        </extensions>
      </trkpt>
      <trkpt lat="-2.76550644077360630035400390625" lon="-79.2212669737637042999267578125">
        <ele>3924.39990234375</ele>
        <time>2026-08-27T17:52:09.000Z</time>
        <extensions>
          <ns3:TrackPointExtension>
            <ns3:hr>114</ns3:hr>
          </ns3:TrackPointExtension>
        </extensions>
      </trkpt>
      <trkpt lat="-2.7655065245926380157470703125" lon="-79.2212669737637042999267578125">
        <ele>3924.39990234375</ele>
        <time>2026-08-27T17:52:12.000Z</time>
        <extensions>
          <ns3:TrackPointExtension>
            <ns3:hr>110</ns3:hr>
          </ns3:TrackPointExtension>
        </extensions>
      </trkpt>
      <trkpt lat="-2.76550677604973316192626953125" lon="-79.2212669737637042999267578125">
        <ele>3924.39990234375</ele>
        <time>2026-08-27T17:52:14.000Z</time>
        <extensions>
          <ns3:TrackPointExtension>
            <ns3:hr>106</ns3:hr>
          </ns3:TrackPointExtension>
        </extensions>
      </trkpt>
      <trkpt lat="-2.76550778187811374664306640625" lon="-79.22126940451562404632568359375">
        <ele>3924.39990234375</ele>
        <time>2026-08-27T17:52:28.000Z</time>
        <extensions>
          <ns3:TrackPointExtension>
            <ns3:hr>103</ns3:hr>
          </ns3:TrackPointExtension>
        </extensions>
      </trkpt>
      <trkpt lat="-2.76550962589681148529052734375" lon="-79.221274852752685546875">
        <ele>3924.199951171875</ele>
        <time>2026-08-27T17:53:06.000Z</time>
        <extensions>
          <ns3:TrackPointExtension>
            <ns3:hr>106</ns3:hr>
          </ns3:TrackPointExtension>
        </extensions>
      </trkpt>
      <trkpt lat="-2.76550878770649433135986328125" lon="-79.22127493657171726226806640625">
        <ele>3924.199951171875</ele>
        <time>2026-08-27T17:53:12.000Z</time>
        <extensions>
          <ns3:TrackPointExtension>
            <ns3:hr>109</ns3:hr>
          </ns3:TrackPointExtension>
        </extensions>
      </trkpt>
      <trkpt lat="-2.76550761424005031585693359375" lon="-79.221273846924304962158203125">
        <ele>3924.199951171875</ele>
        <time>2026-08-27T17:53:27.000Z</time>
        <extensions>
          <ns3:TrackPointExtension>
            <ns3:hr>106</ns3:hr>
          </ns3:TrackPointExtension>
        </extensions>
      </trkpt>
      <trkpt lat="-2.76550174690783023834228515625" lon="-79.2212743498384952545166015625">
        <ele>3924.199951171875</ele>
        <time>2026-08-27T17:54:02.000Z</time>
        <extensions>
          <ns3:TrackPointExtension>
            <ns3:hr>103</ns3:hr>
          </ns3:TrackPointExtension>
        </extensions>
      </trkpt>
      <trkpt lat="-2.76550208218395709991455078125" lon="-79.221273846924304962158203125">
        <ele>3924.199951171875</ele>
        <time>2026-08-27T17:54:17.000Z</time>
        <extensions>
          <ns3:TrackPointExtension>
            <ns3:hr>106</ns3:hr>
          </ns3:TrackPointExtension>
        </extensions>
      </trkpt>
      <trkpt lat="-2.76550275273621082305908203125" lon="-79.22127342782914638519287109375">
        <ele>3924.199951171875</ele>
        <time>2026-08-27T17:54:26.000Z</time>
        <extensions>
          <ns3:TrackPointExtension>
            <ns3:hr>109</ns3:hr>
          </ns3:TrackPointExtension>
        </extensions>
      </trkpt>
      <trkpt lat="-2.7655036747455596923828125" lon="-79.22127326019108295440673828125">
        <ele>3924.199951171875</ele>
        <time>2026-08-27T17:54:43.000Z</time>
        <extensions>
          <ns3:TrackPointExtension>
            <ns3:hr>106</ns3:hr>
          </ns3:TrackPointExtension>
        </extensions>
      </trkpt>
      <trkpt lat="-2.7655045129358768463134765625" lon="-79.22127275727689266204833984375">
        <ele>3924.199951171875</ele>
        <time>2026-08-27T17:55:09.000Z</time>
        <extensions>
          <ns3:TrackPointExtension>
            <ns3:hr>109</ns3:hr>
          </ns3:TrackPointExtension>
        </extensions>
      </trkpt>
      <trkpt lat="-2.7655051834881305694580078125" lon="-79.221272170543670654296875">
        <ele>3924.199951171875</ele>
        <time>2026-08-27T17:55:25.000Z</time>
        <extensions>
          <ns3:TrackPointExtension>
            <ns3:hr>112</ns3:hr>
          </ns3:TrackPointExtension>
        </extensions>
      </trkpt>
      <trkpt lat="-2.76550610549747943878173828125" lon="-79.2212713323533535003662109375">
        <ele>3924.199951171875</ele>
        <time>2026-08-27T17:55:52.000Z</time>
        <extensions>
          <ns3:TrackPointExtension>
            <ns3:hr>115</ns3:hr>
          </ns3:TrackPointExtension>
        </extensions>
      </trkpt>
      <trkpt lat="-2.7655061893165111541748046875" lon="-79.22127124853432178497314453125">
        <ele>3924.199951171875</ele>
        <time>2026-08-27T17:55:56.000Z</time>
        <extensions>
          <ns3:TrackPointExtension>
            <ns3:hr>112</ns3:hr>
          </ns3:TrackPointExtension>
        </extensions>
      </trkpt>
      <trkpt lat="-2.7655128948390483856201171875" lon="-79.221261441707611083984375">
        <ele>3924.39990234375</ele>
        <time>2026-08-27T17:56:11.000Z</time>
        <extensions>
          <ns3:TrackPointExtension>
            <ns3:hr>112</ns3:hr>
          </ns3:TrackPointExtension>
        </extensions>
      </trkpt>
      <trkpt lat="-2.76551297865808010101318359375" lon="-79.2212616093456745147705078125">
        <ele>3924.39990234375</ele>
        <time>2026-08-27T17:56:27.000Z</time>
        <extensions>
          <ns3:TrackPointExtension>
            <ns3:hr>109</ns3:hr>
          </ns3:TrackPointExtension>
        </extensions>
      </trkpt>
      <trkpt lat="-2.76551566086709499359130859375" lon="-79.2212616093456745147705078125">
        <ele>3924.39990234375</ele>
        <time>2026-08-27T17:56:35.000Z</time>
        <extensions>
          <ns3:TrackPointExtension>
            <ns3:hr>106</ns3:hr>
          </ns3:TrackPointExtension>
        </extensions>
      </trkpt>
      <trkpt lat="-2.76551700197160243988037109375" lon="-79.22126135788857936859130859375">
        <ele>3924.39990234375</ele>
        <time>2026-08-27T17:56:44.000Z</time>
        <extensions>
          <ns3:TrackPointExtension>
            <ns3:hr>103</ns3:hr>
          </ns3:TrackPointExtension>
        </extensions>
      </trkpt>
      <trkpt lat="-2.7655179239809513092041015625" lon="-79.2212602682411670684814453125">
        <ele>3924.60009765625</ele>
        <time>2026-08-27T17:56:54.000Z</time>
        <extensions>
          <ns3:TrackPointExtension>
            <ns3:hr>106</ns3:hr>
          </ns3:TrackPointExtension>
        </extensions>
      </trkpt>
      <trkpt lat="-2.765522114932537078857421875" lon="-79.2212602682411670684814453125">
        <ele>3924.60009765625</ele>
        <time>2026-08-27T17:57:04.000Z</time>
        <extensions>
          <ns3:TrackPointExtension>
            <ns3:hr>111</ns3:hr>
          </ns3:TrackPointExtension>
        </extensions>
      </trkpt>
      <trkpt lat="-2.765522114932537078857421875" lon="-79.2212602682411670684814453125">
        <ele>3924.60009765625</ele>
        <time>2026-08-27T17:57:05.000Z</time>
        <extensions>
          <ns3:TrackPointExtension>
            <ns3:hr>108</ns3:hr>
          </ns3:TrackPointExtension>
        </extensions>
      </trkpt>
      <trkpt lat="-2.76551985181868076324462890625" lon="-79.22126186080276966094970703125">
        <ele>3924.39990234375</ele>
        <time>2026-08-27T17:57:17.000Z</time>
        <extensions>
          <ns3:TrackPointExtension>
            <ns3:hr>105</ns3:hr>
          </ns3:TrackPointExtension>
        </extensions>
      </trkpt>
      <trkpt lat="-2.7655179239809513092041015625" lon="-79.22126269899308681488037109375">
        <ele>3924.39990234375</ele>
        <time>2026-08-27T17:57:20.000Z</time>
        <extensions>
          <ns3:TrackPointExtension>
            <ns3:hr>102</ns3:hr>
          </ns3:TrackPointExtension>
        </extensions>
      </trkpt>
      <trkpt lat="-2.765517421066761016845703125" lon="-79.22126202844083309173583984375">
        <ele>3924.39990234375</ele>
        <time>2026-08-27T17:57:45.000Z</time>
        <extensions>
          <ns3:TrackPointExtension>
            <ns3:hr>105</ns3:hr>
          </ns3:TrackPointExtension>
        </extensions>
      </trkpt>
      <trkpt lat="-2.76551834307610988616943359375" lon="-79.22125834040343761444091796875">
        <ele>3924.60009765625</ele>
        <time>2026-08-27T17:58:14.000Z</time>
        <extensions>
          <ns3:TrackPointExtension>
            <ns3:hr>102</ns3:hr>
          </ns3:TrackPointExtension>
        </extensions>
      </trkpt>
      <trkpt lat="-2.76551532559096813201904296875" lon="-79.2212565802037715911865234375">
        <ele>3924.60009765625</ele>
        <time>2026-08-27T17:58:35.000Z</time>
        <extensions>
          <ns3:TrackPointExtension>
            <ns3:hr>99</ns3:hr>
          </ns3:TrackPointExtension>
        </extensions>
      </trkpt>
      <trkpt lat="-2.76551306247711181640625" lon="-79.22125674784183502197265625">
        <ele>3924.60009765625</ele>
        <time>2026-08-27T17:58:40.000Z</time>
        <extensions>
          <ns3:TrackPointExtension>
            <ns3:hr>96</ns3:hr>
          </ns3:TrackPointExtension>
        </extensions>
      </trkpt>
      <trkpt lat="-2.765512056648731231689453125" lon="-79.22125733457505702972412109375">
        <ele>3924.60009765625</ele>
        <time>2026-08-27T17:58:56.000Z</time>
        <extensions>
          <ns3:TrackPointExtension>
            <ns3:hr>99</ns3:hr>
          </ns3:TrackPointExtension>
        </extensions>
      </trkpt>
      <trkpt lat="-2.7655122242867946624755859375" lon="-79.2212572507560253143310546875">
        <ele>3924.60009765625</ele>
        <time>2026-08-27T17:59:01.000Z</time>
        <extensions>
          <ns3:TrackPointExtension>
            <ns3:hr>102</ns3:hr>
          </ns3:TrackPointExtension>
        </extensions>
      </trkpt>
      <trkpt lat="-2.76551331393420696258544921875" lon="-79.22125943005084991455078125">
        <ele>3924.60009765625</ele>
        <time>2026-08-27T17:59:22.000Z</time>
        <extensions>
          <ns3:TrackPointExtension>
            <ns3:hr>105</ns3:hr>
          </ns3:TrackPointExtension>
        </extensions>
      </trkpt>
      <trkpt lat="-2.7655132301151752471923828125" lon="-79.2212601006031036376953125">
        <ele>3924.60009765625</ele>
        <time>2026-08-27T17:59:31.000Z</time>
        <extensions>
          <ns3:TrackPointExtension>
            <ns3:hr>108</ns3:hr>
          </ns3:TrackPointExtension>
        </extensions>
      </trkpt>
      <trkpt lat="-2.76551431976258754730224609375" lon="-79.22125968150794506072998046875">
        <ele>3924.60009765625</ele>
        <time>2026-08-27T18:00:05.000Z</time>
        <extensions>
          <ns3:TrackPointExtension>
            <ns3:hr>105</ns3:hr>
          </ns3:TrackPointExtension>
        </extensions>
      </trkpt>
      <trkpt lat="-2.7655149064958095550537109375" lon="-79.22125951386988162994384765625">
        <ele>3924.60009765625</ele>
        <time>2026-08-27T18:00:49.000Z</time>
        <extensions>
          <ns3:TrackPointExtension>
            <ns3:hr>102</ns3:hr>
          </ns3:TrackPointExtension>
        </extensions>
      </trkpt>
      <trkpt lat="-2.76551499031484127044677734375" lon="-79.22125951386988162994384765625">
        <ele>3924.60009765625</ele>
        <time>2026-08-27T18:00:54.000Z</time>
        <extensions>
          <ns3:TrackPointExtension>
            <ns3:hr>105</ns3:hr>
          </ns3:TrackPointExtension>
        </extensions>
      </trkpt>
      <trkpt lat="-2.76551515795290470123291015625" lon="-79.22125917859375476837158203125">
        <ele>3924.60009765625</ele>
        <time>2026-08-27T18:00:59.000Z</time>
        <extensions>
          <ns3:TrackPointExtension>
            <ns3:hr>100</ns3:hr>
          </ns3:TrackPointExtension>
        </extensions>
      </trkpt>
      <trkpt lat="-2.76551515795290470123291015625" lon="-79.22125934623181819915771484375">
        <ele>3924.60009765625</ele>
        <time>2026-08-27T18:01:01.000Z</time>
        <extensions>
          <ns3:TrackPointExtension>
            <ns3:hr>103</ns3:hr>
          </ns3:TrackPointExtension>
        </extensions>
      </trkpt>
      <trkpt lat="-2.76551599614322185516357421875" lon="-79.2212595976889133453369140625">
        <ele>3924.60009765625</ele>
        <time>2026-08-27T18:03:01.000Z</time>
        <extensions>
          <ns3:TrackPointExtension>
            <ns3:hr>106</ns3:hr>
          </ns3:TrackPointExtension>
        </extensions>
      </trkpt>
      <trkpt lat="-2.76551641523838043212890625" lon="-79.2212595976889133453369140625">
        <ele>3924.60009765625</ele>
        <time>2026-08-27T18:03:49.000Z</time>
        <extensions>
          <ns3:TrackPointExtension>
            <ns3:hr>102</ns3:hr>
          </ns3:TrackPointExtension>
        </extensions>
      </trkpt>
      <trkpt lat="-2.76551649905741214752197265625" lon="-79.2212595976889133453369140625">
        <ele>3924.60009765625</ele>
        <time>2026-08-27T18:03:51.000Z</time>
        <extensions>
          <ns3:TrackPointExtension>
            <ns3:hr>105</ns3:hr>
          </ns3:TrackPointExtension>
        </extensions>
      </trkpt>
      <trkpt lat="-2.76551666669547557830810546875" lon="-79.22125968150794506072998046875">
        <ele>3924.60009765625</ele>
        <time>2026-08-27T18:04:23.000Z</time>
        <extensions>
          <ns3:TrackPointExtension>
            <ns3:hr>108</ns3:hr>
          </ns3:TrackPointExtension>
        </extensions>
      </trkpt>
      <trkpt lat="-2.76551683433353900909423828125" lon="-79.2212595976889133453369140625">
        <ele>3924.60009765625</ele>
        <time>2026-08-27T18:04:31.000Z</time>
        <extensions>
          <ns3:TrackPointExtension>
            <ns3:hr>104</ns3:hr>
          </ns3:TrackPointExtension>
        </extensions>
      </trkpt>
      <trkpt lat="-2.76551683433353900909423828125" lon="-79.22125968150794506072998046875">
        <ele>3924.60009765625</ele>
        <time>2026-08-27T18:04:38.000Z</time>
        <extensions>
          <ns3:TrackPointExtension>
            <ns3:hr>109</ns3:hr>
          </ns3:TrackPointExtension>
        </extensions>
      </trkpt>
      <trkpt lat="-2.76551683433353900909423828125" lon="-79.22125968150794506072998046875">
        <ele>3924.60009765625</ele>
        <time>2026-08-27T18:04:39.000Z</time>
        <extensions>
          <ns3:TrackPointExtension>
            <ns3:hr>106</ns3:hr>
          </ns3:TrackPointExtension>
        </extensions>
      </trkpt>
      <trkpt lat="-2.7655172534286975860595703125" lon="-79.22125951386988162994384765625">
        <ele>3924.60009765625</ele>
        <time>2026-08-27T18:05:41.000Z</time>
        <extensions>
          <ns3:TrackPointExtension>
            <ns3:hr>109</ns3:hr>
          </ns3:TrackPointExtension>
        </extensions>
      </trkpt>
      <trkpt lat="-2.76551733724772930145263671875" lon="-79.22125951386988162994384765625">
        <ele>3924.60009765625</ele>
        <time>2026-08-27T18:05:47.000Z</time>
        <extensions>
          <ns3:TrackPointExtension>
            <ns3:hr>115</ns3:hr>
          </ns3:TrackPointExtension>
        </extensions>
      </trkpt>
      <trkpt lat="-2.76551733724772930145263671875" lon="-79.22125951386988162994384765625">
        <ele>3924.60009765625</ele>
        <time>2026-08-27T18:05:48.000Z</time>
        <extensions>
          <ns3:TrackPointExtension>
            <ns3:hr>118</ns3:hr>
          </ns3:TrackPointExtension>
        </extensions>
      </trkpt>
      <trkpt lat="-2.765517421066761016845703125" lon="-79.22125951386988162994384765625">
        <ele>3924.60009765625</ele>
        <time>2026-08-27T18:05:50.000Z</time>
        <extensions>
          <ns3:TrackPointExtension>
            <ns3:hr>123</ns3:hr>
          </ns3:TrackPointExtension>
        </extensions>
      </trkpt>
      <trkpt lat="-2.76551733724772930145263671875" lon="-79.22125943005084991455078125">
        <ele>3924.60009765625</ele>
        <time>2026-08-27T18:05:57.000Z</time>
        <extensions>
          <ns3:TrackPointExtension>
            <ns3:hr>120</ns3:hr>
          </ns3:TrackPointExtension>
        </extensions>
      </trkpt>
      <trkpt lat="-2.76551733724772930145263671875" lon="-79.22125951386988162994384765625">
        <ele>3924.60009765625</ele>
        <time>2026-08-27T18:06:00.000Z</time>
        <extensions>
          <ns3:TrackPointExtension>
            <ns3:hr>117</ns3:hr>
          </ns3:TrackPointExtension>
        </extensions>
      </trkpt>
      <trkpt lat="-2.7655175887048244476318359375" lon="-79.22125943005084991455078125">
        <ele>3924.60009765625</ele>
        <time>2026-08-27T18:06:33.000Z</time>
        <extensions>
          <ns3:TrackPointExtension>
            <ns3:hr>114</ns3:hr>
          </ns3:TrackPointExtension>
        </extensions>
      </trkpt>
      <trkpt lat="-2.76551775634288787841796875" lon="-79.22125934623181819915771484375">
        <ele>3924.60009765625</ele>
        <time>2026-08-27T18:06:47.000Z</time>
        <extensions>
          <ns3:TrackPointExtension>
            <ns3:hr>119</ns3:hr>
          </ns3:TrackPointExtension>
        </extensions>
      </trkpt>
      <trkpt lat="-2.76551775634288787841796875" lon="-79.22125943005084991455078125">
        <ele>3924.60009765625</ele>
        <time>2026-08-27T18:06:49.000Z</time>
        <extensions>
          <ns3:TrackPointExtension>
            <ns3:hr>124</ns3:hr>
          </ns3:TrackPointExtension>
        </extensions>
      </trkpt>
      <trkpt lat="-2.76551767252385616302490234375" lon="-79.22125943005084991455078125">
        <ele>3924.60009765625</ele>
        <time>2026-08-27T18:06:51.000Z</time>
        <extensions>
          <ns3:TrackPointExtension>
            <ns3:hr>127</ns3:hr>
          </ns3:TrackPointExtension>
        </extensions>
      </trkpt>
      <trkpt lat="-2.76551767252385616302490234375" lon="-79.22125943005084991455078125">
        <ele>3924.60009765625</ele>
        <time>2026-08-27T18:06:53.000Z</time>
        <extensions>
          <ns3:TrackPointExtension>
            <ns3:hr>131</ns3:hr>
          </ns3:TrackPointExtension>
        </extensions>
      </trkpt>
      <trkpt lat="-2.76551767252385616302490234375" lon="-79.22125951386988162994384765625">
        <ele>3924.60009765625</ele>
        <time>2026-08-27T18:07:00.000Z</time>
        <extensions>
          <ns3:TrackPointExtension>
            <ns3:hr>128</ns3:hr>
          </ns3:TrackPointExtension>
        </extensions>
      </trkpt>
      <trkpt lat="-2.76551775634288787841796875" lon="-79.22125943005084991455078125">
        <ele>3924.60009765625</ele>
        <time>2026-08-27T18:07:27.000Z</time>
        <extensions>
          <ns3:TrackPointExtension>
            <ns3:hr>125</ns3:hr>
          </ns3:TrackPointExtension>
        </extensions>
      </trkpt>
      <trkpt lat="-2.7655179239809513092041015625" lon="-79.22125934623181819915771484375">
        <ele>3924.60009765625</ele>
        <time>2026-08-27T18:07:44.000Z</time>
        <extensions>
          <ns3:TrackPointExtension>
            <ns3:hr>122</ns3:hr>
          </ns3:TrackPointExtension>
        </extensions>
      </trkpt>
      <trkpt lat="-2.76551784016191959381103515625" lon="-79.22125934623181819915771484375">
        <ele>3924.60009765625</ele>
        <time>2026-08-27T18:07:58.000Z</time>
        <extensions>
          <ns3:TrackPointExtension>
            <ns3:hr>119</ns3:hr>
          </ns3:TrackPointExtension>
        </extensions>
      </trkpt>
      <trkpt lat="-2.76551784016191959381103515625" lon="-79.22125934623181819915771484375">
        <ele>3924.60009765625</ele>
        <time>2026-08-27T18:08:01.000Z</time>
        <extensions>
          <ns3:TrackPointExtension>
            <ns3:hr>116</ns3:hr>
          </ns3:TrackPointExtension>
        </extensions>
      </trkpt>
      <trkpt lat="-2.76551784016191959381103515625" lon="-79.2212592624127864837646484375">
        <ele>3924.60009765625</ele>
        <time>2026-08-27T18:08:06.000Z</time>
        <extensions>
          <ns3:TrackPointExtension>
            <ns3:hr>113</ns3:hr>
          </ns3:TrackPointExtension>
        </extensions>
      </trkpt>
      <trkpt lat="-2.76551784016191959381103515625" lon="-79.22125934623181819915771484375">
        <ele>3924.60009765625</ele>
        <time>2026-08-27T18:08:13.000Z</time>
        <extensions>
          <ns3:TrackPointExtension>
            <ns3:hr>110</ns3:hr>
          </ns3:TrackPointExtension>
        </extensions>
      </trkpt>
      <trkpt lat="-2.7655179239809513092041015625" lon="-79.22125934623181819915771484375">
        <ele>3924.60009765625</ele>
        <time>2026-08-27T18:08:34.000Z</time>
        <extensions>
          <ns3:TrackPointExtension>
            <ns3:hr>113</ns3:hr>
          </ns3:TrackPointExtension>
        </extensions>
      </trkpt>
      <trkpt lat="-2.76551784016191959381103515625" lon="-79.22125951386988162994384765625">
        <ele>3924.60009765625</ele>
        <time>2026-08-27T18:08:44.000Z</time>
        <extensions>
          <ns3:TrackPointExtension>
            <ns3:hr>117</ns3:hr>
          </ns3:TrackPointExtension>
        </extensions>
      </trkpt>
      <trkpt lat="-2.7655179239809513092041015625" lon="-79.22125943005084991455078125">
        <ele>3924.60009765625</ele>
        <time>2026-08-27T18:08:47.000Z</time>
        <extensions>
          <ns3:TrackPointExtension>
            <ns3:hr>114</ns3:hr>
          </ns3:TrackPointExtension>
        </extensions>
      </trkpt>
      <trkpt lat="-2.7655179239809513092041015625" lon="-79.22125943005084991455078125">
        <ele>3924.60009765625</ele>
        <time>2026-08-27T18:08:59.000Z</time>
        <extensions>
          <ns3:TrackPointExtension>
            <ns3:hr>110</ns3:hr>
          </ns3:TrackPointExtension>
        </extensions>
      </trkpt>
      <trkpt lat="-2.76551800779998302459716796875" lon="-79.2212595976889133453369140625">
        <ele>3924.60009765625</ele>
        <time>2026-08-27T18:09:39.000Z</time>
        <extensions>
          <ns3:TrackPointExtension>
            <ns3:hr>114</ns3:hr>
          </ns3:TrackPointExtension>
        </extensions>
      </trkpt>
      <trkpt lat="-2.76551800779998302459716796875" lon="-79.22125951386988162994384765625">
        <ele>3924.60009765625</ele>
        <time>2026-08-27T18:09:40.000Z</time>
        <extensions>
          <ns3:TrackPointExtension>
            <ns3:hr>111</ns3:hr>
          </ns3:TrackPointExtension>
        </extensions>
      </trkpt>
      <trkpt lat="-2.765518091619014739990234375" lon="-79.22125968150794506072998046875">
        <ele>3924.60009765625</ele>
        <time>2026-08-27T18:09:54.000Z</time>
        <extensions>
          <ns3:TrackPointExtension>
            <ns3:hr>115</ns3:hr>
          </ns3:TrackPointExtension>
        </extensions>
      </trkpt>
      <trkpt lat="-2.765518091619014739990234375" lon="-79.221259765326976776123046875">
        <ele>3924.60009765625</ele>
        <time>2026-08-27T18:09:56.000Z</time>
        <extensions>
          <ns3:TrackPointExtension>
            <ns3:hr>123</ns3:hr>
          </ns3:TrackPointExtension>
        </extensions>
      </trkpt>
      <trkpt lat="-2.765518091619014739990234375" lon="-79.221259765326976776123046875">
        <ele>3924.60009765625</ele>
        <time>2026-08-27T18:09:57.000Z</time>
        <extensions>
          <ns3:TrackPointExtension>
            <ns3:hr>123</ns3:hr>
          </ns3:TrackPointExtension>
        </extensions>
      </trkpt>
      <trkpt lat="-2.765518091619014739990234375" lon="-79.22125968150794506072998046875">
        <ele>3924.60009765625</ele>
        <time>2026-08-27T18:09:58.000Z</time>
        <extensions>
          <ns3:TrackPointExtension>
            <ns3:hr>126</ns3:hr>
          </ns3:TrackPointExtension>
        </extensions>
      </trkpt>
      <trkpt lat="-2.76551800779998302459716796875" lon="-79.22125968150794506072998046875">
        <ele>3924.60009765625</ele>
        <time>2026-08-27T18:10:01.000Z</time>
        <extensions>
          <ns3:TrackPointExtension>
            <ns3:hr>123</ns3:hr>
          </ns3:TrackPointExtension>
        </extensions>
      </trkpt>
      <trkpt lat="-2.765518091619014739990234375" lon="-79.2212595976889133453369140625">
        <ele>3924.60009765625</ele>
        <time>2026-08-27T18:10:05.000Z</time>
        <extensions>
          <ns3:TrackPointExtension>
            <ns3:hr>120</ns3:hr>
          </ns3:TrackPointExtension>
        </extensions>
      </trkpt>
      <trkpt lat="-2.76551800779998302459716796875" lon="-79.2212595976889133453369140625">
        <ele>3924.60009765625</ele>
        <time>2026-08-27T18:10:15.000Z</time>
        <extensions>
          <ns3:TrackPointExtension>
            <ns3:hr>117</ns3:hr>
          </ns3:TrackPointExtension>
        </extensions>
      </trkpt>
      <trkpt lat="-2.765518091619014739990234375" lon="-79.2212595976889133453369140625">
        <ele>3924.60009765625</ele>
        <time>2026-08-27T18:10:27.000Z</time>
        <extensions>
          <ns3:TrackPointExtension>
            <ns3:hr>114</ns3:hr>
          </ns3:TrackPointExtension>
        </extensions>
      </trkpt>
      <trkpt lat="-2.76551800779998302459716796875" lon="-79.2212595976889133453369140625">
        <ele>3924.60009765625</ele>
        <time>2026-08-27T18:10:45.000Z</time>
        <extensions>
          <ns3:TrackPointExtension>
            <ns3:hr>111</ns3:hr>
          </ns3:TrackPointExtension>
        </extensions>
      </trkpt>
      <trkpt lat="-2.7655182592570781707763671875" lon="-79.22125943005084991455078125">
        <ele>3924.60009765625</ele>
        <time>2026-08-27T18:11:10.000Z</time>
        <extensions>
          <ns3:TrackPointExtension>
            <ns3:hr>108</ns3:hr>
          </ns3:TrackPointExtension>
        </extensions>
      </trkpt>
      <trkpt lat="-2.7655184268951416015625" lon="-79.22125934623181819915771484375">
        <ele>3924.60009765625</ele>
        <time>2026-08-27T18:11:25.000Z</time>
        <extensions>
          <ns3:TrackPointExtension>
            <ns3:hr>111</ns3:hr>
          </ns3:TrackPointExtension>
        </extensions>
      </trkpt>
      <trkpt lat="-2.76551834307610988616943359375" lon="-79.22125943005084991455078125">
        <ele>3924.60009765625</ele>
        <time>2026-08-27T18:11:35.000Z</time>
        <extensions>
          <ns3:TrackPointExtension>
            <ns3:hr>108</ns3:hr>
          </ns3:TrackPointExtension>
        </extensions>
      </trkpt>
      <trkpt lat="-2.76551834307610988616943359375" lon="-79.22125943005084991455078125">
        <ele>3924.60009765625</ele>
        <time>2026-08-27T18:11:39.000Z</time>
        <extensions>
          <ns3:TrackPointExtension>
            <ns3:hr>111</ns3:hr>
          </ns3:TrackPointExtension>
        </extensions>
      </trkpt>
      <trkpt lat="-2.76551834307610988616943359375" lon="-79.22125943005084991455078125">
        <ele>3924.60009765625</ele>
        <time>2026-08-27T18:11:40.000Z</time>
        <extensions>
          <ns3:TrackPointExtension>
            <ns3:hr>108</ns3:hr>
          </ns3:TrackPointExtension>
        </extensions>
      </trkpt>
      <trkpt lat="-2.7655184268951416015625" lon="-79.22125951386988162994384765625">
        <ele>3924.60009765625</ele>
        <time>2026-08-27T18:12:19.000Z</time>
        <extensions>
          <ns3:TrackPointExtension>
            <ns3:hr>105</ns3:hr>
          </ns3:TrackPointExtension>
        </extensions>
      </trkpt>
      <trkpt lat="-2.7655185945332050323486328125" lon="-79.22125951386988162994384765625">
        <ele>3924.60009765625</ele>
        <time>2026-08-27T18:12:51.000Z</time>
        <extensions>
          <ns3:TrackPointExtension>
            <ns3:hr>108</ns3:hr>
          </ns3:TrackPointExtension>
        </extensions>
      </trkpt>
      <trkpt lat="-2.76551884599030017852783203125" lon="-79.22125951386988162994384765625">
        <ele>3924.60009765625</ele>
        <time>2026-08-27T18:13:15.000Z</time>
        <extensions>
          <ns3:TrackPointExtension>
            <ns3:hr>111</ns3:hr>
          </ns3:TrackPointExtension>
        </extensions>
      </trkpt>
      <trkpt lat="-2.76551884599030017852783203125" lon="-79.22125984914600849151611328125">
        <ele>3924.60009765625</ele>
        <time>2026-08-27T18:13:28.000Z</time>
        <extensions>
          <ns3:TrackPointExtension>
            <ns3:hr>108</ns3:hr>
          </ns3:TrackPointExtension>
        </extensions>
      </trkpt>
      <trkpt lat="-2.7655189298093318939208984375" lon="-79.22125984914600849151611328125">
        <ele>3924.60009765625</ele>
        <time>2026-08-27T18:13:32.000Z</time>
        <extensions>
          <ns3:TrackPointExtension>
            <ns3:hr>105</ns3:hr>
          </ns3:TrackPointExtension>
        </extensions>
      </trkpt>
      <trkpt lat="-2.7655189298093318939208984375" lon="-79.22125984914600849151611328125">
        <ele>3924.60009765625</ele>
        <time>2026-08-27T18:13:37.000Z</time>
        <extensions>
          <ns3:TrackPointExtension>
            <ns3:hr>102</ns3:hr>
          </ns3:TrackPointExtension>
        </extensions>
      </trkpt>
      <trkpt lat="-2.76551884599030017852783203125" lon="-79.2212599329650402069091796875">
        <ele>3924.60009765625</ele>
        <time>2026-08-27T18:13:57.000Z</time>
        <extensions>
          <ns3:TrackPointExtension>
            <ns3:hr>105</ns3:hr>
          </ns3:TrackPointExtension>
        </extensions>
      </trkpt>
      <trkpt lat="-2.7655189298093318939208984375" lon="-79.221259765326976776123046875">
        <ele>3924.60009765625</ele>
        <time>2026-08-27T18:14:12.000Z</time>
        <extensions>
          <ns3:TrackPointExtension>
            <ns3:hr>102</ns3:hr>
          </ns3:TrackPointExtension>
        </extensions>
      </trkpt>
      <trkpt lat="-2.76551901362836360931396484375" lon="-79.22125968150794506072998046875">
        <ele>3924.60009765625</ele>
        <time>2026-08-27T18:14:22.000Z</time>
        <extensions>
          <ns3:TrackPointExtension>
            <ns3:hr>99</ns3:hr>
          </ns3:TrackPointExtension>
        </extensions>
      </trkpt>
      <trkpt lat="-2.76551884599030017852783203125" lon="-79.221259765326976776123046875">
        <ele>3924.60009765625</ele>
        <time>2026-08-27T18:14:49.000Z</time>
        <extensions>
          <ns3:TrackPointExtension>
            <ns3:hr>96</ns3:hr>
          </ns3:TrackPointExtension>
        </extensions>
      </trkpt>
      <trkpt lat="-2.76551884599030017852783203125" lon="-79.221259765326976776123046875">
        <ele>3924.60009765625</ele>
        <time>2026-08-27T18:15:08.000Z</time>
        <extensions>
          <ns3:TrackPointExtension>
            <ns3:hr>99</ns3:hr>
          </ns3:TrackPointExtension>
        </extensions>
      </trkpt>
      <trkpt lat="-2.765518762171268463134765625" lon="-79.22125968150794506072998046875">
        <ele>3924.60009765625</ele>
        <time>2026-08-27T18:15:12.000Z</time>
        <extensions>
          <ns3:TrackPointExtension>
            <ns3:hr>102</ns3:hr>
          </ns3:TrackPointExtension>
        </extensions>
      </trkpt>
      <trkpt lat="-2.7654609270393848419189453125" lon="-79.22121651470661163330078125">
        <ele>3925.199951171875</ele>
        <time>2026-08-27T18:15:26.000Z</time>
        <extensions>
          <ns3:TrackPointExtension>
            <ns3:hr>104</ns3:hr>
          </ns3:TrackPointExtension>
        </extensions>
      </trkpt>
      <trkpt lat="-2.76533477939665317535400390625" lon="-79.221148788928985595703125">
        <ele>3925.800048828125</ele>
        <time>2026-08-27T18:15:34.000Z</time>
        <extensions>
          <ns3:TrackPointExtension>
            <ns3:hr>104</ns3:hr>
          </ns3:TrackPointExtension>
        </extensions>
      </trkpt>
      <trkpt lat="-2.76526160538196563720703125" lon="-79.2211274988949298858642578125">
        <ele>3926</ele>
        <time>2026-08-27T18:15:42.000Z</time>
        <extensions>
          <ns3:TrackPointExtension>
            <ns3:hr>103</ns3:hr>
          </ns3:TrackPointExtension>
        </extensions>
      </trkpt>
      <trkpt lat="-2.765253894031047821044921875" lon="-79.221122972667217254638671875">
        <ele>3926</ele>
        <time>2026-08-27T18:15:43.000Z</time>
        <extensions>
          <ns3:TrackPointExtension>
            <ns3:hr>103</ns3:hr>
          </ns3:TrackPointExtension>
        </extensions>
      </trkpt>
      <trkpt lat="-2.76519631035625934600830078125" lon="-79.22111190855503082275390625">
        <ele>3926</ele>
        <time>2026-08-27T18:15:51.000Z</time>
        <extensions>
          <ns3:TrackPointExtension>
            <ns3:hr>102</ns3:hr>
          </ns3:TrackPointExtension>
        </extensions>
      </trkpt>
      <trkpt lat="-2.7651474438607692718505859375" lon="-79.221116937696933746337890625">
        <ele>3925.800048828125</ele>
        <time>2026-08-27T18:16:00.000Z</time>
        <extensions>
          <ns3:TrackPointExtension>
            <ns3:hr>102</ns3:hr>
          </ns3:TrackPointExtension>
        </extensions>
      </trkpt>
      <trkpt lat="-2.765123806893825531005859375" lon="-79.22112490050494670867919921875">
        <ele>3925.60009765625</ele>
        <time>2026-08-27T18:16:07.000Z</time>
        <extensions>
          <ns3:TrackPointExtension>
            <ns3:hr>99</ns3:hr>
          </ns3:TrackPointExtension>
        </extensions>
      </trkpt>
      <trkpt lat="-2.7651119045913219451904296875" lon="-79.22113311477005481719970703125">
        <ele>3925.60009765625</ele>
        <time>2026-08-27T18:16:09.000Z</time>
        <extensions>
          <ns3:TrackPointExtension>
            <ns3:hr>99</ns3:hr>
          </ns3:TrackPointExtension>
        </extensions>
      </trkpt>
      <trkpt lat="-2.76510536670684814453125" lon="-79.2211392335593700408935546875">
        <ele>3925.39990234375</ele>
        <time>2026-08-27T18:16:11.000Z</time>
        <extensions>
          <ns3:TrackPointExtension>
            <ns3:hr>105</ns3:hr>
          </ns3:TrackPointExtension>
        </extensions>
      </trkpt>
      <trkpt lat="-2.76510511524975299835205078125" lon="-79.22113965265452861785888671875">
        <ele>3925.39990234375</ele>
        <time>2026-08-27T18:16:13.000Z</time>
        <extensions>
          <ns3:TrackPointExtension>
            <ns3:hr>109</ns3:hr>
          </ns3:TrackPointExtension>
        </extensions>
      </trkpt>
      <trkpt lat="-2.76510477997362613677978515625" lon="-79.22113998793065547943115234375">
        <ele>3925.39990234375</ele>
        <time>2026-08-27T18:16:15.000Z</time>
        <extensions>
          <ns3:TrackPointExtension>
            <ns3:hr>113</ns3:hr>
          </ns3:TrackPointExtension>
        </extensions>
      </trkpt>
      <trkpt lat="-2.76510260067880153656005859375" lon="-79.2211399041116237640380859375">
        <ele>3925.39990234375</ele>
        <time>2026-08-27T18:16:16.000Z</time>
        <extensions>
          <ns3:TrackPointExtension>
            <ns3:hr>116</ns3:hr>
          </ns3:TrackPointExtension>
        </extensions>
      </trkpt>
      <trkpt lat="-2.7651018463075160980224609375" lon="-79.22114049084484577178955078125">
        <ele>3925.39990234375</ele>
        <time>2026-08-27T18:16:17.000Z</time>
        <extensions>
          <ns3:TrackPointExtension>
            <ns3:hr>119</ns3:hr>
          </ns3:TrackPointExtension>
        </extensions>
      </trkpt>
      <trkpt lat="-2.7650961466133594512939453125" lon="-79.2211442627012729644775390625">
        <ele>3925.39990234375</ele>
        <time>2026-08-27T18:16:20.000Z</time>
        <extensions>
          <ns3:TrackPointExtension>
            <ns3:hr>116</ns3:hr>
          </ns3:TrackPointExtension>
        </extensions>
      </trkpt>
      <trkpt lat="-2.765073515474796295166015625" lon="-79.2211353778839111328125">
        <ele>3925.60009765625</ele>
        <time>2026-08-27T18:16:25.000Z</time>
        <extensions>
          <ns3:TrackPointExtension>
            <ns3:hr>113</ns3:hr>
          </ns3:TrackPointExtension>
        </extensions>
      </trkpt>
      <trkpt lat="-2.7650498785078525543212890625" lon="-79.22112490050494670867919921875">
        <ele>3926.199951171875</ele>
        <time>2026-08-27T18:16:29.000Z</time>
        <extensions>
          <ns3:TrackPointExtension>
            <ns3:hr>116</ns3:hr>
          </ns3:TrackPointExtension>
        </extensions>
      </trkpt>
      <trkpt lat="-2.76504342444241046905517578125" lon="-79.22112590633332729339599609375">
        <ele>3926.39990234375</ele>
        <time>2026-08-27T18:16:30.000Z</time>
        <extensions>
          <ns3:TrackPointExtension>
            <ns3:hr>113</ns3:hr>
          </ns3:TrackPointExtension>
        </extensions>
      </trkpt>
      <trkpt lat="-2.7650334499776363372802734375" lon="-79.22112557105720043182373046875">
        <ele>3926.60009765625</ele>
        <time>2026-08-27T18:16:32.000Z</time>
        <extensions>
          <ns3:TrackPointExtension>
            <ns3:hr>112</ns3:hr>
          </ns3:TrackPointExtension>
        </extensions>
      </trkpt>
      <trkpt lat="-2.7650270797312259674072265625" lon="-79.22111970372498035430908203125">
        <ele>3926.800048828125</ele>
        <time>2026-08-27T18:16:35.000Z</time>
        <extensions>
          <ns3:TrackPointExtension>
            <ns3:hr>108</ns3:hr>
          </ns3:TrackPointExtension>
        </extensions>
      </trkpt>
      <trkpt lat="-2.76502481661736965179443359375" lon="-79.2211179435253143310546875">
        <ele>3926.800048828125</ele>
        <time>2026-08-27T18:16:36.000Z</time>
        <extensions>
          <ns3:TrackPointExtension>
            <ns3:hr>111</ns3:hr>
          </ns3:TrackPointExtension>
        </extensions>
      </trkpt>
      <trkpt lat="-2.76502347551286220550537109375" lon="-79.2211016826331615447998046875">
        <ele>3927.199951171875</ele>
        <time>2026-08-27T18:16:39.000Z</time>
        <extensions>
          <ns3:TrackPointExtension>
            <ns3:hr>110</ns3:hr>
          </ns3:TrackPointExtension>
        </extensions>
      </trkpt>
      <trkpt lat="-2.76498089544475078582763671875" lon="-79.22108097933232784271240234375">
        <ele>3928.39990234375</ele>
        <time>2026-08-27T18:16:45.000Z</time>
        <extensions>
          <ns3:TrackPointExtension>
            <ns3:hr>110</ns3:hr>
          </ns3:TrackPointExtension>
        </extensions>
      </trkpt>
      <trkpt lat="-2.7648912928998470306396484375" lon="-79.221086092293262481689453125">
        <ele>3930.199951171875</ele>
        <time>2026-08-27T18:16:56.000Z</time>
        <extensions>
          <ns3:TrackPointExtension>
            <ns3:hr>110</ns3:hr>
          </ns3:TrackPointExtension>
        </extensions>
      </trkpt>
      <trkpt lat="-2.7648322843015193939208984375" lon="-79.2211137525737285614013671875">
        <ele>3930.800048828125</ele>
        <time>2026-08-27T18:17:05.000Z</time>
        <extensions>
          <ns3:TrackPointExtension>
            <ns3:hr>109</ns3:hr>
          </ns3:TrackPointExtension>
        </extensions>
      </trkpt>
      <trkpt lat="-2.764765731990337371826171875" lon="-79.2211979068815708160400390625">
        <ele>3930.199951171875</ele>
        <time>2026-08-27T18:17:18.000Z</time>
        <extensions>
          <ns3:TrackPointExtension>
            <ns3:hr>106</ns3:hr>
          </ns3:TrackPointExtension>
        </extensions>
      </trkpt>
      <trkpt lat="-2.764757014811038970947265625" lon="-79.22120939008891582489013671875">
        <ele>3930.199951171875</ele>
        <time>2026-08-27T18:17:20.000Z</time>
        <extensions>
          <ns3:TrackPointExtension>
            <ns3:hr>106</ns3:hr>
          </ns3:TrackPointExtension>
        </extensions>
      </trkpt>
      <trkpt lat="-2.76471870951354503631591796875" lon="-79.22124979086220264434814453125">
        <ele>3930.199951171875</ele>
        <time>2026-08-27T18:17:28.000Z</time>
        <extensions>
          <ns3:TrackPointExtension>
            <ns3:hr>103</ns3:hr>
          </ns3:TrackPointExtension>
        </extensions>
      </trkpt>
      <trkpt lat="-2.7647129260003566741943359375" lon="-79.22125431708991527557373046875">
        <ele>3930.199951171875</ele>
        <time>2026-08-27T18:17:29.000Z</time>
        <extensions>
          <ns3:TrackPointExtension>
            <ns3:hr>103</ns3:hr>
          </ns3:TrackPointExtension>
        </extensions>
      </trkpt>
      <trkpt lat="-2.7646572701632976531982421875" lon="-79.2212958075106143951416015625">
        <ele>3930</ele>
        <time>2026-08-27T18:17:39.000Z</time>
        <extensions>
          <ns3:TrackPointExtension>
            <ns3:hr>104</ns3:hr>
          </ns3:TrackPointExtension>
        </extensions>
      </trkpt>
      <trkpt lat="-2.76460639201104640960693359375" lon="-79.22133847139775753021240234375">
        <ele>3930.199951171875</ele>
        <time>2026-08-27T18:17:48.000Z</time>
        <extensions>
          <ns3:TrackPointExtension>
            <ns3:hr>103</ns3:hr>
          </ns3:TrackPointExtension>
        </extensions>
      </trkpt>
      <trkpt lat="-2.764548473060131072998046875" lon="-79.22138960100710391998291015625">
        <ele>3930.199951171875</ele>
        <time>2026-08-27T18:17:58.000Z</time>
        <extensions>
          <ns3:TrackPointExtension>
            <ns3:hr>104</ns3:hr>
          </ns3:TrackPointExtension>
        </extensions>
      </trkpt>
      <trkpt lat="-2.7645057253539562225341796875" lon="-79.22142966650426387786865234375">
        <ele>3930</ele>
        <time>2026-08-27T18:18:06.000Z</time>
        <extensions>
          <ns3:TrackPointExtension>
            <ns3:hr>103</ns3:hr>
          </ns3:TrackPointExtension>
        </extensions>
      </trkpt>
      <trkpt lat="-2.76449826546013355255126953125" lon="-79.22143419273197650909423828125">
        <ele>3930</ele>
        <time>2026-08-27T18:18:07.000Z</time>
        <extensions>
          <ns3:TrackPointExtension>
            <ns3:hr>101</ns3:hr>
          </ns3:TrackPointExtension>
        </extensions>
      </trkpt>
      <trkpt lat="-2.76444059796631336212158203125" lon="-79.22145749442279338836669921875">
        <ele>3930.39990234375</ele>
        <time>2026-08-27T18:18:14.000Z</time>
        <extensions>
          <ns3:TrackPointExtension>
            <ns3:hr>104</ns3:hr>
          </ns3:TrackPointExtension>
        </extensions>
      </trkpt>
      <trkpt lat="-2.76443590410053730010986328125" lon="-79.22146151773631572723388671875">
        <ele>3930.39990234375</ele>
        <time>2026-08-27T18:18:17.000Z</time>
        <extensions>
          <ns3:TrackPointExtension>
            <ns3:hr>102</ns3:hr>
          </ns3:TrackPointExtension>
        </extensions>
      </trkpt>
      <trkpt lat="-2.76443322189152240753173828125" lon="-79.22146805562078952789306640625">
        <ele>3930.39990234375</ele>
        <time>2026-08-27T18:18:22.000Z</time>
        <extensions>
          <ns3:TrackPointExtension>
            <ns3:hr>105</ns3:hr>
          </ns3:TrackPointExtension>
        </extensions>
      </trkpt>
      <trkpt lat="-2.76443473063409328460693359375" lon="-79.22146503813564777374267578125">
        <ele>3930.39990234375</ele>
        <time>2026-08-27T18:18:23.000Z</time>
        <extensions>
          <ns3:TrackPointExtension>
            <ns3:hr>102</ns3:hr>
          </ns3:TrackPointExtension>
        </extensions>
      </trkpt>
      <trkpt lat="-2.7644366584718227386474609375" lon="-79.22146537341177463531494140625">
        <ele>3930.39990234375</ele>
        <time>2026-08-27T18:18:26.000Z</time>
        <extensions>
          <ns3:TrackPointExtension>
            <ns3:hr>103</ns3:hr>
          </ns3:TrackPointExtension>
        </extensions>
      </trkpt>
      <trkpt lat="-2.76443389244377613067626953125" lon="-79.2214661277830600738525390625">
        <ele>3930.39990234375</ele>
        <time>2026-08-27T18:18:41.000Z</time>
        <extensions>
          <ns3:TrackPointExtension>
            <ns3:hr>100</ns3:hr>
          </ns3:TrackPointExtension>
        </extensions>
      </trkpt>
      <trkpt lat="-2.7644329704344272613525390625" lon="-79.2214678041636943817138671875">
        <ele>3930.39990234375</ele>
        <time>2026-08-27T18:18:53.000Z</time>
        <extensions>
          <ns3:TrackPointExtension>
            <ns3:hr>101</ns3:hr>
          </ns3:TrackPointExtension>
        </extensions>
      </trkpt>
      <trkpt lat="-2.76444076560437679290771484375" lon="-79.22146855853497982025146484375">
        <ele>3930.199951171875</ele>
        <time>2026-08-27T18:19:43.000Z</time>
        <extensions>
          <ns3:TrackPointExtension>
            <ns3:hr>107</ns3:hr>
          </ns3:TrackPointExtension>
        </extensions>
      </trkpt>
      <trkpt lat="-2.76444059796631336212158203125" lon="-79.22146855853497982025146484375">
        <ele>3930.199951171875</ele>
        <time>2026-08-27T18:19:47.000Z</time>
        <extensions>
          <ns3:TrackPointExtension>
            <ns3:hr>104</ns3:hr>
          </ns3:TrackPointExtension>
        </extensions>
      </trkpt>
      <trkpt lat="-2.764438502490520477294921875" lon="-79.2214714922010898590087890625">
        <ele>3930.199951171875</ele>
        <time>2026-08-27T18:20:06.000Z</time>
        <extensions>
          <ns3:TrackPointExtension>
            <ns3:hr>107</ns3:hr>
          </ns3:TrackPointExtension>
        </extensions>
      </trkpt>
      <trkpt lat="-2.764439173042774200439453125" lon="-79.22146989963948726654052734375">
        <ele>3930.199951171875</ele>
        <time>2026-08-27T18:20:29.000Z</time>
        <extensions>
          <ns3:TrackPointExtension>
            <ns3:hr>104</ns3:hr>
          </ns3:TrackPointExtension>
        </extensions>
      </trkpt>
      <trkpt lat="-2.7644423581659793853759765625" lon="-79.22146973200142383575439453125">
        <ele>3930.199951171875</ele>
        <time>2026-08-27T18:20:40.000Z</time>
        <extensions>
          <ns3:TrackPointExtension>
            <ns3:hr>101</ns3:hr>
          </ns3:TrackPointExtension>
        </extensions>
      </trkpt>
      <trkpt lat="-2.76444512419402599334716796875" lon="-79.22146973200142383575439453125">
        <ele>3930.199951171875</ele>
        <time>2026-08-27T18:20:49.000Z</time>
        <extensions>
          <ns3:TrackPointExtension>
            <ns3:hr>104</ns3:hr>
          </ns3:TrackPointExtension>
        </extensions>
      </trkpt>
      <trkpt lat="-2.7643759734928607940673828125" lon="-79.2214666306972503662109375">
        <ele>3931.199951171875</ele>
        <time>2026-08-27T18:21:04.000Z</time>
        <extensions>
          <ns3:TrackPointExtension>
            <ns3:hr>105</ns3:hr>
          </ns3:TrackPointExtension>
        </extensions>
      </trkpt>
      <trkpt lat="-2.764277569949626922607421875" lon="-79.22146269120275974273681640625">
        <ele>3932.800048828125</ele>
        <time>2026-08-27T18:21:15.000Z</time>
        <extensions>
          <ns3:TrackPointExtension>
            <ns3:hr>105</ns3:hr>
          </ns3:TrackPointExtension>
        </extensions>
      </trkpt>
      <trkpt lat="-2.7642301283776760101318359375" lon="-79.2214460112154483795166015625">
        <ele>3933.800048828125</ele>
        <time>2026-08-27T18:21:21.000Z</time>
        <extensions>
          <ns3:TrackPointExtension>
            <ns3:hr>102</ns3:hr>
          </ns3:TrackPointExtension>
        </extensions>
      </trkpt>
      <trkpt lat="-2.76416835375130176544189453125" lon="-79.22143486328423023223876953125">
        <ele>3935</ele>
        <time>2026-08-27T18:21:29.000Z</time>
        <extensions>
          <ns3:TrackPointExtension>
            <ns3:hr>102</ns3:hr>
          </ns3:TrackPointExtension>
        </extensions>
      </trkpt>
      <trkpt lat="-2.7641137875616550445556640625" lon="-79.221442826092243194580078125">
        <ele>3936</ele>
        <time>2026-08-27T18:21:35.000Z</time>
        <extensions>
          <ns3:TrackPointExtension>
            <ns3:hr>102</ns3:hr>
          </ns3:TrackPointExtension>
        </extensions>
      </trkpt>
      <trkpt lat="-2.764076404273509979248046875" lon="-79.22145229764282703399658203125">
        <ele>3936.39990234375</ele>
        <time>2026-08-27T18:21:39.000Z</time>
        <extensions>
          <ns3:TrackPointExtension>
            <ns3:hr>102</ns3:hr>
          </ns3:TrackPointExtension>
        </extensions>
      </trkpt>
      <trkpt lat="-2.763975821435451507568359375" lon="-79.2214510403573513031005859375">
        <ele>3938.199951171875</ele>
        <time>2026-08-27T18:21:51.000Z</time>
        <extensions>
          <ns3:TrackPointExtension>
            <ns3:hr>101</ns3:hr>
          </ns3:TrackPointExtension>
        </extensions>
      </trkpt>
      <trkpt lat="-2.7638921700417995452880859375" lon="-79.22146118246018886566162109375">
        <ele>3940.60009765625</ele>
        <time>2026-08-27T18:22:03.000Z</time>
        <extensions>
          <ns3:TrackPointExtension>
            <ns3:hr>99</ns3:hr>
          </ns3:TrackPointExtension>
        </extensions>
      </trkpt>
      <trkpt lat="-2.76384531520307064056396484375" lon="-79.22148867510259151458740234375">
        <ele>3941.60009765625</ele>
        <time>2026-08-27T18:22:11.000Z</time>
        <extensions>
          <ns3:TrackPointExtension>
            <ns3:hr>97</ns3:hr>
          </ns3:TrackPointExtension>
        </extensions>
      </trkpt>
      <trkpt lat="-2.7637811936438083648681640625" lon="-79.22153008170425891876220703125">
        <ele>3943</ele>
        <time>2026-08-27T18:22:22.000Z</time>
        <extensions>
          <ns3:TrackPointExtension>
            <ns3:hr>98</ns3:hr>
          </ns3:TrackPointExtension>
        </extensions>
      </trkpt>
      <trkpt lat="-2.7637226879596710205078125" lon="-79.22156813554465770721435546875">
        <ele>3944.199951171875</ele>
        <time>2026-08-27T18:22:33.000Z</time>
        <extensions>
          <ns3:TrackPointExtension>
            <ns3:hr>100</ns3:hr>
          </ns3:TrackPointExtension>
        </extensions>
      </trkpt>
      <trkpt lat="-2.76370164938271045684814453125" lon="-79.221584983170032501220703125">
        <ele>3944.60009765625</ele>
        <time>2026-08-27T18:22:37.000Z</time>
        <extensions>
          <ns3:TrackPointExtension>
            <ns3:hr>103</ns3:hr>
          </ns3:TrackPointExtension>
        </extensions>
      </trkpt>
      <trkpt lat="-2.76365789584815502166748046875" lon="-79.22162060625851154327392578125">
        <ele>3945</ele>
        <time>2026-08-27T18:22:45.000Z</time>
        <extensions>
          <ns3:TrackPointExtension>
            <ns3:hr>105</ns3:hr>
          </ns3:TrackPointExtension>
        </extensions>
      </trkpt>
      <trkpt lat="-2.763568460941314697265625" lon="-79.22166234813630580902099609375">
        <ele>3946.39990234375</ele>
        <time>2026-08-27T18:23:01.000Z</time>
        <extensions>
          <ns3:TrackPointExtension>
            <ns3:hr>103</ns3:hr>
          </ns3:TrackPointExtension>
        </extensions>
      </trkpt>
      <trkpt lat="-2.76352076791226863861083984375" lon="-79.2216941155493259429931640625">
        <ele>3946.800048828125</ele>
        <time>2026-08-27T18:23:11.000Z</time>
        <extensions>
          <ns3:TrackPointExtension>
            <ns3:hr>104</ns3:hr>
          </ns3:TrackPointExtension>
        </extensions>
      </trkpt>
      <trkpt lat="-2.76348891668021678924560546875" lon="-79.22170065343379974365234375">
        <ele>3947.39990234375</ele>
        <time>2026-08-27T18:23:18.000Z</time>
        <extensions>
          <ns3:TrackPointExtension>
            <ns3:hr>106</ns3:hr>
          </ns3:TrackPointExtension>
        </extensions>
      </trkpt>
      <trkpt lat="-2.76347927749156951904296875" lon="-79.22170693986117839813232421875">
        <ele>3947.39990234375</ele>
        <time>2026-08-27T18:23:20.000Z</time>
        <extensions>
          <ns3:TrackPointExtension>
            <ns3:hr>103</ns3:hr>
          </ns3:TrackPointExtension>
        </extensions>
      </trkpt>
      <trkpt lat="-2.76347466744482517242431640625" lon="-79.22170911915600299835205078125">
        <ele>3947.39990234375</ele>
        <time>2026-08-27T18:23:21.000Z</time>
        <extensions>
          <ns3:TrackPointExtension>
            <ns3:hr>106</ns3:hr>
          </ns3:TrackPointExtension>
        </extensions>
      </trkpt>
      <trkpt lat="-2.76344968937337398529052734375" lon="-79.22173124738037586212158203125">
        <ele>3947.199951171875</ele>
        <time>2026-08-27T18:23:26.000Z</time>
        <extensions>
          <ns3:TrackPointExtension>
            <ns3:hr>103</ns3:hr>
          </ns3:TrackPointExtension>
        </extensions>
      </trkpt>
      <trkpt lat="-2.76343896053731441497802734375" lon="-79.22173828817903995513916015625">
        <ele>3947.199951171875</ele>
        <time>2026-08-27T18:23:28.000Z</time>
        <extensions>
          <ns3:TrackPointExtension>
            <ns3:hr>106</ns3:hr>
          </ns3:TrackPointExtension>
        </extensions>
      </trkpt>
      <trkpt lat="-2.76342940516769886016845703125" lon="-79.2217455804347991943359375">
        <ele>3947</ele>
        <time>2026-08-27T18:23:30.000Z</time>
        <extensions>
          <ns3:TrackPointExtension>
            <ns3:hr>104</ns3:hr>
          </ns3:TrackPointExtension>
        </extensions>
      </trkpt>
      <trkpt lat="-2.7634083665907382965087890625" lon="-79.22176745720207691192626953125">
        <ele>3946.800048828125</ele>
        <time>2026-08-27T18:23:38.000Z</time>
        <extensions>
          <ns3:TrackPointExtension>
            <ns3:hr>103</ns3:hr>
          </ns3:TrackPointExtension>
        </extensions>
      </trkpt>
      <trkpt lat="-2.76338514871895313262939453125" lon="-79.22179411165416240692138671875">
        <ele>3946.39990234375</ele>
        <time>2026-08-27T18:23:43.000Z</time>
        <extensions>
          <ns3:TrackPointExtension>
            <ns3:hr>100</ns3:hr>
          </ns3:TrackPointExtension>
        </extensions>
      </trkpt>
      <trkpt lat="-2.76335665024816989898681640625" lon="-79.22183208167552947998046875">
        <ele>3945.800048828125</ele>
        <time>2026-08-27T18:23:49.000Z</time>
        <extensions>
          <ns3:TrackPointExtension>
            <ns3:hr>101</ns3:hr>
          </ns3:TrackPointExtension>
        </extensions>
      </trkpt>
      <trkpt lat="-2.76334743015468120574951171875" lon="-79.221852533519268035888671875">
        <ele>3945.60009765625</ele>
        <time>2026-08-27T18:23:53.000Z</time>
        <extensions>
          <ns3:TrackPointExtension>
            <ns3:hr>104</ns3:hr>
          </ns3:TrackPointExtension>
        </extensions>
      </trkpt>
      <trkpt lat="-2.76332437992095947265625" lon="-79.221872650086879730224609375">
        <ele>3945.60009765625</ele>
        <time>2026-08-27T18:23:58.000Z</time>
        <extensions>
          <ns3:TrackPointExtension>
            <ns3:hr>103</ns3:hr>
          </ns3:TrackPointExtension>
        </extensions>
      </trkpt>
      <trkpt lat="-2.7632963843643665313720703125" lon="-79.22192486934363842010498046875">
        <ele>3944</ele>
        <time>2026-08-27T18:24:08.000Z</time>
        <extensions>
          <ns3:TrackPointExtension>
            <ns3:hr>105</ns3:hr>
          </ns3:TrackPointExtension>
        </extensions>
      </trkpt>
      <trkpt lat="-2.7632796205580234527587890625" lon="-79.22197155654430389404296875">
        <ele>3942.60009765625</ele>
        <time>2026-08-27T18:24:15.000Z</time>
        <extensions>
          <ns3:TrackPointExtension>
            <ns3:hr>104</ns3:hr>
          </ns3:TrackPointExtension>
        </extensions>
      </trkpt>
      <trkpt lat="-2.76325304992496967315673828125" lon="-79.22199762426316738128662109375">
        <ele>3942.199951171875</ele>
        <time>2026-08-27T18:24:20.000Z</time>
        <extensions>
          <ns3:TrackPointExtension>
            <ns3:hr>101</ns3:hr>
          </ns3:TrackPointExtension>
        </extensions>
      </trkpt>
      <trkpt lat="-2.76323243044316768646240234375" lon="-79.22202025540173053741455078125">
        <ele>3941.60009765625</ele>
        <time>2026-08-27T18:24:24.000Z</time>
        <extensions>
          <ns3:TrackPointExtension>
            <ns3:hr>98</ns3:hr>
          </ns3:TrackPointExtension>
        </extensions>
      </trkpt>
      <trkpt lat="-2.7632266469299793243408203125" lon="-79.2220290564000606536865234375">
        <ele>3941.199951171875</ele>
        <time>2026-08-27T18:24:25.000Z</time>
        <extensions>
          <ns3:TrackPointExtension>
            <ns3:hr>98</ns3:hr>
          </ns3:TrackPointExtension>
        </extensions>
      </trkpt>
      <trkpt lat="-2.7632145769894123077392578125" lon="-79.222044646739959716796875">
        <ele>3940.800048828125</ele>
        <time>2026-08-27T18:24:27.000Z</time>
        <extensions>
          <ns3:TrackPointExtension>
            <ns3:hr>96</ns3:hr>
          </ns3:TrackPointExtension>
        </extensions>
      </trkpt>
      <trkpt lat="-2.763172499835491180419921875" lon="-79.22208194620907306671142578125">
        <ele>3940</ele>
        <time>2026-08-27T18:24:33.000Z</time>
        <extensions>
          <ns3:TrackPointExtension>
            <ns3:hr>96</ns3:hr>
          </ns3:TrackPointExtension>
        </extensions>
      </trkpt>
      <trkpt lat="-2.763119526207447052001953125" lon="-79.2221343331038951873779296875">
        <ele>3938.60009765625</ele>
        <time>2026-08-27T18:24:41.000Z</time>
        <extensions>
          <ns3:TrackPointExtension>
            <ns3:hr>93</ns3:hr>
          </ns3:TrackPointExtension>
        </extensions>
      </trkpt>
      <trkpt lat="-2.76311357505619525909423828125" lon="-79.2221396975219249725341796875">
        <ele>3938.60009765625</ele>
        <time>2026-08-27T18:24:42.000Z</time>
        <extensions>
          <ns3:TrackPointExtension>
            <ns3:hr>93</ns3:hr>
          </ns3:TrackPointExtension>
        </extensions>
      </trkpt>
      <trkpt lat="-2.7630757726728916168212890625" lon="-79.22216744162142276763916015625">
        <ele>3939.199951171875</ele>
        <time>2026-08-27T18:24:47.000Z</time>
        <extensions>
          <ns3:TrackPointExtension>
            <ns3:hr>96</ns3:hr>
          </ns3:TrackPointExtension>
        </extensions>
      </trkpt>
      <trkpt lat="-2.763040065765380859375" lon="-79.222197197377681732177734375">
        <ele>3939.60009765625</ele>
        <time>2026-08-27T18:24:53.000Z</time>
        <extensions>
          <ns3:TrackPointExtension>
            <ns3:hr>97</ns3:hr>
          </ns3:TrackPointExtension>
        </extensions>
      </trkpt>
      <trkpt lat="-2.76297544129192829132080078125" lon="-79.22226416878402233123779296875">
        <ele>3940</ele>
        <time>2026-08-27T18:25:04.000Z</time>
        <extensions>
          <ns3:TrackPointExtension>
            <ns3:hr>94</ns3:hr>
          </ns3:TrackPointExtension>
        </extensions>
      </trkpt>
      <trkpt lat="-2.76296169497072696685791015625" lon="-79.22228001058101654052734375">
        <ele>3939.800048828125</ele>
        <time>2026-08-27T18:25:06.000Z</time>
        <extensions>
          <ns3:TrackPointExtension>
            <ns3:hr>93</ns3:hr>
          </ns3:TrackPointExtension>
        </extensions>
      </trkpt>
      <trkpt lat="-2.7629475295543670654296875" lon="-79.22228679992258548736572265625">
        <ele>3940</ele>
        <time>2026-08-27T18:25:08.000Z</time>
        <extensions>
          <ns3:TrackPointExtension>
            <ns3:hr>96</ns3:hr>
          </ns3:TrackPointExtension>
        </extensions>
      </trkpt>
      <trkpt lat="-2.76291492395102977752685546875" lon="-79.222309850156307220458984375">
        <ele>3940</ele>
        <time>2026-08-27T18:25:13.000Z</time>
        <extensions>
          <ns3:TrackPointExtension>
            <ns3:hr>99</ns3:hr>
          </ns3:TrackPointExtension>
        </extensions>
      </trkpt>
      <trkpt lat="-2.762900926172733306884765625" lon="-79.22231982462108135223388671875">
        <ele>3940</ele>
        <time>2026-08-27T18:25:15.000Z</time>
        <extensions>
          <ns3:TrackPointExtension>
            <ns3:hr>95</ns3:hr>
          </ns3:TrackPointExtension>
        </extensions>
      </trkpt>
      <trkpt lat="-2.7628736011683940887451171875" lon="-79.222333990037441253662109375">
        <ele>3940.39990234375</ele>
        <time>2026-08-27T18:25:18.000Z</time>
        <extensions>
          <ns3:TrackPointExtension>
            <ns3:hr>96</ns3:hr>
          </ns3:TrackPointExtension>
        </extensions>
      </trkpt>
      <trkpt lat="-2.76280612684786319732666015625" lon="-79.22238687984645366668701171875">
        <ele>3940.60009765625</ele>
        <time>2026-08-27T18:25:28.000Z</time>
        <extensions>
          <ns3:TrackPointExtension>
            <ns3:hr>96</ns3:hr>
          </ns3:TrackPointExtension>
        </extensions>
      </trkpt>
      <trkpt lat="-2.7627666480839252471923828125" lon="-79.22240397892892360687255859375">
        <ele>3940.60009765625</ele>
        <time>2026-08-27T18:25:34.000Z</time>
        <extensions>
          <ns3:TrackPointExtension>
            <ns3:hr>99</ns3:hr>
          </ns3:TrackPointExtension>
        </extensions>
      </trkpt>
      <trkpt lat="-2.76270537637174129486083984375" lon="-79.22242526896297931671142578125">
        <ele>3941</ele>
        <time>2026-08-27T18:25:41.000Z</time>
        <extensions>
          <ns3:TrackPointExtension>
            <ns3:hr>97</ns3:hr>
          </ns3:TrackPointExtension>
        </extensions>
      </trkpt>
      <trkpt lat="-2.76265843771398067474365234375" lon="-79.222415126860141754150390625">
        <ele>3942.39990234375</ele>
        <time>2026-08-27T18:25:50.000Z</time>
        <extensions>
          <ns3:TrackPointExtension>
            <ns3:hr>96</ns3:hr>
          </ns3:TrackPointExtension>
        </extensions>
      </trkpt>
      <trkpt lat="-2.76260890066623687744140625" lon="-79.2223784141242504119873046875">
        <ele>3945.199951171875</ele>
        <time>2026-08-27T18:25:59.000Z</time>
        <extensions>
          <ns3:TrackPointExtension>
            <ns3:hr>97</ns3:hr>
          </ns3:TrackPointExtension>
        </extensions>
      </trkpt>
      <trkpt lat="-2.76255617849528789520263671875" lon="-79.22238352708518505096435546875">
        <ele>3946</ele>
        <time>2026-08-27T18:26:06.000Z</time>
        <extensions>
          <ns3:TrackPointExtension>
            <ns3:hr>101</ns3:hr>
          </ns3:TrackPointExtension>
        </extensions>
      </trkpt>
      <trkpt lat="-2.76254796423017978668212890625" lon="-79.2223878018558025360107421875">
        <ele>3945.800048828125</ele>
        <time>2026-08-27T18:26:07.000Z</time>
        <extensions>
          <ns3:TrackPointExtension>
            <ns3:hr>100</ns3:hr>
          </ns3:TrackPointExtension>
        </extensions>
      </trkpt>
      <trkpt lat="-2.7625292725861072540283203125" lon="-79.22239526174962520599365234375">
        <ele>3946</ele>
        <time>2026-08-27T18:26:09.000Z</time>
        <extensions>
          <ns3:TrackPointExtension>
            <ns3:hr>96</ns3:hr>
          </ns3:TrackPointExtension>
        </extensions>
      </trkpt>
      <trkpt lat="-2.76248954236507415771484375" lon="-79.2224015481770038604736328125">
        <ele>3947</ele>
        <time>2026-08-27T18:26:14.000Z</time>
        <extensions>
          <ns3:TrackPointExtension>
            <ns3:hr>92</ns3:hr>
          </ns3:TrackPointExtension>
        </extensions>
      </trkpt>
      <trkpt lat="-2.7624608762562274932861328125" lon="-79.2224122770130634307861328125">
        <ele>3947.60009765625</ele>
        <time>2026-08-27T18:26:18.000Z</time>
        <extensions>
          <ns3:TrackPointExtension>
            <ns3:hr>94</ns3:hr>
          </ns3:TrackPointExtension>
        </extensions>
      </trkpt>
      <trkpt lat="-2.76240362785756587982177734375" lon="-79.22242619097232818603515625">
        <ele>3948.800048828125</ele>
        <time>2026-08-27T18:26:26.000Z</time>
        <extensions>
          <ns3:TrackPointExtension>
            <ns3:hr>95</ns3:hr>
          </ns3:TrackPointExtension>
        </extensions>
      </trkpt>
      <trkpt lat="-2.7623747102916240692138671875" lon="-79.22249182127416133880615234375">
        <ele>3948</ele>
        <time>2026-08-27T18:26:36.000Z</time>
        <extensions>
          <ns3:TrackPointExtension>
            <ns3:hr>92</ns3:hr>
          </ns3:TrackPointExtension>
        </extensions>
      </trkpt>
      <trkpt lat="-2.7623686753213405609130859375" lon="-79.2224987782537937164306640625">
        <ele>3948</ele>
        <time>2026-08-27T18:26:37.000Z</time>
        <extensions>
          <ns3:TrackPointExtension>
            <ns3:hr>94</ns3:hr>
          </ns3:TrackPointExtension>
        </extensions>
      </trkpt>
      <trkpt lat="-2.76236440055072307586669921875" lon="-79.22250741161406040191650390625">
        <ele>3948</ele>
        <time>2026-08-27T18:26:38.000Z</time>
        <extensions>
          <ns3:TrackPointExtension>
            <ns3:hr>94</ns3:hr>
          </ns3:TrackPointExtension>
        </extensions>
      </trkpt>
      <trkpt lat="-2.76236372999846935272216796875" lon="-79.2225165478885173797607421875">
        <ele>3947.800048828125</ele>
        <time>2026-08-27T18:26:39.000Z</time>
        <extensions>
          <ns3:TrackPointExtension>
            <ns3:hr>91</ns3:hr>
          </ns3:TrackPointExtension>
        </extensions>
      </trkpt>
      <trkpt lat="-2.76234864257276058197021484375" lon="-79.22257237136363983154296875">
        <ele>3947</ele>
        <time>2026-08-27T18:26:45.000Z</time>
        <extensions>
          <ns3:TrackPointExtension>
            <ns3:hr>93</ns3:hr>
          </ns3:TrackPointExtension>
        </extensions>
      </trkpt>
      <trkpt lat="-2.76233489625155925750732421875" lon="-79.222623668611049652099609375">
        <ele>3946.39990234375</ele>
        <time>2026-08-27T18:26:51.000Z</time>
        <extensions>
          <ns3:TrackPointExtension>
            <ns3:hr>87</ns3:hr>
          </ns3:TrackPointExtension>
        </extensions>
      </trkpt>
      <trkpt lat="-2.762332297861576080322265625" lon="-79.22263917513191699981689453125">
        <ele>3946.199951171875</ele>
        <time>2026-08-27T18:26:53.000Z</time>
        <extensions>
          <ns3:TrackPointExtension>
            <ns3:hr>90</ns3:hr>
          </ns3:TrackPointExtension>
        </extensions>
      </trkpt>
      <trkpt lat="-2.7623279392719268798828125" lon="-79.22265325672924518585205078125">
        <ele>3946</ele>
        <time>2026-08-27T18:26:55.000Z</time>
        <extensions>
          <ns3:TrackPointExtension>
            <ns3:hr>92</ns3:hr>
          </ns3:TrackPointExtension>
        </extensions>
      </trkpt>
      <trkpt lat="-2.76227840222418308258056640625" lon="-79.2227291129529476165771484375">
        <ele>3945.60009765625</ele>
        <time>2026-08-27T18:27:05.000Z</time>
        <extensions>
          <ns3:TrackPointExtension>
            <ns3:hr>90</ns3:hr>
          </ns3:TrackPointExtension>
        </extensions>
      </trkpt>
      <trkpt lat="-2.7622610516846179962158203125" lon="-79.22276549041271209716796875">
        <ele>3945.199951171875</ele>
        <time>2026-08-27T18:27:09.000Z</time>
        <extensions>
          <ns3:TrackPointExtension>
            <ns3:hr>93</ns3:hr>
          </ns3:TrackPointExtension>
        </extensions>
      </trkpt>
      <trkpt lat="-2.76225660927593708038330078125" lon="-79.22278837300837039947509765625">
        <ele>3944.800048828125</ele>
        <time>2026-08-27T18:27:12.000Z</time>
        <extensions>
          <ns3:TrackPointExtension>
            <ns3:hr>91</ns3:hr>
          </ns3:TrackPointExtension>
        </extensions>
      </trkpt>
      <trkpt lat="-2.76223615743219852447509765625" lon="-79.22283581458032131195068359375">
        <ele>3944.199951171875</ele>
        <time>2026-08-27T18:27:20.000Z</time>
        <extensions>
          <ns3:TrackPointExtension>
            <ns3:hr>90</ns3:hr>
          </ns3:TrackPointExtension>
        </extensions>
      </trkpt>
      <trkpt lat="-2.76221855543553829193115234375" lon="-79.222876131534576416015625">
        <ele>3943.60009765625</ele>
        <time>2026-08-27T18:27:28.000Z</time>
        <extensions>
          <ns3:TrackPointExtension>
            <ns3:hr>88</ns3:hr>
          </ns3:TrackPointExtension>
        </extensions>
      </trkpt>
      <trkpt lat="-2.76216692291200160980224609375" lon="-79.22291795723140239715576171875">
        <ele>3943.199951171875</ele>
        <time>2026-08-27T18:27:37.000Z</time>
        <extensions>
          <ns3:TrackPointExtension>
            <ns3:hr>87</ns3:hr>
          </ns3:TrackPointExtension>
        </extensions>
      </trkpt>
      <trkpt lat="-2.762114368379116058349609375" lon="-79.22293673269450664520263671875">
        <ele>3943.199951171875</ele>
        <time>2026-08-27T18:27:45.000Z</time>
        <extensions>
          <ns3:TrackPointExtension>
            <ns3:hr>88</ns3:hr>
          </ns3:TrackPointExtension>
        </extensions>
      </trkpt>
      <trkpt lat="-2.76205661706626415252685546875" lon="-79.222952909767627716064453125">
        <ele>3943.39990234375</ele>
        <time>2026-08-27T18:27:54.000Z</time>
        <extensions>
          <ns3:TrackPointExtension>
            <ns3:hr>88</ns3:hr>
          </ns3:TrackPointExtension>
        </extensions>
      </trkpt>
      <trkpt lat="-2.76198285631835460662841796875" lon="-79.22298735938966274261474609375">
        <ele>3943.39990234375</ele>
        <time>2026-08-27T18:28:04.000Z</time>
        <extensions>
          <ns3:TrackPointExtension>
            <ns3:hr>87</ns3:hr>
          </ns3:TrackPointExtension>
        </extensions>
      </trkpt>
      <trkpt lat="-2.7619636617600917816162109375" lon="-79.222994484007358551025390625">
        <ele>3943.39990234375</ele>
        <time>2026-08-27T18:28:06.000Z</time>
        <extensions>
          <ns3:TrackPointExtension>
            <ns3:hr>90</ns3:hr>
          </ns3:TrackPointExtension>
        </extensions>
      </trkpt>
      <trkpt lat="-2.76189115829765796661376953125" lon="-79.2230311967432498931884765625">
        <ele>3943.60009765625</ele>
        <time>2026-08-27T18:28:15.000Z</time>
        <extensions>
          <ns3:TrackPointExtension>
            <ns3:hr>88</ns3:hr>
          </ns3:TrackPointExtension>
        </extensions>
      </trkpt>
      <trkpt lat="-2.76181588880717754364013671875" lon="-79.22303915955126285552978515625">
        <ele>3944.60009765625</ele>
        <time>2026-08-27T18:28:25.000Z</time>
        <extensions>
          <ns3:TrackPointExtension>
            <ns3:hr>90</ns3:hr>
          </ns3:TrackPointExtension>
        </extensions>
      </trkpt>
      <trkpt lat="-2.76176794432103633880615234375" lon="-79.2230664007365703582763671875">
        <ele>3944.60009765625</ele>
        <time>2026-08-27T18:28:33.000Z</time>
        <extensions>
          <ns3:TrackPointExtension>
            <ns3:hr>89</ns3:hr>
          </ns3:TrackPointExtension>
        </extensions>
      </trkpt>
      <trkpt lat="-2.7617303095757961273193359375" lon="-79.22310034744441509246826171875">
        <ele>3944.60009765625</ele>
        <time>2026-08-27T18:28:40.000Z</time>
        <extensions>
          <ns3:TrackPointExtension>
            <ns3:hr>89</ns3:hr>
          </ns3:TrackPointExtension>
        </extensions>
      </trkpt>
      <trkpt lat="-2.761720754206180572509765625" lon="-79.2231844179332256317138671875">
        <ele>3943</ele>
        <time>2026-08-27T18:28:52.000Z</time>
        <extensions>
          <ns3:TrackPointExtension>
            <ns3:hr>91</ns3:hr>
          </ns3:TrackPointExtension>
        </extensions>
      </trkpt>
      <trkpt lat="-2.76169468648731708526611328125" lon="-79.2232390679419040679931640625">
        <ele>3942.800048828125</ele>
        <time>2026-08-27T18:28:59.000Z</time>
        <extensions>
          <ns3:TrackPointExtension>
            <ns3:hr>92</ns3:hr>
          </ns3:TrackPointExtension>
        </extensions>
      </trkpt>
      <trkpt lat="-2.761685885488986968994140625" lon="-79.22328525222837924957275390625">
        <ele>3942.39990234375</ele>
        <time>2026-08-27T18:29:06.000Z</time>
        <extensions>
          <ns3:TrackPointExtension>
            <ns3:hr>92</ns3:hr>
          </ns3:TrackPointExtension>
        </extensions>
      </trkpt>
      <trkpt lat="-2.76165747083723545074462890625" lon="-79.22335281036794185638427734375">
        <ele>3942.199951171875</ele>
        <time>2026-08-27T18:29:15.000Z</time>
        <extensions>
          <ns3:TrackPointExtension>
            <ns3:hr>92</ns3:hr>
          </ns3:TrackPointExtension>
        </extensions>
      </trkpt>
      <trkpt lat="-2.7616471610963344573974609375" lon="-79.2233748547732830047607421875">
        <ele>3942.199951171875</ele>
        <time>2026-08-27T18:29:18.000Z</time>
        <extensions>
          <ns3:TrackPointExtension>
            <ns3:hr>95</ns3:hr>
          </ns3:TrackPointExtension>
        </extensions>
      </trkpt>
      <trkpt lat="-2.76162796653807163238525390625" lon="-79.22339421696960926055908203125">
        <ele>3942.60009765625</ele>
        <time>2026-08-27T18:29:22.000Z</time>
        <extensions>
          <ns3:TrackPointExtension>
            <ns3:hr>98</ns3:hr>
          </ns3:TrackPointExtension>
        </extensions>
      </trkpt>
      <trkpt lat="-2.76161639951169490814208984375" lon="-79.223400168120861053466796875">
        <ele>3943</ele>
        <time>2026-08-27T18:29:24.000Z</time>
        <extensions>
          <ns3:TrackPointExtension>
            <ns3:hr>95</ns3:hr>
          </ns3:TrackPointExtension>
        </extensions>
      </trkpt>
      <trkpt lat="-2.76154138147830963134765625" lon="-79.22343545593321323394775390625">
        <ele>3944.39990234375</ele>
        <time>2026-08-27T18:29:35.000Z</time>
        <extensions>
          <ns3:TrackPointExtension>
            <ns3:hr>93</ns3:hr>
          </ns3:TrackPointExtension>
        </extensions>
      </trkpt>
      <trkpt lat="-2.76151330210268497467041015625" lon="-79.223493374884128570556640625">
        <ele>3944.199951171875</ele>
        <time>2026-08-27T18:29:42.000Z</time>
        <extensions>
          <ns3:TrackPointExtension>
            <ns3:hr>92</ns3:hr>
          </ns3:TrackPointExtension>
        </extensions>
      </trkpt>
      <trkpt lat="-2.761465273797512054443359375" lon="-79.22353385947644710540771484375">
        <ele>3944.800048828125</ele>
        <time>2026-08-27T18:29:51.000Z</time>
        <extensions>
          <ns3:TrackPointExtension>
            <ns3:hr>90</ns3:hr>
          </ns3:TrackPointExtension>
        </extensions>
      </trkpt>
      <trkpt lat="-2.761410288512706756591796875" lon="-79.2235877551138401031494140625">
        <ele>3947.199951171875</ele>
        <time>2026-08-27T18:30:02.000Z</time>
        <extensions>
          <ns3:TrackPointExtension>
            <ns3:hr>92</ns3:hr>
          </ns3:TrackPointExtension>
        </extensions>
      </trkpt>
      <trkpt lat="-2.761381454765796661376953125" lon="-79.22360544092953205108642578125">
        <ele>3948.39990234375</ele>
        <time>2026-08-27T18:30:08.000Z</time>
        <extensions>
          <ns3:TrackPointExtension>
            <ns3:hr>95</ns3:hr>
          </ns3:TrackPointExtension>
        </extensions>
      </trkpt>
      <trkpt lat="-2.761368043720722198486328125" lon="-79.22361047007143497467041015625">
        <ele>3949</ele>
        <time>2026-08-27T18:30:11.000Z</time>
        <extensions>
          <ns3:TrackPointExtension>
            <ns3:hr>92</ns3:hr>
          </ns3:TrackPointExtension>
        </extensions>
      </trkpt>
      <trkpt lat="-2.76129285804927349090576171875" lon="-79.2236527986824512481689453125">
        <ele>3952</ele>
        <time>2026-08-27T18:30:25.000Z</time>
        <extensions>
          <ns3:TrackPointExtension>
            <ns3:hr>92</ns3:hr>
          </ns3:TrackPointExtension>
        </extensions>
      </trkpt>
      <trkpt lat="-2.76122513227164745330810546875" lon="-79.2236843146383762359619140625">
        <ele>3952.800048828125</ele>
        <time>2026-08-27T18:30:36.000Z</time>
        <extensions>
          <ns3:TrackPointExtension>
            <ns3:hr>88</ns3:hr>
          </ns3:TrackPointExtension>
        </extensions>
      </trkpt>
      <trkpt lat="-2.76117852889001369476318359375" lon="-79.22371205873787403106689453125">
        <ele>3953.39990234375</ele>
        <time>2026-08-27T18:30:45.000Z</time>
        <extensions>
          <ns3:TrackPointExtension>
            <ns3:hr>89</ns3:hr>
          </ns3:TrackPointExtension>
        </extensions>
      </trkpt>
      <trkpt lat="-2.76116427965462207794189453125" lon="-79.22372027300298213958740234375">
        <ele>3954</ele>
        <time>2026-08-27T18:30:50.000Z</time>
        <extensions>
          <ns3:TrackPointExtension>
            <ns3:hr>92</ns3:hr>
          </ns3:TrackPointExtension>
        </extensions>
      </trkpt>
      <trkpt lat="-2.76114483363926410675048828125" lon="-79.22372295521199703216552734375">
        <ele>3955.199951171875</ele>
        <time>2026-08-27T18:30:54.000Z</time>
        <extensions>
          <ns3:TrackPointExtension>
            <ns3:hr>89</ns3:hr>
          </ns3:TrackPointExtension>
        </extensions>
      </trkpt>
      <trkpt lat="-2.76113645173609256744384765625" lon="-79.2237258888781070709228515625">
        <ele>3955.60009765625</ele>
        <time>2026-08-27T18:30:57.000Z</time>
        <extensions>
          <ns3:TrackPointExtension>
            <ns3:hr>94</ns3:hr>
          </ns3:TrackPointExtension>
        </extensions>
      </trkpt>
      <trkpt lat="-2.76113125495612621307373046875" lon="-79.22373184002935886383056640625">
        <ele>3955.800048828125</ele>
        <time>2026-08-27T18:30:58.000Z</time>
        <extensions>
          <ns3:TrackPointExtension>
            <ns3:hr>91</ns3:hr>
          </ns3:TrackPointExtension>
        </extensions>
      </trkpt>
      <trkpt lat="-2.761101834475994110107421875" lon="-79.22375363297760486602783203125">
        <ele>3956.800048828125</ele>
        <time>2026-08-27T18:31:03.000Z</time>
        <extensions>
          <ns3:TrackPointExtension>
            <ns3:hr>91</ns3:hr>
          </ns3:TrackPointExtension>
        </extensions>
      </trkpt>
      <trkpt lat="-2.761068977415561676025390625" lon="-79.22380509786307811737060546875">
        <ele>3956.60009765625</ele>
        <time>2026-08-27T18:31:12.000Z</time>
        <extensions>
          <ns3:TrackPointExtension>
            <ns3:hr>91</ns3:hr>
          </ns3:TrackPointExtension>
        </extensions>
      </trkpt>
      <trkpt lat="-2.7610352821648120880126953125" lon="-79.22385170124471187591552734375">
        <ele>3957.60009765625</ele>
        <time>2026-08-27T18:31:19.000Z</time>
        <extensions>
          <ns3:TrackPointExtension>
            <ns3:hr>94</ns3:hr>
          </ns3:TrackPointExtension>
        </extensions>
      </trkpt>
      <trkpt lat="-2.76102505624294281005859375" lon="-79.22385706566274166107177734375">
        <ele>3958</ele>
        <time>2026-08-27T18:31:21.000Z</time>
        <extensions>
          <ns3:TrackPointExtension>
            <ns3:hr>97</ns3:hr>
          </ns3:TrackPointExtension>
        </extensions>
      </trkpt>
      <trkpt lat="-2.76100887916982173919677734375" lon="-79.2238698899745941162109375">
        <ele>3958.800048828125</ele>
        <time>2026-08-27T18:31:24.000Z</time>
        <extensions>
          <ns3:TrackPointExtension>
            <ns3:hr>94</ns3:hr>
          </ns3:TrackPointExtension>
        </extensions>
      </trkpt>
      <trkpt lat="-2.76100586168467998504638671875" lon="-79.22387349419295787811279296875">
        <ele>3958.800048828125</ele>
        <time>2026-08-27T18:31:25.000Z</time>
        <extensions>
          <ns3:TrackPointExtension>
            <ns3:hr>93</ns3:hr>
          </ns3:TrackPointExtension>
        </extensions>
      </trkpt>
      <trkpt lat="-2.760971747338771820068359375" lon="-79.2238911800086498260498046875">
        <ele>3960.199951171875</ele>
        <time>2026-08-27T18:31:33.000Z</time>
        <extensions>
          <ns3:TrackPointExtension>
            <ns3:hr>93</ns3:hr>
          </ns3:TrackPointExtension>
        </extensions>
      </trkpt>
      <trkpt lat="-2.760934531688690185546875" lon="-79.223902411758899688720703125">
        <ele>3961.199951171875</ele>
        <time>2026-08-27T18:31:41.000Z</time>
        <extensions>
          <ns3:TrackPointExtension>
            <ns3:hr>95</ns3:hr>
          </ns3:TrackPointExtension>
        </extensions>
      </trkpt>
      <trkpt lat="-2.76090075261890888214111328125" lon="-79.22391288913786411285400390625">
        <ele>3962</ele>
        <time>2026-08-27T18:31:46.000Z</time>
        <extensions>
          <ns3:TrackPointExtension>
            <ns3:hr>99</ns3:hr>
          </ns3:TrackPointExtension>
        </extensions>
      </trkpt>
      <trkpt lat="-2.7608750201761722564697265625" lon="-79.223918505012989044189453125">
        <ele>3963.39990234375</ele>
        <time>2026-08-27T18:31:51.000Z</time>
        <extensions>
          <ns3:TrackPointExtension>
            <ns3:hr>98</ns3:hr>
          </ns3:TrackPointExtension>
        </extensions>
      </trkpt>
      <trkpt lat="-2.7608696557581424713134765625" lon="-79.22392194159328937530517578125">
        <ele>3963.60009765625</ele>
        <time>2026-08-27T18:31:52.000Z</time>
        <extensions>
          <ns3:TrackPointExtension>
            <ns3:hr>102</ns3:hr>
          </ns3:TrackPointExtension>
        </extensions>
      </trkpt>
      <trkpt lat="-2.760865129530429840087890625" lon="-79.22392361797392368316650390625">
        <ele>3963.800048828125</ele>
        <time>2026-08-27T18:31:53.000Z</time>
        <extensions>
          <ns3:TrackPointExtension>
            <ns3:hr>105</ns3:hr>
          </ns3:TrackPointExtension>
        </extensions>
      </trkpt>
      <trkpt lat="-2.7608505450189113616943359375" lon="-79.2239288985729217529296875">
        <ele>3964.39990234375</ele>
        <time>2026-08-27T18:31:55.000Z</time>
        <extensions>
          <ns3:TrackPointExtension>
            <ns3:hr>111</ns3:hr>
          </ns3:TrackPointExtension>
        </extensions>
      </trkpt>
      <trkpt lat="-2.7608404867351055145263671875" lon="-79.22393619082868099212646484375">
        <ele>3964.800048828125</ele>
        <time>2026-08-27T18:31:57.000Z</time>
        <extensions>
          <ns3:TrackPointExtension>
            <ns3:hr>114</ns3:hr>
          </ns3:TrackPointExtension>
        </extensions>
      </trkpt>
      <trkpt lat="-2.76083118282258510589599609375" lon="-79.22394507564604282379150390625">
        <ele>3965.199951171875</ele>
        <time>2026-08-27T18:31:59.000Z</time>
        <extensions>
          <ns3:TrackPointExtension>
            <ns3:hr>114</ns3:hr>
          </ns3:TrackPointExtension>
        </extensions>
      </trkpt>
      <trkpt lat="-2.76078642345964908599853515625" lon="-79.22401296906173229217529296875">
        <ele>3966</ele>
        <time>2026-08-27T18:32:10.000Z</time>
        <extensions>
          <ns3:TrackPointExtension>
            <ns3:hr>114</ns3:hr>
          </ns3:TrackPointExtension>
        </extensions>
      </trkpt>
      <trkpt lat="-2.76076178066432476043701171875" lon="-79.22406761907041072845458984375">
        <ele>3965.800048828125</ele>
        <time>2026-08-27T18:32:20.000Z</time>
        <extensions>
          <ns3:TrackPointExtension>
            <ns3:hr>113</ns3:hr>
          </ns3:TrackPointExtension>
        </extensions>
      </trkpt>
      <trkpt lat="-2.76076077483594417572021484375" lon="-79.22411137260496616363525390625">
        <ele>3965.39990234375</ele>
        <time>2026-08-27T18:32:25.000Z</time>
        <extensions>
          <ns3:TrackPointExtension>
            <ns3:hr>113</ns3:hr>
          </ns3:TrackPointExtension>
        </extensions>
      </trkpt>
      <trkpt lat="-2.760758511722087860107421875" lon="-79.22414012253284454345703125">
        <ele>3965.39990234375</ele>
        <time>2026-08-27T18:32:28.000Z</time>
        <extensions>
          <ns3:TrackPointExtension>
            <ns3:hr>112</ns3:hr>
          </ns3:TrackPointExtension>
        </extensions>
      </trkpt>
      <trkpt lat="-2.7607435919344425201416015625" lon="-79.22418437898159027099609375">
        <ele>3966.199951171875</ele>
        <time>2026-08-27T18:32:36.000Z</time>
        <extensions>
          <ns3:TrackPointExtension>
            <ns3:hr>112</ns3:hr>
          </ns3:TrackPointExtension>
        </extensions>
      </trkpt>
      <trkpt lat="-2.76073831133544445037841796875" lon="-79.224190078675746917724609375">
        <ele>3966.39990234375</ele>
        <time>2026-08-27T18:32:38.000Z</time>
        <extensions>
          <ns3:TrackPointExtension>
            <ns3:hr>116</ns3:hr>
          </ns3:TrackPointExtension>
        </extensions>
      </trkpt>
      <trkpt lat="-2.76073110289871692657470703125" lon="-79.22420575283467769622802734375">
        <ele>3966.800048828125</ele>
        <time>2026-08-27T18:32:41.000Z</time>
        <extensions>
          <ns3:TrackPointExtension>
            <ns3:hr>119</ns3:hr>
          </ns3:TrackPointExtension>
        </extensions>
      </trkpt>
      <trkpt lat="-2.7607291750609874725341796875" lon="-79.22421530820429325103759765625">
        <ele>3966.800048828125</ele>
        <time>2026-08-27T18:32:43.000Z</time>
        <extensions>
          <ns3:TrackPointExtension>
            <ns3:hr>122</ns3:hr>
          </ns3:TrackPointExtension>
        </extensions>
      </trkpt>
      <trkpt lat="-2.76072733104228973388671875" lon="-79.22421866096556186676025390625">
        <ele>3966.800048828125</ele>
        <time>2026-08-27T18:32:44.000Z</time>
        <extensions>
          <ns3:TrackPointExtension>
            <ns3:hr>125</ns3:hr>
          </ns3:TrackPointExtension>
        </extensions>
      </trkpt>
      <trkpt lat="-2.760722637176513671875" lon="-79.2242774181067943572998046875">
        <ele>3966.60009765625</ele>
        <time>2026-08-27T18:32:52.000Z</time>
        <extensions>
          <ns3:TrackPointExtension>
            <ns3:hr>124</ns3:hr>
          </ns3:TrackPointExtension>
        </extensions>
      </trkpt>
      <trkpt lat="-2.7607114054262638092041015625" lon="-79.22432075254619121551513671875">
        <ele>3966.800048828125</ele>
        <time>2026-08-27T18:32:58.000Z</time>
        <extensions>
          <ns3:TrackPointExtension>
            <ns3:hr>121</ns3:hr>
          </ns3:TrackPointExtension>
        </extensions>
      </trkpt>
      <trkpt lat="-2.76071618311107158660888671875" lon="-79.22434874810278415679931640625">
        <ele>3966.39990234375</ele>
        <time>2026-08-27T18:33:03.000Z</time>
        <extensions>
          <ns3:TrackPointExtension>
            <ns3:hr>122</ns3:hr>
          </ns3:TrackPointExtension>
        </extensions>
      </trkpt>
      <trkpt lat="-2.76070813648402690887451171875" lon="-79.2243924178183078765869140625">
        <ele>3966.39990234375</ele>
        <time>2026-08-27T18:33:09.000Z</time>
        <extensions>
          <ns3:TrackPointExtension>
            <ns3:hr>125</ns3:hr>
          </ns3:TrackPointExtension>
        </extensions>
      </trkpt>
      <trkpt lat="-2.76068969629704952239990234375" lon="-79.22442921437323093414306640625">
        <ele>3966.800048828125</ele>
        <time>2026-08-27T18:33:14.000Z</time>
        <extensions>
          <ns3:TrackPointExtension>
            <ns3:hr>126</ns3:hr>
          </ns3:TrackPointExtension>
        </extensions>
      </trkpt>
      <trkpt lat="-2.76064493693411350250244140625" lon="-79.22450163401663303375244140625">
        <ele>3967</ele>
        <time>2026-08-27T18:33:25.000Z</time>
        <extensions>
          <ns3:TrackPointExtension>
            <ns3:hr>126</ns3:hr>
          </ns3:TrackPointExtension>
        </extensions>
      </trkpt>
      <trkpt lat="-2.760617025196552276611328125" lon="-79.2245458066463470458984375">
        <ele>3967.199951171875</ele>
        <time>2026-08-27T18:33:35.000Z</time>
        <extensions>
          <ns3:TrackPointExtension>
            <ns3:hr>127</ns3:hr>
          </ns3:TrackPointExtension>
        </extensions>
      </trkpt>
      <trkpt lat="-2.76061358861625194549560546875" lon="-79.22454991377890110015869140625">
        <ele>3967.199951171875</ele>
        <time>2026-08-27T18:33:42.000Z</time>
        <extensions>
          <ns3:TrackPointExtension>
            <ns3:hr>127</ns3:hr>
          </ns3:TrackPointExtension>
        </extensions>
      </trkpt>
      <trkpt lat="-2.76058542542159557342529296875" lon="-79.2245630733668804168701171875">
        <ele>3967.800048828125</ele>
        <time>2026-08-27T18:34:17.000Z</time>
        <extensions>
          <ns3:TrackPointExtension>
            <ns3:hr>124</ns3:hr>
          </ns3:TrackPointExtension>
        </extensions>
      </trkpt>
      <trkpt lat="-2.76054251007735729217529296875" lon="-79.22460816800594329833984375">
        <ele>3968.39990234375</ele>
        <time>2026-08-27T18:34:21.000Z</time>
        <extensions>
          <ns3:TrackPointExtension>
            <ns3:hr>123</ns3:hr>
          </ns3:TrackPointExtension>
        </extensions>
      </trkpt>
      <trkpt lat="-2.76049892418086528778076171875" lon="-79.22467463649809360504150390625">
        <ele>3969</ele>
        <time>2026-08-27T18:34:29.000Z</time>
        <extensions>
          <ns3:TrackPointExtension>
            <ns3:hr>121</ns3:hr>
          </ns3:TrackPointExtension>
        </extensions>
      </trkpt>
      <trkpt lat="-2.7604820765554904937744140625" lon="-79.224728532135486602783203125">
        <ele>3969.199951171875</ele>
        <time>2026-08-27T18:34:36.000Z</time>
        <extensions>
          <ns3:TrackPointExtension>
            <ns3:hr>120</ns3:hr>
          </ns3:TrackPointExtension>
        </extensions>
      </trkpt>
      <trkpt lat="-2.76042331941425800323486328125" lon="-79.2247853614389896392822265625">
        <ele>3970.39990234375</ele>
        <time>2026-08-27T18:34:46.000Z</time>
        <extensions>
          <ns3:TrackPointExtension>
            <ns3:hr>119</ns3:hr>
          </ns3:TrackPointExtension>
        </extensions>
      </trkpt>
      <trkpt lat="-2.760389707982540130615234375" lon="-79.22480338253080844879150390625">
        <ele>3971.199951171875</ele>
        <time>2026-08-27T18:34:50.000Z</time>
        <extensions>
          <ns3:TrackPointExtension>
            <ns3:hr>116</ns3:hr>
          </ns3:TrackPointExtension>
        </extensions>
      </trkpt>
      <trkpt lat="-2.76033380068838596343994140625" lon="-79.22482970170676708221435546875">
        <ele>3972.39990234375</ele>
        <time>2026-08-27T18:34:57.000Z</time>
        <extensions>
          <ns3:TrackPointExtension>
            <ns3:hr>115</ns3:hr>
          </ns3:TrackPointExtension>
        </extensions>
      </trkpt>
      <trkpt lat="-2.76031703688204288482666015625" lon="-79.2248406819999217987060546875">
        <ele>3972.800048828125</ele>
        <time>2026-08-27T18:34:59.000Z</time>
        <extensions>
          <ns3:TrackPointExtension>
            <ns3:hr>115</ns3:hr>
          </ns3:TrackPointExtension>
        </extensions>
      </trkpt>
      <trkpt lat="-2.76025752536952495574951171875" lon="-79.22488569281995296478271484375">
        <ele>3973.60009765625</ele>
        <time>2026-08-27T18:35:07.000Z</time>
        <extensions>
          <ns3:TrackPointExtension>
            <ns3:hr>116</ns3:hr>
          </ns3:TrackPointExtension>
        </extensions>
      </trkpt>
      <trkpt lat="-2.76023514568805694580078125" lon="-79.224921651184558868408203125">
        <ele>3973.60009765625</ele>
        <time>2026-08-27T18:35:13.000Z</time>
        <extensions>
          <ns3:TrackPointExtension>
            <ns3:hr>116</ns3:hr>
          </ns3:TrackPointExtension>
        </extensions>
      </trkpt>
      <trkpt lat="-2.7601937390863895416259765625" lon="-79.22497370280325412750244140625">
        <ele>3973.800048828125</ele>
        <time>2026-08-27T18:35:20.000Z</time>
        <extensions>
          <ns3:TrackPointExtension>
            <ns3:hr>118</ns3:hr>
          </ns3:TrackPointExtension>
        </extensions>
      </trkpt>
      <trkpt lat="-2.76014135219156742095947265625" lon="-79.2250314541161060333251953125">
        <ele>3974.199951171875</ele>
        <time>2026-08-27T18:35:29.000Z</time>
        <extensions>
          <ns3:TrackPointExtension>
            <ns3:hr>118</ns3:hr>
          </ns3:TrackPointExtension>
        </extensions>
      </trkpt>
      <trkpt lat="-2.760070860385894775390625" lon="-79.22511083073914051055908203125">
        <ele>3974.39990234375</ele>
        <time>2026-08-27T18:35:42.000Z</time>
        <extensions>
          <ns3:TrackPointExtension>
            <ns3:hr>116</ns3:hr>
          </ns3:TrackPointExtension>
        </extensions>
      </trkpt>
      <trkpt lat="-2.7600695192813873291015625" lon="-79.22511938028037548065185546875">
        <ele>3974.199951171875</ele>
        <time>2026-08-27T18:35:43.000Z</time>
        <extensions>
          <ns3:TrackPointExtension>
            <ns3:hr>115</ns3:hr>
          </ns3:TrackPointExtension>
        </extensions>
      </trkpt>
      <trkpt lat="-2.760041691362857818603515625" lon="-79.22521577216684818267822265625">
        <ele>3974</ele>
        <time>2026-08-27T18:35:55.000Z</time>
        <extensions>
          <ns3:TrackPointExtension>
            <ns3:hr>117</ns3:hr>
          </ns3:TrackPointExtension>
        </extensions>
      </trkpt>
      <trkpt lat="-2.75999114848673343658447265625" lon="-79.22528031282126903533935546875">
        <ele>3975.39990234375</ele>
        <time>2026-08-27T18:36:05.000Z</time>
        <extensions>
          <ns3:TrackPointExtension>
            <ns3:hr>116</ns3:hr>
          </ns3:TrackPointExtension>
        </extensions>
      </trkpt>
      <trkpt lat="-2.7599622309207916259765625" lon="-79.22530956566333770751953125">
        <ele>3976.199951171875</ele>
        <time>2026-08-27T18:36:12.000Z</time>
        <extensions>
          <ns3:TrackPointExtension>
            <ns3:hr>118</ns3:hr>
          </ns3:TrackPointExtension>
        </extensions>
      </trkpt>
      <trkpt lat="-2.759936414659023284912109375" lon="-79.22531769610941410064697265625">
        <ele>3977</ele>
        <time>2026-08-27T18:36:17.000Z</time>
        <extensions>
          <ns3:TrackPointExtension>
            <ns3:hr>121</ns3:hr>
          </ns3:TrackPointExtension>
        </extensions>
      </trkpt>
      <trkpt lat="-2.75988754816353321075439453125" lon="-79.2253370583057403564453125">
        <ele>3978.60009765625</ele>
        <time>2026-08-27T18:36:24.000Z</time>
        <extensions>
          <ns3:TrackPointExtension>
            <ns3:hr>122</ns3:hr>
          </ns3:TrackPointExtension>
        </extensions>
      </trkpt>
      <trkpt lat="-2.75983273051679134368896484375" lon="-79.22536991536617279052734375">
        <ele>3980.60009765625</ele>
        <time>2026-08-27T18:36:34.000Z</time>
        <extensions>
          <ns3:TrackPointExtension>
            <ns3:hr>121</ns3:hr>
          </ns3:TrackPointExtension>
        </extensions>
      </trkpt>
      <trkpt lat="-2.7598088420927524566650390625" lon="-79.22535474412143230438232421875">
        <ele>3981.39990234375</ele>
        <time>2026-08-27T18:36:40.000Z</time>
        <extensions>
          <ns3:TrackPointExtension>
            <ns3:hr>119</ns3:hr>
          </ns3:TrackPointExtension>
        </extensions>
      </trkpt>
      <trkpt lat="-2.75979098863899707794189453125" lon="-79.22532574273645877838134765625">
        <ele>3982.199951171875</ele>
        <time>2026-08-27T18:36:46.000Z</time>
        <extensions>
          <ns3:TrackPointExtension>
            <ns3:hr>123</ns3:hr>
          </ns3:TrackPointExtension>
        </extensions>
      </trkpt>
      <trkpt lat="-2.75977958925068378448486328125" lon="-79.225331358611583709716796875">
        <ele>3982.60009765625</ele>
        <time>2026-08-27T18:36:48.000Z</time>
        <extensions>
          <ns3:TrackPointExtension>
            <ns3:hr>126</ns3:hr>
          </ns3:TrackPointExtension>
        </extensions>
      </trkpt>
      <trkpt lat="-2.75977782905101776123046875" lon="-79.22533814795315265655517578125">
        <ele>3982.800048828125</ele>
        <time>2026-08-27T18:36:49.000Z</time>
        <extensions>
          <ns3:TrackPointExtension>
            <ns3:hr>128</ns3:hr>
          </ns3:TrackPointExtension>
        </extensions>
      </trkpt>
      <trkpt lat="-2.75977506302297115325927734375" lon="-79.2253580130636692047119140625">
        <ele>3982.800048828125</ele>
        <time>2026-08-27T18:36:52.000Z</time>
        <extensions>
          <ns3:TrackPointExtension>
            <ns3:hr>132</ns3:hr>
          </ns3:TrackPointExtension>
        </extensions>
      </trkpt>
      <trkpt lat="-2.75976332835853099822998046875" lon="-79.22541660256683826446533203125">
        <ele>3983.39990234375</ele>
        <time>2026-08-27T18:37:00.000Z</time>
        <extensions>
          <ns3:TrackPointExtension>
            <ns3:hr>130</ns3:hr>
          </ns3:TrackPointExtension>
        </extensions>
      </trkpt>
      <trkpt lat="-2.75976165197789669036865234375" lon="-79.2254290916025638580322265625">
        <ele>3983.39990234375</ele>
        <time>2026-08-27T18:37:02.000Z</time>
        <extensions>
          <ns3:TrackPointExtension>
            <ns3:hr>127</ns3:hr>
          </ns3:TrackPointExtension>
        </extensions>
      </trkpt>
      <trkpt lat="-2.75975075550377368927001953125" lon="-79.2254602722823619842529296875">
        <ele>3983.60009765625</ele>
        <time>2026-08-27T18:37:08.000Z</time>
        <extensions>
          <ns3:TrackPointExtension>
            <ns3:hr>124</ns3:hr>
          </ns3:TrackPointExtension>
        </extensions>
      </trkpt>
      <trkpt lat="-2.75972343049943447113037109375" lon="-79.2254941351711750030517578125">
        <ele>3983.800048828125</ele>
        <time>2026-08-27T18:37:14.000Z</time>
        <extensions>
          <ns3:TrackPointExtension>
            <ns3:hr>127</ns3:hr>
          </ns3:TrackPointExtension>
        </extensions>
      </trkpt>
      <trkpt lat="-2.75971211493015289306640625" lon="-79.22552405856549739837646484375">
        <ele>3983.800048828125</ele>
        <time>2026-08-27T18:37:18.000Z</time>
        <extensions>
          <ns3:TrackPointExtension>
            <ns3:hr>125</ns3:hr>
          </ns3:TrackPointExtension>
        </extensions>
      </trkpt>
      <trkpt lat="-2.7597042359411716461181640625" lon="-79.22554736025631427764892578125">
        <ele>3983.800048828125</ele>
        <time>2026-08-27T18:37:21.000Z</time>
        <extensions>
          <ns3:TrackPointExtension>
            <ns3:hr>122</ns3:hr>
          </ns3:TrackPointExtension>
        </extensions>
      </trkpt>
      <trkpt lat="-2.75970482267439365386962890625" lon="-79.22556814737617969512939453125">
        <ele>3983.60009765625</ele>
        <time>2026-08-27T18:37:24.000Z</time>
        <extensions>
          <ns3:TrackPointExtension>
            <ns3:hr>119</ns3:hr>
          </ns3:TrackPointExtension>
        </extensions>
      </trkpt>
      <trkpt lat="-2.75968587957322597503662109375" lon="-79.22559731639921665191650390625">
        <ele>3983.800048828125</ele>
        <time>2026-08-27T18:37:29.000Z</time>
        <extensions>
          <ns3:TrackPointExtension>
            <ns3:hr>116</ns3:hr>
          </ns3:TrackPointExtension>
        </extensions>
      </trkpt>
      <trkpt lat="-2.7596814371645450592041015625" lon="-79.2255990765988826751708984375">
        <ele>3984</ele>
        <time>2026-08-27T18:37:30.000Z</time>
        <extensions>
          <ns3:TrackPointExtension>
            <ns3:hr>116</ns3:hr>
          </ns3:TrackPointExtension>
        </extensions>
      </trkpt>
      <trkpt lat="-2.75963642634451389312744140625" lon="-79.22562296502292156219482421875">
        <ele>3985</ele>
        <time>2026-08-27T18:37:39.000Z</time>
        <extensions>
          <ns3:TrackPointExtension>
            <ns3:hr>116</ns3:hr>
          </ns3:TrackPointExtension>
        </extensions>
      </trkpt>
      <trkpt lat="-2.75955998338758945465087890625" lon="-79.2256629467010498046875">
        <ele>3986.800048828125</ele>
        <time>2026-08-27T18:37:50.000Z</time>
        <extensions>
          <ns3:TrackPointExtension>
            <ns3:hr>116</ns3:hr>
          </ns3:TrackPointExtension>
        </extensions>
      </trkpt>
      <trkpt lat="-2.7594923414289951324462890625" lon="-79.2256721667945384979248046875">
        <ele>3989</ele>
        <time>2026-08-27T18:38:00.000Z</time>
        <extensions>
          <ns3:TrackPointExtension>
            <ns3:hr>117</ns3:hr>
          </ns3:TrackPointExtension>
        </extensions>
      </trkpt>
      <trkpt lat="-2.7594390325248241424560546875" lon="-79.2257070355117321014404296875">
        <ele>3990.60009765625</ele>
        <time>2026-08-27T18:38:08.000Z</time>
        <extensions>
          <ns3:TrackPointExtension>
            <ns3:hr>119</ns3:hr>
          </ns3:TrackPointExtension>
        </extensions>
      </trkpt>
      <trkpt lat="-2.7594329975545406341552734375" lon="-79.22571122646331787109375">
        <ele>3990.60009765625</ele>
        <time>2026-08-27T18:38:09.000Z</time>
        <extensions>
          <ns3:TrackPointExtension>
            <ns3:hr>122</ns3:hr>
          </ns3:TrackPointExtension>
        </extensions>
      </trkpt>
      <trkpt lat="-2.759416736662387847900390625" lon="-79.2257137410342693328857421875">
        <ele>3991.199951171875</ele>
        <time>2026-08-27T18:38:11.000Z</time>
        <extensions>
          <ns3:TrackPointExtension>
            <ns3:hr>126</ns3:hr>
          </ns3:TrackPointExtension>
        </extensions>
      </trkpt>
      <trkpt lat="-2.75937038473784923553466796875" lon="-79.22572664916515350341796875">
        <ele>3992.39990234375</ele>
        <time>2026-08-27T18:38:16.000Z</time>
        <extensions>
          <ns3:TrackPointExtension>
            <ns3:hr>127</ns3:hr>
          </ns3:TrackPointExtension>
        </extensions>
      </trkpt>
      <trkpt lat="-2.75930282659828662872314453125" lon="-79.22580267302691936492919921875">
        <ele>3993.39990234375</ele>
        <time>2026-08-27T18:38:28.000Z</time>
        <extensions>
          <ns3:TrackPointExtension>
            <ns3:hr>128</ns3:hr>
          </ns3:TrackPointExtension>
        </extensions>
      </trkpt>
      <trkpt lat="-2.759281955659389495849609375" lon="-79.2258735001087188720703125">
        <ele>3993</ele>
        <time>2026-08-27T18:38:36.000Z</time>
        <extensions>
          <ns3:TrackPointExtension>
            <ns3:hr>127</ns3:hr>
          </ns3:TrackPointExtension>
        </extensions>
      </trkpt>
      <trkpt lat="-2.7592576481401920318603515625" lon="-79.22592789866030216217041015625">
        <ele>3993</ele>
        <time>2026-08-27T18:38:43.000Z</time>
        <extensions>
          <ns3:TrackPointExtension>
            <ns3:hr>124</ns3:hr>
          </ns3:TrackPointExtension>
        </extensions>
      </trkpt>
      <trkpt lat="-2.75925152935087680816650390625" lon="-79.2259356938302516937255859375">
        <ele>3993</ele>
        <time>2026-08-27T18:38:44.000Z</time>
        <extensions>
          <ns3:TrackPointExtension>
            <ns3:hr>124</ns3:hr>
          </ns3:TrackPointExtension>
        </extensions>
      </trkpt>
      <trkpt lat="-2.759190760552883148193359375" lon="-79.22600962221622467041015625">
        <ele>3995</ele>
        <time>2026-08-27T18:38:55.000Z</time>
        <extensions>
          <ns3:TrackPointExtension>
            <ns3:hr>124</ns3:hr>
          </ns3:TrackPointExtension>
        </extensions>
      </trkpt>
      <trkpt lat="-2.75915530510246753692626953125" lon="-79.22606586478650569915771484375">
        <ele>3995.800048828125</ele>
        <time>2026-08-27T18:39:04.000Z</time>
        <extensions>
          <ns3:TrackPointExtension>
            <ns3:hr>123</ns3:hr>
          </ns3:TrackPointExtension>
        </extensions>
      </trkpt>
      <trkpt lat="-2.75912429206073284149169921875" lon="-79.2261301539838314056396484375">
        <ele>3996.39990234375</ele>
        <time>2026-08-27T18:39:14.000Z</time>
        <extensions>
          <ns3:TrackPointExtension>
            <ns3:hr>121</ns3:hr>
          </ns3:TrackPointExtension>
        </extensions>
      </trkpt>
      <trkpt lat="-2.75909780524671077728271484375" lon="-79.2261844687163829803466796875">
        <ele>3997</ele>
        <time>2026-08-27T18:39:22.000Z</time>
        <extensions>
          <ns3:TrackPointExtension>
            <ns3:hr>125</ns3:hr>
          </ns3:TrackPointExtension>
        </extensions>
      </trkpt>
      <trkpt lat="-2.75909394957125186920166015625" lon="-79.226203747093677520751953125">
        <ele>3997.199951171875</ele>
        <time>2026-08-27T18:39:24.000Z</time>
        <extensions>
          <ns3:TrackPointExtension>
            <ns3:hr>128</ns3:hr>
          </ns3:TrackPointExtension>
        </extensions>
      </trkpt>
      <trkpt lat="-2.75909780524671077728271484375" lon="-79.226255379617214202880859375">
        <ele>3996.800048828125</ele>
        <time>2026-08-27T18:39:31.000Z</time>
        <extensions>
          <ns3:TrackPointExtension>
            <ns3:hr>128</ns3:hr>
          </ns3:TrackPointExtension>
        </extensions>
      </trkpt>
      <trkpt lat="-2.759061343967914581298828125" lon="-79.2263142205774784088134765625">
        <ele>3998.800048828125</ele>
        <time>2026-08-27T18:39:39.000Z</time>
        <extensions>
          <ns3:TrackPointExtension>
            <ns3:hr>125</ns3:hr>
          </ns3:TrackPointExtension>
        </extensions>
      </trkpt>
      <trkpt lat="-2.759060002863407135009765625" lon="-79.226321093738079071044921875">
        <ele>3999</ele>
        <time>2026-08-27T18:39:40.000Z</time>
        <extensions>
          <ns3:TrackPointExtension>
            <ns3:hr>125</ns3:hr>
          </ns3:TrackPointExtension>
        </extensions>
      </trkpt>
      <trkpt lat="-2.7590584941208362579345703125" lon="-79.2263732291758060455322265625">
        <ele>3998.800048828125</ele>
        <time>2026-08-27T18:39:45.000Z</time>
        <extensions>
          <ns3:TrackPointExtension>
            <ns3:hr>122</ns3:hr>
          </ns3:TrackPointExtension>
        </extensions>
      </trkpt>
      <trkpt lat="-2.75904332287609577178955078125" lon="-79.22642695717513561248779296875">
        <ele>3999.39990234375</ele>
        <time>2026-08-27T18:39:51.000Z</time>
        <extensions>
          <ns3:TrackPointExtension>
            <ns3:hr>122</ns3:hr>
          </ns3:TrackPointExtension>
        </extensions>
      </trkpt>
      <trkpt lat="-2.7590427361428737640380859375" lon="-79.22649300657212734222412109375">
        <ele>3999</ele>
        <time>2026-08-27T18:39:59.000Z</time>
        <extensions>
          <ns3:TrackPointExtension>
            <ns3:hr>123</ns3:hr>
          </ns3:TrackPointExtension>
        </extensions>
      </trkpt>
      <trkpt lat="-2.75902546942234039306640625" lon="-79.22657288610935211181640625">
        <ele>3999.39990234375</ele>
        <time>2026-08-27T18:40:10.000Z</time>
        <extensions>
          <ns3:TrackPointExtension>
            <ns3:hr>124</ns3:hr>
          </ns3:TrackPointExtension>
        </extensions>
      </trkpt>
      <trkpt lat="-2.758996970951557159423828125" lon="-79.2266424559056758880615234375">
        <ele>4001.60009765625</ele>
        <time>2026-08-27T18:40:18.000Z</time>
        <extensions>
          <ns3:TrackPointExtension>
            <ns3:hr>123</ns3:hr>
          </ns3:TrackPointExtension>
        </extensions>
      </trkpt>
      <trkpt lat="-2.7589510381221771240234375" lon="-79.2267393507063388824462890625">
        <ele>4004.800048828125</ele>
        <time>2026-08-27T18:40:29.000Z</time>
        <extensions>
          <ns3:TrackPointExtension>
            <ns3:hr>123</ns3:hr>
          </ns3:TrackPointExtension>
        </extensions>
      </trkpt>
      <trkpt lat="-2.7589337714016437530517578125" lon="-79.226791821420192718505859375">
        <ele>4006.199951171875</ele>
        <time>2026-08-27T18:40:37.000Z</time>
        <extensions>
          <ns3:TrackPointExtension>
            <ns3:hr>123</ns3:hr>
          </ns3:TrackPointExtension>
        </extensions>
      </trkpt>
      <trkpt lat="-2.75892488658428192138671875" lon="-79.22685049474239349365234375">
        <ele>4007</ele>
        <time>2026-08-27T18:40:46.000Z</time>
        <extensions>
          <ns3:TrackPointExtension>
            <ns3:hr>123</ns3:hr>
          </ns3:TrackPointExtension>
        </extensions>
      </trkpt>
      <trkpt lat="-2.7588992379605770111083984375" lon="-79.22690858133137226104736328125">
        <ele>4008.39990234375</ele>
        <time>2026-08-27T18:40:57.000Z</time>
        <extensions>
          <ns3:TrackPointExtension>
            <ns3:hr>121</ns3:hr>
          </ns3:TrackPointExtension>
        </extensions>
      </trkpt>
      <trkpt lat="-2.75887618772685527801513671875" lon="-79.22695786692202091217041015625">
        <ele>4009.60009765625</ele>
        <time>2026-08-27T18:41:06.000Z</time>
        <extensions>
          <ns3:TrackPointExtension>
            <ns3:hr>121</ns3:hr>
          </ns3:TrackPointExtension>
        </extensions>
      </trkpt>
      <trkpt lat="-2.75888423435389995574951171875" lon="-79.22701218165457248687744140625">
        <ele>4009.199951171875</ele>
        <time>2026-08-27T18:41:14.000Z</time>
        <extensions>
          <ns3:TrackPointExtension>
            <ns3:hr>121</ns3:hr>
          </ns3:TrackPointExtension>
        </extensions>
      </trkpt>
      <trkpt lat="-2.75890418328344821929931640625" lon="-79.227032549679279327392578125">
        <ele>4008</ele>
        <time>2026-08-27T18:41:17.000Z</time>
        <extensions>
          <ns3:TrackPointExtension>
            <ns3:hr>124</ns3:hr>
          </ns3:TrackPointExtension>
        </extensions>
      </trkpt>
      <trkpt lat="-2.75892346166074275970458984375" lon="-79.22704763710498809814453125">
        <ele>4007</ele>
        <time>2026-08-27T18:41:20.000Z</time>
        <extensions>
          <ns3:TrackPointExtension>
            <ns3:hr>128</ns3:hr>
          </ns3:TrackPointExtension>
        </extensions>
      </trkpt>
      <trkpt lat="-2.75892765261232852935791015625" lon="-79.22706213779747486114501953125">
        <ele>4006.800048828125</ele>
        <time>2026-08-27T18:41:22.000Z</time>
        <extensions>
          <ns3:TrackPointExtension>
            <ns3:hr>126</ns3:hr>
          </ns3:TrackPointExtension>
        </extensions>
      </trkpt>
      <trkpt lat="-2.7589414827525615692138671875" lon="-79.22712248750030994415283203125">
        <ele>4006</ele>
        <time>2026-08-27T18:41:33.000Z</time>
        <extensions>
          <ns3:TrackPointExtension>
            <ns3:hr>128</ns3:hr>
          </ns3:TrackPointExtension>
        </extensions>
      </trkpt>
      <trkpt lat="-2.75896855629980564117431640625" lon="-79.22716774977743625640869140625">
        <ele>4004.39990234375</ele>
        <time>2026-08-27T18:41:40.000Z</time>
        <extensions>
          <ns3:TrackPointExtension>
            <ns3:hr>128</ns3:hr>
          </ns3:TrackPointExtension>
        </extensions>
      </trkpt>
      <trkpt lat="-2.7590370364487171173095703125" lon="-79.2272141017019748687744140625">
        <ele>4002</ele>
        <time>2026-08-27T18:41:48.000Z</time>
        <extensions>
          <ns3:TrackPointExtension>
            <ns3:hr>127</ns3:hr>
          </ns3:TrackPointExtension>
        </extensions>
      </trkpt>
      <trkpt lat="-2.759098894894123077392578125" lon="-79.2272602021694183349609375">
        <ele>3999.39990234375</ele>
        <time>2026-08-27T18:41:58.000Z</time>
        <extensions>
          <ns3:TrackPointExtension>
            <ns3:hr>125</ns3:hr>
          </ns3:TrackPointExtension>
        </extensions>
      </trkpt>
      <trkpt lat="-2.75913535617291927337646484375" lon="-79.22729481942951679229736328125">
        <ele>3998</ele>
        <time>2026-08-27T18:42:04.000Z</time>
        <extensions>
          <ns3:TrackPointExtension>
            <ns3:hr>122</ns3:hr>
          </ns3:TrackPointExtension>
        </extensions>
      </trkpt>
      <trkpt lat="-2.759148515760898590087890625" lon="-79.22732449136674404144287109375">
        <ele>3997.39990234375</ele>
        <time>2026-08-27T18:42:08.000Z</time>
        <extensions>
          <ns3:TrackPointExtension>
            <ns3:hr>121</ns3:hr>
          </ns3:TrackPointExtension>
        </extensions>
      </trkpt>
      <trkpt lat="-2.7591694705188274383544921875" lon="-79.2273674905300140380859375">
        <ele>3996.60009765625</ele>
        <time>2026-08-27T18:42:14.000Z</time>
        <extensions>
          <ns3:TrackPointExtension>
            <ns3:hr>118</ns3:hr>
          </ns3:TrackPointExtension>
        </extensions>
      </trkpt>
      <trkpt lat="-2.7591714821755886077880859375" lon="-79.227375201880931854248046875">
        <ele>3996.39990234375</ele>
        <time>2026-08-27T18:42:15.000Z</time>
        <extensions>
          <ns3:TrackPointExtension>
            <ns3:hr>121</ns3:hr>
          </ns3:TrackPointExtension>
        </extensions>
      </trkpt>
      <trkpt lat="-2.75918380357325077056884765625" lon="-79.22740713693201541900634765625">
        <ele>3995.60009765625</ele>
        <time>2026-08-27T18:42:19.000Z</time>
        <extensions>
          <ns3:TrackPointExtension>
            <ns3:hr>120</ns3:hr>
          </ns3:TrackPointExtension>
        </extensions>
      </trkpt>
      <trkpt lat="-2.75918631814420223236083984375" lon="-79.227425493299961090087890625">
        <ele>3995.39990234375</ele>
        <time>2026-08-27T18:42:21.000Z</time>
        <extensions>
          <ns3:TrackPointExtension>
            <ns3:hr>123</ns3:hr>
          </ns3:TrackPointExtension>
        </extensions>
      </trkpt>
      <trkpt lat="-2.75918212719261646270751953125" lon="-79.2274410836398601531982421875">
        <ele>3995.39990234375</ele>
        <time>2026-08-27T18:42:23.000Z</time>
        <extensions>
          <ns3:TrackPointExtension>
            <ns3:hr>120</ns3:hr>
          </ns3:TrackPointExtension>
        </extensions>
      </trkpt>
      <trkpt lat="-2.75916787795722484588623046875" lon="-79.2275027744472026824951171875">
        <ele>3995.800048828125</ele>
        <time>2026-08-27T18:42:31.000Z</time>
        <extensions>
          <ns3:TrackPointExtension>
            <ns3:hr>119</ns3:hr>
          </ns3:TrackPointExtension>
        </extensions>
      </trkpt>
      <trkpt lat="-2.759143821895122528076171875" lon="-79.227560944855213165283203125">
        <ele>3996.39990234375</ele>
        <time>2026-08-27T18:42:39.000Z</time>
        <extensions>
          <ns3:TrackPointExtension>
            <ns3:hr>120</ns3:hr>
          </ns3:TrackPointExtension>
        </extensions>
      </trkpt>
      <trkpt lat="-2.75910861790180206298828125" lon="-79.227618612349033355712890625">
        <ele>3997.199951171875</ele>
        <time>2026-08-27T18:42:47.000Z</time>
        <extensions>
          <ns3:TrackPointExtension>
            <ns3:hr>119</ns3:hr>
          </ns3:TrackPointExtension>
        </extensions>
      </trkpt>
      <trkpt lat="-2.759054638445377349853515625" lon="-79.2276544868946075439453125">
        <ele>3998.199951171875</ele>
        <time>2026-08-27T18:42:55.000Z</time>
        <extensions>
          <ns3:TrackPointExtension>
            <ns3:hr>118</ns3:hr>
          </ns3:TrackPointExtension>
        </extensions>
      </trkpt>
      <trkpt lat="-2.7590212784707546234130859375" lon="-79.22772766090929508209228515625">
        <ele>3998.60009765625</ele>
        <time>2026-08-27T18:43:04.000Z</time>
        <extensions>
          <ns3:TrackPointExtension>
            <ns3:hr>118</ns3:hr>
          </ns3:TrackPointExtension>
        </extensions>
      </trkpt>
      <trkpt lat="-2.7590377070009708404541015625" lon="-79.22779303975403308868408203125">
        <ele>3998.199951171875</ele>
        <time>2026-08-27T18:43:11.000Z</time>
        <extensions>
          <ns3:TrackPointExtension>
            <ns3:hr>118</ns3:hr>
          </ns3:TrackPointExtension>
        </extensions>
      </trkpt>
      <trkpt lat="-2.75904181413352489471435546875" lon="-79.22780041582882404327392578125">
        <ele>3998</ele>
        <time>2026-08-27T18:43:12.000Z</time>
        <extensions>
          <ns3:TrackPointExtension>
            <ns3:hr>118</ns3:hr>
          </ns3:TrackPointExtension>
        </extensions>
      </trkpt>
      <trkpt lat="-2.75905589573085308074951171875" lon="-79.227847941219806671142578125">
        <ele>3998</ele>
        <time>2026-08-27T18:43:19.000Z</time>
        <extensions>
          <ns3:TrackPointExtension>
            <ns3:hr>120</ns3:hr>
          </ns3:TrackPointExtension>
        </extensions>
      </trkpt>
      <trkpt lat="-2.75905673392117023468017578125" lon="-79.227884821593761444091796875">
        <ele>3998.199951171875</ele>
        <time>2026-08-27T18:43:28.000Z</time>
        <extensions>
          <ns3:TrackPointExtension>
            <ns3:hr>122</ns3:hr>
          </ns3:TrackPointExtension>
        </extensions>
      </trkpt>
      <trkpt lat="-2.75902203284204006195068359375" lon="-79.22793972305953502655029296875">
        <ele>3999.800048828125</ele>
        <time>2026-08-27T18:43:36.000Z</time>
        <extensions>
          <ns3:TrackPointExtension>
            <ns3:hr>123</ns3:hr>
          </ns3:TrackPointExtension>
        </extensions>
      </trkpt>
      <trkpt lat="-2.7590246312320232391357421875" lon="-79.228007532656192779541015625">
        <ele>4000</ele>
        <time>2026-08-27T18:43:44.000Z</time>
        <extensions>
          <ns3:TrackPointExtension>
            <ns3:hr>123</ns3:hr>
          </ns3:TrackPointExtension>
        </extensions>
      </trkpt>
      <trkpt lat="-2.759012393653392791748046875" lon="-79.22803225927054882049560546875">
        <ele>4000.39990234375</ele>
        <time>2026-08-27T18:43:48.000Z</time>
        <extensions>
          <ns3:TrackPointExtension>
            <ns3:hr>120</ns3:hr>
          </ns3:TrackPointExtension>
        </extensions>
      </trkpt>
      <trkpt lat="-2.7590021677315235137939453125" lon="-79.22806327231228351593017578125">
        <ele>4000.60009765625</ele>
        <time>2026-08-27T18:43:53.000Z</time>
        <extensions>
          <ns3:TrackPointExtension>
            <ns3:hr>118</ns3:hr>
          </ns3:TrackPointExtension>
        </extensions>
      </trkpt>
      <trkpt lat="-2.7589458413422107696533203125" lon="-79.22810417599976062774658203125">
        <ele>4002</ele>
        <time>2026-08-27T18:44:02.000Z</time>
        <extensions>
          <ns3:TrackPointExtension>
            <ns3:hr>116</ns3:hr>
          </ns3:TrackPointExtension>
        </extensions>
      </trkpt>
      <trkpt lat="-2.75887392461299896240234375" lon="-79.2281267233192920684814453125">
        <ele>4004.60009765625</ele>
        <time>2026-08-27T18:44:10.000Z</time>
        <extensions>
          <ns3:TrackPointExtension>
            <ns3:hr>113</ns3:hr>
          </ns3:TrackPointExtension>
        </extensions>
      </trkpt>
      <trkpt lat="-2.7588553167879581451416015625" lon="-79.22814558260142803192138671875">
        <ele>4005.199951171875</ele>
        <time>2026-08-27T18:44:13.000Z</time>
        <extensions>
          <ns3:TrackPointExtension>
            <ns3:hr>112</ns3:hr>
          </ns3:TrackPointExtension>
        </extensions>
      </trkpt>
      <trkpt lat="-2.75880418717861175537109375" lon="-79.2282118834555149078369140625">
        <ele>4006</ele>
        <time>2026-08-27T18:44:22.000Z</time>
        <extensions>
          <ns3:TrackPointExtension>
            <ns3:hr>112</ns3:hr>
          </ns3:TrackPointExtension>
        </extensions>
      </trkpt>
      <trkpt lat="-2.75877610780298709869384765625" lon="-79.22829478047788143157958984375">
        <ele>4005.800048828125</ele>
        <time>2026-08-27T18:44:32.000Z</time>
        <extensions>
          <ns3:TrackPointExtension>
            <ns3:hr>112</ns3:hr>
          </ns3:TrackPointExtension>
        </extensions>
      </trkpt>
      <trkpt lat="-2.7587835676968097686767578125" lon="-79.22836954705417156219482421875">
        <ele>4004.39990234375</ele>
        <time>2026-08-27T18:44:42.000Z</time>
        <extensions>
          <ns3:TrackPointExtension>
            <ns3:hr>113</ns3:hr>
          </ns3:TrackPointExtension>
        </extensions>
      </trkpt>
      <trkpt lat="-2.75877057574689388275146484375" lon="-79.2284174077212810516357421875">
        <ele>4003.39990234375</ele>
        <time>2026-08-27T18:44:48.000Z</time>
        <extensions>
          <ns3:TrackPointExtension>
            <ns3:hr>112</ns3:hr>
          </ns3:TrackPointExtension>
        </extensions>
      </trkpt>
      <trkpt lat="-2.75876839645206928253173828125" lon="-79.2284484207630157470703125">
        <ele>4002.60009765625</ele>
        <time>2026-08-27T18:44:51.000Z</time>
        <extensions>
          <ns3:TrackPointExtension>
            <ns3:hr>113</ns3:hr>
          </ns3:TrackPointExtension>
        </extensions>
      </trkpt>
      <trkpt lat="-2.75875858962535858154296875" lon="-79.22850407660007476806640625">
        <ele>4001.39990234375</ele>
        <time>2026-08-27T18:44:57.000Z</time>
        <extensions>
          <ns3:TrackPointExtension>
            <ns3:hr>114</ns3:hr>
          </ns3:TrackPointExtension>
        </extensions>
      </trkpt>
      <trkpt lat="-2.7587570808827877044677734375" lon="-79.22851882874965667724609375">
        <ele>4001</ele>
        <time>2026-08-27T18:45:00.000Z</time>
        <extensions>
          <ns3:TrackPointExtension>
            <ns3:hr>116</ns3:hr>
          </ns3:TrackPointExtension>
        </extensions>
      </trkpt>
      <trkpt lat="-2.7587567456066608428955078125" lon="-79.2285310663282871246337890625">
        <ele>4000.800048828125</ele>
        <time>2026-08-27T18:45:07.000Z</time>
        <extensions>
          <ns3:TrackPointExtension>
            <ns3:hr>119</ns3:hr>
          </ns3:TrackPointExtension>
        </extensions>
      </trkpt>
      <trkpt lat="-2.75875666178762912750244140625" lon="-79.22853098250925540924072265625">
        <ele>4000.800048828125</ele>
        <time>2026-08-27T18:45:08.000Z</time>
        <extensions>
          <ns3:TrackPointExtension>
            <ns3:hr>119</ns3:hr>
          </ns3:TrackPointExtension>
        </extensions>
      </trkpt>
      <trkpt lat="-2.7587507106363773345947265625" lon="-79.228539280593395233154296875">
        <ele>4000.800048828125</ele>
        <time>2026-08-27T18:45:15.000Z</time>
        <extensions>
          <ns3:TrackPointExtension>
            <ns3:hr>121</ns3:hr>
          </ns3:TrackPointExtension>
        </extensions>
      </trkpt>
      <trkpt lat="-2.75875146500766277313232421875" lon="-79.22853735275566577911376953125">
        <ele>4000.800048828125</ele>
        <time>2026-08-27T18:45:19.000Z</time>
        <extensions>
          <ns3:TrackPointExtension>
            <ns3:hr>124</ns3:hr>
          </ns3:TrackPointExtension>
        </extensions>
      </trkpt>
      <trkpt lat="-2.75875146500766277313232421875" lon="-79.22853735275566577911376953125">
        <ele>4000.800048828125</ele>
        <time>2026-08-27T18:45:22.000Z</time>
        <extensions>
          <ns3:TrackPointExtension>
            <ns3:hr>126</ns3:hr>
          </ns3:TrackPointExtension>
        </extensions>
      </trkpt>
      <trkpt lat="-2.75875146500766277313232421875" lon="-79.22853735275566577911376953125">
        <ele>4000.800048828125</ele>
        <time>2026-08-27T18:45:34.000Z</time>
        <extensions>
          <ns3:TrackPointExtension>
            <ns3:hr>123</ns3:hr>
          </ns3:TrackPointExtension>
        </extensions>
      </trkpt>
      <trkpt lat="-2.758751213550567626953125" lon="-79.22853760421276092529296875">
        <ele>4000.800048828125</ele>
        <time>2026-08-27T18:45:38.000Z</time>
        <extensions>
          <ns3:TrackPointExtension>
            <ns3:hr>120</ns3:hr>
          </ns3:TrackPointExtension>
        </extensions>
      </trkpt>
      <trkpt lat="-2.75875062681734561920166015625" lon="-79.2285381071269512176513671875">
        <ele>4000.800048828125</ele>
        <time>2026-08-27T18:45:43.000Z</time>
        <extensions>
          <ns3:TrackPointExtension>
            <ns3:hr>117</ns3:hr>
          </ns3:TrackPointExtension>
        </extensions>
      </trkpt>
      <trkpt lat="-2.75873444974422454833984375" lon="-79.22855813987553119659423828125">
        <ele>4001</ele>
        <time>2026-08-27T18:45:47.000Z</time>
        <extensions>
          <ns3:TrackPointExtension>
            <ns3:hr>114</ns3:hr>
          </ns3:TrackPointExtension>
        </extensions>
      </trkpt>
      <trkpt lat="-2.75872707366943359375" lon="-79.22856585122644901275634765625">
        <ele>4001</ele>
        <time>2026-08-27T18:45:48.000Z</time>
        <extensions>
          <ns3:TrackPointExtension>
            <ns3:hr>114</ns3:hr>
          </ns3:TrackPointExtension>
        </extensions>
      </trkpt>
      <trkpt lat="-2.75869295932352542877197265625" lon="-79.22859166748821735382080078125">
        <ele>4001</ele>
        <time>2026-08-27T18:45:52.000Z</time>
        <extensions>
          <ns3:TrackPointExtension>
            <ns3:hr>111</ns3:hr>
          </ns3:TrackPointExtension>
        </extensions>
      </trkpt>
      <trkpt lat="-2.75863386690616607666015625" lon="-79.22862653620541095733642578125">
        <ele>4001.800048828125</ele>
        <time>2026-08-27T18:45:59.000Z</time>
        <extensions>
          <ns3:TrackPointExtension>
            <ns3:hr>110</ns3:hr>
          </ns3:TrackPointExtension>
        </extensions>
      </trkpt>
      <trkpt lat="-2.75861115194857120513916015625" lon="-79.22866609878838062286376953125">
        <ele>4001.800048828125</ele>
        <time>2026-08-27T18:46:06.000Z</time>
        <extensions>
          <ns3:TrackPointExtension>
            <ns3:hr>110</ns3:hr>
          </ns3:TrackPointExtension>
        </extensions>
      </trkpt>
      <trkpt lat="-2.75859656743705272674560546875" lon="-79.2287261970341205596923828125">
        <ele>4001</ele>
        <time>2026-08-27T18:46:14.000Z</time>
        <extensions>
          <ns3:TrackPointExtension>
            <ns3:hr>112</ns3:hr>
          </ns3:TrackPointExtension>
        </extensions>
      </trkpt>
      <trkpt lat="-2.7585572563111782073974609375" lon="-79.228790067136287689208984375">
        <ele>4000.60009765625</ele>
        <time>2026-08-27T18:46:24.000Z</time>
        <extensions>
          <ns3:TrackPointExtension>
            <ns3:hr>112</ns3:hr>
          </ns3:TrackPointExtension>
        </extensions>
      </trkpt>
      <trkpt lat="-2.7585254050791263580322265625" lon="-79.2288415320217609405517578125">
        <ele>4000.60009765625</ele>
        <time>2026-08-27T18:46:32.000Z</time>
        <extensions>
          <ns3:TrackPointExtension>
            <ns3:hr>113</ns3:hr>
          </ns3:TrackPointExtension>
        </extensions>
      </trkpt>
      <trkpt lat="-2.7584667317569255828857421875" lon="-79.22891043126583099365234375">
        <ele>4001.199951171875</ele>
        <time>2026-08-27T18:46:41.000Z</time>
        <extensions>
          <ns3:TrackPointExtension>
            <ns3:hr>112</ns3:hr>
          </ns3:TrackPointExtension>
        </extensions>
      </trkpt>
      <trkpt lat="-2.7584207989275455474853515625" lon="-79.22894353978335857391357421875">
        <ele>4001.800048828125</ele>
        <time>2026-08-27T18:46:48.000Z</time>
        <extensions>
          <ns3:TrackPointExtension>
            <ns3:hr>115</ns3:hr>
          </ns3:TrackPointExtension>
        </extensions>
      </trkpt>
      <trkpt lat="-2.75841602124273777008056640625" lon="-79.22895007766783237457275390625">
        <ele>4001.800048828125</ele>
        <time>2026-08-27T18:46:49.000Z</time>
        <extensions>
          <ns3:TrackPointExtension>
            <ns3:hr>112</ns3:hr>
          </ns3:TrackPointExtension>
        </extensions>
      </trkpt>
      <trkpt lat="-2.758405208587646484375" lon="-79.22896013595163822174072265625">
        <ele>4001.800048828125</ele>
        <time>2026-08-27T18:46:51.000Z</time>
        <extensions>
          <ns3:TrackPointExtension>
            <ns3:hr>111</ns3:hr>
          </ns3:TrackPointExtension>
        </extensions>
      </trkpt>
      <trkpt lat="-2.75836857967078685760498046875" lon="-79.2289974354207515716552734375">
        <ele>4003.199951171875</ele>
        <time>2026-08-27T18:46:57.000Z</time>
        <extensions>
          <ns3:TrackPointExtension>
            <ns3:hr>111</ns3:hr>
          </ns3:TrackPointExtension>
        </extensions>
      </trkpt>
      <trkpt lat="-2.75834762491285800933837890625" lon="-79.2290121875703334808349609375">
        <ele>4004</ele>
        <time>2026-08-27T18:47:00.000Z</time>
        <extensions>
          <ns3:TrackPointExtension>
            <ns3:hr>110</ns3:hr>
          </ns3:TrackPointExtension>
        </extensions>
      </trkpt>
      <trkpt lat="-2.7583151869475841522216796875" lon="-79.22903758473694324493408203125">
        <ele>4004.800048828125</ele>
        <time>2026-08-27T18:47:04.000Z</time>
        <extensions>
          <ns3:TrackPointExtension>
            <ns3:hr>109</ns3:hr>
          </ns3:TrackPointExtension>
        </extensions>
      </trkpt>
      <trkpt lat="-2.75826112367212772369384765625" lon="-79.2290899716317653656005859375">
        <ele>4005.199951171875</ele>
        <time>2026-08-27T18:47:13.000Z</time>
        <extensions>
          <ns3:TrackPointExtension>
            <ns3:hr>109</ns3:hr>
          </ns3:TrackPointExtension>
        </extensions>
      </trkpt>
      <trkpt lat="-2.75820664130151271820068359375" lon="-79.22911293804645538330078125">
        <ele>4006.800048828125</ele>
        <time>2026-08-27T18:47:21.000Z</time>
        <extensions>
          <ns3:TrackPointExtension>
            <ns3:hr>112</ns3:hr>
          </ns3:TrackPointExtension>
        </extensions>
      </trkpt>
      <trkpt lat="-2.7581837587058544158935546875" lon="-79.22914822585880756378173828125">
        <ele>4007</ele>
        <time>2026-08-27T18:47:26.000Z</time>
        <extensions>
          <ns3:TrackPointExtension>
            <ns3:hr>112</ns3:hr>
          </ns3:TrackPointExtension>
        </extensions>
      </trkpt>
      <trkpt lat="-2.75817311368882656097412109375" lon="-79.22916985116899013519287109375">
        <ele>4006.800048828125</ele>
        <time>2026-08-27T18:47:29.000Z</time>
        <extensions>
          <ns3:TrackPointExtension>
            <ns3:hr>112</ns3:hr>
          </ns3:TrackPointExtension>
        </extensions>
      </trkpt>
      <trkpt lat="-2.75814545340836048126220703125" lon="-79.22923455946147441864013671875">
        <ele>4006.39990234375</ele>
        <time>2026-08-27T18:47:38.000Z</time>
        <extensions>
          <ns3:TrackPointExtension>
            <ns3:hr>114</ns3:hr>
          </ns3:TrackPointExtension>
        </extensions>
      </trkpt>
      <trkpt lat="-2.7581099979579448699951171875" lon="-79.22929893247783184051513671875">
        <ele>4006.60009765625</ele>
        <time>2026-08-27T18:47:47.000Z</time>
        <extensions>
          <ns3:TrackPointExtension>
            <ns3:hr>114</ns3:hr>
          </ns3:TrackPointExtension>
        </extensions>
      </trkpt>
      <trkpt lat="-2.758091054856777191162109375" lon="-79.2293576896190643310546875">
        <ele>4006.60009765625</ele>
        <time>2026-08-27T18:47:57.000Z</time>
        <extensions>
          <ns3:TrackPointExtension>
            <ns3:hr>114</ns3:hr>
          </ns3:TrackPointExtension>
        </extensions>
      </trkpt>
      <trkpt lat="-2.75804855860769748687744140625" lon="-79.229413680732250213623046875">
        <ele>4008.199951171875</ele>
        <time>2026-08-27T18:48:08.000Z</time>
        <extensions>
          <ns3:TrackPointExtension>
            <ns3:hr>113</ns3:hr>
          </ns3:TrackPointExtension>
        </extensions>
      </trkpt>
      <trkpt lat="-2.75805476121604442596435546875" lon="-79.22946573235094547271728515625">
        <ele>4007</ele>
        <time>2026-08-27T18:48:15.000Z</time>
        <extensions>
          <ns3:TrackPointExtension>
            <ns3:hr>114</ns3:hr>
          </ns3:TrackPointExtension>
        </extensions>
      </trkpt>
      <trkpt lat="-2.75804537348449230194091796875" lon="-79.22951535321772098541259765625">
        <ele>4006.60009765625</ele>
        <time>2026-08-27T18:48:22.000Z</time>
        <extensions>
          <ns3:TrackPointExtension>
            <ns3:hr>117</ns3:hr>
          </ns3:TrackPointExtension>
        </extensions>
      </trkpt>
      <trkpt lat="-2.7580238319933414459228515625" lon="-79.22956380061805248260498046875">
        <ele>4006.800048828125</ele>
        <time>2026-08-27T18:48:31.000Z</time>
        <extensions>
          <ns3:TrackPointExtension>
            <ns3:hr>119</ns3:hr>
          </ns3:TrackPointExtension>
        </extensions>
      </trkpt>
      <trkpt lat="-2.75800664909183979034423828125" lon="-79.22962834127247333526611328125">
        <ele>4005.39990234375</ele>
        <time>2026-08-27T18:48:41.000Z</time>
        <extensions>
          <ns3:TrackPointExtension>
            <ns3:hr>120</ns3:hr>
          </ns3:TrackPointExtension>
        </extensions>
      </trkpt>
      <trkpt lat="-2.757986448705196380615234375" lon="-79.2297045327723026275634765625">
        <ele>4005.199951171875</ele>
        <time>2026-08-27T18:48:51.000Z</time>
        <extensions>
          <ns3:TrackPointExtension>
            <ns3:hr>119</ns3:hr>
          </ns3:TrackPointExtension>
        </extensions>
      </trkpt>
      <trkpt lat="-2.7579772286117076873779296875" lon="-79.2297197878360748291015625">
        <ele>4005.39990234375</ele>
        <time>2026-08-27T18:48:53.000Z</time>
        <extensions>
          <ns3:TrackPointExtension>
            <ns3:hr>116</ns3:hr>
          </ns3:TrackPointExtension>
        </extensions>
      </trkpt>
      <trkpt lat="-2.7579735405743122100830078125" lon="-79.229728169739246368408203125">
        <ele>4005.60009765625</ele>
        <time>2026-08-27T18:48:54.000Z</time>
        <extensions>
          <ns3:TrackPointExtension>
            <ns3:hr>119</ns3:hr>
          </ns3:TrackPointExtension>
        </extensions>
      </trkpt>
      <trkpt lat="-2.75796356610953807830810546875" lon="-79.22978491522371768951416015625">
        <ele>4005.800048828125</ele>
        <time>2026-08-27T18:49:01.000Z</time>
        <extensions>
          <ns3:TrackPointExtension>
            <ns3:hr>116</ns3:hr>
          </ns3:TrackPointExtension>
        </extensions>
      </trkpt>
      <trkpt lat="-2.75796188972890377044677734375" lon="-79.2298007570207118988037109375">
        <ele>4005.800048828125</ele>
        <time>2026-08-27T18:49:03.000Z</time>
        <extensions>
          <ns3:TrackPointExtension>
            <ns3:hr>116</ns3:hr>
          </ns3:TrackPointExtension>
        </extensions>
      </trkpt>
      <trkpt lat="-2.7579527534544467926025390625" lon="-79.229849539697170257568359375">
        <ele>4006</ele>
        <time>2026-08-27T18:49:09.000Z</time>
        <extensions>
          <ns3:TrackPointExtension>
            <ns3:hr>113</ns3:hr>
          </ns3:TrackPointExtension>
        </extensions>
      </trkpt>
      <trkpt lat="-2.75794831104576587677001953125" lon="-79.22987879253923892974853515625">
        <ele>4006.199951171875</ele>
        <time>2026-08-27T18:49:13.000Z</time>
        <extensions>
          <ns3:TrackPointExtension>
            <ns3:hr>114</ns3:hr>
          </ns3:TrackPointExtension>
        </extensions>
      </trkpt>
      <trkpt lat="-2.75795602239668369293212890625" lon="-79.22993176616728305816650390625">
        <ele>4005.800048828125</ele>
        <time>2026-08-27T18:49:22.000Z</time>
        <extensions>
          <ns3:TrackPointExtension>
            <ns3:hr>114</ns3:hr>
          </ns3:TrackPointExtension>
        </extensions>
      </trkpt>
      <trkpt lat="-2.7579507417976856231689453125" lon="-79.229945428669452667236328125">
        <ele>4006.39990234375</ele>
        <time>2026-08-27T18:49:25.000Z</time>
        <extensions>
          <ns3:TrackPointExtension>
            <ns3:hr>117</ns3:hr>
          </ns3:TrackPointExtension>
        </extensions>
      </trkpt>
      <trkpt lat="-2.75795334018766880035400390625" lon="-79.22997971065342426300048828125">
        <ele>4007.39990234375</ele>
        <time>2026-08-27T18:49:30.000Z</time>
        <extensions>
          <ns3:TrackPointExtension>
            <ns3:hr>118</ns3:hr>
          </ns3:TrackPointExtension>
        </extensions>
      </trkpt>
      <trkpt lat="-2.7579601295292377471923828125" lon="-79.22999043948948383331298828125">
        <ele>4007.39990234375</ele>
        <time>2026-08-27T18:49:38.000Z</time>
        <extensions>
          <ns3:TrackPointExtension>
            <ns3:hr>115</ns3:hr>
          </ns3:TrackPointExtension>
        </extensions>
      </trkpt>
      <trkpt lat="-2.75795836932957172393798828125" lon="-79.22998976893723011016845703125">
        <ele>4007.39990234375</ele>
        <time>2026-08-27T18:49:50.000Z</time>
        <extensions>
          <ns3:TrackPointExtension>
            <ns3:hr>118</ns3:hr>
          </ns3:TrackPointExtension>
        </extensions>
      </trkpt>
      <trkpt lat="-2.75795836932957172393798828125" lon="-79.22999043948948383331298828125">
        <ele>4007.39990234375</ele>
        <time>2026-08-27T18:49:54.000Z</time>
        <extensions>
          <ns3:TrackPointExtension>
            <ns3:hr>115</ns3:hr>
          </ns3:TrackPointExtension>
        </extensions>
      </trkpt>
      <trkpt lat="-2.75793406181037425994873046875" lon="-79.230075180530548095703125">
        <ele>4010.39990234375</ele>
        <time>2026-08-27T18:50:01.000Z</time>
        <extensions>
          <ns3:TrackPointExtension>
            <ns3:hr>117</ns3:hr>
          </ns3:TrackPointExtension>
        </extensions>
      </trkpt>
      <trkpt lat="-2.75791143067181110382080078125" lon="-79.2301672138273715972900390625">
        <ele>4013</ele>
        <time>2026-08-27T18:50:09.000Z</time>
        <extensions>
          <ns3:TrackPointExtension>
            <ns3:hr>117</ns3:hr>
          </ns3:TrackPointExtension>
        </extensions>
      </trkpt>
      <trkpt lat="-2.757914364337921142578125" lon="-79.23017081804573535919189453125">
        <ele>4012.800048828125</ele>
        <time>2026-08-27T18:50:21.000Z</time>
        <extensions>
          <ns3:TrackPointExtension>
            <ns3:hr>118</ns3:hr>
          </ns3:TrackPointExtension>
        </extensions>
      </trkpt>
      <trkpt lat="-2.75791813619434833526611328125" lon="-79.2301705665886402130126953125">
        <ele>4012.60009765625</ele>
        <time>2026-08-27T18:50:47.000Z</time>
        <extensions>
          <ns3:TrackPointExtension>
            <ns3:hr>115</ns3:hr>
          </ns3:TrackPointExtension>
        </extensions>
      </trkpt>
      <trkpt lat="-2.757918722927570343017578125" lon="-79.2301703989505767822265625">
        <ele>4012.60009765625</ele>
        <time>2026-08-27T18:50:49.000Z</time>
        <extensions>
          <ns3:TrackPointExtension>
            <ns3:hr>118</ns3:hr>
          </ns3:TrackPointExtension>
        </extensions>
      </trkpt>
      <trkpt lat="-2.757918722927570343017578125" lon="-79.2301702313125133514404296875">
        <ele>4012.60009765625</ele>
        <time>2026-08-27T18:50:54.000Z</time>
        <extensions>
          <ns3:TrackPointExtension>
            <ns3:hr>115</ns3:hr>
          </ns3:TrackPointExtension>
        </extensions>
      </trkpt>
      <trkpt lat="-2.757918722927570343017578125" lon="-79.23016981221735477447509765625">
        <ele>4012.60009765625</ele>
        <time>2026-08-27T18:50:59.000Z</time>
        <extensions>
          <ns3:TrackPointExtension>
            <ns3:hr>112</ns3:hr>
          </ns3:TrackPointExtension>
        </extensions>
      </trkpt>
      <trkpt lat="-2.7579168789088726043701171875" lon="-79.23016981221735477447509765625">
        <ele>4012.800048828125</ele>
        <time>2026-08-27T18:51:14.000Z</time>
        <extensions>
          <ns3:TrackPointExtension>
            <ns3:hr>109</ns3:hr>
          </ns3:TrackPointExtension>
        </extensions>
      </trkpt>
      <trkpt lat="-2.75791863910853862762451171875" lon="-79.23016981221735477447509765625">
        <ele>4012.60009765625</ele>
        <time>2026-08-27T18:51:51.000Z</time>
        <extensions>
          <ns3:TrackPointExtension>
            <ns3:hr>113</ns3:hr>
          </ns3:TrackPointExtension>
        </extensions>
      </trkpt>
      <trkpt lat="-2.7579202316701412200927734375" lon="-79.23017098568379878997802734375">
        <ele>4012.60009765625</ele>
        <time>2026-08-27T18:52:01.000Z</time>
        <extensions>
          <ns3:TrackPointExtension>
            <ns3:hr>118</ns3:hr>
          </ns3:TrackPointExtension>
        </extensions>
      </trkpt>
      <trkpt lat="-2.75792048312723636627197265625" lon="-79.23017106950283050537109375">
        <ele>4012.60009765625</ele>
        <time>2026-08-27T18:52:02.000Z</time>
        <extensions>
          <ns3:TrackPointExtension>
            <ns3:hr>121</ns3:hr>
          </ns3:TrackPointExtension>
        </extensions>
      </trkpt>
      <trkpt lat="-2.75792065076529979705810546875" lon="-79.23017115332186222076416015625">
        <ele>4012.60009765625</ele>
        <time>2026-08-27T18:52:03.000Z</time>
        <extensions>
          <ns3:TrackPointExtension>
            <ns3:hr>125</ns3:hr>
          </ns3:TrackPointExtension>
        </extensions>
      </trkpt>
      <trkpt lat="-2.757920734584331512451171875" lon="-79.2301715724170207977294921875">
        <ele>4012.60009765625</ele>
        <time>2026-08-27T18:52:05.000Z</time>
        <extensions>
          <ns3:TrackPointExtension>
            <ns3:hr>130</ns3:hr>
          </ns3:TrackPointExtension>
        </extensions>
      </trkpt>
      <trkpt lat="-2.757920734584331512451171875" lon="-79.23017182387411594390869140625">
        <ele>4012.60009765625</ele>
        <time>2026-08-27T18:52:06.000Z</time>
        <extensions>
          <ns3:TrackPointExtension>
            <ns3:hr>130</ns3:hr>
          </ns3:TrackPointExtension>
        </extensions>
      </trkpt>
      <trkpt lat="-2.7579323016107082366943359375" lon="-79.230200909078121185302734375">
        <ele>4012.60009765625</ele>
        <time>2026-08-27T18:52:11.000Z</time>
        <extensions>
          <ns3:TrackPointExtension>
            <ns3:hr>127</ns3:hr>
          </ns3:TrackPointExtension>
        </extensions>
      </trkpt>
      <trkpt lat="-2.7579329721629619598388671875" lon="-79.2302094586193561553955078125">
        <ele>4013</ele>
        <time>2026-08-27T18:52:12.000Z</time>
        <extensions>
          <ns3:TrackPointExtension>
            <ns3:hr>127</ns3:hr>
          </ns3:TrackPointExtension>
        </extensions>
      </trkpt>
      <trkpt lat="-2.75793355889618396759033203125" lon="-79.2302899248898029327392578125">
        <ele>4015.800048828125</ele>
        <time>2026-08-27T18:52:20.000Z</time>
        <extensions>
          <ns3:TrackPointExtension>
            <ns3:hr>130</ns3:hr>
          </ns3:TrackPointExtension>
        </extensions>
      </trkpt>
      <trkpt lat="-2.75793439708650112152099609375" lon="-79.23029704950749874114990234375">
        <ele>4016.199951171875</ele>
        <time>2026-08-27T18:52:21.000Z</time>
        <extensions>
          <ns3:TrackPointExtension>
            <ns3:hr>128</ns3:hr>
          </ns3:TrackPointExtension>
        </extensions>
      </trkpt>
      <trkpt lat="-2.7579504065215587615966796875" lon="-79.23033066093921661376953125">
        <ele>4016.800048828125</ele>
        <time>2026-08-27T18:52:29.000Z</time>
        <extensions>
          <ns3:TrackPointExtension>
            <ns3:hr>126</ns3:hr>
          </ns3:TrackPointExtension>
        </extensions>
      </trkpt>
      <trkpt lat="-2.75797127746045589447021484375" lon="-79.23036410473287105560302734375">
        <ele>4017.39990234375</ele>
        <time>2026-08-27T18:52:39.000Z</time>
        <extensions>
          <ns3:TrackPointExtension>
            <ns3:hr>124</ns3:hr>
          </ns3:TrackPointExtension>
        </extensions>
      </trkpt>
      <trkpt lat="-2.75797069072723388671875" lon="-79.2303630150854587554931640625">
        <ele>4017.39990234375</ele>
        <time>2026-08-27T18:52:43.000Z</time>
        <extensions>
          <ns3:TrackPointExtension>
            <ns3:hr>121</ns3:hr>
          </ns3:TrackPointExtension>
        </extensions>
      </trkpt>
      <trkpt lat="-2.7579721994698047637939453125" lon="-79.23036108724772930145263671875">
        <ele>4017.199951171875</ele>
        <time>2026-08-27T18:52:53.000Z</time>
        <extensions>
          <ns3:TrackPointExtension>
            <ns3:hr>121</ns3:hr>
          </ns3:TrackPointExtension>
        </extensions>
      </trkpt>
      <trkpt lat="-2.75797211565077304840087890625" lon="-79.23036410473287105560302734375">
        <ele>4017.39990234375</ele>
        <time>2026-08-27T18:53:04.000Z</time>
        <extensions>
          <ns3:TrackPointExtension>
            <ns3:hr>124</ns3:hr>
          </ns3:TrackPointExtension>
        </extensions>
      </trkpt>
      <trkpt lat="-2.75797245092689990997314453125" lon="-79.23036527819931507110595703125">
        <ele>4017.39990234375</ele>
        <time>2026-08-27T18:53:10.000Z</time>
        <extensions>
          <ns3:TrackPointExtension>
            <ns3:hr>127</ns3:hr>
          </ns3:TrackPointExtension>
        </extensions>
      </trkpt>
      <trkpt lat="-2.75797295384109020233154296875" lon="-79.2303710617125034332275390625">
        <ele>4017.60009765625</ele>
        <time>2026-08-27T18:53:34.000Z</time>
        <extensions>
          <ns3:TrackPointExtension>
            <ns3:hr>124</ns3:hr>
          </ns3:TrackPointExtension>
        </extensions>
      </trkpt>
      <trkpt lat="-2.75797295384109020233154296875" lon="-79.2303710617125034332275390625">
        <ele>4017.60009765625</ele>
        <time>2026-08-27T18:53:37.000Z</time>
        <extensions>
          <ns3:TrackPointExtension>
            <ns3:hr>121</ns3:hr>
          </ns3:TrackPointExtension>
        </extensions>
      </trkpt>
      <trkpt lat="-2.757973037660121917724609375" lon="-79.23037097789347171783447265625">
        <ele>4017.60009765625</ele>
        <time>2026-08-27T18:53:40.000Z</time>
        <extensions>
          <ns3:TrackPointExtension>
            <ns3:hr>118</ns3:hr>
          </ns3:TrackPointExtension>
        </extensions>
      </trkpt>
      <trkpt lat="-2.757973372936248779296875" lon="-79.23037064261734485626220703125">
        <ele>4017.60009765625</ele>
        <time>2026-08-27T18:53:43.000Z</time>
        <extensions>
          <ns3:TrackPointExtension>
            <ns3:hr>115</ns3:hr>
          </ns3:TrackPointExtension>
        </extensions>
      </trkpt>
      <trkpt lat="-2.75798368267714977264404296875" lon="-79.23042579554021358489990234375">
        <ele>4019.60009765625</ele>
        <time>2026-08-27T18:54:05.000Z</time>
        <extensions>
          <ns3:TrackPointExtension>
            <ns3:hr>115</ns3:hr>
          </ns3:TrackPointExtension>
        </extensions>
      </trkpt>
      <trkpt lat="-2.75798468850553035736083984375" lon="-79.2304394580423831939697265625">
        <ele>4020.199951171875</ele>
        <time>2026-08-27T18:54:06.000Z</time>
        <extensions>
          <ns3:TrackPointExtension>
            <ns3:hr>119</ns3:hr>
          </ns3:TrackPointExtension>
        </extensions>
      </trkpt>
      <trkpt lat="-2.7579867839813232421875" lon="-79.23046653158962726593017578125">
        <ele>4021.39990234375</ele>
        <time>2026-08-27T18:54:08.000Z</time>
        <extensions>
          <ns3:TrackPointExtension>
            <ns3:hr>122</ns3:hr>
          </ns3:TrackPointExtension>
        </extensions>
      </trkpt>
      <trkpt lat="-2.75801218114793300628662109375" lon="-79.230522774159908294677734375">
        <ele>4022.60009765625</ele>
        <time>2026-08-27T18:54:15.000Z</time>
        <extensions>
          <ns3:TrackPointExtension>
            <ns3:hr>121</ns3:hr>
          </ns3:TrackPointExtension>
        </extensions>
      </trkpt>
      <trkpt lat="-2.7580739557743072509765625" lon="-79.230575747787952423095703125">
        <ele>4021.800048828125</ele>
        <time>2026-08-27T18:54:25.000Z</time>
        <extensions>
          <ns3:TrackPointExtension>
            <ns3:hr>119</ns3:hr>
          </ns3:TrackPointExtension>
        </extensions>
      </trkpt>
      <trkpt lat="-2.75807739235460758209228515625" lon="-79.23065646551549434661865234375">
        <ele>4025.199951171875</ele>
        <time>2026-08-27T18:54:35.000Z</time>
        <extensions>
          <ns3:TrackPointExtension>
            <ns3:hr>117</ns3:hr>
          </ns3:TrackPointExtension>
        </extensions>
      </trkpt>
      <trkpt lat="-2.7580868639051914215087890625" lon="-79.23072352074086666107177734375">
        <ele>4027.60009765625</ele>
        <time>2026-08-27T18:54:43.000Z</time>
        <extensions>
          <ns3:TrackPointExtension>
            <ns3:hr>120</ns3:hr>
          </ns3:TrackPointExtension>
        </extensions>
      </trkpt>
      <trkpt lat="-2.75809206068515777587890625" lon="-79.230749420821666717529296875">
        <ele>4028.60009765625</ele>
        <time>2026-08-27T18:54:46.000Z</time>
        <extensions>
          <ns3:TrackPointExtension>
            <ns3:hr>119</ns3:hr>
          </ns3:TrackPointExtension>
        </extensions>
      </trkpt>
      <trkpt lat="-2.75810773484408855438232421875" lon="-79.2308022268116474151611328125">
        <ele>4029.60009765625</ele>
        <time>2026-08-27T18:54:52.000Z</time>
        <extensions>
          <ns3:TrackPointExtension>
            <ns3:hr>118</ns3:hr>
          </ns3:TrackPointExtension>
        </extensions>
      </trkpt>
      <trkpt lat="-2.7581210620701313018798828125" lon="-79.23085126094520092010498046875">
        <ele>4030.39990234375</ele>
        <time>2026-08-27T18:54:57.000Z</time>
        <extensions>
          <ns3:TrackPointExtension>
            <ns3:hr>118</ns3:hr>
          </ns3:TrackPointExtension>
        </extensions>
      </trkpt>
      <trkpt lat="-2.75812936015427112579345703125" lon="-79.23089920543134212493896484375">
        <ele>4031.39990234375</ele>
        <time>2026-08-27T18:55:04.000Z</time>
        <extensions>
          <ns3:TrackPointExtension>
            <ns3:hr>118</ns3:hr>
          </ns3:TrackPointExtension>
        </extensions>
      </trkpt>
      <trkpt lat="-2.75815886445343494415283203125" lon="-79.23097481019794940948486328125">
        <ele>4032.199951171875</ele>
        <time>2026-08-27T18:55:14.000Z</time>
        <extensions>
          <ns3:TrackPointExtension>
            <ns3:hr>118</ns3:hr>
          </ns3:TrackPointExtension>
        </extensions>
      </trkpt>
      <trkpt lat="-2.75815500877797603607177734375" lon="-79.23098989762365818023681640625">
        <ele>4032.800048828125</ele>
        <time>2026-08-27T18:55:16.000Z</time>
        <extensions>
          <ns3:TrackPointExtension>
            <ns3:hr>119</ns3:hr>
          </ns3:TrackPointExtension>
        </extensions>
      </trkpt>
      <trkpt lat="-2.75816624052822589874267578125" lon="-79.23104412853717803955078125">
        <ele>4034</ele>
        <time>2026-08-27T18:55:23.000Z</time>
        <extensions>
          <ns3:TrackPointExtension>
            <ns3:hr>120</ns3:hr>
          </ns3:TrackPointExtension>
        </extensions>
      </trkpt>
      <trkpt lat="-2.75817663408815860748291015625" lon="-79.2310738004744052886962890625">
        <ele>4034</ele>
        <time>2026-08-27T18:55:26.000Z</time>
        <extensions>
          <ns3:TrackPointExtension>
            <ns3:hr>120</ns3:hr>
          </ns3:TrackPointExtension>
        </extensions>
      </trkpt>
      <trkpt lat="-2.758209742605686187744140625" lon="-79.23111193813383579254150390625">
        <ele>4033.199951171875</ele>
        <time>2026-08-27T18:55:31.000Z</time>
        <extensions>
          <ns3:TrackPointExtension>
            <ns3:hr>119</ns3:hr>
          </ns3:TrackPointExtension>
        </extensions>
      </trkpt>
      <trkpt lat="-2.75826908648014068603515625" lon="-79.2311628162860870361328125">
        <ele>4031</ele>
        <time>2026-08-27T18:55:41.000Z</time>
        <extensions>
          <ns3:TrackPointExtension>
            <ns3:hr>118</ns3:hr>
          </ns3:TrackPointExtension>
        </extensions>
      </trkpt>
      <trkpt lat="-2.7582850120961666107177734375" lon="-79.2311901412904262542724609375">
        <ele>4030.800048828125</ele>
        <time>2026-08-27T18:55:49.000Z</time>
        <extensions>
          <ns3:TrackPointExtension>
            <ns3:hr>115</ns3:hr>
          </ns3:TrackPointExtension>
        </extensions>
      </trkpt>
      <trkpt lat="-2.75828409008681774139404296875" lon="-79.23118955455720424652099609375">
        <ele>4030.800048828125</ele>
        <time>2026-08-27T18:55:59.000Z</time>
        <extensions>
          <ns3:TrackPointExtension>
            <ns3:hr>114</ns3:hr>
          </ns3:TrackPointExtension>
        </extensions>
      </trkpt>
      <trkpt lat="-2.75829515419900417327880859375" lon="-79.2311824299395084381103515625">
        <ele>4030</ele>
        <time>2026-08-27T18:56:24.000Z</time>
        <extensions>
          <ns3:TrackPointExtension>
            <ns3:hr>117</ns3:hr>
          </ns3:TrackPointExtension>
        </extensions>
      </trkpt>
      <trkpt lat="-2.758295238018035888671875" lon="-79.23118234612047672271728515625">
        <ele>4030</ele>
        <time>2026-08-27T18:56:29.000Z</time>
        <extensions>
          <ns3:TrackPointExtension>
            <ns3:hr>114</ns3:hr>
          </ns3:TrackPointExtension>
        </extensions>
      </trkpt>
      <trkpt lat="-2.75829465128481388092041015625" lon="-79.23118234612047672271728515625">
        <ele>4030</ele>
        <time>2026-08-27T18:56:33.000Z</time>
        <extensions>
          <ns3:TrackPointExtension>
            <ns3:hr>117</ns3:hr>
          </ns3:TrackPointExtension>
        </extensions>
      </trkpt>
      <trkpt lat="-2.7582873590290546417236328125" lon="-79.231203384697437286376953125">
        <ele>4031</ele>
        <time>2026-08-27T18:56:37.000Z</time>
        <extensions>
          <ns3:TrackPointExtension>
            <ns3:hr>114</ns3:hr>
          </ns3:TrackPointExtension>
        </extensions>
      </trkpt>
      <trkpt lat="-2.75828241370618343353271484375" lon="-79.23121511936187744140625">
        <ele>4031.39990234375</ele>
        <time>2026-08-27T18:56:38.000Z</time>
        <extensions>
          <ns3:TrackPointExtension>
            <ns3:hr>117</ns3:hr>
          </ns3:TrackPointExtension>
        </extensions>
      </trkpt>
      <trkpt lat="-2.75827403180301189422607421875" lon="-79.23123590648174285888671875">
        <ele>4032.39990234375</ele>
        <time>2026-08-27T18:56:40.000Z</time>
        <extensions>
          <ns3:TrackPointExtension>
            <ns3:hr>118</ns3:hr>
          </ns3:TrackPointExtension>
        </extensions>
      </trkpt>
      <trkpt lat="-2.7582223154604434967041015625" lon="-79.23125962726771831512451171875">
        <ele>4035.60009765625</ele>
        <time>2026-08-27T18:56:48.000Z</time>
        <extensions>
          <ns3:TrackPointExtension>
            <ns3:hr>117</ns3:hr>
          </ns3:TrackPointExtension>
        </extensions>
      </trkpt>
      <trkpt lat="-2.75819934904575347900390625" lon="-79.2312890477478504180908203125">
        <ele>4037.60009765625</ele>
        <time>2026-08-27T18:56:55.000Z</time>
        <extensions>
          <ns3:TrackPointExtension>
            <ns3:hr>120</ns3:hr>
          </ns3:TrackPointExtension>
        </extensions>
      </trkpt>
      <trkpt lat="-2.75821954943239688873291015625" lon="-79.2313001118600368499755859375">
        <ele>4036.800048828125</ele>
        <time>2026-08-27T18:56:58.000Z</time>
        <extensions>
          <ns3:TrackPointExtension>
            <ns3:hr>124</ns3:hr>
          </ns3:TrackPointExtension>
        </extensions>
      </trkpt>
      <trkpt lat="-2.75821820832788944244384765625" lon="-79.23131394200026988983154296875">
        <ele>4037</ele>
        <time>2026-08-27T18:57:02.000Z</time>
        <extensions>
          <ns3:TrackPointExtension>
            <ns3:hr>122</ns3:hr>
          </ns3:TrackPointExtension>
        </extensions>
      </trkpt>
      <trkpt lat="-2.7582109160721302032470703125" lon="-79.23133707605302333831787109375">
        <ele>4038</ele>
        <time>2026-08-27T18:57:07.000Z</time>
        <extensions>
          <ns3:TrackPointExtension>
            <ns3:hr>119</ns3:hr>
          </ns3:TrackPointExtension>
        </extensions>
      </trkpt>
      <trkpt lat="-2.75821586139500141143798828125" lon="-79.2313492298126220703125">
        <ele>4038</ele>
        <time>2026-08-27T18:57:09.000Z</time>
        <extensions>
          <ns3:TrackPointExtension>
            <ns3:hr>118</ns3:hr>
          </ns3:TrackPointExtension>
        </extensions>
      </trkpt>
      <trkpt lat="-2.75824226438999176025390625" lon="-79.2314241640269756317138671875">
        <ele>4038.60009765625</ele>
        <time>2026-08-27T18:57:19.000Z</time>
        <extensions>
          <ns3:TrackPointExtension>
            <ns3:hr>115</ns3:hr>
          </ns3:TrackPointExtension>
        </extensions>
      </trkpt>
      <trkpt lat="-2.7582456171512603759765625" lon="-79.23143346793949604034423828125">
        <ele>4038.60009765625</ele>
        <time>2026-08-27T18:57:20.000Z</time>
        <extensions>
          <ns3:TrackPointExtension>
            <ns3:hr>114</ns3:hr>
          </ns3:TrackPointExtension>
        </extensions>
      </trkpt>
      <trkpt lat="-2.758243940770626068115234375" lon="-79.23149197362363338470458984375">
        <ele>4040.39990234375</ele>
        <time>2026-08-27T18:57:29.000Z</time>
        <extensions>
          <ns3:TrackPointExtension>
            <ns3:hr>112</ns3:hr>
          </ns3:TrackPointExtension>
        </extensions>
      </trkpt>
      <trkpt lat="-2.7582482993602752685546875" lon="-79.231505133211612701416015625">
        <ele>4040.60009765625</ele>
        <time>2026-08-27T18:57:31.000Z</time>
        <extensions>
          <ns3:TrackPointExtension>
            <ns3:hr>109</ns3:hr>
          </ns3:TrackPointExtension>
        </extensions>
      </trkpt>
      <trkpt lat="-2.7582380734384059906005859375" lon="-79.23153807409107685089111328125">
        <ele>4042</ele>
        <time>2026-08-27T18:57:36.000Z</time>
        <extensions>
          <ns3:TrackPointExtension>
            <ns3:hr>110</ns3:hr>
          </ns3:TrackPointExtension>
        </extensions>
      </trkpt>
      <trkpt lat="-2.75824553333222866058349609375" lon="-79.23156724311411380767822265625">
        <ele>4042.39990234375</ele>
        <time>2026-08-27T18:57:39.000Z</time>
        <extensions>
          <ns3:TrackPointExtension>
            <ns3:hr>113</ns3:hr>
          </ns3:TrackPointExtension>
        </extensions>
      </trkpt>
      <trkpt lat="-2.758251987397670745849609375" lon="-79.2315827496349811553955078125">
        <ele>4042.60009765625</ele>
        <time>2026-08-27T18:57:42.000Z</time>
        <extensions>
          <ns3:TrackPointExtension>
            <ns3:hr>113</ns3:hr>
          </ns3:TrackPointExtension>
        </extensions>
      </trkpt>
      <trkpt lat="-2.758252657949924468994140625" lon="-79.23158719204366207122802734375">
        <ele>4042.60009765625</ele>
        <time>2026-08-27T18:57:49.000Z</time>
        <extensions>
          <ns3:TrackPointExtension>
            <ns3:hr>118</ns3:hr>
          </ns3:TrackPointExtension>
        </extensions>
      </trkpt>
      <trkpt lat="-2.75825223885476589202880859375" lon="-79.23158819787204265594482421875">
        <ele>4042.60009765625</ele>
        <time>2026-08-27T18:57:50.000Z</time>
        <extensions>
          <ns3:TrackPointExtension>
            <ns3:hr>122</ns3:hr>
          </ns3:TrackPointExtension>
        </extensions>
      </trkpt>
      <trkpt lat="-2.758252322673797607421875" lon="-79.23158870078623294830322265625">
        <ele>4042.60009765625</ele>
        <time>2026-08-27T18:57:51.000Z</time>
        <extensions>
          <ns3:TrackPointExtension>
            <ns3:hr>121</ns3:hr>
          </ns3:TrackPointExtension>
        </extensions>
      </trkpt>
      <trkpt lat="-2.758252657949924468994140625" lon="-79.2315847612917423248291015625">
        <ele>4042.60009765625</ele>
        <time>2026-08-27T18:58:11.000Z</time>
        <extensions>
          <ns3:TrackPointExtension>
            <ns3:hr>118</ns3:hr>
          </ns3:TrackPointExtension>
        </extensions>
      </trkpt>
      <trkpt lat="-2.7582531608641147613525390625" lon="-79.231581576168537139892578125">
        <ele>4042.39990234375</ele>
        <time>2026-08-27T18:58:16.000Z</time>
        <extensions>
          <ns3:TrackPointExtension>
            <ns3:hr>121</ns3:hr>
          </ns3:TrackPointExtension>
        </extensions>
      </trkpt>
      <trkpt lat="-2.75825357995927333831787109375" lon="-79.231570176780223846435546875">
        <ele>4042</ele>
        <time>2026-08-27T18:58:18.000Z</time>
        <extensions>
          <ns3:TrackPointExtension>
            <ns3:hr>118</ns3:hr>
          </ns3:TrackPointExtension>
        </extensions>
      </trkpt>
      <trkpt lat="-2.7582608722150325775146484375" lon="-79.231541343033313751220703125">
        <ele>4040.800048828125</ele>
        <time>2026-08-27T18:58:22.000Z</time>
        <extensions>
          <ns3:TrackPointExtension>
            <ns3:hr>121</ns3:hr>
          </ns3:TrackPointExtension>
        </extensions>
      </trkpt>
      <trkpt lat="-2.75826095603406429290771484375" lon="-79.23150488175451755523681640625">
        <ele>4039.800048828125</ele>
        <time>2026-08-27T18:58:35.000Z</time>
        <extensions>
          <ns3:TrackPointExtension>
            <ns3:hr>124</ns3:hr>
          </ns3:TrackPointExtension>
        </extensions>
      </trkpt>
      <trkpt lat="-2.75826229713857173919677734375" lon="-79.23150588758289813995361328125">
        <ele>4039.800048828125</ele>
        <time>2026-08-27T18:58:55.000Z</time>
        <extensions>
          <ns3:TrackPointExtension>
            <ns3:hr>127</ns3:hr>
          </ns3:TrackPointExtension>
        </extensions>
      </trkpt>
      <trkpt lat="-2.75826129131019115447998046875" lon="-79.2315116710960865020751953125">
        <ele>4040</ele>
        <time>2026-08-27T18:59:18.000Z</time>
        <extensions>
          <ns3:TrackPointExtension>
            <ns3:hr>124</ns3:hr>
          </ns3:TrackPointExtension>
        </extensions>
      </trkpt>
      <trkpt lat="-2.75826162658631801605224609375" lon="-79.23151125200092792510986328125">
        <ele>4040</ele>
        <time>2026-08-27T18:59:31.000Z</time>
        <extensions>
          <ns3:TrackPointExtension>
            <ns3:hr>121</ns3:hr>
          </ns3:TrackPointExtension>
        </extensions>
      </trkpt>
      <trkpt lat="-2.75826162658631801605224609375" lon="-79.23151108436286449432373046875">
        <ele>4040</ele>
        <time>2026-08-27T18:59:35.000Z</time>
        <extensions>
          <ns3:TrackPointExtension>
            <ns3:hr>124</ns3:hr>
          </ns3:TrackPointExtension>
        </extensions>
      </trkpt>
      <trkpt lat="-2.758261375129222869873046875" lon="-79.23151083290576934814453125">
        <ele>4040</ele>
        <time>2026-08-27T18:59:40.000Z</time>
        <extensions>
          <ns3:TrackPointExtension>
            <ns3:hr>120</ns3:hr>
          </ns3:TrackPointExtension>
        </extensions>
      </trkpt>
      <trkpt lat="-2.7582617104053497314453125" lon="-79.23151007853448390960693359375">
        <ele>4039.800048828125</ele>
        <time>2026-08-27T18:59:55.000Z</time>
        <extensions>
          <ns3:TrackPointExtension>
            <ns3:hr>117</ns3:hr>
          </ns3:TrackPointExtension>
        </extensions>
      </trkpt>
      <trkpt lat="-2.7582675777375698089599609375" lon="-79.2315076477825641632080078125">
        <ele>4039.39990234375</ele>
        <time>2026-08-27T19:00:10.000Z</time>
        <extensions>
          <ns3:TrackPointExtension>
            <ns3:hr>114</ns3:hr>
          </ns3:TrackPointExtension>
        </extensions>
      </trkpt>
      <trkpt lat="-2.75826866738498210906982421875" lon="-79.23150320537388324737548828125">
        <ele>4039.199951171875</ele>
        <time>2026-08-27T19:00:28.000Z</time>
        <extensions>
          <ns3:TrackPointExtension>
            <ns3:hr>117</ns3:hr>
          </ns3:TrackPointExtension>
        </extensions>
      </trkpt>
      <trkpt lat="-2.7582545019686222076416015625" lon="-79.2314848490059375762939453125">
        <ele>4039.60009765625</ele>
        <time>2026-08-27T19:00:59.000Z</time>
        <extensions>
          <ns3:TrackPointExtension>
            <ns3:hr>114</ns3:hr>
          </ns3:TrackPointExtension>
        </extensions>
      </trkpt>
      <trkpt lat="-2.75825433433055877685546875" lon="-79.2314845137298107147216796875">
        <ele>4039.60009765625</ele>
        <time>2026-08-27T19:01:01.000Z</time>
        <extensions>
          <ns3:TrackPointExtension>
            <ns3:hr>117</ns3:hr>
          </ns3:TrackPointExtension>
        </extensions>
      </trkpt>
      <trkpt lat="-2.7582555077970027923583984375" lon="-79.23148275353014469146728515625">
        <ele>4039.39990234375</ele>
        <time>2026-08-27T19:01:48.000Z</time>
        <extensions>
          <ns3:TrackPointExtension>
            <ns3:hr>120</ns3:hr>
          </ns3:TrackPointExtension>
        </extensions>
      </trkpt>
      <trkpt lat="-2.7582555077970027923583984375" lon="-79.23148258589208126068115234375">
        <ele>4039.39990234375</ele>
        <time>2026-08-27T19:01:50.000Z</time>
        <extensions>
          <ns3:TrackPointExtension>
            <ns3:hr>117</ns3:hr>
          </ns3:TrackPointExtension>
        </extensions>
      </trkpt>
      <trkpt lat="-2.75825575925409793853759765625" lon="-79.2314712703227996826171875">
        <ele>4039.199951171875</ele>
        <time>2026-08-27T19:02:06.000Z</time>
        <extensions>
          <ns3:TrackPointExtension>
            <ns3:hr>122</ns3:hr>
          </ns3:TrackPointExtension>
        </extensions>
      </trkpt>
      <trkpt lat="-2.75825391523540019989013671875" lon="-79.2314551770687103271484375">
        <ele>4038.800048828125</ele>
        <time>2026-08-27T19:02:07.000Z</time>
        <extensions>
          <ns3:TrackPointExtension>
            <ns3:hr>125</ns3:hr>
          </ns3:TrackPointExtension>
        </extensions>
      </trkpt>
      <trkpt lat="-2.758240588009357452392578125" lon="-79.2313869483768939971923828125">
        <ele>4037.800048828125</ele>
        <time>2026-08-27T19:02:12.000Z</time>
        <extensions>
          <ns3:TrackPointExtension>
            <ns3:hr>122</ns3:hr>
          </ns3:TrackPointExtension>
        </extensions>
      </trkpt>
      <trkpt lat="-2.7582337148487567901611328125" lon="-79.2313249222934246063232421875">
        <ele>4036.60009765625</ele>
        <time>2026-08-27T19:02:19.000Z</time>
        <extensions>
          <ns3:TrackPointExtension>
            <ns3:hr>122</ns3:hr>
          </ns3:TrackPointExtension>
        </extensions>
      </trkpt>
      <trkpt lat="-2.7582293562591075897216796875" lon="-79.23130002804100513458251953125">
        <ele>4036.199951171875</ele>
        <time>2026-08-27T19:02:24.000Z</time>
        <extensions>
          <ns3:TrackPointExtension>
            <ns3:hr>119</ns3:hr>
          </ns3:TrackPointExtension>
        </extensions>
      </trkpt>
      <trkpt lat="-2.75821837596595287322998046875" lon="-79.2312897183001041412353515625">
        <ele>4036.60009765625</ele>
        <time>2026-08-27T19:02:26.000Z</time>
        <extensions>
          <ns3:TrackPointExtension>
            <ns3:hr>120</ns3:hr>
          </ns3:TrackPointExtension>
        </extensions>
      </trkpt>
      <trkpt lat="-2.75822927244007587432861328125" lon="-79.23126465640962123870849609375">
        <ele>4035.39990234375</ele>
        <time>2026-08-27T19:02:34.000Z</time>
        <extensions>
          <ns3:TrackPointExtension>
            <ns3:hr>118</ns3:hr>
          </ns3:TrackPointExtension>
        </extensions>
      </trkpt>
      <trkpt lat="-2.7582474611699581146240234375" lon="-79.23126750625669956207275390625">
        <ele>4034.39990234375</ele>
        <time>2026-08-27T19:02:41.000Z</time>
        <extensions>
          <ns3:TrackPointExtension>
            <ns3:hr>117</ns3:hr>
          </ns3:TrackPointExtension>
        </extensions>
      </trkpt>
      <trkpt lat="-2.75827369652688503265380859375" lon="-79.23127488233149051666259765625">
        <ele>4033.199951171875</ele>
        <time>2026-08-27T19:02:44.000Z</time>
        <extensions>
          <ns3:TrackPointExtension>
            <ns3:hr>120</ns3:hr>
          </ns3:TrackPointExtension>
        </extensions>
      </trkpt>
      <trkpt lat="-2.75829548947513103485107421875" lon="-79.23125996254384517669677734375">
        <ele>4031.800048828125</ele>
        <time>2026-08-27T19:02:48.000Z</time>
        <extensions>
          <ns3:TrackPointExtension>
            <ns3:hr>118</ns3:hr>
          </ns3:TrackPointExtension>
        </extensions>
      </trkpt>
      <trkpt lat="-2.75830236263573169708251953125" lon="-79.2312069050967693328857421875">
        <ele>4030.199951171875</ele>
        <time>2026-08-27T19:02:57.000Z</time>
        <extensions>
          <ns3:TrackPointExtension>
            <ns3:hr>118</ns3:hr>
          </ns3:TrackPointExtension>
        </extensions>
      </trkpt>
      <trkpt lat="-2.7583051286637783050537109375" lon="-79.2311794124543666839599609375">
        <ele>4029.39990234375</ele>
        <time>2026-08-27T19:03:04.000Z</time>
        <extensions>
          <ns3:TrackPointExtension>
            <ns3:hr>119</ns3:hr>
          </ns3:TrackPointExtension>
        </extensions>
      </trkpt>
      <trkpt lat="-2.7583024464547634124755859375" lon="-79.23118494451045989990234375">
        <ele>4029.60009765625</ele>
        <time>2026-08-27T19:03:15.000Z</time>
        <extensions>
          <ns3:TrackPointExtension>
            <ns3:hr>119</ns3:hr>
          </ns3:TrackPointExtension>
        </extensions>
      </trkpt>
      <trkpt lat="-2.75830353610217571258544921875" lon="-79.23118100501596927642822265625">
        <ele>4029.39990234375</ele>
        <time>2026-08-27T19:03:20.000Z</time>
        <extensions>
          <ns3:TrackPointExtension>
            <ns3:hr>120</ns3:hr>
          </ns3:TrackPointExtension>
        </extensions>
      </trkpt>
      <trkpt lat="-2.75830940343439579010009765625" lon="-79.2311810888350009918212890625">
        <ele>4029.199951171875</ele>
        <time>2026-08-27T19:03:43.000Z</time>
        <extensions>
          <ns3:TrackPointExtension>
            <ns3:hr>117</ns3:hr>
          </ns3:TrackPointExtension>
        </extensions>
      </trkpt>
      <trkpt lat="-2.7583423443138599395751953125" lon="-79.23121319152414798736572265625">
        <ele>4028</ele>
        <time>2026-08-27T19:03:55.000Z</time>
        <extensions>
          <ns3:TrackPointExtension>
            <ns3:hr>116</ns3:hr>
          </ns3:TrackPointExtension>
        </extensions>
      </trkpt>
      <trkpt lat="-2.75844485498964786529541015625" lon="-79.23127002082765102386474609375">
        <ele>4024.800048828125</ele>
        <time>2026-08-27T19:04:04.000Z</time>
        <extensions>
          <ns3:TrackPointExtension>
            <ns3:hr>116</ns3:hr>
          </ns3:TrackPointExtension>
        </extensions>
      </trkpt>
      <trkpt lat="-2.7585200406610965728759765625" lon="-79.2312967590987682342529296875">
        <ele>4023.199951171875</ele>
        <time>2026-08-27T19:04:13.000Z</time>
        <extensions>
          <ns3:TrackPointExtension>
            <ns3:hr>117</ns3:hr>
          </ns3:TrackPointExtension>
        </extensions>
      </trkpt>
      <trkpt lat="-2.75854937732219696044921875" lon="-79.23128661699593067169189453125">
        <ele>4022.199951171875</ele>
        <time>2026-08-27T19:04:19.000Z</time>
        <extensions>
          <ns3:TrackPointExtension>
            <ns3:hr>116</ns3:hr>
          </ns3:TrackPointExtension>
        </extensions>
      </trkpt>
      <trkpt lat="-2.75858365930616855621337890625" lon="-79.231263734400272369384765625">
        <ele>4020.60009765625</ele>
        <time>2026-08-27T19:04:26.000Z</time>
        <extensions>
          <ns3:TrackPointExtension>
            <ns3:hr>117</ns3:hr>
          </ns3:TrackPointExtension>
        </extensions>
      </trkpt>
      <trkpt lat="-2.75863495655357837677001953125" lon="-79.231249988079071044921875">
        <ele>4018.800048828125</ele>
        <time>2026-08-27T19:04:33.000Z</time>
        <extensions>
          <ns3:TrackPointExtension>
            <ns3:hr>117</ns3:hr>
          </ns3:TrackPointExtension>
        </extensions>
      </trkpt>
      <trkpt lat="-2.758677117526531219482421875" lon="-79.23127119429409503936767578125">
        <ele>4018</ele>
        <time>2026-08-27T19:04:39.000Z</time>
        <extensions>
          <ns3:TrackPointExtension>
            <ns3:hr>116</ns3:hr>
          </ns3:TrackPointExtension>
        </extensions>
      </trkpt>
      <trkpt lat="-2.75873570702970027923583984375" lon="-79.23134797252714633941650390625">
        <ele>4018.800048828125</ele>
        <time>2026-08-27T19:04:49.000Z</time>
        <extensions>
          <ns3:TrackPointExtension>
            <ns3:hr>119</ns3:hr>
          </ns3:TrackPointExtension>
        </extensions>
      </trkpt>
      <trkpt lat="-2.75880175642669200897216796875" lon="-79.2313819192349910736083984375">
        <ele>4018.60009765625</ele>
        <time>2026-08-27T19:04:58.000Z</time>
        <extensions>
          <ns3:TrackPointExtension>
            <ns3:hr>121</ns3:hr>
          </ns3:TrackPointExtension>
        </extensions>
      </trkpt>
      <trkpt lat="-2.75888867676258087158203125" lon="-79.2314057238399982452392578125">
        <ele>4017.60009765625</ele>
        <time>2026-08-27T19:05:09.000Z</time>
        <extensions>
          <ns3:TrackPointExtension>
            <ns3:hr>121</ns3:hr>
          </ns3:TrackPointExtension>
        </extensions>
      </trkpt>
      <trkpt lat="-2.75892714969813823699951171875" lon="-79.2314053885638713836669921875">
        <ele>4017.199951171875</ele>
        <time>2026-08-27T19:05:16.000Z</time>
        <extensions>
          <ns3:TrackPointExtension>
            <ns3:hr>119</ns3:hr>
          </ns3:TrackPointExtension>
        </extensions>
      </trkpt>
      <trkpt lat="-2.75897274725139141082763671875" lon="-79.23137898556888103485107421875">
        <ele>4016.199951171875</ele>
        <time>2026-08-27T19:05:21.000Z</time>
        <extensions>
          <ns3:TrackPointExtension>
            <ns3:hr>116</ns3:hr>
          </ns3:TrackPointExtension>
        </extensions>
      </trkpt>
      <trkpt lat="-2.7589783631265163421630859375" lon="-79.2313695140182971954345703125">
        <ele>4016</ele>
        <time>2026-08-27T19:05:22.000Z</time>
        <extensions>
          <ns3:TrackPointExtension>
            <ns3:hr>117</ns3:hr>
          </ns3:TrackPointExtension>
        </extensions>
      </trkpt>
      <trkpt lat="-2.75899688713252544403076171875" lon="-79.23135082237422466278076171875">
        <ele>4015.60009765625</ele>
        <time>2026-08-27T19:05:30.000Z</time>
        <extensions>
          <ns3:TrackPointExtension>
            <ns3:hr>117</ns3:hr>
          </ns3:TrackPointExtension>
        </extensions>
      </trkpt>
      <trkpt lat="-2.75899638421833515167236328125" lon="-79.2313497327268123626708984375">
        <ele>4015.60009765625</ele>
        <time>2026-08-27T19:05:46.000Z</time>
        <extensions>
          <ns3:TrackPointExtension>
            <ns3:hr>114</ns3:hr>
          </ns3:TrackPointExtension>
        </extensions>
      </trkpt>
      <trkpt lat="-2.7589952945709228515625" lon="-79.23134914599359035491943359375">
        <ele>4015.60009765625</ele>
        <time>2026-08-27T19:05:53.000Z</time>
        <extensions>
          <ns3:TrackPointExtension>
            <ns3:hr>116</ns3:hr>
          </ns3:TrackPointExtension>
        </extensions>
      </trkpt>
      <trkpt lat="-2.7589941211044788360595703125" lon="-79.23134847544133663177490234375">
        <ele>4015.39990234375</ele>
        <time>2026-08-27T19:06:01.000Z</time>
        <extensions>
          <ns3:TrackPointExtension>
            <ns3:hr>113</ns3:hr>
          </ns3:TrackPointExtension>
        </extensions>
      </trkpt>
      <trkpt lat="-2.75903896428644657135009765625" lon="-79.2313299514353275299072265625">
        <ele>4015</ele>
        <time>2026-08-27T19:06:15.000Z</time>
        <extensions>
          <ns3:TrackPointExtension>
            <ns3:hr>110</ns3:hr>
          </ns3:TrackPointExtension>
        </extensions>
      </trkpt>
      <trkpt lat="-2.7590531297028064727783203125" lon="-79.2313210666179656982421875">
        <ele>4014.800048828125</ele>
        <time>2026-08-27T19:06:16.000Z</time>
        <extensions>
          <ns3:TrackPointExtension>
            <ns3:hr>112</ns3:hr>
          </ns3:TrackPointExtension>
        </extensions>
      </trkpt>
      <trkpt lat="-2.7591178379952907562255859375" lon="-79.23128829337656497955322265625">
        <ele>4013.800048828125</ele>
        <time>2026-08-27T19:06:22.000Z</time>
        <extensions>
          <ns3:TrackPointExtension>
            <ns3:hr>113</ns3:hr>
          </ns3:TrackPointExtension>
        </extensions>
      </trkpt>
      <trkpt lat="-2.75914709083735942840576171875" lon="-79.2312699370086193084716796875">
        <ele>4013.39990234375</ele>
        <time>2026-08-27T19:06:29.000Z</time>
        <extensions>
          <ns3:TrackPointExtension>
            <ns3:hr>114</ns3:hr>
          </ns3:TrackPointExtension>
        </extensions>
      </trkpt>
      <trkpt lat="-2.759131081402301788330078125" lon="-79.23124135471880435943603515625">
        <ele>4012.800048828125</ele>
        <time>2026-08-27T19:06:36.000Z</time>
        <extensions>
          <ns3:TrackPointExtension>
            <ns3:hr>112</ns3:hr>
          </ns3:TrackPointExtension>
        </extensions>
      </trkpt>
      <trkpt lat="-2.75912110693752765655517578125" lon="-79.2312293685972690582275390625">
        <ele>4012.60009765625</ele>
        <time>2026-08-27T19:06:45.000Z</time>
        <extensions>
          <ns3:TrackPointExtension>
            <ns3:hr>112</ns3:hr>
          </ns3:TrackPointExtension>
        </extensions>
      </trkpt>
      <trkpt lat="-2.75910836644470691680908203125" lon="-79.23119592480361461639404296875">
        <ele>4012</ele>
        <time>2026-08-27T19:06:51.000Z</time>
        <extensions>
          <ns3:TrackPointExtension>
            <ns3:hr>112</ns3:hr>
          </ns3:TrackPointExtension>
        </extensions>
      </trkpt>
      <trkpt lat="-2.759096212685108184814453125" lon="-79.2311324737966060638427734375">
        <ele>4010.60009765625</ele>
        <time>2026-08-27T19:06:59.000Z</time>
        <extensions>
          <ns3:TrackPointExtension>
            <ns3:hr>112</ns3:hr>
          </ns3:TrackPointExtension>
        </extensions>
      </trkpt>
      <trkpt lat="-2.7591037563979625701904296875" lon="-79.23107438720762729644775390625">
        <ele>4009.39990234375</ele>
        <time>2026-08-27T19:07:04.000Z</time>
        <extensions>
          <ns3:TrackPointExtension>
            <ns3:hr>113</ns3:hr>
          </ns3:TrackPointExtension>
        </extensions>
      </trkpt>
      <trkpt lat="-2.75910794734954833984375" lon="-79.23106751404702663421630859375">
        <ele>4009.199951171875</ele>
        <time>2026-08-27T19:07:05.000Z</time>
        <extensions>
          <ns3:TrackPointExtension>
            <ns3:hr>113</ns3:hr>
          </ns3:TrackPointExtension>
        </extensions>
      </trkpt>
      <trkpt lat="-2.75914482772350311279296875" lon="-79.2309799231588840484619140625">
        <ele>4007.39990234375</ele>
        <time>2026-08-27T19:07:14.000Z</time>
        <extensions>
          <ns3:TrackPointExtension>
            <ns3:hr>114</ns3:hr>
          </ns3:TrackPointExtension>
        </extensions>
      </trkpt>
      <trkpt lat="-2.759147845208644866943359375" lon="-79.230948574841022491455078125">
        <ele>4006.800048828125</ele>
        <time>2026-08-27T19:07:17.000Z</time>
        <extensions>
          <ns3:TrackPointExtension>
            <ns3:hr>113</ns3:hr>
          </ns3:TrackPointExtension>
        </extensions>
      </trkpt>
      <trkpt lat="-2.75917173363268375396728515625" lon="-79.2308766581118106842041015625">
        <ele>4005</ele>
        <time>2026-08-27T19:07:23.000Z</time>
        <extensions>
          <ns3:TrackPointExtension>
            <ns3:hr>112</ns3:hr>
          </ns3:TrackPointExtension>
        </extensions>
      </trkpt>
      <trkpt lat="-2.759212888777256011962890625" lon="-79.23082091845571994781494140625">
        <ele>4003.60009765625</ele>
        <time>2026-08-27T19:07:31.000Z</time>
        <extensions>
          <ns3:TrackPointExtension>
            <ns3:hr>112</ns3:hr>
          </ns3:TrackPointExtension>
        </extensions>
      </trkpt>
      <trkpt lat="-2.75922839529812335968017578125" lon="-79.2308142967522144317626953125">
        <ele>4003.199951171875</ele>
        <time>2026-08-27T19:07:37.000Z</time>
        <extensions>
          <ns3:TrackPointExtension>
            <ns3:hr>113</ns3:hr>
          </ns3:TrackPointExtension>
        </extensions>
      </trkpt>
      <trkpt lat="-2.759249098598957061767578125" lon="-79.23077900893986225128173828125">
        <ele>4002.39990234375</ele>
        <time>2026-08-27T19:07:43.000Z</time>
        <extensions>
          <ns3:TrackPointExtension>
            <ns3:hr>113</ns3:hr>
          </ns3:TrackPointExtension>
        </extensions>
      </trkpt>
      <trkpt lat="-2.7593062631785869598388671875" lon="-79.2307391948997974395751953125">
        <ele>4000.39990234375</ele>
        <time>2026-08-27T19:07:51.000Z</time>
        <extensions>
          <ns3:TrackPointExtension>
            <ns3:hr>111</ns3:hr>
          </ns3:TrackPointExtension>
        </extensions>
      </trkpt>
      <trkpt lat="-2.7593186683952808380126953125" lon="-79.23074078746140003204345703125">
        <ele>4000.199951171875</ele>
        <time>2026-08-27T19:07:54.000Z</time>
        <extensions>
          <ns3:TrackPointExtension>
            <ns3:hr>114</ns3:hr>
          </ns3:TrackPointExtension>
        </extensions>
      </trkpt>
      <trkpt lat="-2.75934607721865177154541015625" lon="-79.2307497560977935791015625">
        <ele>4000</ele>
        <time>2026-08-27T19:07:58.000Z</time>
        <extensions>
          <ns3:TrackPointExtension>
            <ns3:hr>112</ns3:hr>
          </ns3:TrackPointExtension>
        </extensions>
      </trkpt>
      <trkpt lat="-2.759391255676746368408203125" lon="-79.2307163961231708526611328125">
        <ele>3998.39990234375</ele>
        <time>2026-08-27T19:08:07.000Z</time>
        <extensions>
          <ns3:TrackPointExtension>
            <ns3:hr>112</ns3:hr>
          </ns3:TrackPointExtension>
        </extensions>
      </trkpt>
      <trkpt lat="-2.75941145606338977813720703125" lon="-79.2306840419769287109375">
        <ele>3997.60009765625</ele>
        <time>2026-08-27T19:08:13.000Z</time>
        <extensions>
          <ns3:TrackPointExtension>
            <ns3:hr>115</ns3:hr>
          </ns3:TrackPointExtension>
        </extensions>
      </trkpt>
      <trkpt lat="-2.75942302308976650238037109375" lon="-79.23067071475088596343994140625">
        <ele>3997.199951171875</ele>
        <time>2026-08-27T19:08:15.000Z</time>
        <extensions>
          <ns3:TrackPointExtension>
            <ns3:hr>115</ns3:hr>
          </ns3:TrackPointExtension>
        </extensions>
      </trkpt>
      <trkpt lat="-2.7594418823719024658203125" lon="-79.2306426353752613067626953125">
        <ele>3996.39990234375</ele>
        <time>2026-08-27T19:08:22.000Z</time>
        <extensions>
          <ns3:TrackPointExtension>
            <ns3:hr>115</ns3:hr>
          </ns3:TrackPointExtension>
        </extensions>
      </trkpt>
      <trkpt lat="-2.7594403736293315887451171875" lon="-79.23061824403703212738037109375">
        <ele>3996</ele>
        <time>2026-08-27T19:08:28.000Z</time>
        <extensions>
          <ns3:TrackPointExtension>
            <ns3:hr>115</ns3:hr>
          </ns3:TrackPointExtension>
        </extensions>
      </trkpt>
      <trkpt lat="-2.7594392001628875732421875" lon="-79.23061857931315898895263671875">
        <ele>3996</ele>
        <time>2026-08-27T19:08:44.000Z</time>
        <extensions>
          <ns3:TrackPointExtension>
            <ns3:hr>116</ns3:hr>
          </ns3:TrackPointExtension>
        </extensions>
      </trkpt>
      <trkpt lat="-2.7594765834510326385498046875" lon="-79.2306379415094852447509765625">
        <ele>3995.800048828125</ele>
        <time>2026-08-27T19:08:50.000Z</time>
        <extensions>
          <ns3:TrackPointExtension>
            <ns3:hr>116</ns3:hr>
          </ns3:TrackPointExtension>
        </extensions>
      </trkpt>
      <trkpt lat="-2.75953534059226512908935546875" lon="-79.23067130148410797119140625">
        <ele>3995.39990234375</ele>
        <time>2026-08-27T19:09:01.000Z</time>
        <extensions>
          <ns3:TrackPointExtension>
            <ns3:hr>116</ns3:hr>
          </ns3:TrackPointExtension>
        </extensions>
      </trkpt>
      <trkpt lat="-2.759613208472728729248046875" lon="-79.23067532479763031005859375">
        <ele>3994</ele>
        <time>2026-08-27T19:09:08.000Z</time>
        <extensions>
          <ns3:TrackPointExtension>
            <ns3:hr>116</ns3:hr>
          </ns3:TrackPointExtension>
        </extensions>
      </trkpt>
      <trkpt lat="-2.7597179822623729705810546875" lon="-79.23068529926240444183349609375">
        <ele>3992.39990234375</ele>
        <time>2026-08-27T19:09:18.000Z</time>
        <extensions>
          <ns3:TrackPointExtension>
            <ns3:hr>117</ns3:hr>
          </ns3:TrackPointExtension>
        </extensions>
      </trkpt>
      <trkpt lat="-2.7597422897815704345703125" lon="-79.2306791804730892181396484375">
        <ele>3991.800048828125</ele>
        <time>2026-08-27T19:09:21.000Z</time>
        <extensions>
          <ns3:TrackPointExtension>
            <ns3:hr>116</ns3:hr>
          </ns3:TrackPointExtension>
        </extensions>
      </trkpt>
      <trkpt lat="-2.75974924676120281219482421875" lon="-79.23069133423268795013427734375">
        <ele>3992</ele>
        <time>2026-08-27T19:09:23.000Z</time>
        <extensions>
          <ns3:TrackPointExtension>
            <ns3:hr>116</ns3:hr>
          </ns3:TrackPointExtension>
        </extensions>
      </trkpt>
      <trkpt lat="-2.75975226424634456634521484375" lon="-79.2306986264884471893310546875">
        <ele>3992</ele>
        <time>2026-08-27T19:09:24.000Z</time>
        <extensions>
          <ns3:TrackPointExtension>
            <ns3:hr>116</ns3:hr>
          </ns3:TrackPointExtension>
        </extensions>
      </trkpt>
      <trkpt lat="-2.759796939790248870849609375" lon="-79.2307700403034687042236328125">
        <ele>3992.39990234375</ele>
        <time>2026-08-27T19:09:32.000Z</time>
        <extensions>
          <ns3:TrackPointExtension>
            <ns3:hr>116</ns3:hr>
          </ns3:TrackPointExtension>
        </extensions>
      </trkpt>
      <trkpt lat="-2.7598782442510128021240234375" lon="-79.23080583103001117706298828125">
        <ele>3993.39990234375</ele>
        <time>2026-08-27T19:09:41.000Z</time>
        <extensions>
          <ns3:TrackPointExtension>
            <ns3:hr>114</ns3:hr>
          </ns3:TrackPointExtension>
        </extensions>
      </trkpt>
      <trkpt lat="-2.7599157951772212982177734375" lon="-79.23081689514219760894775390625">
        <ele>3993.60009765625</ele>
        <time>2026-08-27T19:09:45.000Z</time>
        <extensions>
          <ns3:TrackPointExtension>
            <ns3:hr>117</ns3:hr>
          </ns3:TrackPointExtension>
        </extensions>
      </trkpt>
      <trkpt lat="-2.75992669165134429931640625" lon="-79.23083080910146236419677734375">
        <ele>3994</ele>
        <time>2026-08-27T19:09:48.000Z</time>
        <extensions>
          <ns3:TrackPointExtension>
            <ns3:hr>114</ns3:hr>
          </ns3:TrackPointExtension>
        </extensions>
      </trkpt>
      <trkpt lat="-2.75992945767939090728759765625" lon="-79.23083550296723842620849609375">
        <ele>3994.199951171875</ele>
        <time>2026-08-27T19:09:49.000Z</time>
        <extensions>
          <ns3:TrackPointExtension>
            <ns3:hr>117</ns3:hr>
          </ns3:TrackPointExtension>
        </extensions>
      </trkpt>
      <trkpt lat="-2.75994806550443172454833984375" lon="-79.23083768226206302642822265625">
        <ele>3994.199951171875</ele>
        <time>2026-08-27T19:09:55.000Z</time>
        <extensions>
          <ns3:TrackPointExtension>
            <ns3:hr>114</ns3:hr>
          </ns3:TrackPointExtension>
        </extensions>
      </trkpt>
      <trkpt lat="-2.7599540166556835174560546875" lon="-79.23083533532917499542236328125">
        <ele>3994.199951171875</ele>
        <time>2026-08-27T19:09:56.000Z</time>
        <extensions>
          <ns3:TrackPointExtension>
            <ns3:hr>115</ns3:hr>
          </ns3:TrackPointExtension>
        </extensions>
      </trkpt>
      <trkpt lat="-2.75999885983765125274658203125" lon="-79.230808429419994354248046875">
        <ele>3993.39990234375</ele>
        <time>2026-08-27T19:10:03.000Z</time>
        <extensions>
          <ns3:TrackPointExtension>
            <ns3:hr>115</ns3:hr>
          </ns3:TrackPointExtension>
        </extensions>
      </trkpt>
      <trkpt lat="-2.7600509114563465118408203125" lon="-79.23078940249979496002197265625">
        <ele>3992.800048828125</ele>
        <time>2026-08-27T19:10:09.000Z</time>
        <extensions>
          <ns3:TrackPointExtension>
            <ns3:hr>112</ns3:hr>
          </ns3:TrackPointExtension>
        </extensions>
      </trkpt>
      <trkpt lat="-2.76005946099758148193359375" lon="-79.2307834513485431671142578125">
        <ele>3992.800048828125</ele>
        <time>2026-08-27T19:10:10.000Z</time>
        <extensions>
          <ns3:TrackPointExtension>
            <ns3:hr>112</ns3:hr>
          </ns3:TrackPointExtension>
        </extensions>
      </trkpt>
      <trkpt lat="-2.760140597820281982421875" lon="-79.23076090402901172637939453125">
        <ele>3992.800048828125</ele>
        <time>2026-08-27T19:10:19.000Z</time>
        <extensions>
          <ns3:TrackPointExtension>
            <ns3:hr>114</ns3:hr>
          </ns3:TrackPointExtension>
        </extensions>
      </trkpt>
      <trkpt lat="-2.76021662168204784393310546875" lon="-79.2307117022573947906494140625">
        <ele>3992.60009765625</ele>
        <time>2026-08-27T19:10:28.000Z</time>
        <extensions>
          <ns3:TrackPointExtension>
            <ns3:hr>114</ns3:hr>
          </ns3:TrackPointExtension>
        </extensions>
      </trkpt>
      <trkpt lat="-2.7602229081094264984130859375" lon="-79.23071153461933135986328125">
        <ele>3992.60009765625</ele>
        <time>2026-08-27T19:10:29.000Z</time>
        <extensions>
          <ns3:TrackPointExtension>
            <ns3:hr>114</ns3:hr>
          </ns3:TrackPointExtension>
        </extensions>
      </trkpt>
      <trkpt lat="-2.7602715231478214263916015625" lon="-79.23069275915622711181640625">
        <ele>3992.800048828125</ele>
        <time>2026-08-27T19:10:35.000Z</time>
        <extensions>
          <ns3:TrackPointExtension>
            <ns3:hr>114</ns3:hr>
          </ns3:TrackPointExtension>
        </extensions>
      </trkpt>
      <trkpt lat="-2.76032089255750179290771484375" lon="-79.23066602088510990142822265625">
        <ele>3992.39990234375</ele>
        <time>2026-08-27T19:10:44.000Z</time>
        <extensions>
          <ns3:TrackPointExtension>
            <ns3:hr>112</ns3:hr>
          </ns3:TrackPointExtension>
        </extensions>
      </trkpt>
      <trkpt lat="-2.760322988033294677734375" lon="-79.23066317103803157806396484375">
        <ele>3992.39990234375</ele>
        <time>2026-08-27T19:10:50.000Z</time>
        <extensions>
          <ns3:TrackPointExtension>
            <ns3:hr>112</ns3:hr>
          </ns3:TrackPointExtension>
        </extensions>
      </trkpt>
      <trkpt lat="-2.760326676070690155029296875" lon="-79.23066233284771442413330078125">
        <ele>3992.39990234375</ele>
        <time>2026-08-27T19:11:01.000Z</time>
        <extensions>
          <ns3:TrackPointExtension>
            <ns3:hr>113</ns3:hr>
          </ns3:TrackPointExtension>
        </extensions>
      </trkpt>
      <trkpt lat="-2.76035249233245849609375" lon="-79.2306768335402011871337890625">
        <ele>3993</ele>
        <time>2026-08-27T19:11:19.000Z</time>
        <extensions>
          <ns3:TrackPointExtension>
            <ns3:hr>110</ns3:hr>
          </ns3:TrackPointExtension>
        </extensions>
      </trkpt>
      <trkpt lat="-2.76038358919322490692138671875" lon="-79.2306868918240070343017578125">
        <ele>3993.39990234375</ele>
        <time>2026-08-27T19:11:28.000Z</time>
        <extensions>
          <ns3:TrackPointExtension>
            <ns3:hr>113</ns3:hr>
          </ns3:TrackPointExtension>
        </extensions>
      </trkpt>
      <trkpt lat="-2.76042960584163665771484375" lon="-79.23076325096189975738525390625">
        <ele>3995.60009765625</ele>
        <time>2026-08-27T19:11:45.000Z</time>
        <extensions>
          <ns3:TrackPointExtension>
            <ns3:hr>116</ns3:hr>
          </ns3:TrackPointExtension>
        </extensions>
      </trkpt>
      <trkpt lat="-2.76043086312711238861083984375" lon="-79.2307636700570583343505859375">
        <ele>3995.60009765625</ele>
        <time>2026-08-27T19:11:46.000Z</time>
        <extensions>
          <ns3:TrackPointExtension>
            <ns3:hr>113</ns3:hr>
          </ns3:TrackPointExtension>
        </extensions>
      </trkpt>
      <trkpt lat="-2.76045533828437328338623046875" lon="-79.23076375387609004974365234375">
        <ele>3995.800048828125</ele>
        <time>2026-08-27T19:12:20.000Z</time>
        <extensions>
          <ns3:TrackPointExtension>
            <ns3:hr>116</ns3:hr>
          </ns3:TrackPointExtension>
        </extensions>
      </trkpt>
      <trkpt lat="-2.76045533828437328338623046875" lon="-79.23076593317091464996337890625">
        <ele>3995.800048828125</ele>
        <time>2026-08-27T19:12:28.000Z</time>
        <extensions>
          <ns3:TrackPointExtension>
            <ns3:hr>113</ns3:hr>
          </ns3:TrackPointExtension>
        </extensions>
      </trkpt>
      <trkpt lat="-2.760456092655658721923828125" lon="-79.23077213577926158905029296875">
        <ele>3996</ele>
        <time>2026-08-27T19:12:38.000Z</time>
        <extensions>
          <ns3:TrackPointExtension>
            <ns3:hr>110</ns3:hr>
          </ns3:TrackPointExtension>
        </extensions>
      </trkpt>
      <trkpt lat="-2.76044913567602634429931640625" lon="-79.23077146522700786590576171875">
        <ele>3996</ele>
        <time>2026-08-27T19:12:53.000Z</time>
        <extensions>
          <ns3:TrackPointExtension>
            <ns3:hr>114</ns3:hr>
          </ns3:TrackPointExtension>
        </extensions>
      </trkpt>
      <trkpt lat="-2.76044561527669429779052734375" lon="-79.2307670228183269500732421875">
        <ele>3995.800048828125</ele>
        <time>2026-08-27T19:13:04.000Z</time>
        <extensions>
          <ns3:TrackPointExtension>
            <ns3:hr>117</ns3:hr>
          </ns3:TrackPointExtension>
        </extensions>
      </trkpt>
      <trkpt lat="-2.76044569909572601318359375" lon="-79.23076325096189975738525390625">
        <ele>3995.800048828125</ele>
        <time>2026-08-27T19:13:15.000Z</time>
        <extensions>
          <ns3:TrackPointExtension>
            <ns3:hr>114</ns3:hr>
          </ns3:TrackPointExtension>
        </extensions>
      </trkpt>
      <trkpt lat="-2.76044435799121856689453125" lon="-79.23075671307742595672607421875">
        <ele>3995.60009765625</ele>
        <time>2026-08-27T19:13:46.000Z</time>
        <extensions>
          <ns3:TrackPointExtension>
            <ns3:hr>117</ns3:hr>
          </ns3:TrackPointExtension>
        </extensions>
      </trkpt>
      <trkpt lat="-2.760437987744808197021484375" lon="-79.2307516001164913177490234375">
        <ele>3995.39990234375</ele>
        <time>2026-08-27T19:14:18.000Z</time>
        <extensions>
          <ns3:TrackPointExtension>
            <ns3:hr>120</ns3:hr>
          </ns3:TrackPointExtension>
        </extensions>
      </trkpt>
      <trkpt lat="-2.76043765246868133544921875" lon="-79.2307524383068084716796875">
        <ele>3995.39990234375</ele>
        <time>2026-08-27T19:14:40.000Z</time>
        <extensions>
          <ns3:TrackPointExtension>
            <ns3:hr>117</ns3:hr>
          </ns3:TrackPointExtension>
        </extensions>
      </trkpt>
      <trkpt lat="-2.76043773628771305084228515625" lon="-79.23075235448777675628662109375">
        <ele>3995.39990234375</ele>
        <time>2026-08-27T19:14:51.000Z</time>
        <extensions>
          <ns3:TrackPointExtension>
            <ns3:hr>114</ns3:hr>
          </ns3:TrackPointExtension>
        </extensions>
      </trkpt>
      <trkpt lat="-2.76043656282126903533935546875" lon="-79.23075051046907901763916015625">
        <ele>3995.39990234375</ele>
        <time>2026-08-27T19:15:47.000Z</time>
        <extensions>
          <ns3:TrackPointExtension>
            <ns3:hr>111</ns3:hr>
          </ns3:TrackPointExtension>
        </extensions>
      </trkpt>
      <trkpt lat="-2.760436646640300750732421875" lon="-79.2307502590119838714599609375">
        <ele>3995.39990234375</ele>
        <time>2026-08-27T19:15:57.000Z</time>
        <extensions>
          <ns3:TrackPointExtension>
            <ns3:hr>108</ns3:hr>
          </ns3:TrackPointExtension>
        </extensions>
      </trkpt>
      <trkpt lat="-2.76043673045933246612548828125" lon="-79.23075017519295215606689453125">
        <ele>3995.39990234375</ele>
        <time>2026-08-27T19:16:02.000Z</time>
        <extensions>
          <ns3:TrackPointExtension>
            <ns3:hr>111</ns3:hr>
          </ns3:TrackPointExtension>
        </extensions>
      </trkpt>
      <trkpt lat="-2.7604364790022373199462890625" lon="-79.23074950464069843292236328125">
        <ele>3995.39990234375</ele>
        <time>2026-08-27T19:16:28.000Z</time>
        <extensions>
          <ns3:TrackPointExtension>
            <ns3:hr>108</ns3:hr>
          </ns3:TrackPointExtension>
        </extensions>
      </trkpt>
      <trkpt lat="-2.7604364790022373199462890625" lon="-79.2307492531836032867431640625">
        <ele>3995.39990234375</ele>
        <time>2026-08-27T19:16:58.000Z</time>
        <extensions>
          <ns3:TrackPointExtension>
            <ns3:hr>111</ns3:hr>
          </ns3:TrackPointExtension>
        </extensions>
      </trkpt>
      <trkpt lat="-2.76043639518320560455322265625" lon="-79.23074950464069843292236328125">
        <ele>3995.39990234375</ele>
        <time>2026-08-27T19:17:08.000Z</time>
        <extensions>
          <ns3:TrackPointExtension>
            <ns3:hr>108</ns3:hr>
          </ns3:TrackPointExtension>
        </extensions>
      </trkpt>
      <trkpt lat="-2.76043639518320560455322265625" lon="-79.2307489179074764251708984375">
        <ele>3995.39990234375</ele>
        <time>2026-08-27T19:17:27.000Z</time>
        <extensions>
          <ns3:TrackPointExtension>
            <ns3:hr>105</ns3:hr>
          </ns3:TrackPointExtension>
        </extensions>
      </trkpt>
      <trkpt lat="-2.7604361437261104583740234375" lon="-79.23074933700263500213623046875">
        <ele>3995.39990234375</ele>
        <time>2026-08-27T19:17:43.000Z</time>
        <extensions>
          <ns3:TrackPointExtension>
            <ns3:hr>108</ns3:hr>
          </ns3:TrackPointExtension>
        </extensions>
      </trkpt>
      <trkpt lat="-2.76043572463095188140869140625" lon="-79.230748750269412994384765625">
        <ele>3995.39990234375</ele>
        <time>2026-08-27T19:18:38.000Z</time>
        <extensions>
          <ns3:TrackPointExtension>
            <ns3:hr>105</ns3:hr>
          </ns3:TrackPointExtension>
        </extensions>
      </trkpt>
      <trkpt lat="-2.7604358084499835968017578125" lon="-79.23074866645038127899169921875">
        <ele>3995.39990234375</ele>
        <time>2026-08-27T19:18:42.000Z</time>
        <extensions>
          <ns3:TrackPointExtension>
            <ns3:hr>108</ns3:hr>
          </ns3:TrackPointExtension>
        </extensions>
      </trkpt>
      <trkpt lat="-2.76043605990707874298095703125" lon="-79.230748750269412994384765625">
        <ele>3995.39990234375</ele>
        <time>2026-08-27T19:18:57.000Z</time>
        <extensions>
          <ns3:TrackPointExtension>
            <ns3:hr>111</ns3:hr>
          </ns3:TrackPointExtension>
        </extensions>
      </trkpt>
      <trkpt lat="-2.76043605990707874298095703125" lon="-79.23074866645038127899169921875">
        <ele>3995.39990234375</ele>
        <time>2026-08-27T19:19:01.000Z</time>
        <extensions>
          <ns3:TrackPointExtension>
            <ns3:hr>114</ns3:hr>
          </ns3:TrackPointExtension>
        </extensions>
      </trkpt>
      <trkpt lat="-2.760435976088047027587890625" lon="-79.23074849881231784820556640625">
        <ele>3995.39990234375</ele>
        <time>2026-08-27T19:19:08.000Z</time>
        <extensions>
          <ns3:TrackPointExtension>
            <ns3:hr>117</ns3:hr>
          </ns3:TrackPointExtension>
        </extensions>
      </trkpt>
      <trkpt lat="-2.76043572463095188140869140625" lon="-79.2307485826313495635986328125">
        <ele>3995.39990234375</ele>
        <time>2026-08-27T19:19:29.000Z</time>
        <extensions>
          <ns3:TrackPointExtension>
            <ns3:hr>114</ns3:hr>
          </ns3:TrackPointExtension>
        </extensions>
      </trkpt>
      <trkpt lat="-2.76043555699288845062255859375" lon="-79.23074866645038127899169921875">
        <ele>3995.39990234375</ele>
        <time>2026-08-27T19:19:56.000Z</time>
        <extensions>
          <ns3:TrackPointExtension>
            <ns3:hr>110</ns3:hr>
          </ns3:TrackPointExtension>
        </extensions>
      </trkpt>
      <trkpt lat="-2.76043538935482501983642578125" lon="-79.2307485826313495635986328125">
        <ele>3995.39990234375</ele>
        <time>2026-08-27T19:19:58.000Z</time>
        <extensions>
          <ns3:TrackPointExtension>
            <ns3:hr>113</ns3:hr>
          </ns3:TrackPointExtension>
        </extensions>
      </trkpt>
      <trkpt lat="-2.760436646640300750732421875" lon="-79.2307485826313495635986328125">
        <ele>3995.39990234375</ele>
        <time>2026-08-27T19:20:32.000Z</time>
        <extensions>
          <ns3:TrackPointExtension>
            <ns3:hr>110</ns3:hr>
          </ns3:TrackPointExtension>
        </extensions>
      </trkpt>
      <trkpt lat="-2.76043689809739589691162109375" lon="-79.2307485826313495635986328125">
        <ele>3995.39990234375</ele>
        <time>2026-08-27T19:20:51.000Z</time>
        <extensions>
          <ns3:TrackPointExtension>
            <ns3:hr>113</ns3:hr>
          </ns3:TrackPointExtension>
        </extensions>
      </trkpt>
      <trkpt lat="-2.76043639518320560455322265625" lon="-79.23074816353619098663330078125">
        <ele>3995.39990234375</ele>
        <time>2026-08-27T19:21:29.000Z</time>
        <extensions>
          <ns3:TrackPointExtension>
            <ns3:hr>110</ns3:hr>
          </ns3:TrackPointExtension>
        </extensions>
      </trkpt>
      <trkpt lat="-2.760437317192554473876953125" lon="-79.23074799589812755584716796875">
        <ele>3995.39990234375</ele>
        <time>2026-08-27T19:22:29.000Z</time>
        <extensions>
          <ns3:TrackPointExtension>
            <ns3:hr>107</ns3:hr>
          </ns3:TrackPointExtension>
        </extensions>
      </trkpt>
      <trkpt lat="-2.76043706573545932769775390625" lon="-79.2307482473552227020263671875">
        <ele>3995.39990234375</ele>
        <time>2026-08-27T19:22:38.000Z</time>
        <extensions>
          <ns3:TrackPointExtension>
            <ns3:hr>110</ns3:hr>
          </ns3:TrackPointExtension>
        </extensions>
      </trkpt>
      <trkpt lat="-2.76043706573545932769775390625" lon="-79.23074816353619098663330078125">
        <ele>3995.39990234375</ele>
        <time>2026-08-27T19:22:39.000Z</time>
        <extensions>
          <ns3:TrackPointExtension>
            <ns3:hr>115</ns3:hr>
          </ns3:TrackPointExtension>
        </extensions>
      </trkpt>
      <trkpt lat="-2.76043706573545932769775390625" lon="-79.23074816353619098663330078125">
        <ele>3995.39990234375</ele>
        <time>2026-08-27T19:22:40.000Z</time>
        <extensions>
          <ns3:TrackPointExtension>
            <ns3:hr>115</ns3:hr>
          </ns3:TrackPointExtension>
        </extensions>
      </trkpt>
      <trkpt lat="-2.76043673045933246612548828125" lon="-79.23074799589812755584716796875">
        <ele>3995.39990234375</ele>
        <time>2026-08-27T19:22:52.000Z</time>
        <extensions>
          <ns3:TrackPointExtension>
            <ns3:hr>112</ns3:hr>
          </ns3:TrackPointExtension>
        </extensions>
      </trkpt>
      <trkpt lat="-2.76043689809739589691162109375" lon="-79.2307482473552227020263671875">
        <ele>3995.39990234375</ele>
        <time>2026-08-27T19:22:57.000Z</time>
        <extensions>
          <ns3:TrackPointExtension>
            <ns3:hr>107</ns3:hr>
          </ns3:TrackPointExtension>
        </extensions>
      </trkpt>
      <trkpt lat="-2.76043706573545932769775390625" lon="-79.23074799589812755584716796875">
        <ele>3995.39990234375</ele>
        <time>2026-08-27T19:23:13.000Z</time>
        <extensions>
          <ns3:TrackPointExtension>
            <ns3:hr>104</ns3:hr>
          </ns3:TrackPointExtension>
        </extensions>
      </trkpt>
      <trkpt lat="-2.76043706573545932769775390625" lon="-79.2307482473552227020263671875">
        <ele>3995.39990234375</ele>
        <time>2026-08-27T19:23:33.000Z</time>
        <extensions>
          <ns3:TrackPointExtension>
            <ns3:hr>107</ns3:hr>
          </ns3:TrackPointExtension>
        </extensions>
      </trkpt>
      <trkpt lat="-2.7604130096733570098876953125" lon="-79.23072234727442264556884765625">
        <ele>3994.60009765625</ele>
        <time>2026-08-27T19:23:48.000Z</time>
        <extensions>
          <ns3:TrackPointExtension>
            <ns3:hr>107</ns3:hr>
          </ns3:TrackPointExtension>
        </extensions>
      </trkpt>
      <trkpt lat="-2.76036347262561321258544921875" lon="-79.23066300339996814727783203125">
        <ele>3992.60009765625</ele>
        <time>2026-08-27T19:24:05.000Z</time>
        <extensions>
          <ns3:TrackPointExtension>
            <ns3:hr>111</ns3:hr>
          </ns3:TrackPointExtension>
        </extensions>
      </trkpt>
      <trkpt lat="-2.76035592891275882720947265625" lon="-79.23065680079162120819091796875">
        <ele>3992.39990234375</ele>
        <time>2026-08-27T19:24:07.000Z</time>
        <extensions>
          <ns3:TrackPointExtension>
            <ns3:hr>115</ns3:hr>
          </ns3:TrackPointExtension>
        </extensions>
      </trkpt>
      <trkpt lat="-2.7603529952466487884521484375" lon="-79.2306547053158283233642578125">
        <ele>3992.39990234375</ele>
        <time>2026-08-27T19:24:08.000Z</time>
        <extensions>
          <ns3:TrackPointExtension>
            <ns3:hr>118</ns3:hr>
          </ns3:TrackPointExtension>
        </extensions>
      </trkpt>
      <trkpt lat="-2.76034913957118988037109375" lon="-79.2306513525545597076416015625">
        <ele>3992.199951171875</ele>
        <time>2026-08-27T19:24:09.000Z</time>
        <extensions>
          <ns3:TrackPointExtension>
            <ns3:hr>118</ns3:hr>
          </ns3:TrackPointExtension>
        </extensions>
      </trkpt>
      <trkpt lat="-2.76029289700090885162353515625" lon="-79.23063517548143863677978515625">
        <ele>3991.39990234375</ele>
        <time>2026-08-27T19:24:23.000Z</time>
        <extensions>
          <ns3:TrackPointExtension>
            <ns3:hr>115</ns3:hr>
          </ns3:TrackPointExtension>
        </extensions>
      </trkpt>
      <trkpt lat="-2.7602653205394744873046875" lon="-79.23062645830214023590087890625">
        <ele>3991</ele>
        <time>2026-08-27T19:24:25.000Z</time>
        <extensions>
          <ns3:TrackPointExtension>
            <ns3:hr>115</ns3:hr>
          </ns3:TrackPointExtension>
        </extensions>
      </trkpt>
      <trkpt lat="-2.76018242351710796356201171875" lon="-79.23057633452117443084716796875">
        <ele>3989.199951171875</ele>
        <time>2026-08-27T19:24:34.000Z</time>
        <extensions>
          <ns3:TrackPointExtension>
            <ns3:hr>114</ns3:hr>
          </ns3:TrackPointExtension>
        </extensions>
      </trkpt>
      <trkpt lat="-2.7601729519665241241455078125" lon="-79.2305688746273517608642578125">
        <ele>3989</ele>
        <time>2026-08-27T19:24:35.000Z</time>
        <extensions>
          <ns3:TrackPointExtension>
            <ns3:hr>114</ns3:hr>
          </ns3:TrackPointExtension>
        </extensions>
      </trkpt>
      <trkpt lat="-2.76015342213213443756103515625" lon="-79.2305460758507251739501953125">
        <ele>3988.199951171875</ele>
        <time>2026-08-27T19:24:38.000Z</time>
        <extensions>
          <ns3:TrackPointExtension>
            <ns3:hr>113</ns3:hr>
          </ns3:TrackPointExtension>
        </extensions>
      </trkpt>
      <trkpt lat="-2.7601454593241214752197265625" lon="-79.23052780330181121826171875">
        <ele>3987.800048828125</ele>
        <time>2026-08-27T19:24:40.000Z</time>
        <extensions>
          <ns3:TrackPointExtension>
            <ns3:hr>114</ns3:hr>
          </ns3:TrackPointExtension>
        </extensions>
      </trkpt>
      <trkpt lat="-2.76013984344899654388427734375" lon="-79.230522774159908294677734375">
        <ele>3987.60009765625</ele>
        <time>2026-08-27T19:24:41.000Z</time>
        <extensions>
          <ns3:TrackPointExtension>
            <ns3:hr>113</ns3:hr>
          </ns3:TrackPointExtension>
        </extensions>
      </trkpt>
      <trkpt lat="-2.76012307964265346527099609375" lon="-79.23050642944872379302978515625">
        <ele>3987</ele>
        <time>2026-08-27T19:24:48.000Z</time>
        <extensions>
          <ns3:TrackPointExtension>
            <ns3:hr>113</ns3:hr>
          </ns3:TrackPointExtension>
        </extensions>
      </trkpt>
      <trkpt lat="-2.76005853898823261260986328125" lon="-79.2304847203195095062255859375">
        <ele>3986.199951171875</ele>
        <time>2026-08-27T19:24:57.000Z</time>
        <extensions>
          <ns3:TrackPointExtension>
            <ns3:hr>115</ns3:hr>
          </ns3:TrackPointExtension>
        </extensions>
      </trkpt>
      <trkpt lat="-2.76005065999925136566162109375" lon="-79.230479858815670013427734375">
        <ele>3986.199951171875</ele>
        <time>2026-08-27T19:24:58.000Z</time>
        <extensions>
          <ns3:TrackPointExtension>
            <ns3:hr>119</ns3:hr>
          </ns3:TrackPointExtension>
        </extensions>
      </trkpt>
      <trkpt lat="-2.760042361915111541748046875" lon="-79.230473823845386505126953125">
        <ele>3986.199951171875</ele>
        <time>2026-08-27T19:24:59.000Z</time>
        <extensions>
          <ns3:TrackPointExtension>
            <ns3:hr>119</ns3:hr>
          </ns3:TrackPointExtension>
        </extensions>
      </trkpt>
      <trkpt lat="-2.760035991668701171875" lon="-79.23046301119029521942138671875">
        <ele>3986.199951171875</ele>
        <time>2026-08-27T19:25:00.000Z</time>
        <extensions>
          <ns3:TrackPointExtension>
            <ns3:hr>120</ns3:hr>
          </ns3:TrackPointExtension>
        </extensions>
      </trkpt>
      <trkpt lat="-2.76000472716987133026123046875" lon="-79.2304278910160064697265625">
        <ele>3986.199951171875</ele>
        <time>2026-08-27T19:25:05.000Z</time>
        <extensions>
          <ns3:TrackPointExtension>
            <ns3:hr>120</ns3:hr>
          </ns3:TrackPointExtension>
        </extensions>
      </trkpt>
      <trkpt lat="-2.7599375881254673004150390625" lon="-79.23031917773187160491943359375">
        <ele>3985.800048828125</ele>
        <time>2026-08-27T19:25:19.000Z</time>
        <extensions>
          <ns3:TrackPointExtension>
            <ns3:hr>120</ns3:hr>
          </ns3:TrackPointExtension>
        </extensions>
      </trkpt>
      <trkpt lat="-2.7599059045314788818359375" lon="-79.23029872588813304901123046875">
        <ele>3985.800048828125</ele>
        <time>2026-08-27T19:25:23.000Z</time>
        <extensions>
          <ns3:TrackPointExtension>
            <ns3:hr>120</ns3:hr>
          </ns3:TrackPointExtension>
        </extensions>
      </trkpt>
      <trkpt lat="-2.75987564586102962493896484375" lon="-79.23029051162302494049072265625">
        <ele>3986</ele>
        <time>2026-08-27T19:25:27.000Z</time>
        <extensions>
          <ns3:TrackPointExtension>
            <ns3:hr>120</ns3:hr>
          </ns3:TrackPointExtension>
        </extensions>
      </trkpt>
      <trkpt lat="-2.759822420775890350341796875" lon="-79.23025145195424556732177734375">
        <ele>3986.199951171875</ele>
        <time>2026-08-27T19:25:34.000Z</time>
        <extensions>
          <ns3:TrackPointExtension>
            <ns3:hr>118</ns3:hr>
          </ns3:TrackPointExtension>
        </extensions>
      </trkpt>
      <trkpt lat="-2.75975528173148632049560546875" lon="-79.23021088354289531707763671875">
        <ele>3986.60009765625</ele>
        <time>2026-08-27T19:25:43.000Z</time>
        <extensions>
          <ns3:TrackPointExtension>
            <ns3:hr>116</ns3:hr>
          </ns3:TrackPointExtension>
        </extensions>
      </trkpt>
      <trkpt lat="-2.759730555117130279541015625" lon="-79.23017836175858974456787109375">
        <ele>3986.39990234375</ele>
        <time>2026-08-27T19:25:50.000Z</time>
        <extensions>
          <ns3:TrackPointExtension>
            <ns3:hr>113</ns3:hr>
          </ns3:TrackPointExtension>
        </extensions>
      </trkpt>
      <trkpt lat="-2.75973089039325714111328125" lon="-79.23017836175858974456787109375">
        <ele>3986.39990234375</ele>
        <time>2026-08-27T19:25:55.000Z</time>
        <extensions>
          <ns3:TrackPointExtension>
            <ns3:hr>110</ns3:hr>
          </ns3:TrackPointExtension>
        </extensions>
      </trkpt>
      <trkpt lat="-2.75970817543566226959228515625" lon="-79.23013779334723949432373046875">
        <ele>3985.800048828125</ele>
        <time>2026-08-27T19:26:05.000Z</time>
        <extensions>
          <ns3:TrackPointExtension>
            <ns3:hr>110</ns3:hr>
          </ns3:TrackPointExtension>
        </extensions>
      </trkpt>
      <trkpt lat="-2.759672887623310089111328125" lon="-79.23008532263338565826416015625">
        <ele>3985.199951171875</ele>
        <time>2026-08-27T19:26:12.000Z</time>
        <extensions>
          <ns3:TrackPointExtension>
            <ns3:hr>109</ns3:hr>
          </ns3:TrackPointExtension>
        </extensions>
      </trkpt>
      <trkpt lat="-2.75963743217289447784423828125" lon="-79.230013154447078704833984375">
        <ele>3984.60009765625</ele>
        <time>2026-08-27T19:26:21.000Z</time>
        <extensions>
          <ns3:TrackPointExtension>
            <ns3:hr>106</ns3:hr>
          </ns3:TrackPointExtension>
        </extensions>
      </trkpt>
      <trkpt lat="-2.7596308104693889617919921875" lon="-79.23000636510550975799560546875">
        <ele>3984.39990234375</ele>
        <time>2026-08-27T19:26:22.000Z</time>
        <extensions>
          <ns3:TrackPointExtension>
            <ns3:hr>106</ns3:hr>
          </ns3:TrackPointExtension>
        </extensions>
      </trkpt>
      <trkpt lat="-2.75962670333683490753173828125" lon="-79.22999613918364048004150390625">
        <ele>3984.39990234375</ele>
        <time>2026-08-27T19:26:23.000Z</time>
        <extensions>
          <ns3:TrackPointExtension>
            <ns3:hr>105</ns3:hr>
          </ns3:TrackPointExtension>
        </extensions>
      </trkpt>
      <trkpt lat="-2.75961647741496562957763671875" lon="-79.229980297386646270751953125">
        <ele>3984.199951171875</ele>
        <time>2026-08-27T19:26:25.000Z</time>
        <extensions>
          <ns3:TrackPointExtension>
            <ns3:hr>108</ns3:hr>
          </ns3:TrackPointExtension>
        </extensions>
      </trkpt>
      <trkpt lat="-2.75960876606404781341552734375" lon="-79.22997166402637958526611328125">
        <ele>3984.199951171875</ele>
        <time>2026-08-27T19:26:26.000Z</time>
        <extensions>
          <ns3:TrackPointExtension>
            <ns3:hr>105</ns3:hr>
          </ns3:TrackPointExtension>
        </extensions>
      </trkpt>
      <trkpt lat="-2.7595999650657176971435546875" lon="-79.229962863028049468994140625">
        <ele>3984.199951171875</ele>
        <time>2026-08-27T19:26:27.000Z</time>
        <extensions>
          <ns3:TrackPointExtension>
            <ns3:hr>109</ns3:hr>
          </ns3:TrackPointExtension>
        </extensions>
      </trkpt>
      <trkpt lat="-2.759595103561878204345703125" lon="-79.22995624132454395294189453125">
        <ele>3984</ele>
        <time>2026-08-27T19:26:28.000Z</time>
        <extensions>
          <ns3:TrackPointExtension>
            <ns3:hr>105</ns3:hr>
          </ns3:TrackPointExtension>
        </extensions>
      </trkpt>
      <trkpt lat="-2.7595852129161357879638671875" lon="-79.2299288325011730194091796875">
        <ele>3983.800048828125</ele>
        <time>2026-08-27T19:26:31.000Z</time>
        <extensions>
          <ns3:TrackPointExtension>
            <ns3:hr>108</ns3:hr>
          </ns3:TrackPointExtension>
        </extensions>
      </trkpt>
      <trkpt lat="-2.75957129895687103271484375" lon="-79.22990762628614902496337890625">
        <ele>3983.800048828125</ele>
        <time>2026-08-27T19:26:34.000Z</time>
        <extensions>
          <ns3:TrackPointExtension>
            <ns3:hr>111</ns3:hr>
          </ns3:TrackPointExtension>
        </extensions>
      </trkpt>
      <trkpt lat="-2.7595617435872554779052734375" lon="-79.22988382168114185333251953125">
        <ele>3983.800048828125</ele>
        <time>2026-08-27T19:26:36.000Z</time>
        <extensions>
          <ns3:TrackPointExtension>
            <ns3:hr>111</ns3:hr>
          </ns3:TrackPointExtension>
        </extensions>
      </trkpt>
      <trkpt lat="-2.75951086543500423431396484375" lon="-79.229839481413364410400390625">
        <ele>3984</ele>
        <time>2026-08-27T19:26:42.000Z</time>
        <extensions>
          <ns3:TrackPointExtension>
            <ns3:hr>111</ns3:hr>
          </ns3:TrackPointExtension>
        </extensions>
      </trkpt>
      <trkpt lat="-2.759464345872402191162109375" lon="-79.22980469651520252227783203125">
        <ele>3984.60009765625</ele>
        <time>2026-08-27T19:26:49.000Z</time>
        <extensions>
          <ns3:TrackPointExtension>
            <ns3:hr>115</ns3:hr>
          </ns3:TrackPointExtension>
        </extensions>
      </trkpt>
      <trkpt lat="-2.75945889763534069061279296875" lon="-79.229801930487155914306640625">
        <ele>3984.60009765625</ele>
        <time>2026-08-27T19:26:51.000Z</time>
        <extensions>
          <ns3:TrackPointExtension>
            <ns3:hr>113</ns3:hr>
          </ns3:TrackPointExtension>
        </extensions>
      </trkpt>
      <trkpt lat="-2.75946476496756076812744140625" lon="-79.229805283248424530029296875">
        <ele>3984.60009765625</ele>
        <time>2026-08-27T19:26:59.000Z</time>
        <extensions>
          <ns3:TrackPointExtension>
            <ns3:hr>113</ns3:hr>
          </ns3:TrackPointExtension>
        </extensions>
      </trkpt>
      <trkpt lat="-2.75945336557924747467041015625" lon="-79.229787848889827728271484375">
        <ele>3984.60009765625</ele>
        <time>2026-08-27T19:27:07.000Z</time>
        <extensions>
          <ns3:TrackPointExtension>
            <ns3:hr>111</ns3:hr>
          </ns3:TrackPointExtension>
        </extensions>
      </trkpt>
      <trkpt lat="-2.7594222687184810638427734375" lon="-79.2297233082354068756103515625">
        <ele>3985</ele>
        <time>2026-08-27T19:27:14.000Z</time>
        <extensions>
          <ns3:TrackPointExtension>
            <ns3:hr>109</ns3:hr>
          </ns3:TrackPointExtension>
        </extensions>
      </trkpt>
      <trkpt lat="-2.75938027538359165191650390625" lon="-79.229654408991336822509765625">
        <ele>3985.39990234375</ele>
        <time>2026-08-27T19:27:23.000Z</time>
        <extensions>
          <ns3:TrackPointExtension>
            <ns3:hr>109</ns3:hr>
          </ns3:TrackPointExtension>
        </extensions>
      </trkpt>
      <trkpt lat="-2.7593186683952808380126953125" lon="-79.22959347255527973175048828125">
        <ele>3986.60009765625</ele>
        <time>2026-08-27T19:27:32.000Z</time>
        <extensions>
          <ns3:TrackPointExtension>
            <ns3:hr>109</ns3:hr>
          </ns3:TrackPointExtension>
        </extensions>
      </trkpt>
      <trkpt lat="-2.75925069116055965423583984375" lon="-79.22952122054994106292724609375">
        <ele>3987.800048828125</ele>
        <time>2026-08-27T19:27:41.000Z</time>
        <extensions>
          <ns3:TrackPointExtension>
            <ns3:hr>109</ns3:hr>
          </ns3:TrackPointExtension>
        </extensions>
      </trkpt>
      <trkpt lat="-2.75920383632183074951171875" lon="-79.22945315949618816375732421875">
        <ele>3988.60009765625</ele>
        <time>2026-08-27T19:27:50.000Z</time>
        <extensions>
          <ns3:TrackPointExtension>
            <ns3:hr>110</ns3:hr>
          </ns3:TrackPointExtension>
        </extensions>
      </trkpt>
      <trkpt lat="-2.75913183577358722686767578125" lon="-79.2293803207576274871826171875">
        <ele>3989.60009765625</ele>
        <time>2026-08-27T19:28:00.000Z</time>
        <extensions>
          <ns3:TrackPointExtension>
            <ns3:hr>111</ns3:hr>
          </ns3:TrackPointExtension>
        </extensions>
      </trkpt>
      <trkpt lat="-2.7591221965849399566650390625" lon="-79.2292906343936920166015625">
        <ele>3990.39990234375</ele>
        <time>2026-08-27T19:28:09.000Z</time>
        <extensions>
          <ns3:TrackPointExtension>
            <ns3:hr>111</ns3:hr>
          </ns3:TrackPointExtension>
        </extensions>
      </trkpt>
      <trkpt lat="-2.75912630371749401092529296875" lon="-79.22925534658133983612060546875">
        <ele>3990.60009765625</ele>
        <time>2026-08-27T19:28:13.000Z</time>
        <extensions>
          <ns3:TrackPointExtension>
            <ns3:hr>112</ns3:hr>
          </ns3:TrackPointExtension>
        </extensions>
      </trkpt>
      <trkpt lat="-2.759142816066741943359375" lon="-79.2292327992618083953857421875">
        <ele>3990.800048828125</ele>
        <time>2026-08-27T19:28:16.000Z</time>
        <extensions>
          <ns3:TrackPointExtension>
            <ns3:hr>111</ns3:hr>
          </ns3:TrackPointExtension>
        </extensions>
      </trkpt>
      <trkpt lat="-2.7591433189809322357177734375" lon="-79.2292240820825099945068359375">
        <ele>3991</ele>
        <time>2026-08-27T19:28:17.000Z</time>
        <extensions>
          <ns3:TrackPointExtension>
            <ns3:hr>110</ns3:hr>
          </ns3:TrackPointExtension>
        </extensions>
      </trkpt>
      <trkpt lat="-2.7591429837048053741455078125" lon="-79.22921628691256046295166015625">
        <ele>3991</ele>
        <time>2026-08-27T19:28:18.000Z</time>
        <extensions>
          <ns3:TrackPointExtension>
            <ns3:hr>113</ns3:hr>
          </ns3:TrackPointExtension>
        </extensions>
      </trkpt>
      <trkpt lat="-2.75914122350513935089111328125" lon="-79.229209832847118377685546875">
        <ele>3991</ele>
        <time>2026-08-27T19:28:19.000Z</time>
        <extensions>
          <ns3:TrackPointExtension>
            <ns3:hr>112</ns3:hr>
          </ns3:TrackPointExtension>
        </extensions>
      </trkpt>
      <trkpt lat="-2.75911758653819561004638671875" lon="-79.22918577678501605987548828125">
        <ele>3991.39990234375</ele>
        <time>2026-08-27T19:28:24.000Z</time>
        <extensions>
          <ns3:TrackPointExtension>
            <ns3:hr>112</ns3:hr>
          </ns3:TrackPointExtension>
        </extensions>
      </trkpt>
      <trkpt lat="-2.75906302034854888916015625" lon="-79.22917638905346393585205078125">
        <ele>3991.800048828125</ele>
        <time>2026-08-27T19:28:32.000Z</time>
        <extensions>
          <ns3:TrackPointExtension>
            <ns3:hr>111</ns3:hr>
          </ns3:TrackPointExtension>
        </extensions>
      </trkpt>
      <trkpt lat="-2.75899454019963741302490234375" lon="-79.22919206321239471435546875">
        <ele>3992</ele>
        <time>2026-08-27T19:28:42.000Z</time>
        <extensions>
          <ns3:TrackPointExtension>
            <ns3:hr>108</ns3:hr>
          </ns3:TrackPointExtension>
        </extensions>
      </trkpt>
      <trkpt lat="-2.75893603451550006866455078125" lon="-79.229176305234432220458984375">
        <ele>3992.39990234375</ele>
        <time>2026-08-27T19:28:50.000Z</time>
        <extensions>
          <ns3:TrackPointExtension>
            <ns3:hr>108</ns3:hr>
          </ns3:TrackPointExtension>
        </extensions>
      </trkpt>
      <trkpt lat="-2.75888465344905853271484375" lon="-79.229144118726253509521484375">
        <ele>3992.800048828125</ele>
        <time>2026-08-27T19:29:00.000Z</time>
        <extensions>
          <ns3:TrackPointExtension>
            <ns3:hr>107</ns3:hr>
          </ns3:TrackPointExtension>
        </extensions>
      </trkpt>
      <trkpt lat="-2.7588625252246856689453125" lon="-79.229106903076171875">
        <ele>3993.199951171875</ele>
        <time>2026-08-27T19:29:06.000Z</time>
        <extensions>
          <ns3:TrackPointExtension>
            <ns3:hr>104</ns3:hr>
          </ns3:TrackPointExtension>
        </extensions>
      </trkpt>
      <trkpt lat="-2.75886411778628826141357421875" lon="-79.2290919832885265350341796875">
        <ele>3993.39990234375</ele>
        <time>2026-08-27T19:29:08.000Z</time>
        <extensions>
          <ns3:TrackPointExtension>
            <ns3:hr>104</ns3:hr>
          </ns3:TrackPointExtension>
        </extensions>
      </trkpt>
      <trkpt lat="-2.75885053910315036773681640625" lon="-79.229022078216075897216796875">
        <ele>3994.199951171875</ele>
        <time>2026-08-27T19:29:17.000Z</time>
        <extensions>
          <ns3:TrackPointExtension>
            <ns3:hr>100</ns3:hr>
          </ns3:TrackPointExtension>
        </extensions>
      </trkpt>
      <trkpt lat="-2.75879974476993083953857421875" lon="-79.22896918840706348419189453125">
        <ele>3994.800048828125</ele>
        <time>2026-08-27T19:29:26.000Z</time>
        <extensions>
          <ns3:TrackPointExtension>
            <ns3:hr>98</ns3:hr>
          </ns3:TrackPointExtension>
        </extensions>
      </trkpt>
      <trkpt lat="-2.75875666178762912750244140625" lon="-79.2288975231349468231201171875">
        <ele>3995.800048828125</ele>
        <time>2026-08-27T19:29:35.000Z</time>
        <extensions>
          <ns3:TrackPointExtension>
            <ns3:hr>95</ns3:hr>
          </ns3:TrackPointExtension>
        </extensions>
      </trkpt>
      <trkpt lat="-2.75872497819364070892333984375" lon="-79.22885301522910594940185546875">
        <ele>3996.39990234375</ele>
        <time>2026-08-27T19:29:43.000Z</time>
        <extensions>
          <ns3:TrackPointExtension>
            <ns3:hr>91</ns3:hr>
          </ns3:TrackPointExtension>
        </extensions>
      </trkpt>
      <trkpt lat="-2.758722044527530670166015625" lon="-79.2288475669920444488525390625">
        <ele>3996.39990234375</ele>
        <time>2026-08-27T19:29:44.000Z</time>
        <extensions>
          <ns3:TrackPointExtension>
            <ns3:hr>93</ns3:hr>
          </ns3:TrackPointExtension>
        </extensions>
      </trkpt>
      <trkpt lat="-2.75869245640933513641357421875" lon="-79.2288158833980560302734375">
        <ele>3997</ele>
        <time>2026-08-27T19:29:52.000Z</time>
        <extensions>
          <ns3:TrackPointExtension>
            <ns3:hr>96</ns3:hr>
          </ns3:TrackPointExtension>
        </extensions>
      </trkpt>
      <trkpt lat="-2.7586881816387176513671875" lon="-79.22881144098937511444091796875">
        <ele>3997</ele>
        <time>2026-08-27T19:29:53.000Z</time>
        <extensions>
          <ns3:TrackPointExtension>
            <ns3:hr>94</ns3:hr>
          </ns3:TrackPointExtension>
        </extensions>
      </trkpt>
      <trkpt lat="-2.75867736898362636566162109375" lon="-79.22880180180072784423828125">
        <ele>3997.39990234375</ele>
        <time>2026-08-27T19:29:55.000Z</time>
        <extensions>
          <ns3:TrackPointExtension>
            <ns3:hr>95</ns3:hr>
          </ns3:TrackPointExtension>
        </extensions>
      </trkpt>
      <trkpt lat="-2.7586357109248638153076171875" lon="-79.22877003438770771026611328125">
        <ele>3999.199951171875</ele>
        <time>2026-08-27T19:30:02.000Z</time>
        <extensions>
          <ns3:TrackPointExtension>
            <ns3:hr>95</ns3:hr>
          </ns3:TrackPointExtension>
        </extensions>
      </trkpt>
      <trkpt lat="-2.75858114473521709442138671875" lon="-79.228743799030780792236328125">
        <ele>4001</ele>
        <time>2026-08-27T19:30:11.000Z</time>
        <extensions>
          <ns3:TrackPointExtension>
            <ns3:hr>98</ns3:hr>
          </ns3:TrackPointExtension>
        </extensions>
      </trkpt>
      <trkpt lat="-2.75857619941234588623046875" lon="-79.22874354757368564605712890625">
        <ele>4001.199951171875</ele>
        <time>2026-08-27T19:30:13.000Z</time>
        <extensions>
          <ns3:TrackPointExtension>
            <ns3:hr>98</ns3:hr>
          </ns3:TrackPointExtension>
        </extensions>
      </trkpt>
      <trkpt lat="-2.7585770376026630401611328125" lon="-79.2287486605346202850341796875">
        <ele>4001</ele>
        <time>2026-08-27T19:30:17.000Z</time>
        <extensions>
          <ns3:TrackPointExtension>
            <ns3:hr>101</ns3:hr>
          </ns3:TrackPointExtension>
        </extensions>
      </trkpt>
      <trkpt lat="-2.75857108645141124725341796875" lon="-79.22875779680907726287841796875">
        <ele>4001</ele>
        <time>2026-08-27T19:30:20.000Z</time>
        <extensions>
          <ns3:TrackPointExtension>
            <ns3:hr>101</ns3:hr>
          </ns3:TrackPointExtension>
        </extensions>
      </trkpt>
      <trkpt lat="-2.75857008062303066253662109375" lon="-79.228775985538959503173828125">
        <ele>4000.60009765625</ele>
        <time>2026-08-27T19:30:26.000Z</time>
        <extensions>
          <ns3:TrackPointExtension>
            <ns3:hr>104</ns3:hr>
          </ns3:TrackPointExtension>
        </extensions>
      </trkpt>
      <trkpt lat="-2.75857008062303066253662109375" lon="-79.228775985538959503173828125">
        <ele>4000.60009765625</ele>
        <time>2026-08-27T19:30:29.000Z</time>
        <extensions>
          <ns3:TrackPointExtension>
            <ns3:hr>102</ns3:hr>
          </ns3:TrackPointExtension>
        </extensions>
      </trkpt>
      <trkpt lat="-2.75857008062303066253662109375" lon="-79.228775985538959503173828125">
        <ele>4000.60009765625</ele>
        <time>2026-08-27T19:30:39.000Z</time>
        <extensions>
          <ns3:TrackPointExtension>
            <ns3:hr>106</ns3:hr>
          </ns3:TrackPointExtension>
        </extensions>
      </trkpt>
      <trkpt lat="-2.75857008062303066253662109375" lon="-79.22877657227218151092529296875">
        <ele>4000.60009765625</ele>
        <time>2026-08-27T19:30:40.000Z</time>
        <extensions>
          <ns3:TrackPointExtension>
            <ns3:hr>103</ns3:hr>
          </ns3:TrackPointExtension>
        </extensions>
      </trkpt>
      <trkpt lat="-2.7585653029382228851318359375" lon="-79.22879434190690517425537109375">
        <ele>4000.39990234375</ele>
        <time>2026-08-27T19:30:55.000Z</time>
        <extensions>
          <ns3:TrackPointExtension>
            <ns3:hr>106</ns3:hr>
          </ns3:TrackPointExtension>
        </extensions>
      </trkpt>
      <trkpt lat="-2.75854577310383319854736328125" lon="-79.22881311737000942230224609375">
        <ele>4000.39990234375</ele>
        <time>2026-08-27T19:31:00.000Z</time>
        <extensions>
          <ns3:TrackPointExtension>
            <ns3:hr>109</ns3:hr>
          </ns3:TrackPointExtension>
        </extensions>
      </trkpt>
      <trkpt lat="-2.75852364487946033477783203125" lon="-79.22884195111691951751708984375">
        <ele>4000.800048828125</ele>
        <time>2026-08-27T19:31:22.000Z</time>
        <extensions>
          <ns3:TrackPointExtension>
            <ns3:hr>106</ns3:hr>
          </ns3:TrackPointExtension>
        </extensions>
      </trkpt>
      <trkpt lat="-2.7585170231759548187255859375" lon="-79.22884195111691951751708984375">
        <ele>4000.800048828125</ele>
        <time>2026-08-27T19:31:35.000Z</time>
        <extensions>
          <ns3:TrackPointExtension>
            <ns3:hr>112</ns3:hr>
          </ns3:TrackPointExtension>
        </extensions>
      </trkpt>
      <trkpt lat="-2.75851693935692310333251953125" lon="-79.22884195111691951751708984375">
        <ele>4000.800048828125</ele>
        <time>2026-08-27T19:31:37.000Z</time>
        <extensions>
          <ns3:TrackPointExtension>
            <ns3:hr>115</ns3:hr>
          </ns3:TrackPointExtension>
        </extensions>
      </trkpt>
      <trkpt lat="-2.75851677171885967254638671875" lon="-79.22884195111691951751708984375">
        <ele>4000.800048828125</ele>
        <time>2026-08-27T19:31:39.000Z</time>
        <extensions>
          <ns3:TrackPointExtension>
            <ns3:hr>119</ns3:hr>
          </ns3:TrackPointExtension>
        </extensions>
      </trkpt>
      <trkpt lat="-2.75851182639598846435546875" lon="-79.22884848900139331817626953125">
        <ele>4001</ele>
        <time>2026-08-27T19:31:40.000Z</time>
        <extensions>
          <ns3:TrackPointExtension>
            <ns3:hr>122</ns3:hr>
          </ns3:TrackPointExtension>
        </extensions>
      </trkpt>
      <trkpt lat="-2.75850319303572177886962890625" lon="-79.2288626544177532196044921875">
        <ele>4001</ele>
        <time>2026-08-27T19:31:41.000Z</time>
        <extensions>
          <ns3:TrackPointExtension>
            <ns3:hr>123</ns3:hr>
          </ns3:TrackPointExtension>
        </extensions>
      </trkpt>
      <trkpt lat="-2.75847184471786022186279296875" lon="-79.2288945056498050689697265625">
        <ele>4001.39990234375</ele>
        <time>2026-08-27T19:31:44.000Z</time>
        <extensions>
          <ns3:TrackPointExtension>
            <ns3:hr>122</ns3:hr>
          </ns3:TrackPointExtension>
        </extensions>
      </trkpt>
      <trkpt lat="-2.75844519026577472686767578125" lon="-79.22893197275698184967041015625">
        <ele>4001.39990234375</ele>
        <time>2026-08-27T19:31:47.000Z</time>
        <extensions>
          <ns3:TrackPointExtension>
            <ns3:hr>119</ns3:hr>
          </ns3:TrackPointExtension>
        </extensions>
      </trkpt>
      <trkpt lat="-2.758408226072788238525390625" lon="-79.22898276709020137786865234375">
        <ele>4001.39990234375</ele>
        <time>2026-08-27T19:31:53.000Z</time>
        <extensions>
          <ns3:TrackPointExtension>
            <ns3:hr>121</ns3:hr>
          </ns3:TrackPointExtension>
        </extensions>
      </trkpt>
      <trkpt lat="-2.7583825774490833282470703125" lon="-79.22900154255330562591552734375">
        <ele>4002.39990234375</ele>
        <time>2026-08-27T19:31:57.000Z</time>
        <extensions>
          <ns3:TrackPointExtension>
            <ns3:hr>118</ns3:hr>
          </ns3:TrackPointExtension>
        </extensions>
      </trkpt>
      <trkpt lat="-2.75837210007011890411376953125" lon="-79.22900833189487457275390625">
        <ele>4002.800048828125</ele>
        <time>2026-08-27T19:31:58.000Z</time>
        <extensions>
          <ns3:TrackPointExtension>
            <ns3:hr>117</ns3:hr>
          </ns3:TrackPointExtension>
        </extensions>
      </trkpt>
      <trkpt lat="-2.758353911340236663818359375" lon="-79.22901562415063381195068359375">
        <ele>4003.60009765625</ele>
        <time>2026-08-27T19:32:00.000Z</time>
        <extensions>
          <ns3:TrackPointExtension>
            <ns3:hr>114</ns3:hr>
          </ns3:TrackPointExtension>
        </extensions>
      </trkpt>
      <trkpt lat="-2.75831225328147411346435546875" lon="-79.2290252633392810821533203125">
        <ele>4005.199951171875</ele>
        <time>2026-08-27T19:32:05.000Z</time>
        <extensions>
          <ns3:TrackPointExtension>
            <ns3:hr>111</ns3:hr>
          </ns3:TrackPointExtension>
        </extensions>
      </trkpt>
      <trkpt lat="-2.7583073079586029052734375" lon="-79.22903054393827915191650390625">
        <ele>4005.199951171875</ele>
        <time>2026-08-27T19:32:06.000Z</time>
        <extensions>
          <ns3:TrackPointExtension>
            <ns3:hr>109</ns3:hr>
          </ns3:TrackPointExtension>
        </extensions>
      </trkpt>
      <trkpt lat="-2.75828308425843715667724609375" lon="-79.229052923619747161865234375">
        <ele>4005.60009765625</ele>
        <time>2026-08-27T19:32:10.000Z</time>
        <extensions>
          <ns3:TrackPointExtension>
            <ns3:hr>106</ns3:hr>
          </ns3:TrackPointExtension>
        </extensions>
      </trkpt>
      <trkpt lat="-2.75827419944107532501220703125" lon="-79.2290608026087284088134765625">
        <ele>4005.60009765625</ele>
        <time>2026-08-27T19:32:14.000Z</time>
        <extensions>
          <ns3:TrackPointExtension>
            <ns3:hr>106</ns3:hr>
          </ns3:TrackPointExtension>
        </extensions>
      </trkpt>
      <trkpt lat="-2.75825391523540019989013671875" lon="-79.22909257002174854278564453125">
        <ele>4005.39990234375</ele>
        <time>2026-08-27T19:32:20.000Z</time>
        <extensions>
          <ns3:TrackPointExtension>
            <ns3:hr>106</ns3:hr>
          </ns3:TrackPointExtension>
        </extensions>
      </trkpt>
      <trkpt lat="-2.7582035399973392486572265625" lon="-79.22914017923176288604736328125">
        <ele>4006.39990234375</ele>
        <time>2026-08-27T19:32:28.000Z</time>
        <extensions>
          <ns3:TrackPointExtension>
            <ns3:hr>106</ns3:hr>
          </ns3:TrackPointExtension>
        </extensions>
      </trkpt>
      <trkpt lat="-2.758159451186656951904296875" lon="-79.2291915602982044219970703125">
        <ele>4006.800048828125</ele>
        <time>2026-08-27T19:32:37.000Z</time>
        <extensions>
          <ns3:TrackPointExtension>
            <ns3:hr>106</ns3:hr>
          </ns3:TrackPointExtension>
        </extensions>
      </trkpt>
      <trkpt lat="-2.75812064297497272491455078125" lon="-79.22924377955496311187744140625">
        <ele>4007.199951171875</ele>
        <time>2026-08-27T19:32:46.000Z</time>
        <extensions>
          <ns3:TrackPointExtension>
            <ns3:hr>109</ns3:hr>
          </ns3:TrackPointExtension>
        </extensions>
      </trkpt>
      <trkpt lat="-2.75811695493757724761962890625" lon="-79.229252077639102935791015625">
        <ele>4007.199951171875</ele>
        <time>2026-08-27T19:32:47.000Z</time>
        <extensions>
          <ns3:TrackPointExtension>
            <ns3:hr>105</ns3:hr>
          </ns3:TrackPointExtension>
        </extensions>
      </trkpt>
      <trkpt lat="-2.7581066451966762542724609375" lon="-79.229275546967983245849609375">
        <ele>4007.39990234375</ele>
        <time>2026-08-27T19:32:50.000Z</time>
        <extensions>
          <ns3:TrackPointExtension>
            <ns3:hr>101</ns3:hr>
          </ns3:TrackPointExtension>
        </extensions>
      </trkpt>
      <trkpt lat="-2.7580949105322360992431640625" lon="-79.22932751476764678955078125">
        <ele>4007</ele>
        <time>2026-08-27T19:32:57.000Z</time>
        <extensions>
          <ns3:TrackPointExtension>
            <ns3:hr>102</ns3:hr>
          </ns3:TrackPointExtension>
        </extensions>
      </trkpt>
      <trkpt lat="-2.7580774761736392974853515625" lon="-79.2293588630855083465576171875">
        <ele>4007.39990234375</ele>
        <time>2026-08-27T19:33:03.000Z</time>
        <extensions>
          <ns3:TrackPointExtension>
            <ns3:hr>99</ns3:hr>
          </ns3:TrackPointExtension>
        </extensions>
      </trkpt>
      <trkpt lat="-2.75807219557464122772216796875" lon="-79.22936531715095043182373046875">
        <ele>4007.60009765625</ele>
        <time>2026-08-27T19:33:05.000Z</time>
        <extensions>
          <ns3:TrackPointExtension>
            <ns3:hr>99</ns3:hr>
          </ns3:TrackPointExtension>
        </extensions>
      </trkpt>
      <trkpt lat="-2.75804084725677967071533203125" lon="-79.22939800657331943511962890625">
        <ele>4009</ele>
        <time>2026-08-27T19:33:11.000Z</time>
        <extensions>
          <ns3:TrackPointExtension>
            <ns3:hr>100</ns3:hr>
          </ns3:TrackPointExtension>
        </extensions>
      </trkpt>
      <trkpt lat="-2.75803749449551105499267578125" lon="-79.2294101603329181671142578125">
        <ele>4009</ele>
        <time>2026-08-27T19:33:13.000Z</time>
        <extensions>
          <ns3:TrackPointExtension>
            <ns3:hr>97</ns3:hr>
          </ns3:TrackPointExtension>
        </extensions>
      </trkpt>
      <trkpt lat="-2.75804042816162109375" lon="-79.2294193804264068603515625">
        <ele>4008.800048828125</ele>
        <time>2026-08-27T19:33:15.000Z</time>
        <extensions>
          <ns3:TrackPointExtension>
            <ns3:hr>100</ns3:hr>
          </ns3:TrackPointExtension>
        </extensions>
      </trkpt>
      <trkpt lat="-2.7580489777028560638427734375" lon="-79.22943941317498683929443359375">
        <ele>4007.800048828125</ele>
        <time>2026-08-27T19:33:18.000Z</time>
        <extensions>
          <ns3:TrackPointExtension>
            <ns3:hr>101</ns3:hr>
          </ns3:TrackPointExtension>
        </extensions>
      </trkpt>
      <trkpt lat="-2.75805325247347354888916015625" lon="-79.22944880090653896331787109375">
        <ele>4007.39990234375</ele>
        <time>2026-08-27T19:33:20.000Z</time>
        <extensions>
          <ns3:TrackPointExtension>
            <ns3:hr>104</ns3:hr>
          </ns3:TrackPointExtension>
        </extensions>
      </trkpt>
      <trkpt lat="-2.758053839206695556640625" lon="-79.22945626080036163330078125">
        <ele>4007.199951171875</ele>
        <time>2026-08-27T19:33:22.000Z</time>
        <extensions>
          <ns3:TrackPointExtension>
            <ns3:hr>101</ns3:hr>
          </ns3:TrackPointExtension>
        </extensions>
      </trkpt>
      <trkpt lat="-2.75804906152188777923583984375" lon="-79.22946707345545291900634765625">
        <ele>4007.39990234375</ele>
        <time>2026-08-27T19:33:26.000Z</time>
        <extensions>
          <ns3:TrackPointExtension>
            <ns3:hr>101</ns3:hr>
          </ns3:TrackPointExtension>
        </extensions>
      </trkpt>
      <trkpt lat="-2.75803699158132076263427734375" lon="-79.22949917614459991455078125">
        <ele>4007.60009765625</ele>
        <time>2026-08-27T19:33:32.000Z</time>
        <extensions>
          <ns3:TrackPointExtension>
            <ns3:hr>104</ns3:hr>
          </ns3:TrackPointExtension>
        </extensions>
      </trkpt>
      <trkpt lat="-2.75803036987781524658203125" lon="-79.22951082699000835418701171875">
        <ele>4007.800048828125</ele>
        <time>2026-08-27T19:33:34.000Z</time>
        <extensions>
          <ns3:TrackPointExtension>
            <ns3:hr>108</ns3:hr>
          </ns3:TrackPointExtension>
        </extensions>
      </trkpt>
      <trkpt lat="-2.75802676565945148468017578125" lon="-79.229526333510875701904296875">
        <ele>4007.60009765625</ele>
        <time>2026-08-27T19:33:36.000Z</time>
        <extensions>
          <ns3:TrackPointExtension>
            <ns3:hr>110</ns3:hr>
          </ns3:TrackPointExtension>
        </extensions>
      </trkpt>
      <trkpt lat="-2.7580241672694683074951171875" lon="-79.2295429296791553497314453125">
        <ele>4007.60009765625</ele>
        <time>2026-08-27T19:33:38.000Z</time>
        <extensions>
          <ns3:TrackPointExtension>
            <ns3:hr>113</ns3:hr>
          </ns3:TrackPointExtension>
        </extensions>
      </trkpt>
      <trkpt lat="-2.75799927301704883575439453125" lon="-79.22958123497664928436279296875">
        <ele>4007.39990234375</ele>
        <time>2026-08-27T19:33:44.000Z</time>
        <extensions>
          <ns3:TrackPointExtension>
            <ns3:hr>110</ns3:hr>
          </ns3:TrackPointExtension>
        </extensions>
      </trkpt>
      <trkpt lat="-2.7579859457910060882568359375" lon="-79.22961828298866748809814453125">
        <ele>4006.60009765625</ele>
        <time>2026-08-27T19:33:50.000Z</time>
        <extensions>
          <ns3:TrackPointExtension>
            <ns3:hr>113</ns3:hr>
          </ns3:TrackPointExtension>
        </extensions>
      </trkpt>
      <trkpt lat="-2.757997177541255950927734375" lon="-79.229662120342254638671875">
        <ele>4005</ele>
        <time>2026-08-27T19:33:54.000Z</time>
        <extensions>
          <ns3:TrackPointExtension>
            <ns3:hr>114</ns3:hr>
          </ns3:TrackPointExtension>
        </extensions>
      </trkpt>
      <trkpt lat="-2.7579970099031925201416015625" lon="-79.22967108897864818572998046875">
        <ele>4005</ele>
        <time>2026-08-27T19:33:58.000Z</time>
        <extensions>
          <ns3:TrackPointExtension>
            <ns3:hr>111</ns3:hr>
          </ns3:TrackPointExtension>
        </extensions>
      </trkpt>
      <trkpt lat="-2.75799843482673168182373046875" lon="-79.229667149484157562255859375">
        <ele>4004.800048828125</ele>
        <time>2026-08-27T19:34:03.000Z</time>
        <extensions>
          <ns3:TrackPointExtension>
            <ns3:hr>110</ns3:hr>
          </ns3:TrackPointExtension>
        </extensions>
      </trkpt>
      <trkpt lat="-2.7579996921122074127197265625" lon="-79.22966354526579380035400390625">
        <ele>4004.800048828125</ele>
        <time>2026-08-27T19:34:18.000Z</time>
        <extensions>
          <ns3:TrackPointExtension>
            <ns3:hr>107</ns3:hr>
          </ns3:TrackPointExtension>
        </extensions>
      </trkpt>
      <trkpt lat="-2.75800212286412715911865234375" lon="-79.22965742647647857666015625">
        <ele>4004.800048828125</ele>
        <time>2026-08-27T19:34:33.000Z</time>
        <extensions>
          <ns3:TrackPointExtension>
            <ns3:hr>109</ns3:hr>
          </ns3:TrackPointExtension>
        </extensions>
      </trkpt>
      <trkpt lat="-2.75800078175961971282958984375" lon="-79.22965533100068569183349609375">
        <ele>4004.800048828125</ele>
        <time>2026-08-27T19:34:48.000Z</time>
        <extensions>
          <ns3:TrackPointExtension>
            <ns3:hr>106</ns3:hr>
          </ns3:TrackPointExtension>
        </extensions>
      </trkpt>
      <trkpt lat="-2.75800011120736598968505859375" lon="-79.22965331934392452239990234375">
        <ele>4005</ele>
        <time>2026-08-27T19:35:10.000Z</time>
        <extensions>
          <ns3:TrackPointExtension>
            <ns3:hr>109</ns3:hr>
          </ns3:TrackPointExtension>
        </extensions>
      </trkpt>
      <trkpt lat="-2.7579990215599536895751953125" lon="-79.22965784557163715362548828125">
        <ele>4005</ele>
        <time>2026-08-27T19:35:14.000Z</time>
        <extensions>
          <ns3:TrackPointExtension>
            <ns3:hr>106</ns3:hr>
          </ns3:TrackPointExtension>
        </extensions>
      </trkpt>
      <trkpt lat="-2.75798234157264232635498046875" lon="-79.22970168292522430419921875">
        <ele>4005.39990234375</ele>
        <time>2026-08-27T19:35:18.000Z</time>
        <extensions>
          <ns3:TrackPointExtension>
            <ns3:hr>107</ns3:hr>
          </ns3:TrackPointExtension>
        </extensions>
      </trkpt>
      <trkpt lat="-2.75797915644943714141845703125" lon="-79.2297524772584438323974609375">
        <ele>4005.199951171875</ele>
        <time>2026-08-27T19:35:22.000Z</time>
        <extensions>
          <ns3:TrackPointExtension>
            <ns3:hr>110</ns3:hr>
          </ns3:TrackPointExtension>
        </extensions>
      </trkpt>
      <trkpt lat="-2.7579775638878345489501953125" lon="-79.2298190295696258544921875">
        <ele>4005</ele>
        <time>2026-08-27T19:35:29.000Z</time>
        <extensions>
          <ns3:TrackPointExtension>
            <ns3:hr>109</ns3:hr>
          </ns3:TrackPointExtension>
        </extensions>
      </trkpt>
      <trkpt lat="-2.75797597132623195648193359375" lon="-79.22989505343139171600341796875">
        <ele>4004.800048828125</ele>
        <time>2026-08-27T19:35:39.000Z</time>
        <extensions>
          <ns3:TrackPointExtension>
            <ns3:hr>108</ns3:hr>
          </ns3:TrackPointExtension>
        </extensions>
      </trkpt>
      <trkpt lat="-2.7579608000814914703369140625" lon="-79.22995657660067081451416015625">
        <ele>4006.199951171875</ele>
        <time>2026-08-27T19:35:46.000Z</time>
        <extensions>
          <ns3:TrackPointExtension>
            <ns3:hr>110</ns3:hr>
          </ns3:TrackPointExtension>
        </extensions>
      </trkpt>
      <trkpt lat="-2.75794127024710178375244140625" lon="-79.2300228774547576904296875">
        <ele>4009.199951171875</ele>
        <time>2026-08-27T19:35:56.000Z</time>
        <extensions>
          <ns3:TrackPointExtension>
            <ns3:hr>112</ns3:hr>
          </ns3:TrackPointExtension>
        </extensions>
      </trkpt>
      <trkpt lat="-2.757933139801025390625" lon="-79.23009722493588924407958984375">
        <ele>4010.800048828125</ele>
        <time>2026-08-27T19:36:04.000Z</time>
        <extensions>
          <ns3:TrackPointExtension>
            <ns3:hr>112</ns3:hr>
          </ns3:TrackPointExtension>
        </extensions>
      </trkpt>
      <trkpt lat="-2.75794629938900470733642578125" lon="-79.2301900126039981842041015625">
        <ele>4012</ele>
        <time>2026-08-27T19:36:12.000Z</time>
        <extensions>
          <ns3:TrackPointExtension>
            <ns3:hr>110</ns3:hr>
          </ns3:TrackPointExtension>
        </extensions>
      </trkpt>
      <trkpt lat="-2.75795367546379566192626953125" lon="-79.23028699122369289398193359375">
        <ele>4014.800048828125</ele>
        <time>2026-08-27T19:36:23.000Z</time>
        <extensions>
          <ns3:TrackPointExtension>
            <ns3:hr>108</ns3:hr>
          </ns3:TrackPointExtension>
        </extensions>
      </trkpt>
      <trkpt lat="-2.75795619003474712371826171875" lon="-79.2303288169205188751220703125">
        <ele>4016.60009765625</ele>
        <time>2026-08-27T19:36:31.000Z</time>
        <extensions>
          <ns3:TrackPointExtension>
            <ns3:hr>110</ns3:hr>
          </ns3:TrackPointExtension>
        </extensions>
      </trkpt>
      <trkpt lat="-2.75796188972890377044677734375" lon="-79.2303475923836231231689453125">
        <ele>4017.199951171875</ele>
        <time>2026-08-27T19:36:36.000Z</time>
        <extensions>
          <ns3:TrackPointExtension>
            <ns3:hr>114</ns3:hr>
          </ns3:TrackPointExtension>
        </extensions>
      </trkpt>
      <trkpt lat="-2.757964991033077239990234375" lon="-79.2303492687642574310302734375">
        <ele>4017</ele>
        <time>2026-08-27T19:36:39.000Z</time>
        <extensions>
          <ns3:TrackPointExtension>
            <ns3:hr>113</ns3:hr>
          </ns3:TrackPointExtension>
        </extensions>
      </trkpt>
      <trkpt lat="-2.75796876288950443267822265625" lon="-79.2303502745926380157470703125">
        <ele>4016.800048828125</ele>
        <time>2026-08-27T19:36:49.000Z</time>
        <extensions>
          <ns3:TrackPointExtension>
            <ns3:hr>111</ns3:hr>
          </ns3:TrackPointExtension>
        </extensions>
      </trkpt>
      <trkpt lat="-2.75796775706112384796142578125" lon="-79.2303502745926380157470703125">
        <ele>4017</ele>
        <time>2026-08-27T19:36:56.000Z</time>
        <extensions>
          <ns3:TrackPointExtension>
            <ns3:hr>108</ns3:hr>
          </ns3:TrackPointExtension>
        </extensions>
      </trkpt>
      <trkpt lat="-2.75799256749451160430908203125" lon="-79.230406768620014190673828125">
        <ele>4018.39990234375</ele>
        <time>2026-08-27T19:37:08.000Z</time>
        <extensions>
          <ns3:TrackPointExtension>
            <ns3:hr>111</ns3:hr>
          </ns3:TrackPointExtension>
        </extensions>
      </trkpt>
      <trkpt lat="-2.7579963393509387969970703125" lon="-79.2304568924009799957275390625">
        <ele>4020.39990234375</ele>
        <time>2026-08-27T19:37:13.000Z</time>
        <extensions>
          <ns3:TrackPointExtension>
            <ns3:hr>115</ns3:hr>
          </ns3:TrackPointExtension>
        </extensions>
      </trkpt>
      <trkpt lat="-2.75801251642405986785888671875" lon="-79.2305011488497257232666015625">
        <ele>4021.60009765625</ele>
        <time>2026-08-27T19:37:18.000Z</time>
        <extensions>
          <ns3:TrackPointExtension>
            <ns3:hr>113</ns3:hr>
          </ns3:TrackPointExtension>
        </extensions>
      </trkpt>
      <trkpt lat="-2.75803573429584503173828125" lon="-79.23054079525172710418701171875">
        <ele>4022.199951171875</ele>
        <time>2026-08-27T19:37:24.000Z</time>
        <extensions>
          <ns3:TrackPointExtension>
            <ns3:hr>111</ns3:hr>
          </ns3:TrackPointExtension>
        </extensions>
      </trkpt>
      <trkpt lat="-2.75806549005210399627685546875" lon="-79.23056669533252716064453125">
        <ele>4021.800048828125</ele>
        <time>2026-08-27T19:37:29.000Z</time>
        <extensions>
          <ns3:TrackPointExtension>
            <ns3:hr>110</ns3:hr>
          </ns3:TrackPointExtension>
        </extensions>
      </trkpt>
      <trkpt lat="-2.758093066513538360595703125" lon="-79.23060231842100620269775390625">
        <ele>4022</ele>
        <time>2026-08-27T19:37:35.000Z</time>
        <extensions>
          <ns3:TrackPointExtension>
            <ns3:hr>111</ns3:hr>
          </ns3:TrackPointExtension>
        </extensions>
      </trkpt>
      <trkpt lat="-2.7580731175839900970458984375" lon="-79.2306355945765972137451171875">
        <ele>4024.39990234375</ele>
        <time>2026-08-27T19:37:42.000Z</time>
        <extensions>
          <ns3:TrackPointExtension>
            <ns3:hr>114</ns3:hr>
          </ns3:TrackPointExtension>
        </extensions>
      </trkpt>
      <trkpt lat="-2.7580583654344081878662109375" lon="-79.2306449823081493377685546875">
        <ele>4025.60009765625</ele>
        <time>2026-08-27T19:37:44.000Z</time>
        <extensions>
          <ns3:TrackPointExtension>
            <ns3:hr>116</ns3:hr>
          </ns3:TrackPointExtension>
        </extensions>
      </trkpt>
      <trkpt lat="-2.758069932460784912109375" lon="-79.23069083131849765777587890625">
        <ele>4027</ele>
        <time>2026-08-27T19:37:51.000Z</time>
        <extensions>
          <ns3:TrackPointExtension>
            <ns3:hr>117</ns3:hr>
          </ns3:TrackPointExtension>
        </extensions>
      </trkpt>
      <trkpt lat="-2.75809013284742832183837890625" lon="-79.230744056403636932373046875">
        <ele>4028.39990234375</ele>
        <time>2026-08-27T19:37:58.000Z</time>
        <extensions>
          <ns3:TrackPointExtension>
            <ns3:hr>114</ns3:hr>
          </ns3:TrackPointExtension>
        </extensions>
      </trkpt>
      <trkpt lat="-2.75809683836996555328369140625" lon="-79.2307730577886104583740234375">
        <ele>4029.199951171875</ele>
        <time>2026-08-27T19:38:02.000Z</time>
        <extensions>
          <ns3:TrackPointExtension>
            <ns3:hr>116</ns3:hr>
          </ns3:TrackPointExtension>
        </extensions>
      </trkpt>
      <trkpt lat="-2.75813162326812744140625" lon="-79.23089518211781978607177734375">
        <ele>4031.199951171875</ele>
        <time>2026-08-27T19:38:16.000Z</time>
        <extensions>
          <ns3:TrackPointExtension>
            <ns3:hr>115</ns3:hr>
          </ns3:TrackPointExtension>
        </extensions>
      </trkpt>
      <trkpt lat="-2.75814880616962909698486328125" lon="-79.2309551127254962921142578125">
        <ele>4032.199951171875</ele>
        <time>2026-08-27T19:38:24.000Z</time>
        <extensions>
          <ns3:TrackPointExtension>
            <ns3:hr>115</ns3:hr>
          </ns3:TrackPointExtension>
        </extensions>
      </trkpt>
      <trkpt lat="-2.758147381246089935302734375" lon="-79.23101252876222133636474609375">
        <ele>4034</ele>
        <time>2026-08-27T19:38:34.000Z</time>
        <extensions>
          <ns3:TrackPointExtension>
            <ns3:hr>115</ns3:hr>
          </ns3:TrackPointExtension>
        </extensions>
      </trkpt>
      <trkpt lat="-2.75814578868448734283447265625" lon="-79.23101998865604400634765625">
        <ele>4034.39990234375</ele>
        <time>2026-08-27T19:38:39.000Z</time>
        <extensions>
          <ns3:TrackPointExtension>
            <ns3:hr>112</ns3:hr>
          </ns3:TrackPointExtension>
        </extensions>
      </trkpt>
      <trkpt lat="-2.7581485547125339508056640625" lon="-79.2310339026153087615966796875">
        <ele>4034.60009765625</ele>
        <time>2026-08-27T19:38:42.000Z</time>
        <extensions>
          <ns3:TrackPointExtension>
            <ns3:hr>110</ns3:hr>
          </ns3:TrackPointExtension>
        </extensions>
      </trkpt>
      <trkpt lat="-2.75816389359533786773681640625" lon="-79.23108411021530628204345703125">
        <ele>4035</ele>
        <time>2026-08-27T19:38:49.000Z</time>
        <extensions>
          <ns3:TrackPointExtension>
            <ns3:hr>112</ns3:hr>
          </ns3:TrackPointExtension>
        </extensions>
      </trkpt>
      <trkpt lat="-2.75819825939834117889404296875" lon="-79.231117554008960723876953125">
        <ele>4034</ele>
        <time>2026-08-27T19:38:56.000Z</time>
        <extensions>
          <ns3:TrackPointExtension>
            <ns3:hr>114</ns3:hr>
          </ns3:TrackPointExtension>
        </extensions>
      </trkpt>
      <trkpt lat="-2.7582105807960033416748046875" lon="-79.23113104887306690216064453125">
        <ele>4033.60009765625</ele>
        <time>2026-08-27T19:38:58.000Z</time>
        <extensions>
          <ns3:TrackPointExtension>
            <ns3:hr>117</ns3:hr>
          </ns3:TrackPointExtension>
        </extensions>
      </trkpt>
      <trkpt lat="-2.75822617113590240478515625" lon="-79.23113959841430187225341796875">
        <ele>4032.800048828125</ele>
        <time>2026-08-27T19:39:00.000Z</time>
        <extensions>
          <ns3:TrackPointExtension>
            <ns3:hr>120</ns3:hr>
          </ns3:TrackPointExtension>
        </extensions>
      </trkpt>
      <trkpt lat="-2.75823891162872314453125" lon="-79.2311492376029491424560546875">
        <ele>4032.39990234375</ele>
        <time>2026-08-27T19:39:02.000Z</time>
        <extensions>
          <ns3:TrackPointExtension>
            <ns3:hr>122</ns3:hr>
          </ns3:TrackPointExtension>
        </extensions>
      </trkpt>
      <trkpt lat="-2.7582595311105251312255859375" lon="-79.23119190149009227752685546875">
        <ele>4032.199951171875</ele>
        <time>2026-08-27T19:39:11.000Z</time>
        <extensions>
          <ns3:TrackPointExtension>
            <ns3:hr>123</ns3:hr>
          </ns3:TrackPointExtension>
        </extensions>
      </trkpt>
      <trkpt lat="-2.7582400850951671600341796875" lon="-79.23122207634150981903076171875">
        <ele>4034</ele>
        <time>2026-08-27T19:39:18.000Z</time>
        <extensions>
          <ns3:TrackPointExtension>
            <ns3:hr>122</ns3:hr>
          </ns3:TrackPointExtension>
        </extensions>
      </trkpt>
      <trkpt lat="-2.75821401737630367279052734375" lon="-79.2312406003475189208984375">
        <ele>4035.800048828125</ele>
        <time>2026-08-27T19:39:24.000Z</time>
        <extensions>
          <ns3:TrackPointExtension>
            <ns3:hr>118</ns3:hr>
          </ns3:TrackPointExtension>
        </extensions>
      </trkpt>
      <trkpt lat="-2.758203707635402679443359375" lon="-79.2312639020383358001708984375">
        <ele>4036.800048828125</ele>
        <time>2026-08-27T19:39:28.000Z</time>
        <extensions>
          <ns3:TrackPointExtension>
            <ns3:hr>120</ns3:hr>
          </ns3:TrackPointExtension>
        </extensions>
      </trkpt>
      <trkpt lat="-2.75818585418164730072021484375" lon="-79.231297262012958526611328125">
        <ele>4038.39990234375</ele>
        <time>2026-08-27T19:39:35.000Z</time>
        <extensions>
          <ns3:TrackPointExtension>
            <ns3:hr>123</ns3:hr>
          </ns3:TrackPointExtension>
        </extensions>
      </trkpt>
      <trkpt lat="-2.7581907995045185089111328125" lon="-79.23130187205970287322998046875">
        <ele>4038.39990234375</ele>
        <time>2026-08-27T19:39:36.000Z</time>
        <extensions>
          <ns3:TrackPointExtension>
            <ns3:hr>123</ns3:hr>
          </ns3:TrackPointExtension>
        </extensions>
      </trkpt>
      <trkpt lat="-2.75821384973824024200439453125" lon="-79.2313249222934246063232421875">
        <ele>4037.60009765625</ele>
        <time>2026-08-27T19:39:42.000Z</time>
        <extensions>
          <ns3:TrackPointExtension>
            <ns3:hr>126</ns3:hr>
          </ns3:TrackPointExtension>
        </extensions>
      </trkpt>
      <trkpt lat="-2.758201025426387786865234375" lon="-79.23133380711078643798828125">
        <ele>4038.60009765625</ele>
        <time>2026-08-27T19:39:44.000Z</time>
        <extensions>
          <ns3:TrackPointExtension>
            <ns3:hr>126</ns3:hr>
          </ns3:TrackPointExtension>
        </extensions>
      </trkpt>
      <trkpt lat="-2.7582223154604434967041015625" lon="-79.2313886247575283050537109375">
        <ele>4038.800048828125</ele>
        <time>2026-08-27T19:39:52.000Z</time>
        <extensions>
          <ns3:TrackPointExtension>
            <ns3:hr>122</ns3:hr>
          </ns3:TrackPointExtension>
        </extensions>
      </trkpt>
      <trkpt lat="-2.7582387439906597137451171875" lon="-79.231434054672718048095703125">
        <ele>4039</ele>
        <time>2026-08-27T19:40:00.000Z</time>
        <extensions>
          <ns3:TrackPointExtension>
            <ns3:hr>119</ns3:hr>
          </ns3:TrackPointExtension>
        </extensions>
      </trkpt>
      <trkpt lat="-2.75823715142905712127685546875" lon="-79.23143933527171611785888671875">
        <ele>4039.199951171875</ele>
        <time>2026-08-27T19:40:01.000Z</time>
        <extensions>
          <ns3:TrackPointExtension>
            <ns3:hr>120</ns3:hr>
          </ns3:TrackPointExtension>
        </extensions>
      </trkpt>
      <trkpt lat="-2.758230529725551605224609375" lon="-79.23149666748940944671630859375">
        <ele>4041.39990234375</ele>
        <time>2026-08-27T19:40:10.000Z</time>
        <extensions>
          <ns3:TrackPointExtension>
            <ns3:hr>123</ns3:hr>
          </ns3:TrackPointExtension>
        </extensions>
      </trkpt>
      <trkpt lat="-2.75821544229984283447265625" lon="-79.23153287731111049652099609375">
        <ele>4043.199951171875</ele>
        <time>2026-08-27T19:40:16.000Z</time>
        <extensions>
          <ns3:TrackPointExtension>
            <ns3:hr>126</ns3:hr>
          </ns3:TrackPointExtension>
        </extensions>
      </trkpt>
      <trkpt lat="-2.7582300268113613128662109375" lon="-79.23157126642763614654541015625">
        <ele>4043.39990234375</ele>
        <time>2026-08-27T19:40:20.000Z</time>
        <extensions>
          <ns3:TrackPointExtension>
            <ns3:hr>126</ns3:hr>
          </ns3:TrackPointExtension>
        </extensions>
      </trkpt>
      <trkpt lat="-2.75824134238064289093017578125" lon="-79.2316105775535106658935546875">
        <ele>4044</ele>
        <time>2026-08-27T19:40:25.000Z</time>
        <extensions>
          <ns3:TrackPointExtension>
            <ns3:hr>123</ns3:hr>
          </ns3:TrackPointExtension>
        </extensions>
      </trkpt>
      <trkpt lat="-2.758232541382312774658203125" lon="-79.2316390760242938995361328125">
        <ele>4045.199951171875</ele>
        <time>2026-08-27T19:40:29.000Z</time>
        <extensions>
          <ns3:TrackPointExtension>
            <ns3:hr>126</ns3:hr>
          </ns3:TrackPointExtension>
        </extensions>
      </trkpt>
      <trkpt lat="-2.75821083225309848785400390625" lon="-79.23170018009841442108154296875">
        <ele>4048</ele>
        <time>2026-08-27T19:40:39.000Z</time>
        <extensions>
          <ns3:TrackPointExtension>
            <ns3:hr>127</ns3:hr>
          </ns3:TrackPointExtension>
        </extensions>
      </trkpt>
      <trkpt lat="-2.75818325579166412353515625" lon="-79.23173756338655948638916015625">
        <ele>4049.60009765625</ele>
        <time>2026-08-27T19:40:45.000Z</time>
        <extensions>
          <ns3:TrackPointExtension>
            <ns3:hr>128</ns3:hr>
          </ns3:TrackPointExtension>
        </extensions>
      </trkpt>
      <trkpt lat="-2.75817596353590488433837890625" lon="-79.231773354113101959228515625">
        <ele>4050.60009765625</ele>
        <time>2026-08-27T19:40:49.000Z</time>
        <extensions>
          <ns3:TrackPointExtension>
            <ns3:hr>125</ns3:hr>
          </ns3:TrackPointExtension>
        </extensions>
      </trkpt>
      <trkpt lat="-2.7581758797168731689453125" lon="-79.2317876033484935760498046875">
        <ele>4050.800048828125</ele>
        <time>2026-08-27T19:40:51.000Z</time>
        <extensions>
          <ns3:TrackPointExtension>
            <ns3:hr>121</ns3:hr>
          </ns3:TrackPointExtension>
        </extensions>
      </trkpt>
      <trkpt lat="-2.75817495770752429962158203125" lon="-79.231803528964519500732421875">
        <ele>4051</ele>
        <time>2026-08-27T19:40:53.000Z</time>
        <extensions>
          <ns3:TrackPointExtension>
            <ns3:hr>123</ns3:hr>
          </ns3:TrackPointExtension>
        </extensions>
      </trkpt>
      <trkpt lat="-2.75816422887146472930908203125" lon="-79.231831692159175872802734375">
        <ele>4051.800048828125</ele>
        <time>2026-08-27T19:40:57.000Z</time>
        <extensions>
          <ns3:TrackPointExtension>
            <ns3:hr>126</ns3:hr>
          </ns3:TrackPointExtension>
        </extensions>
      </trkpt>
      <trkpt lat="-2.75815316475927829742431640625" lon="-79.2318707518279552459716796875">
        <ele>4053</ele>
        <time>2026-08-27T19:41:03.000Z</time>
        <extensions>
          <ns3:TrackPointExtension>
            <ns3:hr>128</ns3:hr>
          </ns3:TrackPointExtension>
        </extensions>
      </trkpt>
      <trkpt lat="-2.758156768977642059326171875" lon="-79.2318789660930633544921875">
        <ele>4053</ele>
        <time>2026-08-27T19:41:04.000Z</time>
        <extensions>
          <ns3:TrackPointExtension>
            <ns3:hr>131</ns3:hr>
          </ns3:TrackPointExtension>
        </extensions>
      </trkpt>
      <trkpt lat="-2.7581799030303955078125" lon="-79.23193722032010555267333984375">
        <ele>4054.199951171875</ele>
        <time>2026-08-27T19:41:11.000Z</time>
        <extensions>
          <ns3:TrackPointExtension>
            <ns3:hr>130</ns3:hr>
          </ns3:TrackPointExtension>
        </extensions>
      </trkpt>
      <trkpt lat="-2.7581807412207126617431640625" lon="-79.2319461889564990997314453125">
        <ele>4054.39990234375</ele>
        <time>2026-08-27T19:41:12.000Z</time>
        <extensions>
          <ns3:TrackPointExtension>
            <ns3:hr>126</ns3:hr>
          </ns3:TrackPointExtension>
        </extensions>
      </trkpt>
      <trkpt lat="-2.758201695978641510009765625" lon="-79.2320139147341251373291015625">
        <ele>4056</ele>
        <time>2026-08-27T19:41:21.000Z</time>
        <extensions>
          <ns3:TrackPointExtension>
            <ns3:hr>125</ns3:hr>
          </ns3:TrackPointExtension>
        </extensions>
      </trkpt>
      <trkpt lat="-2.75823379866778850555419921875" lon="-79.232101254165172576904296875">
        <ele>4057.800048828125</ele>
        <time>2026-08-27T19:41:29.000Z</time>
        <extensions>
          <ns3:TrackPointExtension>
            <ns3:hr>122</ns3:hr>
          </ns3:TrackPointExtension>
        </extensions>
      </trkpt>
      <trkpt lat="-2.75824092328548431396484375" lon="-79.23211893998086452484130859375">
        <ele>4058</ele>
        <time>2026-08-27T19:41:31.000Z</time>
        <extensions>
          <ns3:TrackPointExtension>
            <ns3:hr>122</ns3:hr>
          </ns3:TrackPointExtension>
        </extensions>
      </trkpt>
      <trkpt lat="-2.7582402527332305908203125" lon="-79.23212329857051372528076171875">
        <ele>4058.199951171875</ele>
        <time>2026-08-27T19:41:32.000Z</time>
        <extensions>
          <ns3:TrackPointExtension>
            <ns3:hr>117</ns3:hr>
          </ns3:TrackPointExtension>
        </extensions>
      </trkpt>
      <trkpt lat="-2.7582357265055179595947265625" lon="-79.23212916590273380279541015625">
        <ele>4058.60009765625</ele>
        <time>2026-08-27T19:41:33.000Z</time>
        <extensions>
          <ns3:TrackPointExtension>
            <ns3:hr>121</ns3:hr>
          </ns3:TrackPointExtension>
        </extensions>
      </trkpt>
      <trkpt lat="-2.758251987397670745849609375" lon="-79.23216789029538631439208984375">
        <ele>4059.60009765625</ele>
        <time>2026-08-27T19:41:37.000Z</time>
        <extensions>
          <ns3:TrackPointExtension>
            <ns3:hr>124</ns3:hr>
          </ns3:TrackPointExtension>
        </extensions>
      </trkpt>
      <trkpt lat="-2.7582524903118610382080078125" lon="-79.23217736184597015380859375">
        <ele>4060</ele>
        <time>2026-08-27T19:41:38.000Z</time>
        <extensions>
          <ns3:TrackPointExtension>
            <ns3:hr>124</ns3:hr>
          </ns3:TrackPointExtension>
        </extensions>
      </trkpt>
      <trkpt lat="-2.75825425051152706146240234375" lon="-79.232201837003231048583984375">
        <ele>4061</ele>
        <time>2026-08-27T19:41:41.000Z</time>
        <extensions>
          <ns3:TrackPointExtension>
            <ns3:hr>119</ns3:hr>
          </ns3:TrackPointExtension>
        </extensions>
      </trkpt>
      <trkpt lat="-2.7582590281963348388671875" lon="-79.23221834935247898101806640625">
        <ele>4061.60009765625</ele>
        <time>2026-08-27T19:41:43.000Z</time>
        <extensions>
          <ns3:TrackPointExtension>
            <ns3:hr>115</ns3:hr>
          </ns3:TrackPointExtension>
        </extensions>
      </trkpt>
      <trkpt lat="-2.7582655660808086395263671875" lon="-79.2322328500449657440185546875">
        <ele>4062</ele>
        <time>2026-08-27T19:41:45.000Z</time>
        <extensions>
          <ns3:TrackPointExtension>
            <ns3:hr>118</ns3:hr>
          </ns3:TrackPointExtension>
        </extensions>
      </trkpt>
      <trkpt lat="-2.75827336125075817108154296875" lon="-79.2322496138513088226318359375">
        <ele>4062.39990234375</ele>
        <time>2026-08-27T19:41:47.000Z</time>
        <extensions>
          <ns3:TrackPointExtension>
            <ns3:hr>115</ns3:hr>
          </ns3:TrackPointExtension>
        </extensions>
      </trkpt>
      <trkpt lat="-2.75829129852354526519775390625" lon="-79.23227383755147457122802734375">
        <ele>4062.800048828125</ele>
        <time>2026-08-27T19:41:50.000Z</time>
        <extensions>
          <ns3:TrackPointExtension>
            <ns3:hr>114</ns3:hr>
          </ns3:TrackPointExtension>
        </extensions>
      </trkpt>
      <trkpt lat="-2.75830856524407863616943359375" lon="-79.23229630105197429656982421875">
        <ele>4063.199951171875</ele>
        <time>2026-08-27T19:41:53.000Z</time>
        <extensions>
          <ns3:TrackPointExtension>
            <ns3:hr>117</ns3:hr>
          </ns3:TrackPointExtension>
        </extensions>
      </trkpt>
      <trkpt lat="-2.7583574317395687103271484375" lon="-79.232322871685028076171875">
        <ele>4062.199951171875</ele>
        <time>2026-08-27T19:41:59.000Z</time>
        <extensions>
          <ns3:TrackPointExtension>
            <ns3:hr>118</ns3:hr>
          </ns3:TrackPointExtension>
        </extensions>
      </trkpt>
      <trkpt lat="-2.75836220942437648773193359375" lon="-79.232329241931438446044921875">
        <ele>4062.39990234375</ele>
        <time>2026-08-27T19:42:00.000Z</time>
        <extensions>
          <ns3:TrackPointExtension>
            <ns3:hr>116</ns3:hr>
          </ns3:TrackPointExtension>
        </extensions>
      </trkpt>
      <trkpt lat="-2.7584090642631053924560546875" lon="-79.2323495261371135711669921875">
        <ele>4061.39990234375</ele>
        <time>2026-08-27T19:42:06.000Z</time>
        <extensions>
          <ns3:TrackPointExtension>
            <ns3:hr>117</ns3:hr>
          </ns3:TrackPointExtension>
        </extensions>
      </trkpt>
      <trkpt lat="-2.758426330983638763427734375" lon="-79.23236251808702945709228515625">
        <ele>4061.39990234375</ele>
        <time>2026-08-27T19:42:08.000Z</time>
        <extensions>
          <ns3:TrackPointExtension>
            <ns3:hr>115</ns3:hr>
          </ns3:TrackPointExtension>
        </extensions>
      </trkpt>
      <trkpt lat="-2.7584684081375598907470703125" lon="-79.2323911003768444061279296875">
        <ele>4061.39990234375</ele>
        <time>2026-08-27T19:42:14.000Z</time>
        <extensions>
          <ns3:TrackPointExtension>
            <ns3:hr>115</ns3:hr>
          </ns3:TrackPointExtension>
        </extensions>
      </trkpt>
      <trkpt lat="-2.7585113234817981719970703125" lon="-79.23240937292575836181640625">
        <ele>4060.800048828125</ele>
        <time>2026-08-27T19:42:21.000Z</time>
        <extensions>
          <ns3:TrackPointExtension>
            <ns3:hr>114</ns3:hr>
          </ns3:TrackPointExtension>
        </extensions>
      </trkpt>
      <trkpt lat="-2.75853236205875873565673828125" lon="-79.23242554999887943267822265625">
        <ele>4060.800048828125</ele>
        <time>2026-08-27T19:42:28.000Z</time>
        <extensions>
          <ns3:TrackPointExtension>
            <ns3:hr>114</ns3:hr>
          </ns3:TrackPointExtension>
        </extensions>
      </trkpt>
      <trkpt lat="-2.75852867402136325836181640625" lon="-79.2324259690940380096435546875">
        <ele>4061</ele>
        <time>2026-08-27T19:42:39.000Z</time>
        <extensions>
          <ns3:TrackPointExtension>
            <ns3:hr>112</ns3:hr>
          </ns3:TrackPointExtension>
        </extensions>
      </trkpt>
      <trkpt lat="-2.75852733291685581207275390625" lon="-79.232427813112735748291015625">
        <ele>4061.199951171875</ele>
        <time>2026-08-27T19:42:52.000Z</time>
        <extensions>
          <ns3:TrackPointExtension>
            <ns3:hr>109</ns3:hr>
          </ns3:TrackPointExtension>
        </extensions>
      </trkpt>
      <trkpt lat="-2.75850671343505382537841796875" lon="-79.2324836365878582000732421875">
        <ele>4064.199951171875</ele>
        <time>2026-08-27T19:43:22.000Z</time>
        <extensions>
          <ns3:TrackPointExtension>
            <ns3:hr>115</ns3:hr>
          </ns3:TrackPointExtension>
        </extensions>
      </trkpt>
      <trkpt lat="-2.7585062943398952484130859375" lon="-79.2324843071401119232177734375">
        <ele>4064.199951171875</ele>
        <time>2026-08-27T19:43:23.000Z</time>
        <extensions>
          <ns3:TrackPointExtension>
            <ns3:hr>115</ns3:hr>
          </ns3:TrackPointExtension>
        </extensions>
      </trkpt>
      <trkpt lat="-2.758506126701831817626953125" lon="-79.23248522914946079254150390625">
        <ele>4064.199951171875</ele>
        <time>2026-08-27T19:43:24.000Z</time>
        <extensions>
          <ns3:TrackPointExtension>
            <ns3:hr>118</ns3:hr>
          </ns3:TrackPointExtension>
        </extensions>
      </trkpt>
      <trkpt lat="-2.7584803104400634765625" lon="-79.23252378590404987335205078125">
        <ele>4066.60009765625</ele>
        <time>2026-08-27T19:43:44.000Z</time>
        <extensions>
          <ns3:TrackPointExtension>
            <ns3:hr>115</ns3:hr>
          </ns3:TrackPointExtension>
        </extensions>
      </trkpt>
      <trkpt lat="-2.75845156051218509674072265625" lon="-79.232524372637271881103515625">
        <ele>4067.199951171875</ele>
        <time>2026-08-27T19:43:50.000Z</time>
        <extensions>
          <ns3:TrackPointExtension>
            <ns3:hr>112</ns3:hr>
          </ns3:TrackPointExtension>
        </extensions>
      </trkpt>
      <trkpt lat="-2.7584060467779636383056640625" lon="-79.2325255461037158966064453125">
        <ele>4068.199951171875</ele>
        <time>2026-08-27T19:44:05.000Z</time>
        <extensions>
          <ns3:TrackPointExtension>
            <ns3:hr>115</ns3:hr>
          </ns3:TrackPointExtension>
        </extensions>
      </trkpt>
      <trkpt lat="-2.75839841924607753753662109375" lon="-79.2325299046933650970458984375">
        <ele>4068.60009765625</ele>
        <time>2026-08-27T19:44:07.000Z</time>
        <extensions>
          <ns3:TrackPointExtension>
            <ns3:hr>119</ns3:hr>
          </ns3:TrackPointExtension>
        </extensions>
      </trkpt>
      <trkpt lat="-2.75839121080935001373291015625" lon="-79.23257701098918914794921875">
        <ele>4070.39990234375</ele>
        <time>2026-08-27T19:44:18.000Z</time>
        <extensions>
          <ns3:TrackPointExtension>
            <ns3:hr>122</ns3:hr>
          </ns3:TrackPointExtension>
        </extensions>
      </trkpt>
      <trkpt lat="-2.75839121080935001373291015625" lon="-79.23258841037750244140625">
        <ele>4070.800048828125</ele>
        <time>2026-08-27T19:44:20.000Z</time>
        <extensions>
          <ns3:TrackPointExtension>
            <ns3:hr>125</ns3:hr>
          </ns3:TrackPointExtension>
        </extensions>
      </trkpt>
      <trkpt lat="-2.75839137844741344451904296875" lon="-79.23264532350003719329833984375">
        <ele>4072.60009765625</ele>
        <time>2026-08-27T19:44:29.000Z</time>
        <extensions>
          <ns3:TrackPointExtension>
            <ns3:hr>122</ns3:hr>
          </ns3:TrackPointExtension>
        </extensions>
      </trkpt>
      <trkpt lat="-2.75839204899966716766357421875" lon="-79.2326532863080501556396484375">
        <ele>4072.800048828125</ele>
        <time>2026-08-27T19:44:33.000Z</time>
        <extensions>
          <ns3:TrackPointExtension>
            <ns3:hr>119</ns3:hr>
          </ns3:TrackPointExtension>
        </extensions>
      </trkpt>
      <trkpt lat="-2.75839825160801410675048828125" lon="-79.23265437595546245574951171875">
        <ele>4072.60009765625</ele>
        <time>2026-08-27T19:44:42.000Z</time>
        <extensions>
          <ns3:TrackPointExtension>
            <ns3:hr>116</ns3:hr>
          </ns3:TrackPointExtension>
        </extensions>
      </trkpt>
      <trkpt lat="-2.75840043090283870697021484375" lon="-79.2326541244983673095703125">
        <ele>4072.60009765625</ele>
        <time>2026-08-27T19:44:48.000Z</time>
        <extensions>
          <ns3:TrackPointExtension>
            <ns3:hr>113</ns3:hr>
          </ns3:TrackPointExtension>
        </extensions>
      </trkpt>
      <trkpt lat="-2.75839942507445812225341796875" lon="-79.23262855969369411468505859375">
        <ele>4071.800048828125</ele>
        <time>2026-08-27T19:45:22.000Z</time>
        <extensions>
          <ns3:TrackPointExtension>
            <ns3:hr>110</ns3:hr>
          </ns3:TrackPointExtension>
        </extensions>
      </trkpt>
      <trkpt lat="-2.7583986707031726837158203125" lon="-79.2326288111507892608642578125">
        <ele>4071.800048828125</ele>
        <time>2026-08-27T19:45:37.000Z</time>
        <extensions>
          <ns3:TrackPointExtension>
            <ns3:hr>107</ns3:hr>
          </ns3:TrackPointExtension>
        </extensions>
      </trkpt>
      <trkpt lat="-2.7584011852741241455078125" lon="-79.232627637684345245361328125">
        <ele>4071.60009765625</ele>
        <time>2026-08-27T19:46:45.000Z</time>
        <extensions>
          <ns3:TrackPointExtension>
            <ns3:hr>104</ns3:hr>
          </ns3:TrackPointExtension>
        </extensions>
      </trkpt>
      <trkpt lat="-2.7584010176360607147216796875" lon="-79.2326271347701549530029296875">
        <ele>4071.60009765625</ele>
        <time>2026-08-27T19:46:53.000Z</time>
        <extensions>
          <ns3:TrackPointExtension>
            <ns3:hr>108</ns3:hr>
          </ns3:TrackPointExtension>
        </extensions>
      </trkpt>
      <trkpt lat="-2.7584010176360607147216796875" lon="-79.232626967132091522216796875">
        <ele>4071.60009765625</ele>
        <time>2026-08-27T19:47:05.000Z</time>
        <extensions>
          <ns3:TrackPointExtension>
            <ns3:hr>105</ns3:hr>
          </ns3:TrackPointExtension>
        </extensions>
      </trkpt>
      <trkpt lat="-2.758400849997997283935546875" lon="-79.232626967132091522216796875">
        <ele>4071.60009765625</ele>
        <time>2026-08-27T19:47:11.000Z</time>
        <extensions>
          <ns3:TrackPointExtension>
            <ns3:hr>108</ns3:hr>
          </ns3:TrackPointExtension>
        </extensions>
      </trkpt>
      <trkpt lat="-2.75840009562671184539794921875" lon="-79.23262554220855236053466796875">
        <ele>4071.60009765625</ele>
        <time>2026-08-27T19:47:47.000Z</time>
        <extensions>
          <ns3:TrackPointExtension>
            <ns3:hr>111</ns3:hr>
          </ns3:TrackPointExtension>
        </extensions>
      </trkpt>
      <trkpt lat="-2.7584000118076801300048828125" lon="-79.2326254583895206451416015625">
        <ele>4071.60009765625</ele>
        <time>2026-08-27T19:47:48.000Z</time>
        <extensions>
          <ns3:TrackPointExtension>
            <ns3:hr>108</ns3:hr>
          </ns3:TrackPointExtension>
        </extensions>
      </trkpt>
      <trkpt lat="-2.75840043090283870697021484375" lon="-79.23262520693242549896240234375">
        <ele>4071.60009765625</ele>
        <time>2026-08-27T19:48:00.000Z</time>
        <extensions>
          <ns3:TrackPointExtension>
            <ns3:hr>105</ns3:hr>
          </ns3:TrackPointExtension>
        </extensions>
      </trkpt>
      <trkpt lat="-2.7584011852741241455078125" lon="-79.23262487165629863739013671875">
        <ele>4071.60009765625</ele>
        <time>2026-08-27T19:48:13.000Z</time>
        <extensions>
          <ns3:TrackPointExtension>
            <ns3:hr>101</ns3:hr>
          </ns3:TrackPointExtension>
        </extensions>
      </trkpt>
      <trkpt lat="-2.7584020234644412994384765625" lon="-79.23262453638017177581787109375">
        <ele>4071.60009765625</ele>
        <time>2026-08-27T19:48:36.000Z</time>
        <extensions>
          <ns3:TrackPointExtension>
            <ns3:hr>104</ns3:hr>
          </ns3:TrackPointExtension>
        </extensions>
      </trkpt>
      <trkpt lat="-2.75840177200734615325927734375" lon="-79.23262420110404491424560546875">
        <ele>4071.60009765625</ele>
        <time>2026-08-27T19:48:44.000Z</time>
        <extensions>
          <ns3:TrackPointExtension>
            <ns3:hr>108</ns3:hr>
          </ns3:TrackPointExtension>
        </extensions>
      </trkpt>
      <trkpt lat="-2.75840177200734615325927734375" lon="-79.23262403346598148345947265625">
        <ele>4071.60009765625</ele>
        <time>2026-08-27T19:48:48.000Z</time>
        <extensions>
          <ns3:TrackPointExtension>
            <ns3:hr>105</ns3:hr>
          </ns3:TrackPointExtension>
        </extensions>
      </trkpt>
      <trkpt lat="-2.75840193964540958404541015625" lon="-79.23262394964694976806640625">
        <ele>4071.60009765625</ele>
        <time>2026-08-27T19:48:54.000Z</time>
        <extensions>
          <ns3:TrackPointExtension>
            <ns3:hr>108</ns3:hr>
          </ns3:TrackPointExtension>
        </extensions>
      </trkpt>
      <trkpt lat="-2.7584030292928218841552734375" lon="-79.232623279094696044921875">
        <ele>4071.39990234375</ele>
        <time>2026-08-27T19:50:20.000Z</time>
        <extensions>
          <ns3:TrackPointExtension>
            <ns3:hr>104</ns3:hr>
          </ns3:TrackPointExtension>
        </extensions>
      </trkpt>
      <trkpt lat="-2.7584030292928218841552734375" lon="-79.232623279094696044921875">
        <ele>4071.39990234375</ele>
        <time>2026-08-27T19:50:21.000Z</time>
        <extensions>
          <ns3:TrackPointExtension>
            <ns3:hr>107</ns3:hr>
          </ns3:TrackPointExtension>
        </extensions>
      </trkpt>
      <trkpt lat="-2.7584023587405681610107421875" lon="-79.23262336291372776031494140625">
        <ele>4071.60009765625</ele>
        <time>2026-08-27T19:50:31.000Z</time>
        <extensions>
          <ns3:TrackPointExtension>
            <ns3:hr>104</ns3:hr>
          </ns3:TrackPointExtension>
        </extensions>
      </trkpt>
      <trkpt lat="-2.7584020234644412994384765625" lon="-79.2326231114566326141357421875">
        <ele>4071.60009765625</ele>
        <time>2026-08-27T19:51:01.000Z</time>
        <extensions>
          <ns3:TrackPointExtension>
            <ns3:hr>101</ns3:hr>
          </ns3:TrackPointExtension>
        </extensions>
      </trkpt>
      <trkpt lat="-2.75840143673121929168701171875" lon="-79.23262260854244232177734375">
        <ele>4071.60009765625</ele>
        <time>2026-08-27T19:51:34.000Z</time>
        <extensions>
          <ns3:TrackPointExtension>
            <ns3:hr>98</ns3:hr>
          </ns3:TrackPointExtension>
        </extensions>
      </trkpt>
      <trkpt lat="-2.7584010176360607147216796875" lon="-79.23262260854244232177734375">
        <ele>4071.60009765625</ele>
        <time>2026-08-27T19:51:50.000Z</time>
        <extensions>
          <ns3:TrackPointExtension>
            <ns3:hr>101</ns3:hr>
          </ns3:TrackPointExtension>
        </extensions>
      </trkpt>
      <trkpt lat="-2.7584010176360607147216796875" lon="-79.23262269236147403717041015625">
        <ele>4071.60009765625</ele>
        <time>2026-08-27T19:51:56.000Z</time>
        <extensions>
          <ns3:TrackPointExtension>
            <ns3:hr>104</ns3:hr>
          </ns3:TrackPointExtension>
        </extensions>
      </trkpt>
      <trkpt lat="-2.7584003470838069915771484375" lon="-79.232622273266315460205078125">
        <ele>4071.60009765625</ele>
        <time>2026-08-27T19:52:43.000Z</time>
        <extensions>
          <ns3:TrackPointExtension>
            <ns3:hr>107</ns3:hr>
          </ns3:TrackPointExtension>
        </extensions>
      </trkpt>
      <trkpt lat="-2.75840026326477527618408203125" lon="-79.23262235708534717559814453125">
        <ele>4071.60009765625</ele>
        <time>2026-08-27T19:52:45.000Z</time>
        <extensions>
          <ns3:TrackPointExtension>
            <ns3:hr>101</ns3:hr>
          </ns3:TrackPointExtension>
        </extensions>
      </trkpt>
      <trkpt lat="-2.7584003470838069915771484375" lon="-79.2326224409043788909912109375">
        <ele>4071.60009765625</ele>
        <time>2026-08-27T19:52:52.000Z</time>
        <extensions>
          <ns3:TrackPointExtension>
            <ns3:hr>98</ns3:hr>
          </ns3:TrackPointExtension>
        </extensions>
      </trkpt>
      <trkpt lat="-2.75840051472187042236328125" lon="-79.232622273266315460205078125">
        <ele>4071.60009765625</ele>
        <time>2026-08-27T19:53:04.000Z</time>
        <extensions>
          <ns3:TrackPointExtension>
            <ns3:hr>101</ns3:hr>
          </ns3:TrackPointExtension>
        </extensions>
      </trkpt>
      <trkpt lat="-2.7584006823599338531494140625" lon="-79.23262218944728374481201171875">
        <ele>4071.60009765625</ele>
        <time>2026-08-27T19:53:24.000Z</time>
        <extensions>
          <ns3:TrackPointExtension>
            <ns3:hr>98</ns3:hr>
          </ns3:TrackPointExtension>
        </extensions>
      </trkpt>
      <trkpt lat="-2.75840093381702899932861328125" lon="-79.23262218944728374481201171875">
        <ele>4071.60009765625</ele>
        <time>2026-08-27T19:53:30.000Z</time>
        <extensions>
          <ns3:TrackPointExtension>
            <ns3:hr>101</ns3:hr>
          </ns3:TrackPointExtension>
        </extensions>
      </trkpt>
      <trkpt lat="-2.7584010176360607147216796875" lon="-79.232622273266315460205078125">
        <ele>4071.60009765625</ele>
        <time>2026-08-27T19:53:41.000Z</time>
        <extensions>
          <ns3:TrackPointExtension>
            <ns3:hr>98</ns3:hr>
          </ns3:TrackPointExtension>
        </extensions>
      </trkpt>
      <trkpt lat="-2.7584010176360607147216796875" lon="-79.232622273266315460205078125">
        <ele>4071.60009765625</ele>
        <time>2026-08-27T19:53:42.000Z</time>
        <extensions>
          <ns3:TrackPointExtension>
            <ns3:hr>101</ns3:hr>
          </ns3:TrackPointExtension>
        </extensions>
      </trkpt>
      <trkpt lat="-2.7584010176360607147216796875" lon="-79.232622273266315460205078125">
        <ele>4071.60009765625</ele>
        <time>2026-08-27T19:53:47.000Z</time>
        <extensions>
          <ns3:TrackPointExtension>
            <ns3:hr>98</ns3:hr>
          </ns3:TrackPointExtension>
        </extensions>
      </trkpt>
      <trkpt lat="-2.7584010176360607147216796875" lon="-79.23262218944728374481201171875">
        <ele>4071.60009765625</ele>
        <time>2026-08-27T19:53:48.000Z</time>
        <extensions>
          <ns3:TrackPointExtension>
            <ns3:hr>101</ns3:hr>
          </ns3:TrackPointExtension>
        </extensions>
      </trkpt>
      <trkpt lat="-2.75840160436928272247314453125" lon="-79.2326224409043788909912109375">
        <ele>4071.39990234375</ele>
        <time>2026-08-27T19:53:57.000Z</time>
        <extensions>
          <ns3:TrackPointExtension>
            <ns3:hr>97</ns3:hr>
          </ns3:TrackPointExtension>
        </extensions>
      </trkpt>
      <trkpt lat="-2.7584020234644412994384765625" lon="-79.23262252472341060638427734375">
        <ele>4071.39990234375</ele>
        <time>2026-08-27T19:54:04.000Z</time>
        <extensions>
          <ns3:TrackPointExtension>
            <ns3:hr>100</ns3:hr>
          </ns3:TrackPointExtension>
        </extensions>
      </trkpt>
      <trkpt lat="-2.75840261019766330718994140625" lon="-79.232622943818569183349609375">
        <ele>4071.39990234375</ele>
        <time>2026-08-27T19:54:13.000Z</time>
        <extensions>
          <ns3:TrackPointExtension>
            <ns3:hr>103</ns3:hr>
          </ns3:TrackPointExtension>
        </extensions>
      </trkpt>
      <trkpt lat="-2.75840261019766330718994140625" lon="-79.23262285999953746795654296875">
        <ele>4071.39990234375</ele>
        <time>2026-08-27T19:54:14.000Z</time>
        <extensions>
          <ns3:TrackPointExtension>
            <ns3:hr>100</ns3:hr>
          </ns3:TrackPointExtension>
        </extensions>
      </trkpt>
      <trkpt lat="-2.7584023587405681610107421875" lon="-79.23262252472341060638427734375">
        <ele>4071.39990234375</ele>
        <time>2026-08-27T19:54:55.000Z</time>
        <extensions>
          <ns3:TrackPointExtension>
            <ns3:hr>103</ns3:hr>
          </ns3:TrackPointExtension>
        </extensions>
      </trkpt>
      <trkpt lat="-2.75840210728347301483154296875" lon="-79.232622273266315460205078125">
        <ele>4071.39990234375</ele>
        <time>2026-08-27T19:55:05.000Z</time>
        <extensions>
          <ns3:TrackPointExtension>
            <ns3:hr>100</ns3:hr>
          </ns3:TrackPointExtension>
        </extensions>
      </trkpt>
      <trkpt lat="-2.75840210728347301483154296875" lon="-79.232622273266315460205078125">
        <ele>4071.39990234375</ele>
        <time>2026-08-27T19:55:06.000Z</time>
        <extensions>
          <ns3:TrackPointExtension>
            <ns3:hr>104</ns3:hr>
          </ns3:TrackPointExtension>
        </extensions>
      </trkpt>
      <trkpt lat="-2.75840177200734615325927734375" lon="-79.23262218944728374481201171875">
        <ele>4071.39990234375</ele>
        <time>2026-08-27T19:55:47.000Z</time>
        <extensions>
          <ns3:TrackPointExtension>
            <ns3:hr>107</ns3:hr>
          </ns3:TrackPointExtension>
        </extensions>
      </trkpt>
      <trkpt lat="-2.75840177200734615325927734375" lon="-79.23262202180922031402587890625">
        <ele>4071.39990234375</ele>
        <time>2026-08-27T19:55:50.000Z</time>
        <extensions>
          <ns3:TrackPointExtension>
            <ns3:hr>110</ns3:hr>
          </ns3:TrackPointExtension>
        </extensions>
      </trkpt>
      <trkpt lat="-2.75840193964540958404541015625" lon="-79.2326221056282520294189453125">
        <ele>4071.39990234375</ele>
        <time>2026-08-27T19:56:18.000Z</time>
        <extensions>
          <ns3:TrackPointExtension>
            <ns3:hr>107</ns3:hr>
          </ns3:TrackPointExtension>
        </extensions>
      </trkpt>
      <trkpt lat="-2.75840177200734615325927734375" lon="-79.23262202180922031402587890625">
        <ele>4071.39990234375</ele>
        <time>2026-08-27T19:56:29.000Z</time>
        <extensions>
          <ns3:TrackPointExtension>
            <ns3:hr>104</ns3:hr>
          </ns3:TrackPointExtension>
        </extensions>
      </trkpt>
      <trkpt lat="-2.75840160436928272247314453125" lon="-79.2326221056282520294189453125">
        <ele>4071.39990234375</ele>
        <time>2026-08-27T19:56:45.000Z</time>
        <extensions>
          <ns3:TrackPointExtension>
            <ns3:hr>107</ns3:hr>
          </ns3:TrackPointExtension>
        </extensions>
      </trkpt>
      <trkpt lat="-2.7584016881883144378662109375" lon="-79.2326221056282520294189453125">
        <ele>4071.39990234375</ele>
        <time>2026-08-27T19:57:00.000Z</time>
        <extensions>
          <ns3:TrackPointExtension>
            <ns3:hr>104</ns3:hr>
          </ns3:TrackPointExtension>
        </extensions>
      </trkpt>
      <trkpt lat="-2.75840210728347301483154296875" lon="-79.23262252472341060638427734375">
        <ele>4071.39990234375</ele>
        <time>2026-08-27T19:57:05.000Z</time>
        <extensions>
          <ns3:TrackPointExtension>
            <ns3:hr>101</ns3:hr>
          </ns3:TrackPointExtension>
        </extensions>
      </trkpt>
      <trkpt lat="-2.75840227492153644561767578125" lon="-79.23262260854244232177734375">
        <ele>4071.39990234375</ele>
        <time>2026-08-27T19:57:12.000Z</time>
        <extensions>
          <ns3:TrackPointExtension>
            <ns3:hr>98</ns3:hr>
          </ns3:TrackPointExtension>
        </extensions>
      </trkpt>
      <trkpt lat="-2.7584020234644412994384765625" lon="-79.23262353055179119110107421875">
        <ele>4071.60009765625</ele>
        <time>2026-08-27T19:57:46.000Z</time>
        <extensions>
          <ns3:TrackPointExtension>
            <ns3:hr>101</ns3:hr>
          </ns3:TrackPointExtension>
        </extensions>
      </trkpt>
      <trkpt lat="-2.7584409154951572418212890625" lon="-79.23279426991939544677734375">
        <ele>4076.199951171875</ele>
        <time>2026-08-27T19:58:04.000Z</time>
        <extensions>
          <ns3:TrackPointExtension>
            <ns3:hr>100</ns3:hr>
          </ns3:TrackPointExtension>
        </extensions>
      </trkpt>
      <trkpt lat="-2.758481316268444061279296875" lon="-79.23290616832673549652099609375">
        <ele>4079</ele>
        <time>2026-08-27T19:58:12.000Z</time>
        <extensions>
          <ns3:TrackPointExtension>
            <ns3:hr>103</ns3:hr>
          </ns3:TrackPointExtension>
        </extensions>
      </trkpt>
      <trkpt lat="-2.7584935538470745086669921875" lon="-79.2329211719334125518798828125">
        <ele>4079.199951171875</ele>
        <time>2026-08-27T19:58:14.000Z</time>
        <extensions>
          <ns3:TrackPointExtension>
            <ns3:hr>104</ns3:hr>
          </ns3:TrackPointExtension>
        </extensions>
      </trkpt>
      <trkpt lat="-2.7585311047732830047607421875" lon="-79.2329800128936767578125">
        <ele>4080.199951171875</ele>
        <time>2026-08-27T19:58:23.000Z</time>
        <extensions>
          <ns3:TrackPointExtension>
            <ns3:hr>106</ns3:hr>
          </ns3:TrackPointExtension>
        </extensions>
      </trkpt>
      <trkpt lat="-2.75853722356259822845458984375" lon="-79.233026616275310516357421875">
        <ele>4080.800048828125</ele>
        <time>2026-08-27T19:58:30.000Z</time>
        <extensions>
          <ns3:TrackPointExtension>
            <ns3:hr>103</ns3:hr>
          </ns3:TrackPointExtension>
        </extensions>
      </trkpt>
      <trkpt lat="-2.75853873230516910552978515625" lon="-79.23303206451237201690673828125">
        <ele>4080.800048828125</ele>
        <time>2026-08-27T19:58:31.000Z</time>
        <extensions>
          <ns3:TrackPointExtension>
            <ns3:hr>104</ns3:hr>
          </ns3:TrackPointExtension>
        </extensions>
      </trkpt>
      <trkpt lat="-2.75854828767478466033935546875" lon="-79.233079589903354644775390625">
        <ele>4081.39990234375</ele>
        <time>2026-08-27T19:58:40.000Z</time>
        <extensions>
          <ns3:TrackPointExtension>
            <ns3:hr>106</ns3:hr>
          </ns3:TrackPointExtension>
        </extensions>
      </trkpt>
      <trkpt lat="-2.7585559152066707611083984375" lon="-79.2330874688923358917236328125">
        <ele>4081.199951171875</ele>
        <time>2026-08-27T19:58:42.000Z</time>
        <extensions>
          <ns3:TrackPointExtension>
            <ns3:hr>109</ns3:hr>
          </ns3:TrackPointExtension>
        </extensions>
      </trkpt>
      <trkpt lat="-2.75856144726276397705078125" lon="-79.23310062848031520843505859375">
        <ele>4081.39990234375</ele>
        <time>2026-08-27T19:58:46.000Z</time>
        <extensions>
          <ns3:TrackPointExtension>
            <ns3:hr>112</ns3:hr>
          </ns3:TrackPointExtension>
        </extensions>
      </trkpt>
      <trkpt lat="-2.758559100329875946044921875" lon="-79.233111105859279632568359375">
        <ele>4081.60009765625</ele>
        <time>2026-08-27T19:58:48.000Z</time>
        <extensions>
          <ns3:TrackPointExtension>
            <ns3:hr>114</ns3:hr>
          </ns3:TrackPointExtension>
        </extensions>
      </trkpt>
      <trkpt lat="-2.75856773369014263153076171875" lon="-79.2331344075500965118408203125">
        <ele>4081.60009765625</ele>
        <time>2026-08-27T19:58:53.000Z</time>
        <extensions>
          <ns3:TrackPointExtension>
            <ns3:hr>117</ns3:hr>
          </ns3:TrackPointExtension>
        </extensions>
      </trkpt>
      <trkpt lat="-2.758578546345233917236328125" lon="-79.23314563930034637451171875">
        <ele>4081.60009765625</ele>
        <time>2026-08-27T19:58:56.000Z</time>
        <extensions>
          <ns3:TrackPointExtension>
            <ns3:hr>118</ns3:hr>
          </ns3:TrackPointExtension>
        </extensions>
      </trkpt>
      <trkpt lat="-2.75858868844807147979736328125" lon="-79.23318528570234775543212890625">
        <ele>4082</ele>
        <time>2026-08-27T19:59:02.000Z</time>
        <extensions>
          <ns3:TrackPointExtension>
            <ns3:hr>115</ns3:hr>
          </ns3:TrackPointExtension>
        </extensions>
      </trkpt>
      <trkpt lat="-2.7586206234991550445556640625" lon="-79.23321529291570186614990234375">
        <ele>4081.800048828125</ele>
        <time>2026-08-27T19:59:08.000Z</time>
        <extensions>
          <ns3:TrackPointExtension>
            <ns3:hr>114</ns3:hr>
          </ns3:TrackPointExtension>
        </extensions>
      </trkpt>
      <trkpt lat="-2.75866362266242504119873046875" lon="-79.23320976085960865020751953125">
        <ele>4080.800048828125</ele>
        <time>2026-08-27T19:59:14.000Z</time>
        <extensions>
          <ns3:TrackPointExtension>
            <ns3:hr>111</ns3:hr>
          </ns3:TrackPointExtension>
        </extensions>
      </trkpt>
      <trkpt lat="-2.7586769498884677886962890625" lon="-79.2332028038799762725830078125">
        <ele>4080.39990234375</ele>
        <time>2026-08-27T19:59:16.000Z</time>
        <extensions>
          <ns3:TrackPointExtension>
            <ns3:hr>111</ns3:hr>
          </ns3:TrackPointExtension>
        </extensions>
      </trkpt>
      <trkpt lat="-2.7586829848587512969970703125" lon="-79.23319215886294841766357421875">
        <ele>4080</ele>
        <time>2026-08-27T19:59:23.000Z</time>
        <extensions>
          <ns3:TrackPointExtension>
            <ns3:hr>108</ns3:hr>
          </ns3:TrackPointExtension>
        </extensions>
      </trkpt>
      <trkpt lat="-2.75864593684673309326171875" lon="-79.23320590518414974212646484375">
        <ele>4081</ele>
        <time>2026-08-27T19:59:30.000Z</time>
        <extensions>
          <ns3:TrackPointExtension>
            <ns3:hr>105</ns3:hr>
          </ns3:TrackPointExtension>
        </extensions>
      </trkpt>
      <trkpt lat="-2.75863395072519779205322265625" lon="-79.23320020548999309539794921875">
        <ele>4081.199951171875</ele>
        <time>2026-08-27T19:59:32.000Z</time>
        <extensions>
          <ns3:TrackPointExtension>
            <ns3:hr>108</ns3:hr>
          </ns3:TrackPointExtension>
        </extensions>
      </trkpt>
      <trkpt lat="-2.75862070731818675994873046875" lon="-79.2332004569470882415771484375">
        <ele>4081.39990234375</ele>
        <time>2026-08-27T19:59:36.000Z</time>
        <extensions>
          <ns3:TrackPointExtension>
            <ns3:hr>112</ns3:hr>
          </ns3:TrackPointExtension>
        </extensions>
      </trkpt>
      <trkpt lat="-2.75862070731818675994873046875" lon="-79.2332004569470882415771484375">
        <ele>4081.39990234375</ele>
        <time>2026-08-27T19:59:38.000Z</time>
        <extensions>
          <ns3:TrackPointExtension>
            <ns3:hr>116</ns3:hr>
          </ns3:TrackPointExtension>
        </extensions>
      </trkpt>
      <trkpt lat="-2.75862070731818675994873046875" lon="-79.2332004569470882415771484375">
        <ele>4081.39990234375</ele>
        <time>2026-08-27T19:59:40.000Z</time>
        <extensions>
          <ns3:TrackPointExtension>
            <ns3:hr>120</ns3:hr>
          </ns3:TrackPointExtension>
        </extensions>
      </trkpt>
      <trkpt lat="-2.75862070731818675994873046875" lon="-79.2332004569470882415771484375">
        <ele>4081.39990234375</ele>
        <time>2026-08-27T19:59:42.000Z</time>
        <extensions>
          <ns3:TrackPointExtension>
            <ns3:hr>123</ns3:hr>
          </ns3:TrackPointExtension>
        </extensions>
      </trkpt>
      <trkpt lat="-2.758622132241725921630859375" lon="-79.2332004569470882415771484375">
        <ele>4081.39990234375</ele>
        <time>2026-08-27T19:59:49.000Z</time>
        <extensions>
          <ns3:TrackPointExtension>
            <ns3:hr>120</ns3:hr>
          </ns3:TrackPointExtension>
        </extensions>
      </trkpt>
      <trkpt lat="-2.758622132241725921630859375" lon="-79.23319601453840732574462890625">
        <ele>4081.39990234375</ele>
        <time>2026-08-27T19:59:55.000Z</time>
        <extensions>
          <ns3:TrackPointExtension>
            <ns3:hr>117</ns3:hr>
          </ns3:TrackPointExtension>
        </extensions>
      </trkpt>
      <trkpt lat="-2.75861500762403011322021484375" lon="-79.23325049690902233123779296875">
        <ele>4082.39990234375</ele>
        <time>2026-08-27T20:00:13.000Z</time>
        <extensions>
          <ns3:TrackPointExtension>
            <ns3:hr>114</ns3:hr>
          </ns3:TrackPointExtension>
        </extensions>
      </trkpt>
      <trkpt lat="-2.7586169354617595672607421875" lon="-79.23328218050301074981689453125">
        <ele>4082.800048828125</ele>
        <time>2026-08-27T20:00:15.000Z</time>
        <extensions>
          <ns3:TrackPointExtension>
            <ns3:hr>112</ns3:hr>
          </ns3:TrackPointExtension>
        </extensions>
      </trkpt>
      <trkpt lat="-2.7586028538644313812255859375" lon="-79.23336281441152095794677734375">
        <ele>4084.60009765625</ele>
        <time>2026-08-27T20:00:24.000Z</time>
        <extensions>
          <ns3:TrackPointExtension>
            <ns3:hr>111</ns3:hr>
          </ns3:TrackPointExtension>
        </extensions>
      </trkpt>
      <trkpt lat="-2.7586035244166851043701171875" lon="-79.23338192515075206756591796875">
        <ele>4085</ele>
        <time>2026-08-27T20:00:32.000Z</time>
        <extensions>
          <ns3:TrackPointExtension>
            <ns3:hr>108</ns3:hr>
          </ns3:TrackPointExtension>
        </extensions>
      </trkpt>
      <trkpt lat="-2.75860595516860485076904296875" lon="-79.2333761416375637054443359375">
        <ele>4084.800048828125</ele>
        <time>2026-08-27T20:00:34.000Z</time>
        <extensions>
          <ns3:TrackPointExtension>
            <ns3:hr>108</ns3:hr>
          </ns3:TrackPointExtension>
        </extensions>
      </trkpt>
      <trkpt lat="-2.75861400179564952850341796875" lon="-79.23340992070734500885009765625">
        <ele>4085.199951171875</ele>
        <time>2026-08-27T20:00:45.000Z</time>
        <extensions>
          <ns3:TrackPointExtension>
            <ns3:hr>108</ns3:hr>
          </ns3:TrackPointExtension>
        </extensions>
      </trkpt>
      <trkpt lat="-2.7586219646036624908447265625" lon="-79.23342970199882984161376953125">
        <ele>4085.39990234375</ele>
        <time>2026-08-27T20:00:47.000Z</time>
        <extensions>
          <ns3:TrackPointExtension>
            <ns3:hr>111</ns3:hr>
          </ns3:TrackPointExtension>
        </extensions>
      </trkpt>
      <trkpt lat="-2.7586264908313751220703125" lon="-79.23347781412303447723388671875">
        <ele>4086.199951171875</ele>
        <time>2026-08-27T20:00:53.000Z</time>
        <extensions>
          <ns3:TrackPointExtension>
            <ns3:hr>110</ns3:hr>
          </ns3:TrackPointExtension>
        </extensions>
      </trkpt>
      <trkpt lat="-2.7586236409842967987060546875" lon="-79.23352408222854137420654296875">
        <ele>4086.800048828125</ele>
        <time>2026-08-27T20:00:59.000Z</time>
        <extensions>
          <ns3:TrackPointExtension>
            <ns3:hr>107</ns3:hr>
          </ns3:TrackPointExtension>
        </extensions>
      </trkpt>
      <trkpt lat="-2.75862171314656734466552734375" lon="-79.233524836599826812744140625">
        <ele>4087</ele>
        <time>2026-08-27T20:01:01.000Z</time>
        <extensions>
          <ns3:TrackPointExtension>
            <ns3:hr>107</ns3:hr>
          </ns3:TrackPointExtension>
        </extensions>
      </trkpt>
      <trkpt lat="-2.75860964320600032806396484375" lon="-79.23354352824389934539794921875">
        <ele>4087.39990234375</ele>
        <time>2026-08-27T20:01:10.000Z</time>
        <extensions>
          <ns3:TrackPointExtension>
            <ns3:hr>105</ns3:hr>
          </ns3:TrackPointExtension>
        </extensions>
      </trkpt>
      <trkpt lat="-2.75856949388980865478515625" lon="-79.233562387526035308837890625">
        <ele>4088.60009765625</ele>
        <time>2026-08-27T20:01:18.000Z</time>
        <extensions>
          <ns3:TrackPointExtension>
            <ns3:hr>104</ns3:hr>
          </ns3:TrackPointExtension>
        </extensions>
      </trkpt>
      <trkpt lat="-2.75856873951852321624755859375" lon="-79.233572445809841156005859375">
        <ele>4088.800048828125</ele>
        <time>2026-08-27T20:01:24.000Z</time>
        <extensions>
          <ns3:TrackPointExtension>
            <ns3:hr>104</ns3:hr>
          </ns3:TrackPointExtension>
        </extensions>
      </trkpt>
      <trkpt lat="-2.7585411630570888519287109375" lon="-79.2335913889110088348388671875">
        <ele>4089.800048828125</ele>
        <time>2026-08-27T20:01:37.000Z</time>
        <extensions>
          <ns3:TrackPointExtension>
            <ns3:hr>106</ns3:hr>
          </ns3:TrackPointExtension>
        </extensions>
      </trkpt>
      <trkpt lat="-2.7585354633629322052001953125" lon="-79.23359884880483150482177734375">
        <ele>4090</ele>
        <time>2026-08-27T20:01:38.000Z</time>
        <extensions>
          <ns3:TrackPointExtension>
            <ns3:hr>109</ns3:hr>
          </ns3:TrackPointExtension>
        </extensions>
      </trkpt>
      <trkpt lat="-2.75852255523204803466796875" lon="-79.2336116731166839599609375">
        <ele>4090.39990234375</ele>
        <time>2026-08-27T20:01:40.000Z</time>
        <extensions>
          <ns3:TrackPointExtension>
            <ns3:hr>114</ns3:hr>
          </ns3:TrackPointExtension>
        </extensions>
      </trkpt>
      <trkpt lat="-2.75850671343505382537841796875" lon="-79.233621396124362945556640625">
        <ele>4091</ele>
        <time>2026-08-27T20:01:42.000Z</time>
        <extensions>
          <ns3:TrackPointExtension>
            <ns3:hr>117</ns3:hr>
          </ns3:TrackPointExtension>
        </extensions>
      </trkpt>
      <trkpt lat="-2.758479304611682891845703125" lon="-79.233632795512676239013671875">
        <ele>4091.60009765625</ele>
        <time>2026-08-27T20:01:45.000Z</time>
        <extensions>
          <ns3:TrackPointExtension>
            <ns3:hr>118</ns3:hr>
          </ns3:TrackPointExtension>
        </extensions>
      </trkpt>
      <trkpt lat="-2.75844552554190158843994140625" lon="-79.23366372473537921905517578125">
        <ele>4092.39990234375</ele>
        <time>2026-08-27T20:01:50.000Z</time>
        <extensions>
          <ns3:TrackPointExtension>
            <ns3:hr>119</ns3:hr>
          </ns3:TrackPointExtension>
        </extensions>
      </trkpt>
      <trkpt lat="-2.75842490606009960174560546875" lon="-79.233674369752407073974609375">
        <ele>4092.800048828125</ele>
        <time>2026-08-27T20:01:53.000Z</time>
        <extensions>
          <ns3:TrackPointExtension>
            <ns3:hr>119</ns3:hr>
          </ns3:TrackPointExtension>
        </extensions>
      </trkpt>
      <trkpt lat="-2.75839573703706264495849609375" lon="-79.23372575081884860992431640625">
        <ele>4094.199951171875</ele>
        <time>2026-08-27T20:02:01.000Z</time>
        <extensions>
          <ns3:TrackPointExtension>
            <ns3:hr>117</ns3:hr>
          </ns3:TrackPointExtension>
        </extensions>
      </trkpt>
      <trkpt lat="-2.7583980001509189605712890625" lon="-79.2337365634739398956298828125">
        <ele>4094.199951171875</ele>
        <time>2026-08-27T20:02:02.000Z</time>
        <extensions>
          <ns3:TrackPointExtension>
            <ns3:hr>117</ns3:hr>
          </ns3:TrackPointExtension>
        </extensions>
      </trkpt>
      <trkpt lat="-2.75840646587312221527099609375" lon="-79.2337979190051555633544921875">
        <ele>4094.800048828125</ele>
        <time>2026-08-27T20:02:11.000Z</time>
        <extensions>
          <ns3:TrackPointExtension>
            <ns3:hr>118</ns3:hr>
          </ns3:TrackPointExtension>
        </extensions>
      </trkpt>
      <trkpt lat="-2.7584083937108516693115234375" lon="-79.23379875719547271728515625">
        <ele>4094.800048828125</ele>
        <time>2026-08-27T20:02:18.000Z</time>
        <extensions>
          <ns3:TrackPointExtension>
            <ns3:hr>116</ns3:hr>
          </ns3:TrackPointExtension>
        </extensions>
      </trkpt>
      <trkpt lat="-2.75840856134891510009765625" lon="-79.2337989248335361480712890625">
        <ele>4094.800048828125</ele>
        <time>2026-08-27T20:02:25.000Z</time>
        <extensions>
          <ns3:TrackPointExtension>
            <ns3:hr>113</ns3:hr>
          </ns3:TrackPointExtension>
        </extensions>
      </trkpt>
      <trkpt lat="-2.75840830989181995391845703125" lon="-79.2337989248335361480712890625">
        <ele>4094.800048828125</ele>
        <time>2026-08-27T20:02:31.000Z</time>
        <extensions>
          <ns3:TrackPointExtension>
            <ns3:hr>110</ns3:hr>
          </ns3:TrackPointExtension>
        </extensions>
      </trkpt>
      <trkpt lat="-2.758407890796661376953125" lon="-79.2337989248335361480712890625">
        <ele>4094.800048828125</ele>
        <time>2026-08-27T20:02:37.000Z</time>
        <extensions>
          <ns3:TrackPointExtension>
            <ns3:hr>107</ns3:hr>
          </ns3:TrackPointExtension>
        </extensions>
      </trkpt>
      <trkpt lat="-2.758407890796661376953125" lon="-79.2337989248335361480712890625">
        <ele>4094.800048828125</ele>
        <time>2026-08-27T20:02:38.000Z</time>
        <extensions>
          <ns3:TrackPointExtension>
            <ns3:hr>110</ns3:hr>
          </ns3:TrackPointExtension>
        </extensions>
      </trkpt>
      <trkpt lat="-2.7584083937108516693115234375" lon="-79.2338006012141704559326171875">
        <ele>4094.800048828125</ele>
        <time>2026-08-27T20:02:53.000Z</time>
        <extensions>
          <ns3:TrackPointExtension>
            <ns3:hr>107</ns3:hr>
          </ns3:TrackPointExtension>
        </extensions>
      </trkpt>
      <trkpt lat="-2.758382745087146759033203125" lon="-79.23388366587460041046142578125">
        <ele>4097.60009765625</ele>
        <time>2026-08-27T20:03:38.000Z</time>
        <extensions>
          <ns3:TrackPointExtension>
            <ns3:hr>106</ns3:hr>
          </ns3:TrackPointExtension>
        </extensions>
      </trkpt>
      <trkpt lat="-2.75832884944975376129150390625" lon="-79.23393554985523223876953125">
        <ele>4101</ele>
        <time>2026-08-27T20:03:44.000Z</time>
        <extensions>
          <ns3:TrackPointExtension>
            <ns3:hr>105</ns3:hr>
          </ns3:TrackPointExtension>
        </extensions>
      </trkpt>
      <trkpt lat="-2.758306972682476043701171875" lon="-79.23399313353002071380615234375">
        <ele>4103.39990234375</ele>
        <time>2026-08-27T20:03:51.000Z</time>
        <extensions>
          <ns3:TrackPointExtension>
            <ns3:hr>102</ns3:hr>
          </ns3:TrackPointExtension>
        </extensions>
      </trkpt>
      <trkpt lat="-2.75830395519733428955078125" lon="-79.23401509411633014678955078125">
        <ele>4103.7998046875</ele>
        <time>2026-08-27T20:03:55.000Z</time>
        <extensions>
          <ns3:TrackPointExtension>
            <ns3:hr>100</ns3:hr>
          </ns3:TrackPointExtension>
        </extensions>
      </trkpt>
      <trkpt lat="-2.75828459300100803375244140625" lon="-79.23405666835606098175048828125">
        <ele>4105.2001953125</ele>
        <time>2026-08-27T20:04:03.000Z</time>
        <extensions>
          <ns3:TrackPointExtension>
            <ns3:hr>98</ns3:hr>
          </ns3:TrackPointExtension>
        </extensions>
      </trkpt>
      <trkpt lat="-2.7582954056560993194580078125" lon="-79.2341134138405323028564453125">
        <ele>4106.39990234375</ele>
        <time>2026-08-27T20:04:11.000Z</time>
        <extensions>
          <ns3:TrackPointExtension>
            <ns3:hr>101</ns3:hr>
          </ns3:TrackPointExtension>
        </extensions>
      </trkpt>
      <trkpt lat="-2.75829632766544818878173828125" lon="-79.23413730226457118988037109375">
        <ele>4107.39990234375</ele>
        <time>2026-08-27T20:04:14.000Z</time>
        <extensions>
          <ns3:TrackPointExtension>
            <ns3:hr>101</ns3:hr>
          </ns3:TrackPointExtension>
        </extensions>
      </trkpt>
      <trkpt lat="-2.7583061344921588897705078125" lon="-79.2341858334839344024658203125">
        <ele>4109.2001953125</ele>
        <time>2026-08-27T20:04:24.000Z</time>
        <extensions>
          <ns3:TrackPointExtension>
            <ns3:hr>99</ns3:hr>
          </ns3:TrackPointExtension>
        </extensions>
      </trkpt>
      <trkpt lat="-2.758311331272125244140625" lon="-79.23421391285955905914306640625">
        <ele>4110.2001953125</ele>
        <time>2026-08-27T20:04:30.000Z</time>
        <extensions>
          <ns3:TrackPointExtension>
            <ns3:hr>96</ns3:hr>
          </ns3:TrackPointExtension>
        </extensions>
      </trkpt>
      <trkpt lat="-2.75831024162471294403076171875" lon="-79.2342153377830982208251953125">
        <ele>4110.39990234375</ele>
        <time>2026-08-27T20:04:32.000Z</time>
        <extensions>
          <ns3:TrackPointExtension>
            <ns3:hr>96</ns3:hr>
          </ns3:TrackPointExtension>
        </extensions>
      </trkpt>
      <trkpt lat="-2.758310325443744659423828125" lon="-79.23421508632600307464599609375">
        <ele>4110.39990234375</ele>
        <time>2026-08-27T20:04:37.000Z</time>
        <extensions>
          <ns3:TrackPointExtension>
            <ns3:hr>100</ns3:hr>
          </ns3:TrackPointExtension>
        </extensions>
      </trkpt>
      <trkpt lat="-2.758274115622043609619140625" lon="-79.23423034138977527618408203125">
        <ele>4112.2001953125</ele>
        <time>2026-08-27T20:04:50.000Z</time>
        <extensions>
          <ns3:TrackPointExtension>
            <ns3:hr>103</ns3:hr>
          </ns3:TrackPointExtension>
        </extensions>
      </trkpt>
      <trkpt lat="-2.7582375705242156982421875" lon="-79.234252385795116424560546875">
        <ele>4114</ele>
        <time>2026-08-27T20:04:53.000Z</time>
        <extensions>
          <ns3:TrackPointExtension>
            <ns3:hr>102</ns3:hr>
          </ns3:TrackPointExtension>
        </extensions>
      </trkpt>
      <trkpt lat="-2.7581830881536006927490234375" lon="-79.2342679761350154876708984375">
        <ele>4115.7998046875</ele>
        <time>2026-08-27T20:04:57.000Z</time>
        <extensions>
          <ns3:TrackPointExtension>
            <ns3:hr>98</ns3:hr>
          </ns3:TrackPointExtension>
        </extensions>
      </trkpt>
      <trkpt lat="-2.75815735571086406707763671875" lon="-79.23424945212900638580322265625">
        <ele>4115.7998046875</ele>
        <time>2026-08-27T20:05:01.000Z</time>
        <extensions>
          <ns3:TrackPointExtension>
            <ns3:hr>98</ns3:hr>
          </ns3:TrackPointExtension>
        </extensions>
      </trkpt>
      <trkpt lat="-2.75809667073190212249755859375" lon="-79.2342237196862697601318359375">
        <ele>4117.2001953125</ele>
        <time>2026-08-27T20:05:10.000Z</time>
        <extensions>
          <ns3:TrackPointExtension>
            <ns3:hr>101</ns3:hr>
          </ns3:TrackPointExtension>
        </extensions>
      </trkpt>
      <trkpt lat="-2.75809683836996555328369140625" lon="-79.2342099733650684356689453125">
        <ele>4116.7998046875</ele>
        <time>2026-08-27T20:05:12.000Z</time>
        <extensions>
          <ns3:TrackPointExtension>
            <ns3:hr>101</ns3:hr>
          </ns3:TrackPointExtension>
        </extensions>
      </trkpt>
      <trkpt lat="-2.75808678008615970611572265625" lon="-79.2341922037303447723388671875">
        <ele>4116.60009765625</ele>
        <time>2026-08-27T20:05:15.000Z</time>
        <extensions>
          <ns3:TrackPointExtension>
            <ns3:hr>97</ns3:hr>
          </ns3:TrackPointExtension>
        </extensions>
      </trkpt>
      <trkpt lat="-2.75807839818298816680908203125" lon="-79.2341848276555538177490234375">
        <ele>4116.7998046875</ele>
        <time>2026-08-27T20:05:17.000Z</time>
        <extensions>
          <ns3:TrackPointExtension>
            <ns3:hr>100</ns3:hr>
          </ns3:TrackPointExtension>
        </extensions>
      </trkpt>
      <trkpt lat="-2.75806632824242115020751953125" lon="-79.23417569138109683990478515625">
        <ele>4117</ele>
        <time>2026-08-27T20:05:20.000Z</time>
        <extensions>
          <ns3:TrackPointExtension>
            <ns3:hr>99</ns3:hr>
          </ns3:TrackPointExtension>
        </extensions>
      </trkpt>
      <trkpt lat="-2.75806230492889881134033203125" lon="-79.2341680638492107391357421875">
        <ele>4117</ele>
        <time>2026-08-27T20:05:22.000Z</time>
        <extensions>
          <ns3:TrackPointExtension>
            <ns3:hr>96</ns3:hr>
          </ns3:TrackPointExtension>
        </extensions>
      </trkpt>
      <trkpt lat="-2.75806565769016742706298828125" lon="-79.23414409160614013671875">
        <ele>4116</ele>
        <time>2026-08-27T20:05:27.000Z</time>
        <extensions>
          <ns3:TrackPointExtension>
            <ns3:hr>93</ns3:hr>
          </ns3:TrackPointExtension>
        </extensions>
      </trkpt>
      <trkpt lat="-2.758061885833740234375" lon="-79.23412799835205078125">
        <ele>4115.60009765625</ele>
        <time>2026-08-27T20:05:29.000Z</time>
        <extensions>
          <ns3:TrackPointExtension>
            <ns3:hr>96</ns3:hr>
          </ns3:TrackPointExtension>
        </extensions>
      </trkpt>
      <trkpt lat="-2.75806079618632793426513671875" lon="-79.2341194488108158111572265625">
        <ele>4115.39990234375</ele>
        <time>2026-08-27T20:05:30.000Z</time>
        <extensions>
          <ns3:TrackPointExtension>
            <ns3:hr>100</ns3:hr>
          </ns3:TrackPointExtension>
        </extensions>
      </trkpt>
      <trkpt lat="-2.758048810064792633056640625" lon="-79.2340765334665775299072265625">
        <ele>4114.60009765625</ele>
        <time>2026-08-27T20:05:36.000Z</time>
        <extensions>
          <ns3:TrackPointExtension>
            <ns3:hr>103</ns3:hr>
          </ns3:TrackPointExtension>
        </extensions>
      </trkpt>
      <trkpt lat="-2.75803900323808193206787109375" lon="-79.23406186513602733612060546875">
        <ele>4114.7998046875</ele>
        <time>2026-08-27T20:05:40.000Z</time>
        <extensions>
          <ns3:TrackPointExtension>
            <ns3:hr>104</ns3:hr>
          </ns3:TrackPointExtension>
        </extensions>
      </trkpt>
      <trkpt lat="-2.7580291964113712310791015625" lon="-79.23403738997876644134521484375">
        <ele>4115</ele>
        <time>2026-08-27T20:05:47.000Z</time>
        <extensions>
          <ns3:TrackPointExtension>
            <ns3:hr>107</ns3:hr>
          </ns3:TrackPointExtension>
        </extensions>
      </trkpt>
      <trkpt lat="-2.7580241672694683074951171875" lon="-79.23402498476207256317138671875">
        <ele>4115</ele>
        <time>2026-08-27T20:05:49.000Z</time>
        <extensions>
          <ns3:TrackPointExtension>
            <ns3:hr>107</ns3:hr>
          </ns3:TrackPointExtension>
        </extensions>
      </trkpt>
      <trkpt lat="-2.757985107600688934326171875" lon="-79.233949966728687286376953125">
        <ele>4115.60009765625</ele>
        <time>2026-08-27T20:06:01.000Z</time>
        <extensions>
          <ns3:TrackPointExtension>
            <ns3:hr>108</ns3:hr>
          </ns3:TrackPointExtension>
        </extensions>
      </trkpt>
      <trkpt lat="-2.7579344809055328369140625" lon="-79.2338934727013111114501953125">
        <ele>4117.2001953125</ele>
        <time>2026-08-27T20:06:12.000Z</time>
        <extensions>
          <ns3:TrackPointExtension>
            <ns3:hr>107</ns3:hr>
          </ns3:TrackPointExtension>
        </extensions>
      </trkpt>
      <trkpt lat="-2.75792852975428104400634765625" lon="-79.23388165421783924102783203125">
        <ele>4117.2001953125</ele>
        <time>2026-08-27T20:06:14.000Z</time>
        <extensions>
          <ns3:TrackPointExtension>
            <ns3:hr>104</ns3:hr>
          </ns3:TrackPointExtension>
        </extensions>
      </trkpt>
      <trkpt lat="-2.75790506042540073394775390625" lon="-79.23385147936642169952392578125">
        <ele>4117.7998046875</ele>
        <time>2026-08-27T20:06:19.000Z</time>
        <extensions>
          <ns3:TrackPointExtension>
            <ns3:hr>101</ns3:hr>
          </ns3:TrackPointExtension>
        </extensions>
      </trkpt>
      <trkpt lat="-2.7578753046691417694091796875" lon="-79.23384628258645534515380859375">
        <ele>4119.2001953125</ele>
        <time>2026-08-27T20:06:23.000Z</time>
        <extensions>
          <ns3:TrackPointExtension>
            <ns3:hr>98</ns3:hr>
          </ns3:TrackPointExtension>
        </extensions>
      </trkpt>
      <trkpt lat="-2.7578226663172245025634765625" lon="-79.23386656679213047027587890625">
        <ele>4122.60009765625</ele>
        <time>2026-08-27T20:06:32.000Z</time>
        <extensions>
          <ns3:TrackPointExtension>
            <ns3:hr>96</ns3:hr>
          </ns3:TrackPointExtension>
        </extensions>
      </trkpt>
      <trkpt lat="-2.7578146196901798248291015625" lon="-79.2339528165757656097412109375">
        <ele>4124.7998046875</ele>
        <time>2026-08-27T20:06:43.000Z</time>
        <extensions>
          <ns3:TrackPointExtension>
            <ns3:hr>94</ns3:hr>
          </ns3:TrackPointExtension>
        </extensions>
      </trkpt>
      <trkpt lat="-2.75779726915061473846435546875" lon="-79.23396128229796886444091796875">
        <ele>4126</ele>
        <time>2026-08-27T20:06:46.000Z</time>
        <extensions>
          <ns3:TrackPointExtension>
            <ns3:hr>97</ns3:hr>
          </ns3:TrackPointExtension>
        </extensions>
      </trkpt>
      <trkpt lat="-2.75777346454560756683349609375" lon="-79.2339772917330265045166015625">
        <ele>4127.7998046875</ele>
        <time>2026-08-27T20:06:50.000Z</time>
        <extensions>
          <ns3:TrackPointExtension>
            <ns3:hr>97</ns3:hr>
          </ns3:TrackPointExtension>
        </extensions>
      </trkpt>
      <trkpt lat="-2.75770842097699642181396484375" lon="-79.233960695564746856689453125">
        <ele>4131.60009765625</ele>
        <time>2026-08-27T20:07:00.000Z</time>
        <extensions>
          <ns3:TrackPointExtension>
            <ns3:hr>99</ns3:hr>
          </ns3:TrackPointExtension>
        </extensions>
      </trkpt>
      <trkpt lat="-2.7576781623065471649169921875" lon="-79.23393823206424713134765625">
        <ele>4133.2001953125</ele>
        <time>2026-08-27T20:07:06.000Z</time>
        <extensions>
          <ns3:TrackPointExtension>
            <ns3:hr>102</ns3:hr>
          </ns3:TrackPointExtension>
        </extensions>
      </trkpt>
      <trkpt lat="-2.75765477679669857025146484375" lon="-79.23394166864454746246337890625">
        <ele>4134.60009765625</ele>
        <time>2026-08-27T20:07:10.000Z</time>
        <extensions>
          <ns3:TrackPointExtension>
            <ns3:hr>102</ns3:hr>
          </ns3:TrackPointExtension>
        </extensions>
      </trkpt>
      <trkpt lat="-2.7576416172087192535400390625" lon="-79.2339853383600711822509765625">
        <ele>4135.7998046875</ele>
        <time>2026-08-27T20:07:16.000Z</time>
        <extensions>
          <ns3:TrackPointExtension>
            <ns3:hr>105</ns3:hr>
          </ns3:TrackPointExtension>
        </extensions>
      </trkpt>
      <trkpt lat="-2.75763583369553089141845703125" lon="-79.234009645879268646240234375">
        <ele>4136.39990234375</ele>
        <time>2026-08-27T20:07:20.000Z</time>
        <extensions>
          <ns3:TrackPointExtension>
            <ns3:hr>106</ns3:hr>
          </ns3:TrackPointExtension>
        </extensions>
      </trkpt>
      <trkpt lat="-2.7576312236487865447998046875" lon="-79.2340222187340259552001953125">
        <ele>4136.7998046875</ele>
        <time>2026-08-27T20:07:22.000Z</time>
        <extensions>
          <ns3:TrackPointExtension>
            <ns3:hr>109</ns3:hr>
          </ns3:TrackPointExtension>
        </extensions>
      </trkpt>
      <trkpt lat="-2.75763935409486293792724609375" lon="-79.23404023982584476470947265625">
        <ele>4136.60009765625</ele>
        <time>2026-08-27T20:07:24.000Z</time>
        <extensions>
          <ns3:TrackPointExtension>
            <ns3:hr>112</ns3:hr>
          </ns3:TrackPointExtension>
        </extensions>
      </trkpt>
      <trkpt lat="-2.75763449259102344512939453125" lon="-79.23407225869596004486083984375">
        <ele>4137.2001953125</ele>
        <time>2026-08-27T20:07:29.000Z</time>
        <extensions>
          <ns3:TrackPointExtension>
            <ns3:hr>112</ns3:hr>
          </ns3:TrackPointExtension>
        </extensions>
      </trkpt>
      <trkpt lat="-2.75765796191990375518798828125" lon="-79.234143756330013275146484375">
        <ele>4136.60009765625</ele>
        <time>2026-08-27T20:07:37.000Z</time>
        <extensions>
          <ns3:TrackPointExtension>
            <ns3:hr>109</ns3:hr>
          </ns3:TrackPointExtension>
        </extensions>
      </trkpt>
      <trkpt lat="-2.75765729136765003204345703125" lon="-79.2341476120054721832275390625">
        <ele>4136.60009765625</ele>
        <time>2026-08-27T20:07:38.000Z</time>
        <extensions>
          <ns3:TrackPointExtension>
            <ns3:hr>109</ns3:hr>
          </ns3:TrackPointExtension>
        </extensions>
      </trkpt>
      <trkpt lat="-2.7576298825442790985107421875" lon="-79.234154485166072845458984375">
        <ele>4138.2001953125</ele>
        <time>2026-08-27T20:07:44.000Z</time>
        <extensions>
          <ns3:TrackPointExtension>
            <ns3:hr>107</ns3:hr>
          </ns3:TrackPointExtension>
        </extensions>
      </trkpt>
      <trkpt lat="-2.75763683952391147613525390625" lon="-79.23420536331832408905029296875">
        <ele>4138.2001953125</ele>
        <time>2026-08-27T20:07:52.000Z</time>
        <extensions>
          <ns3:TrackPointExtension>
            <ns3:hr>105</ns3:hr>
          </ns3:TrackPointExtension>
        </extensions>
      </trkpt>
      <trkpt lat="-2.75763415731489658355712890625" lon="-79.23425833694636821746826171875">
        <ele>4138.39990234375</ele>
        <time>2026-08-27T20:08:01.000Z</time>
        <extensions>
          <ns3:TrackPointExtension>
            <ns3:hr>104</ns3:hr>
          </ns3:TrackPointExtension>
        </extensions>
      </trkpt>
      <trkpt lat="-2.75762401521205902099609375" lon="-79.234287254512310028076171875">
        <ele>4139</ele>
        <time>2026-08-27T20:08:06.000Z</time>
        <extensions>
          <ns3:TrackPointExtension>
            <ns3:hr>100</ns3:hr>
          </ns3:TrackPointExtension>
        </extensions>
      </trkpt>
      <trkpt lat="-2.757624350488185882568359375" lon="-79.23431298695504665374755859375">
        <ele>4139.2001953125</ele>
        <time>2026-08-27T20:08:10.000Z</time>
        <extensions>
          <ns3:TrackPointExtension>
            <ns3:hr>97</ns3:hr>
          </ns3:TrackPointExtension>
        </extensions>
      </trkpt>
      <trkpt lat="-2.7576570399105548858642578125" lon="-79.23436311073601245880126953125">
        <ele>4137.60009765625</ele>
        <time>2026-08-27T20:08:18.000Z</time>
        <extensions>
          <ns3:TrackPointExtension>
            <ns3:hr>94</ns3:hr>
          </ns3:TrackPointExtension>
        </extensions>
      </trkpt>
      <trkpt lat="-2.75766449980437755584716796875" lon="-79.23443603329360485076904296875">
        <ele>4138.7998046875</ele>
        <time>2026-08-27T20:08:30.000Z</time>
        <extensions>
          <ns3:TrackPointExtension>
            <ns3:hr>95</ns3:hr>
          </ns3:TrackPointExtension>
        </extensions>
      </trkpt>
      <trkpt lat="-2.757676653563976287841796875" lon="-79.23452789895236492156982421875">
        <ele>4139.39990234375</ele>
        <time>2026-08-27T20:08:42.000Z</time>
        <extensions>
          <ns3:TrackPointExtension>
            <ns3:hr>95</ns3:hr>
          </ns3:TrackPointExtension>
        </extensions>
      </trkpt>
      <trkpt lat="-2.75767288170754909515380859375" lon="-79.234570562839508056640625">
        <ele>4139.7998046875</ele>
        <time>2026-08-27T20:08:51.000Z</time>
        <extensions>
          <ns3:TrackPointExtension>
            <ns3:hr>96</ns3:hr>
          </ns3:TrackPointExtension>
        </extensions>
      </trkpt>
      <trkpt lat="-2.75767221115529537200927734375" lon="-79.23457064665853977203369140625">
        <ele>4139.7998046875</ele>
        <time>2026-08-27T20:09:00.000Z</time>
        <extensions>
          <ns3:TrackPointExtension>
            <ns3:hr>100</ns3:hr>
          </ns3:TrackPointExtension>
        </extensions>
      </trkpt>
      <trkpt lat="-2.75767221115529537200927734375" lon="-79.23457064665853977203369140625">
        <ele>4139.7998046875</ele>
        <time>2026-08-27T20:09:02.000Z</time>
        <extensions>
          <ns3:TrackPointExtension>
            <ns3:hr>104</ns3:hr>
          </ns3:TrackPointExtension>
        </extensions>
      </trkpt>
      <trkpt lat="-2.75767221115529537200927734375" lon="-79.23457064665853977203369140625">
        <ele>4139.7998046875</ele>
        <time>2026-08-27T20:09:06.000Z</time>
        <extensions>
          <ns3:TrackPointExtension>
            <ns3:hr>107</ns3:hr>
          </ns3:TrackPointExtension>
        </extensions>
      </trkpt>
      <trkpt lat="-2.75767170824110507965087890625" lon="-79.23457098193466663360595703125">
        <ele>4139.7998046875</ele>
        <time>2026-08-27T20:09:12.000Z</time>
        <extensions>
          <ns3:TrackPointExtension>
            <ns3:hr>110</ns3:hr>
          </ns3:TrackPointExtension>
        </extensions>
      </trkpt>
      <trkpt lat="-2.75766986422240734100341796875" lon="-79.23457383178174495697021484375">
        <ele>4140</ele>
        <time>2026-08-27T20:09:23.000Z</time>
        <extensions>
          <ns3:TrackPointExtension>
            <ns3:hr>113</ns3:hr>
          </ns3:TrackPointExtension>
        </extensions>
      </trkpt>
      <trkpt lat="-2.75767154060304164886474609375" lon="-79.2345747537910938262939453125">
        <ele>4139.7998046875</ele>
        <time>2026-08-27T20:09:37.000Z</time>
        <extensions>
          <ns3:TrackPointExtension>
            <ns3:hr>109</ns3:hr>
          </ns3:TrackPointExtension>
        </extensions>
      </trkpt>
      <trkpt lat="-2.7576716244220733642578125" lon="-79.234574921429157257080078125">
        <ele>4139.7998046875</ele>
        <time>2026-08-27T20:09:39.000Z</time>
        <extensions>
          <ns3:TrackPointExtension>
            <ns3:hr>113</ns3:hr>
          </ns3:TrackPointExtension>
        </extensions>
      </trkpt>
      <trkpt lat="-2.7576721273362636566162109375" lon="-79.23457500524818897247314453125">
        <ele>4139.7998046875</ele>
        <time>2026-08-27T20:09:42.000Z</time>
        <extensions>
          <ns3:TrackPointExtension>
            <ns3:hr>110</ns3:hr>
          </ns3:TrackPointExtension>
        </extensions>
      </trkpt>
      <trkpt lat="-2.75767355225980281829833984375" lon="-79.23458036966621875762939453125">
        <ele>4139.7998046875</ele>
        <time>2026-08-27T20:09:58.000Z</time>
        <extensions>
          <ns3:TrackPointExtension>
            <ns3:hr>107</ns3:hr>
          </ns3:TrackPointExtension>
        </extensions>
      </trkpt>
      <trkpt lat="-2.75767355225980281829833984375" lon="-79.23458456061780452728271484375">
        <ele>4139.7998046875</ele>
        <time>2026-08-27T20:10:04.000Z</time>
        <extensions>
          <ns3:TrackPointExtension>
            <ns3:hr>110</ns3:hr>
          </ns3:TrackPointExtension>
        </extensions>
      </trkpt>
      <trkpt lat="-2.7576738037168979644775390625" lon="-79.23458464443683624267578125">
        <ele>4139.7998046875</ele>
        <time>2026-08-27T20:10:07.000Z</time>
        <extensions>
          <ns3:TrackPointExtension>
            <ns3:hr>107</ns3:hr>
          </ns3:TrackPointExtension>
        </extensions>
      </trkpt>
      <trkpt lat="-2.75767422281205654144287109375" lon="-79.23458464443683624267578125">
        <ele>4139.7998046875</ele>
        <time>2026-08-27T20:10:09.000Z</time>
        <extensions>
          <ns3:TrackPointExtension>
            <ns3:hr>104</ns3:hr>
          </ns3:TrackPointExtension>
        </extensions>
      </trkpt>
      <trkpt lat="-2.7576788328588008880615234375" lon="-79.234562851488590240478515625">
        <ele>4139.60009765625</ele>
        <time>2026-08-27T20:10:43.000Z</time>
        <extensions>
          <ns3:TrackPointExtension>
            <ns3:hr>101</ns3:hr>
          </ns3:TrackPointExtension>
        </extensions>
      </trkpt>
      <trkpt lat="-2.7576788328588008880615234375" lon="-79.234562851488590240478515625">
        <ele>4139.60009765625</ele>
        <time>2026-08-27T20:10:45.000Z</time>
        <extensions>
          <ns3:TrackPointExtension>
            <ns3:hr>104</ns3:hr>
          </ns3:TrackPointExtension>
        </extensions>
      </trkpt>
      <trkpt lat="-2.75767757557332515716552734375" lon="-79.23455690033733844757080078125">
        <ele>4139.60009765625</ele>
        <time>2026-08-27T20:11:44.000Z</time>
        <extensions>
          <ns3:TrackPointExtension>
            <ns3:hr>101</ns3:hr>
          </ns3:TrackPointExtension>
        </extensions>
      </trkpt>
      <trkpt lat="-2.75767765939235687255859375" lon="-79.234556816518306732177734375">
        <ele>4139.60009765625</ele>
        <time>2026-08-27T20:12:02.000Z</time>
        <extensions>
          <ns3:TrackPointExtension>
            <ns3:hr>105</ns3:hr>
          </ns3:TrackPointExtension>
        </extensions>
      </trkpt>
      <trkpt lat="-2.75767765939235687255859375" lon="-79.2345569841563701629638671875">
        <ele>4139.60009765625</ele>
        <time>2026-08-27T20:12:03.000Z</time>
        <extensions>
          <ns3:TrackPointExtension>
            <ns3:hr>102</ns3:hr>
          </ns3:TrackPointExtension>
        </extensions>
      </trkpt>
      <trkpt lat="-2.757678329944610595703125" lon="-79.23455790616571903228759765625">
        <ele>4139.60009765625</ele>
        <time>2026-08-27T20:12:12.000Z</time>
        <extensions>
          <ns3:TrackPointExtension>
            <ns3:hr>99</ns3:hr>
          </ns3:TrackPointExtension>
        </extensions>
      </trkpt>
      <trkpt lat="-2.75767841376364231109619140625" lon="-79.2345579899847507476806640625">
        <ele>4139.60009765625</ele>
        <time>2026-08-27T20:12:14.000Z</time>
        <extensions>
          <ns3:TrackPointExtension>
            <ns3:hr>102</ns3:hr>
          </ns3:TrackPointExtension>
        </extensions>
      </trkpt>
      <trkpt lat="-2.7576791681349277496337890625" lon="-79.234557487070560455322265625">
        <ele>4139.39990234375</ele>
        <time>2026-08-27T20:12:29.000Z</time>
        <extensions>
          <ns3:TrackPointExtension>
            <ns3:hr>98</ns3:hr>
          </ns3:TrackPointExtension>
        </extensions>
      </trkpt>
      <trkpt lat="-2.757679335772991180419921875" lon="-79.23455723561346530914306640625">
        <ele>4139.39990234375</ele>
        <time>2026-08-27T20:12:33.000Z</time>
        <extensions>
          <ns3:TrackPointExtension>
            <ns3:hr>95</ns3:hr>
          </ns3:TrackPointExtension>
        </extensions>
      </trkpt>
      <trkpt lat="-2.7576805092394351959228515625" lon="-79.23455715179443359375">
        <ele>4139.39990234375</ele>
        <time>2026-08-27T20:12:53.000Z</time>
        <extensions>
          <ns3:TrackPointExtension>
            <ns3:hr>92</ns3:hr>
          </ns3:TrackPointExtension>
        </extensions>
      </trkpt>
      <trkpt lat="-2.7576808445155620574951171875" lon="-79.23455673269927501678466796875">
        <ele>4139.39990234375</ele>
        <time>2026-08-27T20:13:01.000Z</time>
        <extensions>
          <ns3:TrackPointExtension>
            <ns3:hr>95</ns3:hr>
          </ns3:TrackPointExtension>
        </extensions>
      </trkpt>
      <trkpt lat="-2.75768126361072063446044921875" lon="-79.23455505631864070892333984375">
        <ele>4139.39990234375</ele>
        <time>2026-08-27T20:13:36.000Z</time>
        <extensions>
          <ns3:TrackPointExtension>
            <ns3:hr>98</ns3:hr>
          </ns3:TrackPointExtension>
        </extensions>
      </trkpt>
      <trkpt lat="-2.75768109597265720367431640625" lon="-79.23455421812832355499267578125">
        <ele>4139.39990234375</ele>
        <time>2026-08-27T20:13:49.000Z</time>
        <extensions>
          <ns3:TrackPointExtension>
            <ns3:hr>101</ns3:hr>
          </ns3:TrackPointExtension>
        </extensions>
      </trkpt>
      <trkpt lat="-2.75768092833459377288818359375" lon="-79.234554134309291839599609375">
        <ele>4139.39990234375</ele>
        <time>2026-08-27T20:13:54.000Z</time>
        <extensions>
          <ns3:TrackPointExtension>
            <ns3:hr>105</ns3:hr>
          </ns3:TrackPointExtension>
        </extensions>
      </trkpt>
      <trkpt lat="-2.7576808445155620574951171875" lon="-79.23455421812832355499267578125">
        <ele>4139.39990234375</ele>
        <time>2026-08-27T20:13:56.000Z</time>
        <extensions>
          <ns3:TrackPointExtension>
            <ns3:hr>112</ns3:hr>
          </ns3:TrackPointExtension>
        </extensions>
      </trkpt>
      <trkpt lat="-2.75766131468117237091064453125" lon="-79.2345589958131313323974609375">
        <ele>4140.2001953125</ele>
        <time>2026-08-27T20:13:58.000Z</time>
        <extensions>
          <ns3:TrackPointExtension>
            <ns3:hr>117</ns3:hr>
          </ns3:TrackPointExtension>
        </extensions>
      </trkpt>
      <trkpt lat="-2.75764471851289272308349609375" lon="-79.23456276766955852508544921875">
        <ele>4140.7998046875</ele>
        <time>2026-08-27T20:13:59.000Z</time>
        <extensions>
          <ns3:TrackPointExtension>
            <ns3:hr>120</ns3:hr>
          </ns3:TrackPointExtension>
        </extensions>
      </trkpt>
      <trkpt lat="-2.75761873461306095123291015625" lon="-79.234570898115634918212890625">
        <ele>4141.7998046875</ele>
        <time>2026-08-27T20:14:01.000Z</time>
        <extensions>
          <ns3:TrackPointExtension>
            <ns3:hr>124</ns3:hr>
          </ns3:TrackPointExtension>
        </extensions>
      </trkpt>
      <trkpt lat="-2.7576050721108913421630859375" lon="-79.234575927257537841796875">
        <ele>4142.2001953125</ele>
        <time>2026-08-27T20:14:02.000Z</time>
        <extensions>
          <ns3:TrackPointExtension>
            <ns3:hr>126</ns3:hr>
          </ns3:TrackPointExtension>
        </extensions>
      </trkpt>
      <trkpt lat="-2.75755234993994235992431640625" lon="-79.23460568301379680633544921875">
        <ele>4145</ele>
        <time>2026-08-27T20:14:07.000Z</time>
        <extensions>
          <ns3:TrackPointExtension>
            <ns3:hr>123</ns3:hr>
          </ns3:TrackPointExtension>
        </extensions>
      </trkpt>
      <trkpt lat="-2.7575266174972057342529296875" lon="-79.2346324212849140167236328125">
        <ele>4146.39990234375</ele>
        <time>2026-08-27T20:14:12.000Z</time>
        <extensions>
          <ns3:TrackPointExtension>
            <ns3:hr>122</ns3:hr>
          </ns3:TrackPointExtension>
        </extensions>
      </trkpt>
      <trkpt lat="-2.75750826112926006317138671875" lon="-79.23470257781445980072021484375">
        <ele>4148</ele>
        <time>2026-08-27T20:14:20.000Z</time>
        <extensions>
          <ns3:TrackPointExtension>
            <ns3:hr>119</ns3:hr>
          </ns3:TrackPointExtension>
        </extensions>
      </trkpt>
      <trkpt lat="-2.75750189088284969329833984375" lon="-79.23470643348991870880126953125">
        <ele>4148.39990234375</ele>
        <time>2026-08-27T20:14:21.000Z</time>
        <extensions>
          <ns3:TrackPointExtension>
            <ns3:hr>119</ns3:hr>
          </ns3:TrackPointExtension>
        </extensions>
      </trkpt>
      <trkpt lat="-2.7574682794511318206787109375" lon="-79.23473618924617767333984375">
        <ele>4150.60009765625</ele>
        <time>2026-08-27T20:14:27.000Z</time>
        <extensions>
          <ns3:TrackPointExtension>
            <ns3:hr>122</ns3:hr>
          </ns3:TrackPointExtension>
        </extensions>
      </trkpt>
      <trkpt lat="-2.7574652619659900665283203125" lon="-79.23474683426320552825927734375">
        <ele>4150.7998046875</ele>
        <time>2026-08-27T20:14:28.000Z</time>
        <extensions>
          <ns3:TrackPointExtension>
            <ns3:hr>122</ns3:hr>
          </ns3:TrackPointExtension>
        </extensions>
      </trkpt>
      <trkpt lat="-2.7574297226965427398681640625" lon="-79.23479880206286907196044921875">
        <ele>4153</ele>
        <time>2026-08-27T20:14:36.000Z</time>
        <extensions>
          <ns3:TrackPointExtension>
            <ns3:hr>121</ns3:hr>
          </ns3:TrackPointExtension>
        </extensions>
      </trkpt>
      <trkpt lat="-2.7573980391025543212890625" lon="-79.23484540544450283050537109375">
        <ele>4153.39990234375</ele>
        <time>2026-08-27T20:14:43.000Z</time>
        <extensions>
          <ns3:TrackPointExtension>
            <ns3:hr>118</ns3:hr>
          </ns3:TrackPointExtension>
        </extensions>
      </trkpt>
      <trkpt lat="-2.75738789699971675872802734375" lon="-79.234863258898258209228515625">
        <ele>4153.60009765625</ele>
        <time>2026-08-27T20:14:46.000Z</time>
        <extensions>
          <ns3:TrackPointExtension>
            <ns3:hr>117</ns3:hr>
          </ns3:TrackPointExtension>
        </extensions>
      </trkpt>
      <trkpt lat="-2.75735923089087009429931640625" lon="-79.2349412105977535247802734375">
        <ele>4154.2001953125</ele>
        <time>2026-08-27T20:14:56.000Z</time>
        <extensions>
          <ns3:TrackPointExtension>
            <ns3:hr>114</ns3:hr>
          </ns3:TrackPointExtension>
        </extensions>
      </trkpt>
      <trkpt lat="-2.75734129361808300018310546875" lon="-79.23497892916202545166015625">
        <ele>4155.60009765625</ele>
        <time>2026-08-27T20:15:02.000Z</time>
        <extensions>
          <ns3:TrackPointExtension>
            <ns3:hr>111</ns3:hr>
          </ns3:TrackPointExtension>
        </extensions>
      </trkpt>
      <trkpt lat="-2.75731396861374378204345703125" lon="-79.2350029014050960540771484375">
        <ele>4155.7998046875</ele>
        <time>2026-08-27T20:15:07.000Z</time>
        <extensions>
          <ns3:TrackPointExtension>
            <ns3:hr>113</ns3:hr>
          </ns3:TrackPointExtension>
        </extensions>
      </trkpt>
      <trkpt lat="-2.7572853863239288330078125" lon="-79.2350278794765472412109375">
        <ele>4156.39990234375</ele>
        <time>2026-08-27T20:15:12.000Z</time>
        <extensions>
          <ns3:TrackPointExtension>
            <ns3:hr>112</ns3:hr>
          </ns3:TrackPointExtension>
        </extensions>
      </trkpt>
      <trkpt lat="-2.757270298898220062255859375" lon="-79.2350734770298004150390625">
        <ele>4157</ele>
        <time>2026-08-27T20:15:18.000Z</time>
        <extensions>
          <ns3:TrackPointExtension>
            <ns3:hr>113</ns3:hr>
          </ns3:TrackPointExtension>
        </extensions>
      </trkpt>
      <trkpt lat="-2.7572610788047313690185546875" lon="-79.23514598049223423004150390625">
        <ele>4157.2001953125</ele>
        <time>2026-08-27T20:15:27.000Z</time>
        <extensions>
          <ns3:TrackPointExtension>
            <ns3:hr>113</ns3:hr>
          </ns3:TrackPointExtension>
        </extensions>
      </trkpt>
      <trkpt lat="-2.75726434774696826934814453125" lon="-79.2352707870304584503173828125">
        <ele>4157.60009765625</ele>
        <time>2026-08-27T20:15:40.000Z</time>
        <extensions>
          <ns3:TrackPointExtension>
            <ns3:hr>113</ns3:hr>
          </ns3:TrackPointExtension>
        </extensions>
      </trkpt>
      <trkpt lat="-2.7572298981249332427978515625" lon="-79.235345385968685150146484375">
        <ele>4159.39990234375</ele>
        <time>2026-08-27T20:15:51.000Z</time>
        <extensions>
          <ns3:TrackPointExtension>
            <ns3:hr>113</ns3:hr>
          </ns3:TrackPointExtension>
        </extensions>
      </trkpt>
      <trkpt lat="-2.75717549957334995269775390625" lon="-79.235370866954326629638671875">
        <ele>4161</ele>
        <time>2026-08-27T20:16:00.000Z</time>
        <extensions>
          <ns3:TrackPointExtension>
            <ns3:hr>112</ns3:hr>
          </ns3:TrackPointExtension>
        </extensions>
      </trkpt>
      <trkpt lat="-2.7571397088468074798583984375" lon="-79.23537111841142177581787109375">
        <ele>4161.39990234375</ele>
        <time>2026-08-27T20:16:06.000Z</time>
        <extensions>
          <ns3:TrackPointExtension>
            <ns3:hr>109</ns3:hr>
          </ns3:TrackPointExtension>
        </extensions>
      </trkpt>
      <trkpt lat="-2.75712512433528900146484375" lon="-79.2353792488574981689453125">
        <ele>4161.60009765625</ele>
        <time>2026-08-27T20:16:09.000Z</time>
        <extensions>
          <ns3:TrackPointExtension>
            <ns3:hr>107</ns3:hr>
          </ns3:TrackPointExtension>
        </extensions>
      </trkpt>
      <trkpt lat="-2.75706770829856395721435546875" lon="-79.2353792488574981689453125">
        <ele>4162.2001953125</ele>
        <time>2026-08-27T20:16:19.000Z</time>
        <extensions>
          <ns3:TrackPointExtension>
            <ns3:hr>110</ns3:hr>
          </ns3:TrackPointExtension>
        </extensions>
      </trkpt>
      <trkpt lat="-2.75703183375298976898193359375" lon="-79.23539089970290660858154296875">
        <ele>4162.39990234375</ele>
        <time>2026-08-27T20:16:24.000Z</time>
        <extensions>
          <ns3:TrackPointExtension>
            <ns3:hr>106</ns3:hr>
          </ns3:TrackPointExtension>
        </extensions>
      </trkpt>
      <trkpt lat="-2.75702395476400852203369140625" lon="-79.2353888042271137237548828125">
        <ele>4162.60009765625</ele>
        <time>2026-08-27T20:16:25.000Z</time>
        <extensions>
          <ns3:TrackPointExtension>
            <ns3:hr>106</ns3:hr>
          </ns3:TrackPointExtension>
        </extensions>
      </trkpt>
      <trkpt lat="-2.75700216181576251983642578125" lon="-79.235392324626445770263671875">
        <ele>4163</ele>
        <time>2026-08-27T20:16:28.000Z</time>
        <extensions>
          <ns3:TrackPointExtension>
            <ns3:hr>106</ns3:hr>
          </ns3:TrackPointExtension>
        </extensions>
      </trkpt>
      <trkpt lat="-2.7568838931620121002197265625" lon="-79.23539643175899982452392578125">
        <ele>4166.39990234375</ele>
        <time>2026-08-27T20:16:41.000Z</time>
        <extensions>
          <ns3:TrackPointExtension>
            <ns3:hr>107</ns3:hr>
          </ns3:TrackPointExtension>
        </extensions>
      </trkpt>
      <trkpt lat="-2.7568540535867214202880859375" lon="-79.2354060709476470947265625">
        <ele>4166.7998046875</ele>
        <time>2026-08-27T20:16:45.000Z</time>
        <extensions>
          <ns3:TrackPointExtension>
            <ns3:hr>110</ns3:hr>
          </ns3:TrackPointExtension>
        </extensions>
      </trkpt>
      <trkpt lat="-2.7568161673843860626220703125" lon="-79.2354025505483150482177734375">
        <ele>4167.7998046875</ele>
        <time>2026-08-27T20:16:50.000Z</time>
        <extensions>
          <ns3:TrackPointExtension>
            <ns3:hr>110</ns3:hr>
          </ns3:TrackPointExtension>
        </extensions>
      </trkpt>
      <trkpt lat="-2.756774760782718658447265625" lon="-79.23541269265115261077880859375">
        <ele>4168.39990234375</ele>
        <time>2026-08-27T20:16:55.000Z</time>
        <extensions>
          <ns3:TrackPointExtension>
            <ns3:hr>113</ns3:hr>
          </ns3:TrackPointExtension>
        </extensions>
      </trkpt>
      <trkpt lat="-2.75675640441477298736572265625" lon="-79.23541923053562641143798828125">
        <ele>4168.7998046875</ele>
        <time>2026-08-27T20:16:58.000Z</time>
        <extensions>
          <ns3:TrackPointExtension>
            <ns3:hr>117</ns3:hr>
          </ns3:TrackPointExtension>
        </extensions>
      </trkpt>
      <trkpt lat="-2.7567474357783794403076171875" lon="-79.23541923053562641143798828125">
        <ele>4169</ele>
        <time>2026-08-27T20:16:59.000Z</time>
        <extensions>
          <ns3:TrackPointExtension>
            <ns3:hr>115</ns3:hr>
          </ns3:TrackPointExtension>
        </extensions>
      </trkpt>
      <trkpt lat="-2.75665598921477794647216796875" lon="-79.2354141175746917724609375">
        <ele>4171.60009765625</ele>
        <time>2026-08-27T20:17:10.000Z</time>
        <extensions>
          <ns3:TrackPointExtension>
            <ns3:hr>119</ns3:hr>
          </ns3:TrackPointExtension>
        </extensions>
      </trkpt>
      <trkpt lat="-2.75663964450359344482421875" lon="-79.23541344702243804931640625">
        <ele>4172</ele>
        <time>2026-08-27T20:17:12.000Z</time>
        <extensions>
          <ns3:TrackPointExtension>
            <ns3:hr>116</ns3:hr>
          </ns3:TrackPointExtension>
        </extensions>
      </trkpt>
      <trkpt lat="-2.75656160898506641387939453125" lon="-79.23540942370891571044921875">
        <ele>4174.39990234375</ele>
        <time>2026-08-27T20:17:22.000Z</time>
        <extensions>
          <ns3:TrackPointExtension>
            <ns3:hr>114</ns3:hr>
          </ns3:TrackPointExtension>
        </extensions>
      </trkpt>
      <trkpt lat="-2.756540067493915557861328125" lon="-79.2354152910411357879638671875">
        <ele>4174.7998046875</ele>
        <time>2026-08-27T20:17:25.000Z</time>
        <extensions>
          <ns3:TrackPointExtension>
            <ns3:hr>111</ns3:hr>
          </ns3:TrackPointExtension>
        </extensions>
      </trkpt>
      <trkpt lat="-2.75648633949458599090576171875" lon="-79.23541210591793060302734375">
        <ele>4176.60009765625</ele>
        <time>2026-08-27T20:17:32.000Z</time>
        <extensions>
          <ns3:TrackPointExtension>
            <ns3:hr>113</ns3:hr>
          </ns3:TrackPointExtension>
        </extensions>
      </trkpt>
      <trkpt lat="-2.75645599700510501861572265625" lon="-79.23539643175899982452392578125">
        <ele>4177.60009765625</ele>
        <time>2026-08-27T20:17:37.000Z</time>
        <extensions>
          <ns3:TrackPointExtension>
            <ns3:hr>110</ns3:hr>
          </ns3:TrackPointExtension>
        </extensions>
      </trkpt>
      <trkpt lat="-2.7564419992268085479736328125" lon="-79.2353968508541584014892578125">
        <ele>4178.2001953125</ele>
        <time>2026-08-27T20:17:39.000Z</time>
        <extensions>
          <ns3:TrackPointExtension>
            <ns3:hr>106</ns3:hr>
          </ns3:TrackPointExtension>
        </extensions>
      </trkpt>
      <trkpt lat="-2.7564192004501819610595703125" lon="-79.23539425246417522430419921875">
        <ele>4179</ele>
        <time>2026-08-27T20:17:42.000Z</time>
        <extensions>
          <ns3:TrackPointExtension>
            <ns3:hr>104</ns3:hr>
          </ns3:TrackPointExtension>
        </extensions>
      </trkpt>
      <trkpt lat="-2.7564029395580291748046875" lon="-79.23539626412093639373779296875">
        <ele>4179.39990234375</ele>
        <time>2026-08-27T20:17:44.000Z</time>
        <extensions>
          <ns3:TrackPointExtension>
            <ns3:hr>107</ns3:hr>
          </ns3:TrackPointExtension>
        </extensions>
      </trkpt>
      <trkpt lat="-2.7563601918518543243408203125" lon="-79.23542040400207042694091796875">
        <ele>4180.39990234375</ele>
        <time>2026-08-27T20:17:51.000Z</time>
        <extensions>
          <ns3:TrackPointExtension>
            <ns3:hr>104</ns3:hr>
          </ns3:TrackPointExtension>
        </extensions>
      </trkpt>
      <trkpt lat="-2.7563551627099514007568359375" lon="-79.23545560799539089202880859375">
        <ele>4180.2001953125</ele>
        <time>2026-08-27T20:17:57.000Z</time>
        <extensions>
          <ns3:TrackPointExtension>
            <ns3:hr>102</ns3:hr>
          </ns3:TrackPointExtension>
        </extensions>
      </trkpt>
      <trkpt lat="-2.756312750279903411865234375" lon="-79.2355026304721832275390625">
        <ele>4181.39990234375</ele>
        <time>2026-08-27T20:18:04.000Z</time>
        <extensions>
          <ns3:TrackPointExtension>
            <ns3:hr>101</ns3:hr>
          </ns3:TrackPointExtension>
        </extensions>
      </trkpt>
      <trkpt lat="-2.756267823278903961181640625" lon="-79.23550036735832691192626953125">
        <ele>4183</ele>
        <time>2026-08-27T20:18:10.000Z</time>
        <extensions>
          <ns3:TrackPointExtension>
            <ns3:hr>101</ns3:hr>
          </ns3:TrackPointExtension>
        </extensions>
      </trkpt>
      <trkpt lat="-2.75619230233132839202880859375" lon="-79.235485531389713287353515625">
        <ele>4185.60009765625</ele>
        <time>2026-08-27T20:18:21.000Z</time>
        <extensions>
          <ns3:TrackPointExtension>
            <ns3:hr>101</ns3:hr>
          </ns3:TrackPointExtension>
        </extensions>
      </trkpt>
      <trkpt lat="-2.75617964565753936767578125" lon="-79.2354779876768589019775390625">
        <ele>4186.2001953125</ele>
        <time>2026-08-27T20:18:23.000Z</time>
        <extensions>
          <ns3:TrackPointExtension>
            <ns3:hr>104</ns3:hr>
          </ns3:TrackPointExtension>
        </extensions>
      </trkpt>
      <trkpt lat="-2.75617185048758983612060546875" lon="-79.23547706566751003265380859375">
        <ele>4186.39990234375</ele>
        <time>2026-08-27T20:18:24.000Z</time>
        <extensions>
          <ns3:TrackPointExtension>
            <ns3:hr>101</ns3:hr>
          </ns3:TrackPointExtension>
        </extensions>
      </trkpt>
      <trkpt lat="-2.7561395801603794097900390625" lon="-79.23549617640674114227294921875">
        <ele>4187</ele>
        <time>2026-08-27T20:18:30.000Z</time>
        <extensions>
          <ns3:TrackPointExtension>
            <ns3:hr>100</ns3:hr>
          </ns3:TrackPointExtension>
        </extensions>
      </trkpt>
      <trkpt lat="-2.7561110816895961761474609375" lon="-79.23557748086750507354736328125">
        <ele>4187.7998046875</ele>
        <time>2026-08-27T20:18:42.000Z</time>
        <extensions>
          <ns3:TrackPointExtension>
            <ns3:hr>99</ns3:hr>
          </ns3:TrackPointExtension>
        </extensions>
      </trkpt>
      <trkpt lat="-2.75610898621380329132080078125" lon="-79.2356231622397899627685546875">
        <ele>4187.7998046875</ele>
        <time>2026-08-27T20:18:51.000Z</time>
        <extensions>
          <ns3:TrackPointExtension>
            <ns3:hr>98</ns3:hr>
          </ns3:TrackPointExtension>
        </extensions>
      </trkpt>
      <trkpt lat="-2.7561060525476932525634765625" lon="-79.23564386554062366485595703125">
        <ele>4188</ele>
        <time>2026-08-27T20:18:54.000Z</time>
        <extensions>
          <ns3:TrackPointExtension>
            <ns3:hr>101</ns3:hr>
          </ns3:TrackPointExtension>
        </extensions>
      </trkpt>
      <trkpt lat="-2.756110243499279022216796875" lon="-79.23567521385848522186279296875">
        <ele>4187.7998046875</ele>
        <time>2026-08-27T20:18:58.000Z</time>
        <extensions>
          <ns3:TrackPointExtension>
            <ns3:hr>99</ns3:hr>
          </ns3:TrackPointExtension>
        </extensions>
      </trkpt>
      <trkpt lat="-2.7560936473309993743896484375" lon="-79.2356935702264308929443359375">
        <ele>4188</ele>
        <time>2026-08-27T20:19:03.000Z</time>
        <extensions>
          <ns3:TrackPointExtension>
            <ns3:hr>96</ns3:hr>
          </ns3:TrackPointExtension>
        </extensions>
      </trkpt>
      <trkpt lat="-2.75608836673200130462646484375" lon="-79.23568795435130596160888671875">
        <ele>4188.2001953125</ele>
        <time>2026-08-27T20:19:04.000Z</time>
        <extensions>
          <ns3:TrackPointExtension>
            <ns3:hr>99</ns3:hr>
          </ns3:TrackPointExtension>
        </extensions>
      </trkpt>
      <trkpt lat="-2.7560866065323352813720703125" lon="-79.23568242229521274566650390625">
        <ele>4188.2001953125</ele>
        <time>2026-08-27T20:19:05.000Z</time>
        <extensions>
          <ns3:TrackPointExtension>
            <ns3:hr>100</ns3:hr>
          </ns3:TrackPointExtension>
        </extensions>
      </trkpt>
      <trkpt lat="-2.75607864372432231903076171875" lon="-79.2356965877115726470947265625">
        <ele>4188.39990234375</ele>
        <time>2026-08-27T20:19:09.000Z</time>
        <extensions>
          <ns3:TrackPointExtension>
            <ns3:hr>97</ns3:hr>
          </ns3:TrackPointExtension>
        </extensions>
      </trkpt>
      <trkpt lat="-2.75607830844819545745849609375" lon="-79.23570857383310794830322265625">
        <ele>4188.2001953125</ele>
        <time>2026-08-27T20:19:11.000Z</time>
        <extensions>
          <ns3:TrackPointExtension>
            <ns3:hr>96</ns3:hr>
          </ns3:TrackPointExtension>
        </extensions>
      </trkpt>
      <trkpt lat="-2.756072022020816802978515625" lon="-79.23570220358669757843017578125">
        <ele>4188.39990234375</ele>
        <time>2026-08-27T20:19:16.000Z</time>
        <extensions>
          <ns3:TrackPointExtension>
            <ns3:hr>97</ns3:hr>
          </ns3:TrackPointExtension>
        </extensions>
      </trkpt>
      <trkpt lat="-2.756036818027496337890625" lon="-79.2356898821890354156494140625">
        <ele>4189.2001953125</ele>
        <time>2026-08-27T20:19:24.000Z</time>
        <extensions>
          <ns3:TrackPointExtension>
            <ns3:hr>98</ns3:hr>
          </ns3:TrackPointExtension>
        </extensions>
      </trkpt>
      <trkpt lat="-2.75603254325687885284423828125" lon="-79.23570103012025356292724609375">
        <ele>4189.2001953125</ele>
        <time>2026-08-27T20:19:29.000Z</time>
        <extensions>
          <ns3:TrackPointExtension>
            <ns3:hr>98</ns3:hr>
          </ns3:TrackPointExtension>
        </extensions>
      </trkpt>
      <trkpt lat="-2.75600169785320758819580078125" lon="-79.235689379274845123291015625">
        <ele>4189.7998046875</ele>
        <time>2026-08-27T20:19:38.000Z</time>
        <extensions>
          <ns3:TrackPointExtension>
            <ns3:hr>99</ns3:hr>
          </ns3:TrackPointExtension>
        </extensions>
      </trkpt>
      <trkpt lat="-2.75600354187190532684326171875" lon="-79.2357374913990497589111328125">
        <ele>4189.39990234375</ele>
        <time>2026-08-27T20:19:46.000Z</time>
        <extensions>
          <ns3:TrackPointExtension>
            <ns3:hr>98</ns3:hr>
          </ns3:TrackPointExtension>
        </extensions>
      </trkpt>
      <trkpt lat="-2.7560118399560451507568359375" lon="-79.23579809255897998809814453125">
        <ele>4189.2001953125</ele>
        <time>2026-08-27T20:19:54.000Z</time>
        <extensions>
          <ns3:TrackPointExtension>
            <ns3:hr>96</ns3:hr>
          </ns3:TrackPointExtension>
        </extensions>
      </trkpt>
      <trkpt lat="-2.75601108558475971221923828125" lon="-79.23581150360405445098876953125">
        <ele>4189.2001953125</ele>
        <time>2026-08-27T20:19:56.000Z</time>
        <extensions>
          <ns3:TrackPointExtension>
            <ns3:hr>100</ns3:hr>
          </ns3:TrackPointExtension>
        </extensions>
      </trkpt>
      <trkpt lat="-2.756014354526996612548828125" lon="-79.2358260042965412139892578125">
        <ele>4189.2001953125</ele>
        <time>2026-08-27T20:19:58.000Z</time>
        <extensions>
          <ns3:TrackPointExtension>
            <ns3:hr>104</ns3:hr>
          </ns3:TrackPointExtension>
        </extensions>
      </trkpt>
      <trkpt lat="-2.7560329623520374298095703125" lon="-79.2358568497002124786376953125">
        <ele>4189</ele>
        <time>2026-08-27T20:20:02.000Z</time>
        <extensions>
          <ns3:TrackPointExtension>
            <ns3:hr>107</ns3:hr>
          </ns3:TrackPointExtension>
        </extensions>
      </trkpt>
      <trkpt lat="-2.75603371672332286834716796875" lon="-79.23587420023977756500244140625">
        <ele>4189</ele>
        <time>2026-08-27T20:20:04.000Z</time>
        <extensions>
          <ns3:TrackPointExtension>
            <ns3:hr>110</ns3:hr>
          </ns3:TrackPointExtension>
        </extensions>
      </trkpt>
      <trkpt lat="-2.75603304617106914520263671875" lon="-79.23588207922875881195068359375">
        <ele>4189.2001953125</ele>
        <time>2026-08-27T20:20:05.000Z</time>
        <extensions>
          <ns3:TrackPointExtension>
            <ns3:hr>110</ns3:hr>
          </ns3:TrackPointExtension>
        </extensions>
      </trkpt>
      <trkpt lat="-2.75605182163417339324951171875" lon="-79.2359389923512935638427734375">
        <ele>4189.2001953125</ele>
        <time>2026-08-27T20:20:14.000Z</time>
        <extensions>
          <ns3:TrackPointExtension>
            <ns3:hr>111</ns3:hr>
          </ns3:TrackPointExtension>
        </extensions>
      </trkpt>
      <trkpt lat="-2.756051905453205108642578125" lon="-79.23595257103443145751953125">
        <ele>4189.39990234375</ele>
        <time>2026-08-27T20:20:20.000Z</time>
        <extensions>
          <ns3:TrackPointExtension>
            <ns3:hr>110</ns3:hr>
          </ns3:TrackPointExtension>
        </extensions>
      </trkpt>
      <trkpt lat="-2.7560488879680633544921875" lon="-79.23595114611089229583740234375">
        <ele>4189.39990234375</ele>
        <time>2026-08-27T20:20:29.000Z</time>
        <extensions>
          <ns3:TrackPointExtension>
            <ns3:hr>112</ns3:hr>
          </ns3:TrackPointExtension>
        </extensions>
      </trkpt>
      <trkpt lat="-2.7560488879680633544921875" lon="-79.23595114611089229583740234375">
        <ele>4189.39990234375</ele>
        <time>2026-08-27T20:20:38.000Z</time>
        <extensions>
          <ns3:TrackPointExtension>
            <ns3:hr>109</ns3:hr>
          </ns3:TrackPointExtension>
        </extensions>
      </trkpt>
      <trkpt lat="-2.7560488879680633544921875" lon="-79.23595114611089229583740234375">
        <ele>4189.39990234375</ele>
        <time>2026-08-27T20:20:40.000Z</time>
        <extensions>
          <ns3:TrackPointExtension>
            <ns3:hr>112</ns3:hr>
          </ns3:TrackPointExtension>
        </extensions>
      </trkpt>
      <trkpt lat="-2.75604696013033390045166015625" lon="-79.23594946973025798797607421875">
        <ele>4189.39990234375</ele>
        <time>2026-08-27T20:20:50.000Z</time>
        <extensions>
          <ns3:TrackPointExtension>
            <ns3:hr>109</ns3:hr>
          </ns3:TrackPointExtension>
        </extensions>
      </trkpt>
      <trkpt lat="-2.75604645721614360809326171875" lon="-79.23597444780170917510986328125">
        <ele>4189.7998046875</ele>
        <time>2026-08-27T20:21:06.000Z</time>
        <extensions>
          <ns3:TrackPointExtension>
            <ns3:hr>106</ns3:hr>
          </ns3:TrackPointExtension>
        </extensions>
      </trkpt>
      <trkpt lat="-2.7560463733971118927001953125" lon="-79.23598785884678363800048828125">
        <ele>4189.7998046875</ele>
        <time>2026-08-27T20:21:23.000Z</time>
        <extensions>
          <ns3:TrackPointExtension>
            <ns3:hr>109</ns3:hr>
          </ns3:TrackPointExtension>
        </extensions>
      </trkpt>
      <trkpt lat="-2.75603321380913257598876953125" lon="-79.23598752357065677642822265625">
        <ele>4190.2001953125</ele>
        <time>2026-08-27T20:21:45.000Z</time>
        <extensions>
          <ns3:TrackPointExtension>
            <ns3:hr>106</ns3:hr>
          </ns3:TrackPointExtension>
        </extensions>
      </trkpt>
      <trkpt lat="-2.75602005422115325927734375" lon="-79.23601426184177398681640625">
        <ele>4190.7998046875</ele>
        <time>2026-08-27T20:22:19.000Z</time>
        <extensions>
          <ns3:TrackPointExtension>
            <ns3:hr>102</ns3:hr>
          </ns3:TrackPointExtension>
        </extensions>
      </trkpt>
      <trkpt lat="-2.7560167014598846435546875" lon="-79.236056506633758544921875">
        <ele>4191.60009765625</ele>
        <time>2026-08-27T20:22:26.000Z</time>
        <extensions>
          <ns3:TrackPointExtension>
            <ns3:hr>106</ns3:hr>
          </ns3:TrackPointExtension>
        </extensions>
      </trkpt>
      <trkpt lat="-2.75601527653634548187255859375" lon="-79.23607033677399158477783203125">
        <ele>4191.7998046875</ele>
        <time>2026-08-27T20:22:29.000Z</time>
        <extensions>
          <ns3:TrackPointExtension>
            <ns3:hr>103</ns3:hr>
          </ns3:TrackPointExtension>
        </extensions>
      </trkpt>
      <trkpt lat="-2.75601343251764774322509765625" lon="-79.236083664000034332275390625">
        <ele>4192</ele>
        <time>2026-08-27T20:22:51.000Z</time>
        <extensions>
          <ns3:TrackPointExtension>
            <ns3:hr>106</ns3:hr>
          </ns3:TrackPointExtension>
        </extensions>
      </trkpt>
      <trkpt lat="-2.75601410306990146636962890625" lon="-79.2360855080187320709228515625">
        <ele>4192</ele>
        <time>2026-08-27T20:22:54.000Z</time>
        <extensions>
          <ns3:TrackPointExtension>
            <ns3:hr>109</ns3:hr>
          </ns3:TrackPointExtension>
        </extensions>
      </trkpt>
      <trkpt lat="-2.75601510889828205108642578125" lon="-79.23608877696096897125244140625">
        <ele>4192.2001953125</ele>
        <time>2026-08-27T20:23:20.000Z</time>
        <extensions>
          <ns3:TrackPointExtension>
            <ns3:hr>106</ns3:hr>
          </ns3:TrackPointExtension>
        </extensions>
      </trkpt>
      <trkpt lat="-2.75601460598409175872802734375" lon="-79.236089698970317840576171875">
        <ele>4192.2001953125</ele>
        <time>2026-08-27T20:23:28.000Z</time>
        <extensions>
          <ns3:TrackPointExtension>
            <ns3:hr>103</ns3:hr>
          </ns3:TrackPointExtension>
        </extensions>
      </trkpt>
      <trkpt lat="-2.7560141868889331817626953125" lon="-79.2360912077128887176513671875">
        <ele>4192.2001953125</ele>
        <time>2026-08-27T20:23:40.000Z</time>
        <extensions>
          <ns3:TrackPointExtension>
            <ns3:hr>106</ns3:hr>
          </ns3:TrackPointExtension>
        </extensions>
      </trkpt>
      <trkpt lat="-2.7560140192508697509765625" lon="-79.23609129153192043304443359375">
        <ele>4192.2001953125</ele>
        <time>2026-08-27T20:23:48.000Z</time>
        <extensions>
          <ns3:TrackPointExtension>
            <ns3:hr>103</ns3:hr>
          </ns3:TrackPointExtension>
        </extensions>
      </trkpt>
      <trkpt lat="-2.7560140192508697509765625" lon="-79.23609129153192043304443359375">
        <ele>4192.2001953125</ele>
        <time>2026-08-27T20:23:49.000Z</time>
        <extensions>
          <ns3:TrackPointExtension>
            <ns3:hr>106</ns3:hr>
          </ns3:TrackPointExtension>
        </extensions>
      </trkpt>
      <trkpt lat="-2.7560138516128063201904296875" lon="-79.2360905371606349945068359375">
        <ele>4192.2001953125</ele>
        <time>2026-08-27T20:24:15.000Z</time>
        <extensions>
          <ns3:TrackPointExtension>
            <ns3:hr>109</ns3:hr>
          </ns3:TrackPointExtension>
        </extensions>
      </trkpt>
      <trkpt lat="-2.7560138516128063201904296875" lon="-79.23609070479869842529296875">
        <ele>4192.2001953125</ele>
        <time>2026-08-27T20:24:29.000Z</time>
        <extensions>
          <ns3:TrackPointExtension>
            <ns3:hr>105</ns3:hr>
          </ns3:TrackPointExtension>
        </extensions>
      </trkpt>
      <trkpt lat="-2.7560140192508697509765625" lon="-79.23609070479869842529296875">
        <ele>4192.2001953125</ele>
        <time>2026-08-27T20:24:35.000Z</time>
        <extensions>
          <ns3:TrackPointExtension>
            <ns3:hr>102</ns3:hr>
          </ns3:TrackPointExtension>
        </extensions>
      </trkpt>
      <trkpt lat="-2.7560141868889331817626953125" lon="-79.2360908724367618560791015625">
        <ele>4192.2001953125</ele>
        <time>2026-08-27T20:24:58.000Z</time>
        <extensions>
          <ns3:TrackPointExtension>
            <ns3:hr>105</ns3:hr>
          </ns3:TrackPointExtension>
        </extensions>
      </trkpt>
      <trkpt lat="-2.75601468980312347412109375" lon="-79.23609204590320587158203125">
        <ele>4192.2001953125</ele>
        <time>2026-08-27T20:25:31.000Z</time>
        <extensions>
          <ns3:TrackPointExtension>
            <ns3:hr>108</ns3:hr>
          </ns3:TrackPointExtension>
        </extensions>
      </trkpt>
      <trkpt lat="-2.75601510889828205108642578125" lon="-79.23609229736030101776123046875">
        <ele>4192.2001953125</ele>
        <time>2026-08-27T20:25:41.000Z</time>
        <extensions>
          <ns3:TrackPointExtension>
            <ns3:hr>105</ns3:hr>
          </ns3:TrackPointExtension>
        </extensions>
      </trkpt>
      <trkpt lat="-2.7560168690979480743408203125" lon="-79.236093051731586456298828125">
        <ele>4192.2001953125</ele>
        <time>2026-08-27T20:26:20.000Z</time>
        <extensions>
          <ns3:TrackPointExtension>
            <ns3:hr>102</ns3:hr>
          </ns3:TrackPointExtension>
        </extensions>
      </trkpt>
      <trkpt lat="-2.75601737201213836669921875" lon="-79.23609338700771331787109375">
        <ele>4192.2001953125</ele>
        <time>2026-08-27T20:26:31.000Z</time>
        <extensions>
          <ns3:TrackPointExtension>
            <ns3:hr>98</ns3:hr>
          </ns3:TrackPointExtension>
        </extensions>
      </trkpt>
      <trkpt lat="-2.75601737201213836669921875" lon="-79.23609330318868160247802734375">
        <ele>4192.2001953125</ele>
        <time>2026-08-27T20:26:35.000Z</time>
        <extensions>
          <ns3:TrackPointExtension>
            <ns3:hr>102</ns3:hr>
          </ns3:TrackPointExtension>
        </extensions>
      </trkpt>
      <trkpt lat="-2.75601745583117008209228515625" lon="-79.23609330318868160247802734375">
        <ele>4192.2001953125</ele>
        <time>2026-08-27T20:26:37.000Z</time>
        <extensions>
          <ns3:TrackPointExtension>
            <ns3:hr>99</ns3:hr>
          </ns3:TrackPointExtension>
        </extensions>
      </trkpt>
      <trkpt lat="-2.75601804256439208984375" lon="-79.23609380610287189483642578125">
        <ele>4192.2001953125</ele>
        <time>2026-08-27T20:26:49.000Z</time>
        <extensions>
          <ns3:TrackPointExtension>
            <ns3:hr>102</ns3:hr>
          </ns3:TrackPointExtension>
        </extensions>
      </trkpt>
      <trkpt lat="-2.75601812638342380523681640625" lon="-79.2360938899219036102294921875">
        <ele>4192.2001953125</ele>
        <time>2026-08-27T20:26:51.000Z</time>
        <extensions>
          <ns3:TrackPointExtension>
            <ns3:hr>99</ns3:hr>
          </ns3:TrackPointExtension>
        </extensions>
      </trkpt>
      <trkpt lat="-2.75601879693567752838134765625" lon="-79.236094392836093902587890625">
        <ele>4192.2001953125</ele>
        <time>2026-08-27T20:27:05.000Z</time>
        <extensions>
          <ns3:TrackPointExtension>
            <ns3:hr>102</ns3:hr>
          </ns3:TrackPointExtension>
        </extensions>
      </trkpt>
      <trkpt lat="-2.7560188807547092437744140625" lon="-79.236094392836093902587890625">
        <ele>4192.2001953125</ele>
        <time>2026-08-27T20:27:07.000Z</time>
        <extensions>
          <ns3:TrackPointExtension>
            <ns3:hr>99</ns3:hr>
          </ns3:TrackPointExtension>
        </extensions>
      </trkpt>
      <trkpt lat="-2.756019048392772674560546875" lon="-79.23609414137899875640869140625">
        <ele>4192.2001953125</ele>
        <time>2026-08-27T20:27:13.000Z</time>
        <extensions>
          <ns3:TrackPointExtension>
            <ns3:hr>103</ns3:hr>
          </ns3:TrackPointExtension>
        </extensions>
      </trkpt>
      <trkpt lat="-2.7560195513069629669189453125" lon="-79.23609397374093532562255859375">
        <ele>4192.2001953125</ele>
        <time>2026-08-27T20:27:31.000Z</time>
        <extensions>
          <ns3:TrackPointExtension>
            <ns3:hr>106</ns3:hr>
          </ns3:TrackPointExtension>
        </extensions>
      </trkpt>
      <trkpt lat="-2.756019718945026397705078125" lon="-79.2360938899219036102294921875">
        <ele>4192.2001953125</ele>
        <time>2026-08-27T20:27:36.000Z</time>
        <extensions>
          <ns3:TrackPointExtension>
            <ns3:hr>109</ns3:hr>
          </ns3:TrackPointExtension>
        </extensions>
      </trkpt>
      <trkpt lat="-2.75602013804018497467041015625" lon="-79.23609380610287189483642578125">
        <ele>4192</ele>
        <time>2026-08-27T20:27:57.000Z</time>
        <extensions>
          <ns3:TrackPointExtension>
            <ns3:hr>106</ns3:hr>
          </ns3:TrackPointExtension>
        </extensions>
      </trkpt>
      <trkpt lat="-2.756020389497280120849609375" lon="-79.23609363846480846405029296875">
        <ele>4192</ele>
        <time>2026-08-27T20:28:05.000Z</time>
        <extensions>
          <ns3:TrackPointExtension>
            <ns3:hr>102</ns3:hr>
          </ns3:TrackPointExtension>
        </extensions>
      </trkpt>
      <trkpt lat="-2.7560205571353435516357421875" lon="-79.2360935546457767486572265625">
        <ele>4192</ele>
        <time>2026-08-27T20:28:10.000Z</time>
        <extensions>
          <ns3:TrackPointExtension>
            <ns3:hr>98</ns3:hr>
          </ns3:TrackPointExtension>
        </extensions>
      </trkpt>
      <trkpt lat="-2.7560208924114704132080078125" lon="-79.2360927164554595947265625">
        <ele>4192</ele>
        <time>2026-08-27T20:28:25.000Z</time>
        <extensions>
          <ns3:TrackPointExtension>
            <ns3:hr>95</ns3:hr>
          </ns3:TrackPointExtension>
        </extensions>
      </trkpt>
      <trkpt lat="-2.7560212276875972747802734375" lon="-79.236092381179332733154296875">
        <ele>4192</ele>
        <time>2026-08-27T20:28:34.000Z</time>
        <extensions>
          <ns3:TrackPointExtension>
            <ns3:hr>92</ns3:hr>
          </ns3:TrackPointExtension>
        </extensions>
      </trkpt>
      <trkpt lat="-2.7560215629637241363525390625" lon="-79.23609204590320587158203125">
        <ele>4192</ele>
        <time>2026-08-27T20:28:43.000Z</time>
        <extensions>
          <ns3:TrackPointExtension>
            <ns3:hr>95</ns3:hr>
          </ns3:TrackPointExtension>
        </extensions>
      </trkpt>
      <trkpt lat="-2.75602181442081928253173828125" lon="-79.2360915429890155792236328125">
        <ele>4192</ele>
        <time>2026-08-27T20:28:52.000Z</time>
        <extensions>
          <ns3:TrackPointExtension>
            <ns3:hr>98</ns3:hr>
          </ns3:TrackPointExtension>
        </extensions>
      </trkpt>
      <trkpt lat="-2.75602181442081928253173828125" lon="-79.23609162680804729461669921875">
        <ele>4192</ele>
        <time>2026-08-27T20:29:03.000Z</time>
        <extensions>
          <ns3:TrackPointExtension>
            <ns3:hr>101</ns3:hr>
          </ns3:TrackPointExtension>
        </extensions>
      </trkpt>
      <trkpt lat="-2.75604042224586009979248046875" lon="-79.236139990389347076416015625">
        <ele>4192.39990234375</ele>
        <time>2026-08-27T20:29:10.000Z</time>
        <extensions>
          <ns3:TrackPointExtension>
            <ns3:hr>102</ns3:hr>
          </ns3:TrackPointExtension>
        </extensions>
      </trkpt>
      <trkpt lat="-2.75607814081013202667236328125" lon="-79.236238561570644378662109375">
        <ele>4193.39990234375</ele>
        <time>2026-08-27T20:29:19.000Z</time>
        <extensions>
          <ns3:TrackPointExtension>
            <ns3:hr>104</ns3:hr>
          </ns3:TrackPointExtension>
        </extensions>
      </trkpt>
      <trkpt lat="-2.75608576834201812744140625" lon="-79.2363295890390872955322265625">
        <ele>4195</ele>
        <time>2026-08-27T20:29:28.000Z</time>
        <extensions>
          <ns3:TrackPointExtension>
            <ns3:hr>104</ns3:hr>
          </ns3:TrackPointExtension>
        </extensions>
      </trkpt>
      <trkpt lat="-2.75610144250094890594482421875" lon="-79.23642941750586032867431640625">
        <ele>4196</ele>
        <time>2026-08-27T20:29:38.000Z</time>
        <extensions>
          <ns3:TrackPointExtension>
            <ns3:hr>106</ns3:hr>
          </ns3:TrackPointExtension>
        </extensions>
      </trkpt>
      <trkpt lat="-2.75612927041947841644287109375" lon="-79.2365297488868236541748046875">
        <ele>4196.60009765625</ele>
        <time>2026-08-27T20:29:48.000Z</time>
        <extensions>
          <ns3:TrackPointExtension>
            <ns3:hr>104</ns3:hr>
          </ns3:TrackPointExtension>
        </extensions>
      </trkpt>
      <trkpt lat="-2.756144441664218902587890625" lon="-79.23654659651219844818115234375">
        <ele>4196.39990234375</ele>
        <time>2026-08-27T20:29:51.000Z</time>
        <extensions>
          <ns3:TrackPointExtension>
            <ns3:hr>103</ns3:hr>
          </ns3:TrackPointExtension>
        </extensions>
      </trkpt>
      <trkpt lat="-2.756149806082248687744140625" lon="-79.23658012412488460540771484375">
        <ele>4196.7998046875</ele>
        <time>2026-08-27T20:29:54.000Z</time>
        <extensions>
          <ns3:TrackPointExtension>
            <ns3:hr>102</ns3:hr>
          </ns3:TrackPointExtension>
        </extensions>
      </trkpt>
      <trkpt lat="-2.75617101229727268218994140625" lon="-79.23667416907846927642822265625">
        <ele>4197.2001953125</ele>
        <time>2026-08-27T20:30:03.000Z</time>
        <extensions>
          <ns3:TrackPointExtension>
            <ns3:hr>102</ns3:hr>
          </ns3:TrackPointExtension>
        </extensions>
      </trkpt>
      <trkpt lat="-2.75616757571697235107421875" lon="-79.236699230968952178955078125">
        <ele>4197.60009765625</ele>
        <time>2026-08-27T20:30:06.000Z</time>
        <extensions>
          <ns3:TrackPointExtension>
            <ns3:hr>101</ns3:hr>
          </ns3:TrackPointExtension>
        </extensions>
      </trkpt>
      <trkpt lat="-2.75618492625653743743896484375" lon="-79.23672881908714771270751953125">
        <ele>4197.39990234375</ele>
        <time>2026-08-27T20:30:10.000Z</time>
        <extensions>
          <ns3:TrackPointExtension>
            <ns3:hr>104</ns3:hr>
          </ns3:TrackPointExtension>
        </extensions>
      </trkpt>
      <trkpt lat="-2.756181992590427398681640625" lon="-79.23674918711185455322265625">
        <ele>4197.60009765625</ele>
        <time>2026-08-27T20:30:12.000Z</time>
        <extensions>
          <ns3:TrackPointExtension>
            <ns3:hr>100</ns3:hr>
          </ns3:TrackPointExtension>
        </extensions>
      </trkpt>
      <trkpt lat="-2.756198756396770477294921875" lon="-79.236771650612354278564453125">
        <ele>4197.2001953125</ele>
        <time>2026-08-27T20:30:14.000Z</time>
        <extensions>
          <ns3:TrackPointExtension>
            <ns3:hr>101</ns3:hr>
          </ns3:TrackPointExtension>
        </extensions>
      </trkpt>
      <trkpt lat="-2.75622549466788768768310546875" lon="-79.2367895878851413726806640625">
        <ele>4196.2001953125</ele>
        <time>2026-08-27T20:30:16.000Z</time>
        <extensions>
          <ns3:TrackPointExtension>
            <ns3:hr>100</ns3:hr>
          </ns3:TrackPointExtension>
        </extensions>
      </trkpt>
      <trkpt lat="-2.7562688291072845458984375" lon="-79.2368620075285434722900390625">
        <ele>4195.2001953125</ele>
        <time>2026-08-27T20:30:25.000Z</time>
        <extensions>
          <ns3:TrackPointExtension>
            <ns3:hr>101</ns3:hr>
          </ns3:TrackPointExtension>
        </extensions>
      </trkpt>
      <trkpt lat="-2.7562807314097881317138671875" lon="-79.23692755401134490966796875">
        <ele>4196</ele>
        <time>2026-08-27T20:30:31.000Z</time>
        <extensions>
          <ns3:TrackPointExtension>
            <ns3:hr>98</ns3:hr>
          </ns3:TrackPointExtension>
        </extensions>
      </trkpt>
      <trkpt lat="-2.7562998421490192413330078125" lon="-79.236955381929874420166015625">
        <ele>4195.7998046875</ele>
        <time>2026-08-27T20:30:34.000Z</time>
        <extensions>
          <ns3:TrackPointExtension>
            <ns3:hr>99</ns3:hr>
          </ns3:TrackPointExtension>
        </extensions>
      </trkpt>
      <trkpt lat="-2.7563947252929210662841796875" lon="-79.23705621622502803802490234375">
        <ele>4193.7998046875</ele>
        <time>2026-08-27T20:30:45.000Z</time>
        <extensions>
          <ns3:TrackPointExtension>
            <ns3:hr>99</ns3:hr>
          </ns3:TrackPointExtension>
        </extensions>
      </trkpt>
      <trkpt lat="-2.75641995482146739959716796875" lon="-79.23708639107644557952880859375">
        <ele>4193.39990234375</ele>
        <time>2026-08-27T20:30:49.000Z</time>
        <extensions>
          <ns3:TrackPointExtension>
            <ns3:hr>96</ns3:hr>
          </ns3:TrackPointExtension>
        </extensions>
      </trkpt>
      <trkpt lat="-2.75643403641879558563232421875" lon="-79.23710399307310581207275390625">
        <ele>4193.2001953125</ele>
        <time>2026-08-27T20:30:51.000Z</time>
        <extensions>
          <ns3:TrackPointExtension>
            <ns3:hr>99</ns3:hr>
          </ns3:TrackPointExtension>
        </extensions>
      </trkpt>
      <trkpt lat="-2.75646270252764225006103515625" lon="-79.23712377436459064483642578125">
        <ele>4192.39990234375</ele>
        <time>2026-08-27T20:30:55.000Z</time>
        <extensions>
          <ns3:TrackPointExtension>
            <ns3:hr>99</ns3:hr>
          </ns3:TrackPointExtension>
        </extensions>
      </trkpt>
      <trkpt lat="-2.75654752738773822784423828125" lon="-79.23720055259764194488525390625">
        <ele>4191.7998046875</ele>
        <time>2026-08-27T20:31:05.000Z</time>
        <extensions>
          <ns3:TrackPointExtension>
            <ns3:hr>100</ns3:hr>
          </ns3:TrackPointExtension>
        </extensions>
      </trkpt>
      <trkpt lat="-2.75658373720943927764892578125" lon="-79.2372596450150012969970703125">
        <ele>4192.60009765625</ele>
        <time>2026-08-27T20:31:11.000Z</time>
        <extensions>
          <ns3:TrackPointExtension>
            <ns3:hr>104</ns3:hr>
          </ns3:TrackPointExtension>
        </extensions>
      </trkpt>
      <trkpt lat="-2.75659228675067424774169921875" lon="-79.2372666858136653900146484375">
        <ele>4192.39990234375</ele>
        <time>2026-08-27T20:31:12.000Z</time>
        <extensions>
          <ns3:TrackPointExtension>
            <ns3:hr>103</ns3:hr>
          </ns3:TrackPointExtension>
        </extensions>
      </trkpt>
      <trkpt lat="-2.756646014750003814697265625" lon="-79.23732141964137554168701171875">
        <ele>4192.60009765625</ele>
        <time>2026-08-27T20:31:19.000Z</time>
        <extensions>
          <ns3:TrackPointExtension>
            <ns3:hr>100</ns3:hr>
          </ns3:TrackPointExtension>
        </extensions>
      </trkpt>
      <trkpt lat="-2.75670493952929973602294921875" lon="-79.23735394142568111419677734375">
        <ele>4191.60009765625</ele>
        <time>2026-08-27T20:31:24.000Z</time>
        <extensions>
          <ns3:TrackPointExtension>
            <ns3:hr>104</ns3:hr>
          </ns3:TrackPointExtension>
        </extensions>
      </trkpt>
      <trkpt lat="-2.75671667419373989105224609375" lon="-79.23735796473920345306396484375">
        <ele>4191.2001953125</ele>
        <time>2026-08-27T20:31:25.000Z</time>
        <extensions>
          <ns3:TrackPointExtension>
            <ns3:hr>107</ns3:hr>
          </ns3:TrackPointExtension>
        </extensions>
      </trkpt>
      <trkpt lat="-2.75675070472061634063720703125" lon="-79.2373746447265148162841796875">
        <ele>4190.7998046875</ele>
        <time>2026-08-27T20:31:28.000Z</time>
        <extensions>
          <ns3:TrackPointExtension>
            <ns3:hr>103</ns3:hr>
          </ns3:TrackPointExtension>
        </extensions>
      </trkpt>
      <trkpt lat="-2.7568262256681919097900390625" lon="-79.237399958074092864990234375">
        <ele>4189.2001953125</ele>
        <time>2026-08-27T20:31:35.000Z</time>
        <extensions>
          <ns3:TrackPointExtension>
            <ns3:hr>101</ns3:hr>
          </ns3:TrackPointExtension>
        </extensions>
      </trkpt>
      <trkpt lat="-2.75686235167086124420166015625" lon="-79.23742384649813175201416015625">
        <ele>4188.7998046875</ele>
        <time>2026-08-27T20:31:39.000Z</time>
        <extensions>
          <ns3:TrackPointExtension>
            <ns3:hr>98</ns3:hr>
          </ns3:TrackPointExtension>
        </extensions>
      </trkpt>
      <trkpt lat="-2.75692286901175975799560546875" lon="-79.23746726475656032562255859375">
        <ele>4188.7998046875</ele>
        <time>2026-08-27T20:31:46.000Z</time>
        <extensions>
          <ns3:TrackPointExtension>
            <ns3:hr>98</ns3:hr>
          </ns3:TrackPointExtension>
        </extensions>
      </trkpt>
      <trkpt lat="-2.757008112967014312744140625" lon="-79.237524680793285369873046875">
        <ele>4188.39990234375</ele>
        <time>2026-08-27T20:31:55.000Z</time>
        <extensions>
          <ns3:TrackPointExtension>
            <ns3:hr>99</ns3:hr>
          </ns3:TrackPointExtension>
        </extensions>
      </trkpt>
      <trkpt lat="-2.75704868137836456298828125" lon="-79.23756097443401813507080078125">
        <ele>4188.7998046875</ele>
        <time>2026-08-27T20:32:00.000Z</time>
        <extensions>
          <ns3:TrackPointExtension>
            <ns3:hr>96</ns3:hr>
          </ns3:TrackPointExtension>
        </extensions>
      </trkpt>
      <trkpt lat="-2.757096625864505767822265625" lon="-79.23762065358459949493408203125">
        <ele>4190</ele>
        <time>2026-08-27T20:32:07.000Z</time>
        <extensions>
          <ns3:TrackPointExtension>
            <ns3:hr>93</ns3:hr>
          </ns3:TrackPointExtension>
        </extensions>
      </trkpt>
      <trkpt lat="-2.7571034990251064300537109375" lon="-79.2376307956874370574951171875">
        <ele>4190.2001953125</ele>
        <time>2026-08-27T20:32:08.000Z</time>
        <extensions>
          <ns3:TrackPointExtension>
            <ns3:hr>96</ns3:hr>
          </ns3:TrackPointExtension>
        </extensions>
      </trkpt>
      <trkpt lat="-2.75713426060974597930908203125" lon="-79.23766876570880413055419921875">
        <ele>4191</ele>
        <time>2026-08-27T20:32:12.000Z</time>
        <extensions>
          <ns3:TrackPointExtension>
            <ns3:hr>99</ns3:hr>
          </ns3:TrackPointExtension>
        </extensions>
      </trkpt>
      <trkpt lat="-2.75715705938637256622314453125" lon="-79.23770212568342685699462890625">
        <ele>4191.7998046875</ele>
        <time>2026-08-27T20:32:16.000Z</time>
        <extensions>
          <ns3:TrackPointExtension>
            <ns3:hr>102</ns3:hr>
          </ns3:TrackPointExtension>
        </extensions>
      </trkpt>
      <trkpt lat="-2.7571782656013965606689453125" lon="-79.237730205059051513671875">
        <ele>4192.39990234375</ele>
        <time>2026-08-27T20:32:19.000Z</time>
        <extensions>
          <ns3:TrackPointExtension>
            <ns3:hr>102</ns3:hr>
          </ns3:TrackPointExtension>
        </extensions>
      </trkpt>
      <trkpt lat="-2.7571889944374561309814453125" lon="-79.237754009664058685302734375">
        <ele>4193</ele>
        <time>2026-08-27T20:32:21.000Z</time>
        <extensions>
          <ns3:TrackPointExtension>
            <ns3:hr>98</ns3:hr>
          </ns3:TrackPointExtension>
        </extensions>
      </trkpt>
      <trkpt lat="-2.75723702274262905120849609375" lon="-79.237839169800281524658203125">
        <ele>4195</ele>
        <time>2026-08-27T20:32:30.000Z</time>
        <extensions>
          <ns3:TrackPointExtension>
            <ns3:hr>97</ns3:hr>
          </ns3:TrackPointExtension>
        </extensions>
      </trkpt>
      <trkpt lat="-2.757258899509906768798828125" lon="-79.23788066022098064422607421875">
        <ele>4196</ele>
        <time>2026-08-27T20:32:38.000Z</time>
        <extensions>
          <ns3:TrackPointExtension>
            <ns3:hr>98</ns3:hr>
          </ns3:TrackPointExtension>
        </extensions>
      </trkpt>
      <trkpt lat="-2.757288403809070587158203125" lon="-79.2379402555525302886962890625">
        <ele>4197.39990234375</ele>
        <time>2026-08-27T20:32:44.000Z</time>
        <extensions>
          <ns3:TrackPointExtension>
            <ns3:hr>99</ns3:hr>
          </ns3:TrackPointExtension>
        </extensions>
      </trkpt>
      <trkpt lat="-2.75734548456966876983642578125" lon="-79.238043688237667083740234375">
        <ele>4199.7998046875</ele>
        <time>2026-08-27T20:32:54.000Z</time>
        <extensions>
          <ns3:TrackPointExtension>
            <ns3:hr>97</ns3:hr>
          </ns3:TrackPointExtension>
        </extensions>
      </trkpt>
      <trkpt lat="-2.757354788482189178466796875" lon="-79.2380529083311557769775390625">
        <ele>4199.7998046875</ele>
        <time>2026-08-27T20:32:55.000Z</time>
        <extensions>
          <ns3:TrackPointExtension>
            <ns3:hr>98</ns3:hr>
          </ns3:TrackPointExtension>
        </extensions>
      </trkpt>
      <trkpt lat="-2.75737666524946689605712890625" lon="-79.23808149062097072601318359375">
        <ele>4200.2001953125</ele>
        <time>2026-08-27T20:32:58.000Z</time>
        <extensions>
          <ns3:TrackPointExtension>
            <ns3:hr>95</ns3:hr>
          </ns3:TrackPointExtension>
        </extensions>
      </trkpt>
      <trkpt lat="-2.7573861368000507354736328125" lon="-79.23808735795319080352783203125">
        <ele>4200</ele>
        <time>2026-08-27T20:32:59.000Z</time>
        <extensions>
          <ns3:TrackPointExtension>
            <ns3:hr>99</ns3:hr>
          </ns3:TrackPointExtension>
        </extensions>
      </trkpt>
      <trkpt lat="-2.75740809738636016845703125" lon="-79.238094985485076904296875">
        <ele>4199.39990234375</ele>
        <time>2026-08-27T20:33:01.000Z</time>
        <extensions>
          <ns3:TrackPointExtension>
            <ns3:hr>99</ns3:hr>
          </ns3:TrackPointExtension>
        </extensions>
      </trkpt>
      <trkpt lat="-2.75744564831256866455078125" lon="-79.23810428939759731292724609375">
        <ele>4198.39990234375</ele>
        <time>2026-08-27T20:33:04.000Z</time>
        <extensions>
          <ns3:TrackPointExtension>
            <ns3:hr>103</ns3:hr>
          </ns3:TrackPointExtension>
        </extensions>
      </trkpt>
      <trkpt lat="-2.757474146783351898193359375" lon="-79.238117448985576629638671875">
        <ele>4197.7998046875</ele>
        <time>2026-08-27T20:33:07.000Z</time>
        <extensions>
          <ns3:TrackPointExtension>
            <ns3:hr>101</ns3:hr>
          </ns3:TrackPointExtension>
        </extensions>
      </trkpt>
      <trkpt lat="-2.7575242705643177032470703125" lon="-79.238179139792919158935546875">
        <ele>4198.39990234375</ele>
        <time>2026-08-27T20:33:14.000Z</time>
        <extensions>
          <ns3:TrackPointExtension>
            <ns3:hr>98</ns3:hr>
          </ns3:TrackPointExtension>
        </extensions>
      </trkpt>
      <trkpt lat="-2.75752971880137920379638671875" lon="-79.23819079063832759857177734375">
        <ele>4198.7998046875</ele>
        <time>2026-08-27T20:33:15.000Z</time>
        <extensions>
          <ns3:TrackPointExtension>
            <ns3:hr>98</ns3:hr>
          </ns3:TrackPointExtension>
        </extensions>
      </trkpt>
      <trkpt lat="-2.75756458751857280731201171875" lon="-79.2382197082042694091796875">
        <ele>4198.60009765625</ele>
        <time>2026-08-27T20:33:19.000Z</time>
        <extensions>
          <ns3:TrackPointExtension>
            <ns3:hr>101</ns3:hr>
          </ns3:TrackPointExtension>
        </extensions>
      </trkpt>
      <trkpt lat="-2.75759493000805377960205078125" lon="-79.23823915421962738037109375">
        <ele>4198.39990234375</ele>
        <time>2026-08-27T20:33:22.000Z</time>
        <extensions>
          <ns3:TrackPointExtension>
            <ns3:hr>100</ns3:hr>
          </ns3:TrackPointExtension>
        </extensions>
      </trkpt>
      <trkpt lat="-2.75769182480871677398681640625" lon="-79.2382332868874073028564453125">
        <ele>4195.39990234375</ele>
        <time>2026-08-27T20:33:30.000Z</time>
        <extensions>
          <ns3:TrackPointExtension>
            <ns3:hr>97</ns3:hr>
          </ns3:TrackPointExtension>
        </extensions>
      </trkpt>
      <trkpt lat="-2.757702134549617767333984375" lon="-79.238230101764202117919921875">
        <ele>4195</ele>
        <time>2026-08-27T20:33:31.000Z</time>
        <extensions>
          <ns3:TrackPointExtension>
            <ns3:hr>97</ns3:hr>
          </ns3:TrackPointExtension>
        </extensions>
      </trkpt>
      <trkpt lat="-2.75773775763809680938720703125" lon="-79.23823286779224872589111328125">
        <ele>4194.2001953125</ele>
        <time>2026-08-27T20:33:35.000Z</time>
        <extensions>
          <ns3:TrackPointExtension>
            <ns3:hr>94</ns3:hr>
          </ns3:TrackPointExtension>
        </extensions>
      </trkpt>
      <trkpt lat="-2.75776625610888004302978515625" lon="-79.2382332868874073028564453125">
        <ele>4193.39990234375</ele>
        <time>2026-08-27T20:33:38.000Z</time>
        <extensions>
          <ns3:TrackPointExtension>
            <ns3:hr>95</ns3:hr>
          </ns3:TrackPointExtension>
        </extensions>
      </trkpt>
      <trkpt lat="-2.75781688280403614044189453125" lon="-79.2382329516112804412841796875">
        <ele>4191.7998046875</ele>
        <time>2026-08-27T20:33:43.000Z</time>
        <extensions>
          <ns3:TrackPointExtension>
            <ns3:hr>98</ns3:hr>
          </ns3:TrackPointExtension>
        </extensions>
      </trkpt>
      <trkpt lat="-2.75783917866647243499755859375" lon="-79.23823378980159759521484375">
        <ele>4191.2001953125</ele>
        <time>2026-08-27T20:33:45.000Z</time>
        <extensions>
          <ns3:TrackPointExtension>
            <ns3:hr>96</ns3:hr>
          </ns3:TrackPointExtension>
        </extensions>
      </trkpt>
      <trkpt lat="-2.75793959386646747589111328125" lon="-79.23825197853147983551025390625">
        <ele>4189</ele>
        <time>2026-08-27T20:33:55.000Z</time>
        <extensions>
          <ns3:TrackPointExtension>
            <ns3:hr>93</ns3:hr>
          </ns3:TrackPointExtension>
        </extensions>
      </trkpt>
      <trkpt lat="-2.75795149616897106170654296875" lon="-79.2382684908807277679443359375">
        <ele>4189.2001953125</ele>
        <time>2026-08-27T20:33:57.000Z</time>
        <extensions>
          <ns3:TrackPointExtension>
            <ns3:hr>93</ns3:hr>
          </ns3:TrackPointExtension>
        </extensions>
      </trkpt>
      <trkpt lat="-2.75800514034926891326904296875" lon="-79.2383516393601894378662109375">
        <ele>4189.2001953125</ele>
        <time>2026-08-27T20:34:06.000Z</time>
        <extensions>
          <ns3:TrackPointExtension>
            <ns3:hr>93</ns3:hr>
          </ns3:TrackPointExtension>
        </extensions>
      </trkpt>
      <trkpt lat="-2.7580084092915058135986328125" lon="-79.23836781643331050872802734375">
        <ele>4189.39990234375</ele>
        <time>2026-08-27T20:34:07.000Z</time>
        <extensions>
          <ns3:TrackPointExtension>
            <ns3:hr>93</ns3:hr>
          </ns3:TrackPointExtension>
        </extensions>
      </trkpt>
      <trkpt lat="-2.75803028605878353118896484375" lon="-79.238385669887065887451171875">
        <ele>4189</ele>
        <time>2026-08-27T20:34:10.000Z</time>
        <extensions>
          <ns3:TrackPointExtension>
            <ns3:hr>96</ns3:hr>
          </ns3:TrackPointExtension>
        </extensions>
      </trkpt>
      <trkpt lat="-2.7580536715686321258544921875" lon="-79.23842556774616241455078125">
        <ele>4189</ele>
        <time>2026-08-27T20:34:16.000Z</time>
        <extensions>
          <ns3:TrackPointExtension>
            <ns3:hr>93</ns3:hr>
          </ns3:TrackPointExtension>
        </extensions>
      </trkpt>
      <trkpt lat="-2.7580560185015201568603515625" lon="-79.23843906261026859283447265625">
        <ele>4189.2001953125</ele>
        <time>2026-08-27T20:34:17.000Z</time>
        <extensions>
          <ns3:TrackPointExtension>
            <ns3:hr>91</ns3:hr>
          </ns3:TrackPointExtension>
        </extensions>
      </trkpt>
      <trkpt lat="-2.75805610232055187225341796875" lon="-79.23850963823497295379638671875">
        <ele>4191.39990234375</ele>
        <time>2026-08-27T20:34:23.000Z</time>
        <extensions>
          <ns3:TrackPointExtension>
            <ns3:hr>96</ns3:hr>
          </ns3:TrackPointExtension>
        </extensions>
      </trkpt>
      <trkpt lat="-2.75805258192121982574462890625" lon="-79.23852338455617427825927734375">
        <ele>4192.2001953125</ele>
        <time>2026-08-27T20:34:24.000Z</time>
        <extensions>
          <ns3:TrackPointExtension>
            <ns3:hr>96</ns3:hr>
          </ns3:TrackPointExtension>
        </extensions>
      </trkpt>
      <trkpt lat="-2.7580540068447589874267578125" lon="-79.2385635338723659515380859375">
        <ele>4193.39990234375</ele>
        <time>2026-08-27T20:34:28.000Z</time>
        <extensions>
          <ns3:TrackPointExtension>
            <ns3:hr>95</ns3:hr>
          </ns3:TrackPointExtension>
        </extensions>
      </trkpt>
      <trkpt lat="-2.7580496482551097869873046875" lon="-79.23858121968805789947509765625">
        <ele>4194.2001953125</ele>
        <time>2026-08-27T20:34:31.000Z</time>
        <extensions>
          <ns3:TrackPointExtension>
            <ns3:hr>98</ns3:hr>
          </ns3:TrackPointExtension>
        </extensions>
      </trkpt>
      <trkpt lat="-2.75804269127547740936279296875" lon="-79.238679371774196624755859375">
        <ele>4197.39990234375</ele>
        <time>2026-08-27T20:34:39.000Z</time>
        <extensions>
          <ns3:TrackPointExtension>
            <ns3:hr>99</ns3:hr>
          </ns3:TrackPointExtension>
        </extensions>
      </trkpt>
      <trkpt lat="-2.75806716643273830413818359375" lon="-79.23868381418287754058837890625">
        <ele>4196.2001953125</ele>
        <time>2026-08-27T20:34:42.000Z</time>
        <extensions>
          <ns3:TrackPointExtension>
            <ns3:hr>103</ns3:hr>
          </ns3:TrackPointExtension>
        </extensions>
      </trkpt>
      <trkpt lat="-2.758099101483821868896484375" lon="-79.23873938620090484619140625">
        <ele>4196.2001953125</ele>
        <time>2026-08-27T20:34:47.000Z</time>
        <extensions>
          <ns3:TrackPointExtension>
            <ns3:hr>100</ns3:hr>
          </ns3:TrackPointExtension>
        </extensions>
      </trkpt>
      <trkpt lat="-2.7581066451966762542724609375" lon="-79.23875170759856700897216796875">
        <ele>4196.2001953125</ele>
        <time>2026-08-27T20:34:48.000Z</time>
        <extensions>
          <ns3:TrackPointExtension>
            <ns3:hr>100</ns3:hr>
          </ns3:TrackPointExtension>
        </extensions>
      </trkpt>
      <trkpt lat="-2.7581973373889923095703125" lon="-79.2387747578322887420654296875">
        <ele>4194.2001953125</ele>
        <time>2026-08-27T20:34:56.000Z</time>
        <extensions>
          <ns3:TrackPointExtension>
            <ns3:hr>99</ns3:hr>
          </ns3:TrackPointExtension>
        </extensions>
      </trkpt>
      <trkpt lat="-2.758296914398670196533203125" lon="-79.2387616820633411407470703125">
        <ele>4191.7998046875</ele>
        <time>2026-08-27T20:35:05.000Z</time>
        <extensions>
          <ns3:TrackPointExtension>
            <ns3:hr>101</ns3:hr>
          </ns3:TrackPointExtension>
        </extensions>
      </trkpt>
      <trkpt lat="-2.758400849997997283935546875" lon="-79.23878724686801433563232421875">
        <ele>4190.60009765625</ele>
        <time>2026-08-27T20:35:16.000Z</time>
        <extensions>
          <ns3:TrackPointExtension>
            <ns3:hr>102</ns3:hr>
          </ns3:TrackPointExtension>
        </extensions>
      </trkpt>
      <trkpt lat="-2.75851945392787456512451171875" lon="-79.23875874839723110198974609375">
        <ele>4189</ele>
        <time>2026-08-27T20:35:26.000Z</time>
        <extensions>
          <ns3:TrackPointExtension>
            <ns3:hr>105</ns3:hr>
          </ns3:TrackPointExtension>
        </extensions>
      </trkpt>
      <trkpt lat="-2.75854024104773998260498046875" lon="-79.23874114640057086944580078125">
        <ele>4188.39990234375</ele>
        <time>2026-08-27T20:35:28.000Z</time>
        <extensions>
          <ns3:TrackPointExtension>
            <ns3:hr>102</ns3:hr>
          </ns3:TrackPointExtension>
        </extensions>
      </trkpt>
      <trkpt lat="-2.7586159296333789825439453125" lon="-79.23867023549973964691162109375">
        <ele>4187</ele>
        <time>2026-08-27T20:35:39.000Z</time>
        <extensions>
          <ns3:TrackPointExtension>
            <ns3:hr>103</ns3:hr>
          </ns3:TrackPointExtension>
        </extensions>
      </trkpt>
      <trkpt lat="-2.758685164153575897216796875" lon="-79.23861198127269744873046875">
        <ele>4185.7998046875</ele>
        <time>2026-08-27T20:35:47.000Z</time>
        <extensions>
          <ns3:TrackPointExtension>
            <ns3:hr>106</ns3:hr>
          </ns3:TrackPointExtension>
        </extensions>
      </trkpt>
      <trkpt lat="-2.75869413278996944427490234375" lon="-79.23860485665500164031982421875">
        <ele>4185.39990234375</ele>
        <time>2026-08-27T20:35:48.000Z</time>
        <extensions>
          <ns3:TrackPointExtension>
            <ns3:hr>103</ns3:hr>
          </ns3:TrackPointExtension>
        </extensions>
      </trkpt>
      <trkpt lat="-2.7587034367024898529052734375" lon="-79.23859580419957637786865234375">
        <ele>4185</ele>
        <time>2026-08-27T20:35:49.000Z</time>
        <extensions>
          <ns3:TrackPointExtension>
            <ns3:hr>107</ns3:hr>
          </ns3:TrackPointExtension>
        </extensions>
      </trkpt>
      <trkpt lat="-2.7587203681468963623046875" lon="-79.238578788936138153076171875">
        <ele>4184.39990234375</ele>
        <time>2026-08-27T20:35:51.000Z</time>
        <extensions>
          <ns3:TrackPointExtension>
            <ns3:hr>104</ns3:hr>
          </ns3:TrackPointExtension>
        </extensions>
      </trkpt>
      <trkpt lat="-2.7587393112480640411376953125" lon="-79.23856261186301708221435546875">
        <ele>4183.7998046875</ele>
        <time>2026-08-27T20:35:53.000Z</time>
        <extensions>
          <ns3:TrackPointExtension>
            <ns3:hr>106</ns3:hr>
          </ns3:TrackPointExtension>
        </extensions>
      </trkpt>
      <trkpt lat="-2.758785076439380645751953125" lon="-79.23852975480258464813232421875">
        <ele>4182.7998046875</ele>
        <time>2026-08-27T20:35:58.000Z</time>
        <extensions>
          <ns3:TrackPointExtension>
            <ns3:hr>109</ns3:hr>
          </ns3:TrackPointExtension>
        </extensions>
      </trkpt>
      <trkpt lat="-2.75885255075991153717041015625" lon="-79.23847761936485767364501953125">
        <ele>4180.60009765625</ele>
        <time>2026-08-27T20:36:06.000Z</time>
        <extensions>
          <ns3:TrackPointExtension>
            <ns3:hr>102</ns3:hr>
          </ns3:TrackPointExtension>
        </extensions>
      </trkpt>
      <trkpt lat="-2.75886026211082935333251953125" lon="-79.23847116529941558837890625">
        <ele>4180.39990234375</ele>
        <time>2026-08-27T20:36:07.000Z</time>
        <extensions>
          <ns3:TrackPointExtension>
            <ns3:hr>106</ns3:hr>
          </ns3:TrackPointExtension>
        </extensions>
      </trkpt>
      <trkpt lat="-2.7588786184787750244140625" lon="-79.2384575866162776947021484375">
        <ele>4180</ele>
        <time>2026-08-27T20:36:09.000Z</time>
        <extensions>
          <ns3:TrackPointExtension>
            <ns3:hr>103</ns3:hr>
          </ns3:TrackPointExtension>
        </extensions>
      </trkpt>
      <trkpt lat="-2.75891910307109355926513671875" lon="-79.23844861797988414764404296875">
        <ele>4178.7998046875</ele>
        <time>2026-08-27T20:36:13.000Z</time>
        <extensions>
          <ns3:TrackPointExtension>
            <ns3:hr>100</ns3:hr>
          </ns3:TrackPointExtension>
        </extensions>
      </trkpt>
      <trkpt lat="-2.75895430706441402435302734375" lon="-79.2384528927505016326904296875">
        <ele>4178</ele>
        <time>2026-08-27T20:36:17.000Z</time>
        <extensions>
          <ns3:TrackPointExtension>
            <ns3:hr>99</ns3:hr>
          </ns3:TrackPointExtension>
        </extensions>
      </trkpt>
      <trkpt lat="-2.7589686401188373565673828125" lon="-79.238516427576541900634765625">
        <ele>4178.39990234375</ele>
        <time>2026-08-27T20:36:24.000Z</time>
        <extensions>
          <ns3:TrackPointExtension>
            <ns3:hr>99</ns3:hr>
          </ns3:TrackPointExtension>
        </extensions>
      </trkpt>
      <trkpt lat="-2.75896872393786907196044921875" lon="-79.2385269887745380401611328125">
        <ele>4178.60009765625</ele>
        <time>2026-08-27T20:36:25.000Z</time>
        <extensions>
          <ns3:TrackPointExtension>
            <ns3:hr>95</ns3:hr>
          </ns3:TrackPointExtension>
        </extensions>
      </trkpt>
      <trkpt lat="-2.758970148861408233642578125" lon="-79.238537214696407318115234375">
        <ele>4178.7998046875</ele>
        <time>2026-08-27T20:36:26.000Z</time>
        <extensions>
          <ns3:TrackPointExtension>
            <ns3:hr>99</ns3:hr>
          </ns3:TrackPointExtension>
        </extensions>
      </trkpt>
      <trkpt lat="-2.758976854383945465087890625" lon="-79.2385809682309627532958984375">
        <ele>4178.7998046875</ele>
        <time>2026-08-27T20:36:31.000Z</time>
        <extensions>
          <ns3:TrackPointExtension>
            <ns3:hr>100</ns3:hr>
          </ns3:TrackPointExtension>
        </extensions>
      </trkpt>
      <trkpt lat="-2.75897174142301082611083984375" lon="-79.2386098019778728485107421875">
        <ele>4179</ele>
        <time>2026-08-27T20:36:34.000Z</time>
        <extensions>
          <ns3:TrackPointExtension>
            <ns3:hr>103</ns3:hr>
          </ns3:TrackPointExtension>
        </extensions>
      </trkpt>
      <trkpt lat="-2.75896847248077392578125" lon="-79.23862162046134471893310546875">
        <ele>4179.2001953125</ele>
        <time>2026-08-27T20:36:35.000Z</time>
        <extensions>
          <ns3:TrackPointExtension>
            <ns3:hr>100</ns3:hr>
          </ns3:TrackPointExtension>
        </extensions>
      </trkpt>
      <trkpt lat="-2.7589636109769344329833984375" lon="-79.238656572997570037841796875">
        <ele>4179.39990234375</ele>
        <time>2026-08-27T20:36:38.000Z</time>
        <extensions>
          <ns3:TrackPointExtension>
            <ns3:hr>101</ns3:hr>
          </ns3:TrackPointExtension>
        </extensions>
      </trkpt>
      <trkpt lat="-2.7589644491672515869140625" lon="-79.23867476172745227813720703125">
        <ele>4179.39990234375</ele>
        <time>2026-08-27T20:36:39.000Z</time>
        <extensions>
          <ns3:TrackPointExtension>
            <ns3:hr>101</ns3:hr>
          </ns3:TrackPointExtension>
        </extensions>
      </trkpt>
      <trkpt lat="-2.7589642815291881561279296875" lon="-79.23870191909372806549072265625">
        <ele>4179.60009765625</ele>
        <time>2026-08-27T20:36:41.000Z</time>
        <extensions>
          <ns3:TrackPointExtension>
            <ns3:hr>101</ns3:hr>
          </ns3:TrackPointExtension>
        </extensions>
      </trkpt>
      <trkpt lat="-2.7589525468647480010986328125" lon="-79.23872387968003749847412109375">
        <ele>4179.7998046875</ele>
        <time>2026-08-27T20:36:43.000Z</time>
        <extensions>
          <ns3:TrackPointExtension>
            <ns3:hr>102</ns3:hr>
          </ns3:TrackPointExtension>
        </extensions>
      </trkpt>
      <trkpt lat="-2.75895304977893829345703125" lon="-79.23873804509639739990234375">
        <ele>4179.7998046875</ele>
        <time>2026-08-27T20:36:44.000Z</time>
        <extensions>
          <ns3:TrackPointExtension>
            <ns3:hr>103</ns3:hr>
          </ns3:TrackPointExtension>
        </extensions>
      </trkpt>
      <trkpt lat="-2.75894877500832080841064453125" lon="-79.23883519135415554046630859375">
        <ele>4181</ele>
        <time>2026-08-27T20:36:50.000Z</time>
        <extensions>
          <ns3:TrackPointExtension>
            <ns3:hr>103</ns3:hr>
          </ns3:TrackPointExtension>
        </extensions>
      </trkpt>
      <trkpt lat="-2.75896419771015644073486328125" lon="-79.23894063569605350494384765625">
        <ele>4184</ele>
        <time>2026-08-27T20:36:58.000Z</time>
        <extensions>
          <ns3:TrackPointExtension>
            <ns3:hr>101</ns3:hr>
          </ns3:TrackPointExtension>
        </extensions>
      </trkpt>
      <trkpt lat="-2.7590100467205047607421875" lon="-79.239092767238616943359375">
        <ele>4188</ele>
        <time>2026-08-27T20:37:09.000Z</time>
        <extensions>
          <ns3:TrackPointExtension>
            <ns3:hr>98</ns3:hr>
          </ns3:TrackPointExtension>
        </extensions>
      </trkpt>
      <trkpt lat="-2.75910518132150173187255859375" lon="-79.23915638588368892669677734375">
        <ele>4190.60009765625</ele>
        <time>2026-08-27T20:37:17.000Z</time>
        <extensions>
          <ns3:TrackPointExtension>
            <ns3:hr>98</ns3:hr>
          </ns3:TrackPointExtension>
        </extensions>
      </trkpt>
      <trkpt lat="-2.759200818836688995361328125" lon="-79.239170551300048828125">
        <ele>4190</ele>
        <time>2026-08-27T20:37:25.000Z</time>
        <extensions>
          <ns3:TrackPointExtension>
            <ns3:hr>100</ns3:hr>
          </ns3:TrackPointExtension>
        </extensions>
      </trkpt>
      <trkpt lat="-2.75933685712516307830810546875" lon="-79.2391361854970455169677734375">
        <ele>4186.7998046875</ele>
        <time>2026-08-27T20:37:37.000Z</time>
        <extensions>
          <ns3:TrackPointExtension>
            <ns3:hr>101</ns3:hr>
          </ns3:TrackPointExtension>
        </extensions>
      </trkpt>
      <trkpt lat="-2.7594427205622196197509765625" lon="-79.23913626931607723236083984375">
        <ele>4186.39990234375</ele>
        <time>2026-08-27T20:37:47.000Z</time>
        <extensions>
          <ns3:TrackPointExtension>
            <ns3:hr>99</ns3:hr>
          </ns3:TrackPointExtension>
        </extensions>
      </trkpt>
      <trkpt lat="-2.759515978395938873291015625" lon="-79.23919125460088253021240234375">
        <ele>4190.39990234375</ele>
        <time>2026-08-27T20:37:55.000Z</time>
        <extensions>
          <ns3:TrackPointExtension>
            <ns3:hr>95</ns3:hr>
          </ns3:TrackPointExtension>
        </extensions>
      </trkpt>
      <trkpt lat="-2.75956057012081146240234375" lon="-79.2392015643417835235595703125">
        <ele>4191</ele>
        <time>2026-08-27T20:37:59.000Z</time>
        <extensions>
          <ns3:TrackPointExtension>
            <ns3:hr>96</ns3:hr>
          </ns3:TrackPointExtension>
        </extensions>
      </trkpt>
      <trkpt lat="-2.75960356928408145904541015625" lon="-79.2391998879611492156982421875">
        <ele>4190.60009765625</ele>
        <time>2026-08-27T20:38:03.000Z</time>
        <extensions>
          <ns3:TrackPointExtension>
            <ns3:hr>99</ns3:hr>
          </ns3:TrackPointExtension>
        </extensions>
      </trkpt>
      <trkpt lat="-2.7596864663064479827880859375" lon="-79.239199720323085784912109375">
        <ele>4189.60009765625</ele>
        <time>2026-08-27T20:38:11.000Z</time>
        <extensions>
          <ns3:TrackPointExtension>
            <ns3:hr>98</ns3:hr>
          </ns3:TrackPointExtension>
        </extensions>
      </trkpt>
      <trkpt lat="-2.75972778908908367156982421875" lon="-79.2392086051404476165771484375">
        <ele>4189.7998046875</ele>
        <time>2026-08-27T20:38:15.000Z</time>
        <extensions>
          <ns3:TrackPointExtension>
            <ns3:hr>101</ns3:hr>
          </ns3:TrackPointExtension>
        </extensions>
      </trkpt>
      <trkpt lat="-2.75977606885135173797607421875" lon="-79.23920047469437122344970703125">
        <ele>4188.39990234375</ele>
        <time>2026-08-27T20:38:20.000Z</time>
        <extensions>
          <ns3:TrackPointExtension>
            <ns3:hr>100</ns3:hr>
          </ns3:TrackPointExtension>
        </extensions>
      </trkpt>
      <trkpt lat="-2.75982200168073177337646484375" lon="-79.23920818604528903961181640625">
        <ele>4188.2001953125</ele>
        <time>2026-08-27T20:38:25.000Z</time>
        <extensions>
          <ns3:TrackPointExtension>
            <ns3:hr>97</ns3:hr>
          </ns3:TrackPointExtension>
        </extensions>
      </trkpt>
      <trkpt lat="-2.75987497530877590179443359375" lon="-79.23924925737082958221435546875">
        <ele>4190.60009765625</ele>
        <time>2026-08-27T20:38:31.000Z</time>
        <extensions>
          <ns3:TrackPointExtension>
            <ns3:hr>98</ns3:hr>
          </ns3:TrackPointExtension>
        </extensions>
      </trkpt>
      <trkpt lat="-2.7599419467151165008544921875" lon="-79.23928697593510150909423828125">
        <ele>4192.39990234375</ele>
        <time>2026-08-27T20:38:39.000Z</time>
        <extensions>
          <ns3:TrackPointExtension>
            <ns3:hr>94</ns3:hr>
          </ns3:TrackPointExtension>
        </extensions>
      </trkpt>
      <trkpt lat="-2.75995460338890552520751953125" lon="-79.2392991296947002410888671875">
        <ele>4193.2001953125</ele>
        <time>2026-08-27T20:38:41.000Z</time>
        <extensions>
          <ns3:TrackPointExtension>
            <ns3:hr>98</ns3:hr>
          </ns3:TrackPointExtension>
        </extensions>
      </trkpt>
      <trkpt lat="-2.759959883987903594970703125" lon="-79.23930508084595203399658203125">
        <ele>4193.60009765625</ele>
        <time>2026-08-27T20:38:42.000Z</time>
        <extensions>
          <ns3:TrackPointExtension>
            <ns3:hr>98</ns3:hr>
          </ns3:TrackPointExtension>
        </extensions>
      </trkpt>
      <trkpt lat="-2.760026939213275909423828125" lon="-79.23935218714177608489990234375">
        <ele>4196.2001953125</ele>
        <time>2026-08-27T20:38:51.000Z</time>
        <extensions>
          <ns3:TrackPointExtension>
            <ns3:hr>98</ns3:hr>
          </ns3:TrackPointExtension>
        </extensions>
      </trkpt>
      <trkpt lat="-2.76009324006736278533935546875" lon="-79.239376746118068695068359375">
        <ele>4197.2001953125</ele>
        <time>2026-08-27T20:38:59.000Z</time>
        <extensions>
          <ns3:TrackPointExtension>
            <ns3:hr>95</ns3:hr>
          </ns3:TrackPointExtension>
        </extensions>
      </trkpt>
      <trkpt lat="-2.76010933332145214080810546875" lon="-79.2393960244953632354736328125">
        <ele>4198</ele>
        <time>2026-08-27T20:39:02.000Z</time>
        <extensions>
          <ns3:TrackPointExtension>
            <ns3:hr>95</ns3:hr>
          </ns3:TrackPointExtension>
        </extensions>
      </trkpt>
      <trkpt lat="-2.76013565249741077423095703125" lon="-79.23941656015813350677490234375">
        <ele>4198.60009765625</ele>
        <time>2026-08-27T20:39:06.000Z</time>
        <extensions>
          <ns3:TrackPointExtension>
            <ns3:hr>98</ns3:hr>
          </ns3:TrackPointExtension>
        </extensions>
      </trkpt>
      <trkpt lat="-2.760162390768527984619140625" lon="-79.239437095820903778076171875">
        <ele>4199.39990234375</ele>
        <time>2026-08-27T20:39:10.000Z</time>
        <extensions>
          <ns3:TrackPointExtension>
            <ns3:hr>94</ns3:hr>
          </ns3:TrackPointExtension>
        </extensions>
      </trkpt>
      <trkpt lat="-2.76016666553914546966552734375" lon="-79.23944103531539440155029296875">
        <ele>4199.60009765625</ele>
        <time>2026-08-27T20:39:11.000Z</time>
        <extensions>
          <ns3:TrackPointExtension>
            <ns3:hr>95</ns3:hr>
          </ns3:TrackPointExtension>
        </extensions>
      </trkpt>
      <trkpt lat="-2.760173790156841278076171875" lon="-79.23945310525596141815185546875">
        <ele>4200</ele>
        <time>2026-08-27T20:39:13.000Z</time>
        <extensions>
          <ns3:TrackPointExtension>
            <ns3:hr>98</ns3:hr>
          </ns3:TrackPointExtension>
        </extensions>
      </trkpt>
      <trkpt lat="-2.76022114790976047515869140625" lon="-79.2394650913774967193603515625">
        <ele>4200.60009765625</ele>
        <time>2026-08-27T20:39:20.000Z</time>
        <extensions>
          <ns3:TrackPointExtension>
            <ns3:hr>99</ns3:hr>
          </ns3:TrackPointExtension>
        </extensions>
      </trkpt>
      <trkpt lat="-2.76025434024631977081298828125" lon="-79.2394795082509517669677734375">
        <ele>4201.2001953125</ele>
        <time>2026-08-27T20:39:26.000Z</time>
        <extensions>
          <ns3:TrackPointExtension>
            <ns3:hr>99</ns3:hr>
          </ns3:TrackPointExtension>
        </extensions>
      </trkpt>
      <trkpt lat="-2.76026724837720394134521484375" lon="-79.23946953378617763519287109375">
        <ele>4200.7998046875</ele>
        <time>2026-08-27T20:39:28.000Z</time>
        <extensions>
          <ns3:TrackPointExtension>
            <ns3:hr>98</ns3:hr>
          </ns3:TrackPointExtension>
        </extensions>
      </trkpt>
      <trkpt lat="-2.760288454592227935791015625" lon="-79.23948143608868122100830078125">
        <ele>4201.39990234375</ele>
        <time>2026-08-27T20:39:32.000Z</time>
        <extensions>
          <ns3:TrackPointExtension>
            <ns3:hr>99</ns3:hr>
          </ns3:TrackPointExtension>
        </extensions>
      </trkpt>
      <trkpt lat="-2.76034385897219181060791015625" lon="-79.23945486545562744140625">
        <ele>4200.60009765625</ele>
        <time>2026-08-27T20:39:39.000Z</time>
        <extensions>
          <ns3:TrackPointExtension>
            <ns3:hr>99</ns3:hr>
          </ns3:TrackPointExtension>
        </extensions>
      </trkpt>
      <trkpt lat="-2.76040052063763141632080078125" lon="-79.23946685157716274261474609375">
        <ele>4202.60009765625</ele>
        <time>2026-08-27T20:39:46.000Z</time>
        <extensions>
          <ns3:TrackPointExtension>
            <ns3:hr>97</ns3:hr>
          </ns3:TrackPointExtension>
        </extensions>
      </trkpt>
      <trkpt lat="-2.7604086510837078094482421875" lon="-79.239460565149784088134765625">
        <ele>4202.60009765625</ele>
        <time>2026-08-27T20:39:47.000Z</time>
        <extensions>
          <ns3:TrackPointExtension>
            <ns3:hr>100</ns3:hr>
          </ns3:TrackPointExtension>
        </extensions>
      </trkpt>
      <trkpt lat="-2.7604462020099163055419921875" lon="-79.23941656015813350677490234375">
        <ele>4202.2001953125</ele>
        <time>2026-08-27T20:39:54.000Z</time>
        <extensions>
          <ns3:TrackPointExtension>
            <ns3:hr>101</ns3:hr>
          </ns3:TrackPointExtension>
        </extensions>
      </trkpt>
      <trkpt lat="-2.760458774864673614501953125" lon="-79.23942309804260730743408203125">
        <ele>4202.7998046875</ele>
        <time>2026-08-27T20:39:56.000Z</time>
        <extensions>
          <ns3:TrackPointExtension>
            <ns3:hr>98</ns3:hr>
          </ns3:TrackPointExtension>
        </extensions>
      </trkpt>
      <trkpt lat="-2.76050076819956302642822265625" lon="-79.23940323293209075927734375">
        <ele>4203.39990234375</ele>
        <time>2026-08-27T20:40:03.000Z</time>
        <extensions>
          <ns3:TrackPointExtension>
            <ns3:hr>99</ns3:hr>
          </ns3:TrackPointExtension>
        </extensions>
      </trkpt>
      <trkpt lat="-2.76052080094814300537109375" lon="-79.2394003830850124359130859375">
        <ele>4203.7998046875</ele>
        <time>2026-08-27T20:40:08.000Z</time>
        <extensions>
          <ns3:TrackPointExtension>
            <ns3:hr>96</ns3:hr>
          </ns3:TrackPointExtension>
        </extensions>
      </trkpt>
      <trkpt lat="-2.76052750647068023681640625" lon="-79.23940348438918590545654296875">
        <ele>4204.2001953125</ele>
        <time>2026-08-27T20:40:09.000Z</time>
        <extensions>
          <ns3:TrackPointExtension>
            <ns3:hr>98</ns3:hr>
          </ns3:TrackPointExtension>
        </extensions>
      </trkpt>
      <trkpt lat="-2.76058852672576904296875" lon="-79.23938177525997161865234375">
        <ele>4205.2001953125</ele>
        <time>2026-08-27T20:40:18.000Z</time>
        <extensions>
          <ns3:TrackPointExtension>
            <ns3:hr>99</ns3:hr>
          </ns3:TrackPointExtension>
        </extensions>
      </trkpt>
      <trkpt lat="-2.7606544084846973419189453125" lon="-79.2393635027110576629638671875">
        <ele>4205.39990234375</ele>
        <time>2026-08-27T20:40:26.000Z</time>
        <extensions>
          <ns3:TrackPointExtension>
            <ns3:hr>97</ns3:hr>
          </ns3:TrackPointExtension>
        </extensions>
      </trkpt>
      <trkpt lat="-2.76066974736750125885009765625" lon="-79.2393567971885204315185546875">
        <ele>4205</ele>
        <time>2026-08-27T20:40:28.000Z</time>
        <extensions>
          <ns3:TrackPointExtension>
            <ns3:hr>98</ns3:hr>
          </ns3:TrackPointExtension>
        </extensions>
      </trkpt>
      <trkpt lat="-2.7607311867177486419677734375" lon="-79.23933089710772037506103515625">
        <ele>4203.60009765625</ele>
        <time>2026-08-27T20:40:35.000Z</time>
        <extensions>
          <ns3:TrackPointExtension>
            <ns3:hr>103</ns3:hr>
          </ns3:TrackPointExtension>
        </extensions>
      </trkpt>
      <trkpt lat="-2.76073864661157131195068359375" lon="-79.23932989127933979034423828125">
        <ele>4203.39990234375</ele>
        <time>2026-08-27T20:40:36.000Z</time>
        <extensions>
          <ns3:TrackPointExtension>
            <ns3:hr>105</ns3:hr>
          </ns3:TrackPointExtension>
        </extensions>
      </trkpt>
      <trkpt lat="-2.7608213759958744049072265625" lon="-79.23929837532341480255126953125">
        <ele>4201.60009765625</ele>
        <time>2026-08-27T20:40:45.000Z</time>
        <extensions>
          <ns3:TrackPointExtension>
            <ns3:hr>104</ns3:hr>
          </ns3:TrackPointExtension>
        </extensions>
      </trkpt>
      <trkpt lat="-2.7608441747725009918212890625" lon="-79.2392961122095584869384765625">
        <ele>4201.60009765625</ele>
        <time>2026-08-27T20:40:47.000Z</time>
        <extensions>
          <ns3:TrackPointExtension>
            <ns3:hr>100</ns3:hr>
          </ns3:TrackPointExtension>
        </extensions>
      </trkpt>
      <trkpt lat="-2.76091164909303188323974609375" lon="-79.239302314817905426025390625">
        <ele>4203</ele>
        <time>2026-08-27T20:40:54.000Z</time>
        <extensions>
          <ns3:TrackPointExtension>
            <ns3:hr>98</ns3:hr>
          </ns3:TrackPointExtension>
        </extensions>
      </trkpt>
      <trkpt lat="-2.761005945503711700439453125" lon="-79.23932469449937343597412109375">
        <ele>4207.60009765625</ele>
        <time>2026-08-27T20:41:03.000Z</time>
        <extensions>
          <ns3:TrackPointExtension>
            <ns3:hr>101</ns3:hr>
          </ns3:TrackPointExtension>
        </extensions>
      </trkpt>
      <trkpt lat="-2.76102983392775058746337890625" lon="-79.239328466355800628662109375">
        <ele>4208.60009765625</ele>
        <time>2026-08-27T20:41:05.000Z</time>
        <extensions>
          <ns3:TrackPointExtension>
            <ns3:hr>100</ns3:hr>
          </ns3:TrackPointExtension>
        </extensions>
      </trkpt>
      <trkpt lat="-2.7610887587070465087890625" lon="-79.23931798897683620452880859375">
        <ele>4211.39990234375</ele>
        <time>2026-08-27T20:41:11.000Z</time>
        <extensions>
          <ns3:TrackPointExtension>
            <ns3:hr>96</ns3:hr>
          </ns3:TrackPointExtension>
        </extensions>
      </trkpt>
      <trkpt lat="-2.76110677979886531829833984375" lon="-79.23930466175079345703125">
        <ele>4212.2001953125</ele>
        <time>2026-08-27T20:41:13.000Z</time>
        <extensions>
          <ns3:TrackPointExtension>
            <ns3:hr>93</ns3:hr>
          </ns3:TrackPointExtension>
        </extensions>
      </trkpt>
      <trkpt lat="-2.76112253777682781219482421875" lon="-79.2392873950302600860595703125">
        <ele>4211.60009765625</ele>
        <time>2026-08-27T20:41:15.000Z</time>
        <extensions>
          <ns3:TrackPointExtension>
            <ns3:hr>92</ns3:hr>
          </ns3:TrackPointExtension>
        </extensions>
      </trkpt>
      <trkpt lat="-2.7611415646970272064208984375" lon="-79.2392776720225811004638671875">
        <ele>4210.7998046875</ele>
        <time>2026-08-27T20:41:17.000Z</time>
        <extensions>
          <ns3:TrackPointExtension>
            <ns3:hr>95</ns3:hr>
          </ns3:TrackPointExtension>
        </extensions>
      </trkpt>
      <trkpt lat="-2.76118841953575611114501953125" lon="-79.23925009556114673614501953125">
        <ele>4208.7998046875</ele>
        <time>2026-08-27T20:41:22.000Z</time>
        <extensions>
          <ns3:TrackPointExtension>
            <ns3:hr>92</ns3:hr>
          </ns3:TrackPointExtension>
        </extensions>
      </trkpt>
      <trkpt lat="-2.76123426854610443115234375" lon="-79.239229895174503326416015625">
        <ele>4206.60009765625</ele>
        <time>2026-08-27T20:41:26.000Z</time>
        <extensions>
          <ns3:TrackPointExtension>
            <ns3:hr>93</ns3:hr>
          </ns3:TrackPointExtension>
        </extensions>
      </trkpt>
      <trkpt lat="-2.76125564239919185638427734375" lon="-79.239224530756473541259765625">
        <ele>4205.60009765625</ele>
        <time>2026-08-27T20:41:28.000Z</time>
        <extensions>
          <ns3:TrackPointExtension>
            <ns3:hr>97</ns3:hr>
          </ns3:TrackPointExtension>
        </extensions>
      </trkpt>
      <trkpt lat="-2.76133954524993896484375" lon="-79.239238612353801727294921875">
        <ele>4204.60009765625</ele>
        <time>2026-08-27T20:41:36.000Z</time>
        <extensions>
          <ns3:TrackPointExtension>
            <ns3:hr>97</ns3:hr>
          </ns3:TrackPointExtension>
        </extensions>
      </trkpt>
      <trkpt lat="-2.76144943200051784515380859375" lon="-79.23920667730271816253662109375">
        <ele>4202</ele>
        <time>2026-08-27T20:41:46.000Z</time>
        <extensions>
          <ns3:TrackPointExtension>
            <ns3:hr>99</ns3:hr>
          </ns3:TrackPointExtension>
        </extensions>
      </trkpt>
      <trkpt lat="-2.761580944061279296875" lon="-79.239167533814907073974609375">
        <ele>4200</ele>
        <time>2026-08-27T20:41:59.000Z</time>
        <extensions>
          <ns3:TrackPointExtension>
            <ns3:hr>99</ns3:hr>
          </ns3:TrackPointExtension>
        </extensions>
      </trkpt>
      <trkpt lat="-2.76168127544224262237548828125" lon="-79.2392159812152385711669921875">
        <ele>4202.2001953125</ele>
        <time>2026-08-27T20:42:10.000Z</time>
        <extensions>
          <ns3:TrackPointExtension>
            <ns3:hr>97</ns3:hr>
          </ns3:TrackPointExtension>
        </extensions>
      </trkpt>
      <trkpt lat="-2.76173491962254047393798828125" lon="-79.23924288712441921234130859375">
        <ele>4203.39990234375</ele>
        <time>2026-08-27T20:42:15.000Z</time>
        <extensions>
          <ns3:TrackPointExtension>
            <ns3:hr>101</ns3:hr>
          </ns3:TrackPointExtension>
        </extensions>
      </trkpt>
      <trkpt lat="-2.76175939477980136871337890625" lon="-79.23925227485597133636474609375">
        <ele>4203.60009765625</ele>
        <time>2026-08-27T20:42:17.000Z</time>
        <extensions>
          <ns3:TrackPointExtension>
            <ns3:hr>97</ns3:hr>
          </ns3:TrackPointExtension>
        </extensions>
      </trkpt>
      <trkpt lat="-2.76181697845458984375" lon="-79.2392669431865215301513671875">
        <ele>4204.2001953125</ele>
        <time>2026-08-27T20:42:22.000Z</time>
        <extensions>
          <ns3:TrackPointExtension>
            <ns3:hr>99</ns3:hr>
          </ns3:TrackPointExtension>
        </extensions>
      </trkpt>
      <trkpt lat="-2.7618372626602649688720703125" lon="-79.2392716370522975921630859375">
        <ele>4204.39990234375</ele>
        <time>2026-08-27T20:42:24.000Z</time>
        <extensions>
          <ns3:TrackPointExtension>
            <ns3:hr>96</ns3:hr>
          </ns3:TrackPointExtension>
        </extensions>
      </trkpt>
      <trkpt lat="-2.76185092516243457794189453125" lon="-79.2392743192613124847412109375">
        <ele>4204.39990234375</ele>
        <time>2026-08-27T20:42:25.000Z</time>
        <extensions>
          <ns3:TrackPointExtension>
            <ns3:hr>100</ns3:hr>
          </ns3:TrackPointExtension>
        </extensions>
      </trkpt>
      <trkpt lat="-2.76192954741418361663818359375" lon="-79.23929669894278049468994140625">
        <ele>4205.2001953125</ele>
        <time>2026-08-27T20:42:32.000Z</time>
        <extensions>
          <ns3:TrackPointExtension>
            <ns3:hr>103</ns3:hr>
          </ns3:TrackPointExtension>
        </extensions>
      </trkpt>
      <trkpt lat="-2.76204136200249195098876953125" lon="-79.239327795803546905517578125">
        <ele>4206</ele>
        <time>2026-08-27T20:42:42.000Z</time>
        <extensions>
          <ns3:TrackPointExtension>
            <ns3:hr>100</ns3:hr>
          </ns3:TrackPointExtension>
        </extensions>
      </trkpt>
      <trkpt lat="-2.762056030333042144775390625" lon="-79.23932502977550029754638671875">
        <ele>4205.60009765625</ele>
        <time>2026-08-27T20:42:43.000Z</time>
        <extensions>
          <ns3:TrackPointExtension>
            <ns3:hr>100</ns3:hr>
          </ns3:TrackPointExtension>
        </extensions>
      </trkpt>
      <trkpt lat="-2.76207002811133861541748046875" lon="-79.23931882716715335845947265625">
        <ele>4205.2001953125</ele>
        <time>2026-08-27T20:42:44.000Z</time>
        <extensions>
          <ns3:TrackPointExtension>
            <ns3:hr>104</ns3:hr>
          </ns3:TrackPointExtension>
        </extensions>
      </trkpt>
      <trkpt lat="-2.762138508260250091552734375" lon="-79.23926669172942638397216796875">
        <ele>4202</ele>
        <time>2026-08-27T20:42:51.000Z</time>
        <extensions>
          <ns3:TrackPointExtension>
            <ns3:hr>103</ns3:hr>
          </ns3:TrackPointExtension>
        </extensions>
      </trkpt>
      <trkpt lat="-2.7621732093393802642822265625" lon="-79.23919276334345340728759765625">
        <ele>4199.60009765625</ele>
        <time>2026-08-27T20:42:59.000Z</time>
        <extensions>
          <ns3:TrackPointExtension>
            <ns3:hr>103</ns3:hr>
          </ns3:TrackPointExtension>
        </extensions>
      </trkpt>
      <trkpt lat="-2.7622439526021480560302734375" lon="-79.23908949829638004302978515625">
        <ele>4197</ele>
        <time>2026-08-27T20:43:11.000Z</time>
        <extensions>
          <ns3:TrackPointExtension>
            <ns3:hr>106</ns3:hr>
          </ns3:TrackPointExtension>
        </extensions>
      </trkpt>
      <trkpt lat="-2.76232056319713592529296875" lon="-79.239035435020923614501953125">
        <ele>4196</ele>
        <time>2026-08-27T20:43:21.000Z</time>
        <extensions>
          <ns3:TrackPointExtension>
            <ns3:hr>107</ns3:hr>
          </ns3:TrackPointExtension>
        </extensions>
      </trkpt>
      <trkpt lat="-2.76238988153636455535888671875" lon="-79.2390067689120769500732421875">
        <ele>4195.39990234375</ele>
        <time>2026-08-27T20:43:29.000Z</time>
        <extensions>
          <ns3:TrackPointExtension>
            <ns3:hr>104</ns3:hr>
          </ns3:TrackPointExtension>
        </extensions>
      </trkpt>
      <trkpt lat="-2.7624110877513885498046875" lon="-79.23899914138019084930419921875">
        <ele>4195.2001953125</ele>
        <time>2026-08-27T20:43:33.000Z</time>
        <extensions>
          <ns3:TrackPointExtension>
            <ns3:hr>104</ns3:hr>
          </ns3:TrackPointExtension>
        </extensions>
      </trkpt>
      <trkpt lat="-2.76241242885589599609375" lon="-79.23900081776082515716552734375">
        <ele>4195.39990234375</ele>
        <time>2026-08-27T20:43:40.000Z</time>
        <extensions>
          <ns3:TrackPointExtension>
            <ns3:hr>103</ns3:hr>
          </ns3:TrackPointExtension>
        </extensions>
      </trkpt>
      <trkpt lat="-2.7624122612178325653076171875" lon="-79.23900132067501544952392578125">
        <ele>4195.39990234375</ele>
        <time>2026-08-27T20:44:00.000Z</time>
        <extensions>
          <ns3:TrackPointExtension>
            <ns3:hr>107</ns3:hr>
          </ns3:TrackPointExtension>
        </extensions>
      </trkpt>
      <trkpt lat="-2.7624122612178325653076171875" lon="-79.2390014044940471649169921875">
        <ele>4195.39990234375</ele>
        <time>2026-08-27T20:44:01.000Z</time>
        <extensions>
          <ns3:TrackPointExtension>
            <ns3:hr>103</ns3:hr>
          </ns3:TrackPointExtension>
        </extensions>
      </trkpt>
      <trkpt lat="-2.7624085731804370880126953125" lon="-79.2390024103224277496337890625">
        <ele>4195.39990234375</ele>
        <time>2026-08-27T20:44:08.000Z</time>
        <extensions>
          <ns3:TrackPointExtension>
            <ns3:hr>104</ns3:hr>
          </ns3:TrackPointExtension>
        </extensions>
      </trkpt>
      <trkpt lat="-2.76240195147693157196044921875" lon="-79.23900333233177661895751953125">
        <ele>4195.39990234375</ele>
        <time>2026-08-27T20:44:29.000Z</time>
        <extensions>
          <ns3:TrackPointExtension>
            <ns3:hr>101</ns3:hr>
          </ns3:TrackPointExtension>
        </extensions>
      </trkpt>
      <trkpt lat="-2.762402035295963287353515625" lon="-79.23900417052209377288818359375">
        <ele>4195.39990234375</ele>
        <time>2026-08-27T20:44:32.000Z</time>
        <extensions>
          <ns3:TrackPointExtension>
            <ns3:hr>104</ns3:hr>
          </ns3:TrackPointExtension>
        </extensions>
      </trkpt>
      <trkpt lat="-2.7624022029340267181396484375" lon="-79.23901372589170932769775390625">
        <ele>4195.60009765625</ele>
        <time>2026-08-27T20:45:01.000Z</time>
        <extensions>
          <ns3:TrackPointExtension>
            <ns3:hr>101</ns3:hr>
          </ns3:TrackPointExtension>
        </extensions>
      </trkpt>
      <trkpt lat="-2.762401364743709564208984375" lon="-79.23901288770139217376708984375">
        <ele>4195.60009765625</ele>
        <time>2026-08-27T20:45:14.000Z</time>
        <extensions>
          <ns3:TrackPointExtension>
            <ns3:hr>104</ns3:hr>
          </ns3:TrackPointExtension>
        </extensions>
      </trkpt>
      <trkpt lat="-2.762401364743709564208984375" lon="-79.2390131391584873199462890625">
        <ele>4195.60009765625</ele>
        <time>2026-08-27T20:45:18.000Z</time>
        <extensions>
          <ns3:TrackPointExtension>
            <ns3:hr>101</ns3:hr>
          </ns3:TrackPointExtension>
        </extensions>
      </trkpt>
      <trkpt lat="-2.7624015323817729949951171875" lon="-79.23901305533945560455322265625">
        <ele>4195.60009765625</ele>
        <time>2026-08-27T20:45:21.000Z</time>
        <extensions>
          <ns3:TrackPointExtension>
            <ns3:hr>104</ns3:hr>
          </ns3:TrackPointExtension>
        </extensions>
      </trkpt>
      <trkpt lat="-2.76240346021950244903564453125" lon="-79.2390128038823604583740234375">
        <ele>4195.60009765625</ele>
        <time>2026-08-27T20:45:30.000Z</time>
        <extensions>
          <ns3:TrackPointExtension>
            <ns3:hr>101</ns3:hr>
          </ns3:TrackPointExtension>
        </extensions>
      </trkpt>
      <trkpt lat="-2.76240496896207332611083984375" lon="-79.2390131391584873199462890625">
        <ele>4195.60009765625</ele>
        <time>2026-08-27T20:45:39.000Z</time>
        <extensions>
          <ns3:TrackPointExtension>
            <ns3:hr>104</ns3:hr>
          </ns3:TrackPointExtension>
        </extensions>
      </trkpt>
      <trkpt lat="-2.762410081923007965087890625" lon="-79.2390154860913753509521484375">
        <ele>4195.60009765625</ele>
        <time>2026-08-27T20:45:54.000Z</time>
        <extensions>
          <ns3:TrackPointExtension>
            <ns3:hr>107</ns3:hr>
          </ns3:TrackPointExtension>
        </extensions>
      </trkpt>
      <trkpt lat="-2.76241251267492771148681640625" lon="-79.2390190064907073974609375">
        <ele>4195.60009765625</ele>
        <time>2026-08-27T20:46:00.000Z</time>
        <extensions>
          <ns3:TrackPointExtension>
            <ns3:hr>104</ns3:hr>
          </ns3:TrackPointExtension>
        </extensions>
      </trkpt>
      <trkpt lat="-2.762416116893291473388671875" lon="-79.239020682871341705322265625">
        <ele>4195.60009765625</ele>
        <time>2026-08-27T20:46:06.000Z</time>
        <extensions>
          <ns3:TrackPointExtension>
            <ns3:hr>101</ns3:hr>
          </ns3:TrackPointExtension>
        </extensions>
      </trkpt>
      <trkpt lat="-2.76242248713970184326171875" lon="-79.239024706184864044189453125">
        <ele>4195.7998046875</ele>
        <time>2026-08-27T20:46:30.000Z</time>
        <extensions>
          <ns3:TrackPointExtension>
            <ns3:hr>104</ns3:hr>
          </ns3:TrackPointExtension>
        </extensions>
      </trkpt>
      <trkpt lat="-2.76242307387292385101318359375" lon="-79.23902546055614948272705078125">
        <ele>4195.7998046875</ele>
        <time>2026-08-27T20:46:34.000Z</time>
        <extensions>
          <ns3:TrackPointExtension>
            <ns3:hr>101</ns3:hr>
          </ns3:TrackPointExtension>
        </extensions>
      </trkpt>
      <trkpt lat="-2.7624253369867801666259765625" lon="-79.2390270531177520751953125">
        <ele>4195.7998046875</ele>
        <time>2026-08-27T20:46:42.000Z</time>
        <extensions>
          <ns3:TrackPointExtension>
            <ns3:hr>98</ns3:hr>
          </ns3:TrackPointExtension>
        </extensions>
      </trkpt>
      <trkpt lat="-2.76242609135806560516357421875" lon="-79.23902629874646663665771484375">
        <ele>4195.7998046875</ele>
        <time>2026-08-27T20:47:25.000Z</time>
        <extensions>
          <ns3:TrackPointExtension>
            <ns3:hr>95</ns3:hr>
          </ns3:TrackPointExtension>
        </extensions>
      </trkpt>
      <trkpt lat="-2.76242575608193874359130859375" lon="-79.23902562819421291351318359375">
        <ele>4195.7998046875</ele>
        <time>2026-08-27T20:47:34.000Z</time>
        <extensions>
          <ns3:TrackPointExtension>
            <ns3:hr>92</ns3:hr>
          </ns3:TrackPointExtension>
        </extensions>
      </trkpt>
      <trkpt lat="-2.76242525316774845123291015625" lon="-79.2390248738229274749755859375">
        <ele>4195.7998046875</ele>
        <time>2026-08-27T20:47:42.000Z</time>
        <extensions>
          <ns3:TrackPointExtension>
            <ns3:hr>89</ns3:hr>
          </ns3:TrackPointExtension>
        </extensions>
      </trkpt>
      <trkpt lat="-2.76242525316774845123291015625" lon="-79.2390248738229274749755859375">
        <ele>4195.7998046875</ele>
        <time>2026-08-27T20:47:43.000Z</time>
        <extensions>
          <ns3:TrackPointExtension>
            <ns3:hr>94</ns3:hr>
          </ns3:TrackPointExtension>
        </extensions>
      </trkpt>
      <trkpt lat="-2.76242516934871673583984375" lon="-79.2390248738229274749755859375">
        <ele>4195.7998046875</ele>
        <time>2026-08-27T20:47:46.000Z</time>
        <extensions>
          <ns3:TrackPointExtension>
            <ns3:hr>98</ns3:hr>
          </ns3:TrackPointExtension>
        </extensions>
      </trkpt>
      <trkpt lat="-2.76242516934871673583984375" lon="-79.23902479000389575958251953125">
        <ele>4195.7998046875</ele>
        <time>2026-08-27T20:47:48.000Z</time>
        <extensions>
          <ns3:TrackPointExtension>
            <ns3:hr>102</ns3:hr>
          </ns3:TrackPointExtension>
        </extensions>
      </trkpt>
      <trkpt lat="-2.76242508552968502044677734375" lon="-79.23902462236583232879638671875">
        <ele>4195.7998046875</ele>
        <time>2026-08-27T20:47:50.000Z</time>
        <extensions>
          <ns3:TrackPointExtension>
            <ns3:hr>107</ns3:hr>
          </ns3:TrackPointExtension>
        </extensions>
      </trkpt>
      <trkpt lat="-2.7624243311583995819091796875" lon="-79.23902361653745174407958984375">
        <ele>4195.7998046875</ele>
        <time>2026-08-27T20:48:13.000Z</time>
        <extensions>
          <ns3:TrackPointExtension>
            <ns3:hr>104</ns3:hr>
          </ns3:TrackPointExtension>
        </extensions>
      </trkpt>
      <trkpt lat="-2.7624243311583995819091796875" lon="-79.23902395181357860565185546875">
        <ele>4195.7998046875</ele>
        <time>2026-08-27T20:48:17.000Z</time>
        <extensions>
          <ns3:TrackPointExtension>
            <ns3:hr>101</ns3:hr>
          </ns3:TrackPointExtension>
        </extensions>
      </trkpt>
      <trkpt lat="-2.76242424733936786651611328125" lon="-79.23902370035648345947265625">
        <ele>4195.7998046875</ele>
        <time>2026-08-27T20:48:22.000Z</time>
        <extensions>
          <ns3:TrackPointExtension>
            <ns3:hr>98</ns3:hr>
          </ns3:TrackPointExtension>
        </extensions>
      </trkpt>
      <trkpt lat="-2.7624236606061458587646484375" lon="-79.2390231974422931671142578125">
        <ele>4195.7998046875</ele>
        <time>2026-08-27T20:48:32.000Z</time>
        <extensions>
          <ns3:TrackPointExtension>
            <ns3:hr>95</ns3:hr>
          </ns3:TrackPointExtension>
        </extensions>
      </trkpt>
      <trkpt lat="-2.76242273859679698944091796875" lon="-79.23902311362326145172119140625">
        <ele>4195.7998046875</ele>
        <time>2026-08-27T20:48:46.000Z</time>
        <extensions>
          <ns3:TrackPointExtension>
            <ns3:hr>98</ns3:hr>
          </ns3:TrackPointExtension>
        </extensions>
      </trkpt>
      <trkpt lat="-2.76242206804454326629638671875" lon="-79.239022694528102874755859375">
        <ele>4195.7998046875</ele>
        <time>2026-08-27T20:49:01.000Z</time>
        <extensions>
          <ns3:TrackPointExtension>
            <ns3:hr>101</ns3:hr>
          </ns3:TrackPointExtension>
        </extensions>
      </trkpt>
      <trkpt lat="-2.76242190040647983551025390625" lon="-79.2390225268900394439697265625">
        <ele>4195.7998046875</ele>
        <time>2026-08-27T20:49:04.000Z</time>
        <extensions>
          <ns3:TrackPointExtension>
            <ns3:hr>97</ns3:hr>
          </ns3:TrackPointExtension>
        </extensions>
      </trkpt>
      <trkpt lat="-2.7624218165874481201171875" lon="-79.2390225268900394439697265625">
        <ele>4195.7998046875</ele>
        <time>2026-08-27T20:49:05.000Z</time>
        <extensions>
          <ns3:TrackPointExtension>
            <ns3:hr>101</ns3:hr>
          </ns3:TrackPointExtension>
        </extensions>
      </trkpt>
      <trkpt lat="-2.76242173276841640472412109375" lon="-79.23902235925197601318359375">
        <ele>4195.7998046875</ele>
        <time>2026-08-27T20:49:08.000Z</time>
        <extensions>
          <ns3:TrackPointExtension>
            <ns3:hr>98</ns3:hr>
          </ns3:TrackPointExtension>
        </extensions>
      </trkpt>
      <trkpt lat="-2.762421481311321258544921875" lon="-79.239022023975849151611328125">
        <ele>4195.7998046875</ele>
        <time>2026-08-27T20:49:14.000Z</time>
        <extensions>
          <ns3:TrackPointExtension>
            <ns3:hr>101</ns3:hr>
          </ns3:TrackPointExtension>
        </extensions>
      </trkpt>
      <trkpt lat="-2.762420475482940673828125" lon="-79.23902101814746856689453125">
        <ele>4195.60009765625</ele>
        <time>2026-08-27T20:49:38.000Z</time>
        <extensions>
          <ns3:TrackPointExtension>
            <ns3:hr>98</ns3:hr>
          </ns3:TrackPointExtension>
        </extensions>
      </trkpt>
      <trkpt lat="-2.762420475482940673828125" lon="-79.2390208505094051361083984375">
        <ele>4195.60009765625</ele>
        <time>2026-08-27T20:49:44.000Z</time>
        <extensions>
          <ns3:TrackPointExtension>
            <ns3:hr>95</ns3:hr>
          </ns3:TrackPointExtension>
        </extensions>
      </trkpt>
      <trkpt lat="-2.762475796043872833251953125" lon="-79.2390667833387851715087890625">
        <ele>4196.60009765625</ele>
        <time>2026-08-27T20:50:00.000Z</time>
        <extensions>
          <ns3:TrackPointExtension>
            <ns3:hr>94</ns3:hr>
          </ns3:TrackPointExtension>
        </extensions>
      </trkpt>
      <trkpt lat="-2.76250806637108325958251953125" lon="-79.23909653909504413604736328125">
        <ele>4197</ele>
        <time>2026-08-27T20:50:03.000Z</time>
        <extensions>
          <ns3:TrackPointExtension>
            <ns3:hr>95</ns3:hr>
          </ns3:TrackPointExtension>
        </extensions>
      </trkpt>
      <trkpt lat="-2.762531451880931854248046875" lon="-79.2391358502209186553955078125">
        <ele>4197</ele>
        <time>2026-08-27T20:50:07.000Z</time>
        <extensions>
          <ns3:TrackPointExtension>
            <ns3:hr>97</ns3:hr>
          </ns3:TrackPointExtension>
        </extensions>
      </trkpt>
      <trkpt lat="-2.76258551515638828277587890625" lon="-79.23919812776148319244384765625">
        <ele>4196.60009765625</ele>
        <time>2026-08-27T20:50:14.000Z</time>
        <extensions>
          <ns3:TrackPointExtension>
            <ns3:hr>98</ns3:hr>
          </ns3:TrackPointExtension>
        </extensions>
      </trkpt>
      <trkpt lat="-2.76265022344887256622314453125" lon="-79.23921489156782627105712890625">
        <ele>4194.7998046875</ele>
        <time>2026-08-27T20:50:21.000Z</time>
        <extensions>
          <ns3:TrackPointExtension>
            <ns3:hr>99</ns3:hr>
          </ns3:TrackPointExtension>
        </extensions>
      </trkpt>
      <trkpt lat="-2.76276270858943462371826171875" lon="-79.23932670615613460540771484375">
        <ele>4191.60009765625</ele>
        <time>2026-08-27T20:50:33.000Z</time>
        <extensions>
          <ns3:TrackPointExtension>
            <ns3:hr>97</ns3:hr>
          </ns3:TrackPointExtension>
        </extensions>
      </trkpt>
      <trkpt lat="-2.76282750070095062255859375" lon="-79.2393427155911922454833984375">
        <ele>4189.7998046875</ele>
        <time>2026-08-27T20:50:41.000Z</time>
        <extensions>
          <ns3:TrackPointExtension>
            <ns3:hr>97</ns3:hr>
          </ns3:TrackPointExtension>
        </extensions>
      </trkpt>
      <trkpt lat="-2.76292598806321620941162109375" lon="-79.23933022655546665191650390625">
        <ele>4187</ele>
        <time>2026-08-27T20:50:50.000Z</time>
        <extensions>
          <ns3:TrackPointExtension>
            <ns3:hr>99</ns3:hr>
          </ns3:TrackPointExtension>
        </extensions>
      </trkpt>
      <trkpt lat="-2.7630006708204746246337890625" lon="-79.23928194679319858551025390625">
        <ele>4185.2001953125</ele>
        <time>2026-08-27T20:50:58.000Z</time>
        <extensions>
          <ns3:TrackPointExtension>
            <ns3:hr>96</ns3:hr>
          </ns3:TrackPointExtension>
        </extensions>
      </trkpt>
      <trkpt lat="-2.763032019138336181640625" lon="-79.239256381988525390625">
        <ele>4184.60009765625</ele>
        <time>2026-08-27T20:51:02.000Z</time>
        <extensions>
          <ns3:TrackPointExtension>
            <ns3:hr>96</ns3:hr>
          </ns3:TrackPointExtension>
        </extensions>
      </trkpt>
      <trkpt lat="-2.7630709111690521240234375" lon="-79.239215143024921417236328125">
        <ele>4184.2001953125</ele>
        <time>2026-08-27T20:51:08.000Z</time>
        <extensions>
          <ns3:TrackPointExtension>
            <ns3:hr>95</ns3:hr>
          </ns3:TrackPointExtension>
        </extensions>
      </trkpt>
      <trkpt lat="-2.7630999125540256500244140625" lon="-79.2391955293715000152587890625">
        <ele>4184</ele>
        <time>2026-08-27T20:51:11.000Z</time>
        <extensions>
          <ns3:TrackPointExtension>
            <ns3:hr>95</ns3:hr>
          </ns3:TrackPointExtension>
        </extensions>
      </trkpt>
      <trkpt lat="-2.76322622783482074737548828125" lon="-79.23906929790973663330078125">
        <ele>4181.7998046875</ele>
        <time>2026-08-27T20:51:26.000Z</time>
        <extensions>
          <ns3:TrackPointExtension>
            <ns3:hr>95</ns3:hr>
          </ns3:TrackPointExtension>
        </extensions>
      </trkpt>
      <trkpt lat="-2.7633185125887393951416015625" lon="-79.238977096974849700927734375">
        <ele>4180.2001953125</ele>
        <time>2026-08-27T20:51:36.000Z</time>
        <extensions>
          <ns3:TrackPointExtension>
            <ns3:hr>96</ns3:hr>
          </ns3:TrackPointExtension>
        </extensions>
      </trkpt>
      <trkpt lat="-2.7633793652057647705078125" lon="-79.23892579972743988037109375">
        <ele>4180</ele>
        <time>2026-08-27T20:51:46.000Z</time>
        <extensions>
          <ns3:TrackPointExtension>
            <ns3:hr>97</ns3:hr>
          </ns3:TrackPointExtension>
        </extensions>
      </trkpt>
      <trkpt lat="-2.76342286728322505950927734375" lon="-79.23889361321926116943359375">
        <ele>4179.39990234375</ele>
        <time>2026-08-27T20:51:58.000Z</time>
        <extensions>
          <ns3:TrackPointExtension>
            <ns3:hr>94</ns3:hr>
          </ns3:TrackPointExtension>
        </extensions>
      </trkpt>
      <trkpt lat="-2.7634398825466632843017578125" lon="-79.23886838369071483612060546875">
        <ele>4179.2001953125</ele>
        <time>2026-08-27T20:52:01.000Z</time>
        <extensions>
          <ns3:TrackPointExtension>
            <ns3:hr>97</ns3:hr>
          </ns3:TrackPointExtension>
        </extensions>
      </trkpt>
      <trkpt lat="-2.76346645317971706390380859375" lon="-79.23884273506700992584228515625">
        <ele>4178.60009765625</ele>
        <time>2026-08-27T20:52:05.000Z</time>
        <extensions>
          <ns3:TrackPointExtension>
            <ns3:hr>103</ns3:hr>
          </ns3:TrackPointExtension>
        </extensions>
      </trkpt>
      <trkpt lat="-2.76347391307353973388671875" lon="-79.238834269344806671142578125">
        <ele>4178.39990234375</ele>
        <time>2026-08-27T20:52:06.000Z</time>
        <extensions>
          <ns3:TrackPointExtension>
            <ns3:hr>98</ns3:hr>
          </ns3:TrackPointExtension>
        </extensions>
      </trkpt>
      <trkpt lat="-2.76347952894866466522216796875" lon="-79.23882563598453998565673828125">
        <ele>4178.39990234375</ele>
        <time>2026-08-27T20:52:07.000Z</time>
        <extensions>
          <ns3:TrackPointExtension>
            <ns3:hr>99</ns3:hr>
          </ns3:TrackPointExtension>
        </extensions>
      </trkpt>
      <trkpt lat="-2.763538621366024017333984375" lon="-79.23872371204197406768798828125">
        <ele>4176.7998046875</ele>
        <time>2026-08-27T20:52:17.000Z</time>
        <extensions>
          <ns3:TrackPointExtension>
            <ns3:hr>98</ns3:hr>
          </ns3:TrackPointExtension>
        </extensions>
      </trkpt>
      <trkpt lat="-2.7636356838047504425048828125" lon="-79.2385844886302947998046875">
        <ele>4173.2001953125</ele>
        <time>2026-08-27T20:52:28.000Z</time>
        <extensions>
          <ns3:TrackPointExtension>
            <ns3:hr>100</ns3:hr>
          </ns3:TrackPointExtension>
        </extensions>
      </trkpt>
      <trkpt lat="-2.76366963051259517669677734375" lon="-79.23852891661226749420166015625">
        <ele>4172</ele>
        <time>2026-08-27T20:52:32.000Z</time>
        <extensions>
          <ns3:TrackPointExtension>
            <ns3:hr>104</ns3:hr>
          </ns3:TrackPointExtension>
        </extensions>
      </trkpt>
      <trkpt lat="-2.76368689723312854766845703125" lon="-79.23850293271243572235107421875">
        <ele>4171.39990234375</ele>
        <time>2026-08-27T20:52:34.000Z</time>
        <extensions>
          <ns3:TrackPointExtension>
            <ns3:hr>107</ns3:hr>
          </ns3:TrackPointExtension>
        </extensions>
      </trkpt>
      <trkpt lat="-2.7638190798461437225341796875" lon="-79.238425903022289276123046875">
        <ele>4166.39990234375</ele>
        <time>2026-08-27T20:52:44.000Z</time>
        <extensions>
          <ns3:TrackPointExtension>
            <ns3:hr>108</ns3:hr>
          </ns3:TrackPointExtension>
        </extensions>
      </trkpt>
      <trkpt lat="-2.763870544731616973876953125" lon="-79.2383945547044277191162109375">
        <ele>4164.2001953125</ele>
        <time>2026-08-27T20:52:48.000Z</time>
        <extensions>
          <ns3:TrackPointExtension>
            <ns3:hr>113</ns3:hr>
          </ns3:TrackPointExtension>
        </extensions>
      </trkpt>
      <trkpt lat="-2.76390600018203258514404296875" lon="-79.2383754439651966094970703125">
        <ele>4162.60009765625</ele>
        <time>2026-08-27T20:52:51.000Z</time>
        <extensions>
          <ns3:TrackPointExtension>
            <ns3:hr>117</ns3:hr>
          </ns3:TrackPointExtension>
        </extensions>
      </trkpt>
      <trkpt lat="-2.76393651030957698822021484375" lon="-79.23834769986569881439208984375">
        <ele>4161.39990234375</ele>
        <time>2026-08-27T20:52:54.000Z</time>
        <extensions>
          <ns3:TrackPointExtension>
            <ns3:hr>121</ns3:hr>
          </ns3:TrackPointExtension>
        </extensions>
      </trkpt>
      <trkpt lat="-2.76396148838102817535400390625" lon="-79.23833210952579975128173828125">
        <ele>4160.2001953125</ele>
        <time>2026-08-27T20:52:56.000Z</time>
        <extensions>
          <ns3:TrackPointExtension>
            <ns3:hr>120</ns3:hr>
          </ns3:TrackPointExtension>
        </extensions>
      </trkpt>
      <trkpt lat="-2.76400323025882244110107421875" lon="-79.23831023275852203369140625">
        <ele>4158.60009765625</ele>
        <time>2026-08-27T20:52:59.000Z</time>
        <extensions>
          <ns3:TrackPointExtension>
            <ns3:hr>123</ns3:hr>
          </ns3:TrackPointExtension>
        </extensions>
      </trkpt>
      <trkpt lat="-2.7640943415462970733642578125" lon="-79.2382483743131160736083984375">
        <ele>4156.7998046875</ele>
        <time>2026-08-27T20:53:06.000Z</time>
        <extensions>
          <ns3:TrackPointExtension>
            <ns3:hr>125</ns3:hr>
          </ns3:TrackPointExtension>
        </extensions>
      </trkpt>
      <trkpt lat="-2.7641225047409534454345703125" lon="-79.238207973539829254150390625">
        <ele>4157.60009765625</ele>
        <time>2026-08-27T20:53:10.000Z</time>
        <extensions>
          <ns3:TrackPointExtension>
            <ns3:hr>122</ns3:hr>
          </ns3:TrackPointExtension>
        </extensions>
      </trkpt>
      <trkpt lat="-2.7642046473920345306396484375" lon="-79.23813614062964916229248046875">
        <ele>4156</ele>
        <time>2026-08-27T20:53:17.000Z</time>
        <extensions>
          <ns3:TrackPointExtension>
            <ns3:hr>124</ns3:hr>
          </ns3:TrackPointExtension>
        </extensions>
      </trkpt>
      <trkpt lat="-2.7643020451068878173828125" lon="-79.238067157566547393798828125">
        <ele>4154.39990234375</ele>
        <time>2026-08-27T20:53:25.000Z</time>
        <extensions>
          <ns3:TrackPointExtension>
            <ns3:hr>126</ns3:hr>
          </ns3:TrackPointExtension>
        </extensions>
      </trkpt>
      <trkpt lat="-2.76443322189152240753173828125" lon="-79.238069839775562286376953125">
        <ele>4149.7998046875</ele>
        <time>2026-08-27T20:53:34.000Z</time>
        <extensions>
          <ns3:TrackPointExtension>
            <ns3:hr>128</ns3:hr>
          </ns3:TrackPointExtension>
        </extensions>
      </trkpt>
      <trkpt lat="-2.76446633040904998779296875" lon="-79.23809967935085296630859375">
        <ele>4148.2001953125</ele>
        <time>2026-08-27T20:53:37.000Z</time>
        <extensions>
          <ns3:TrackPointExtension>
            <ns3:hr>125</ns3:hr>
          </ns3:TrackPointExtension>
        </extensions>
      </trkpt>
      <trkpt lat="-2.764541096985340118408203125" lon="-79.23813396133482456207275390625">
        <ele>4145.39990234375</ele>
        <time>2026-08-27T20:53:44.000Z</time>
        <extensions>
          <ns3:TrackPointExtension>
            <ns3:hr>125</ns3:hr>
          </ns3:TrackPointExtension>
        </extensions>
      </trkpt>
      <trkpt lat="-2.76472172699868679046630859375" lon="-79.23814393579959869384765625">
        <ele>4141.60009765625</ele>
        <time>2026-08-27T20:53:58.000Z</time>
        <extensions>
          <ns3:TrackPointExtension>
            <ns3:hr>125</ns3:hr>
          </ns3:TrackPointExtension>
        </extensions>
      </trkpt>
      <trkpt lat="-2.7648135088384151458740234375" lon="-79.2381132580339908599853515625">
        <ele>4139.2001953125</ele>
        <time>2026-08-27T20:54:05.000Z</time>
        <extensions>
          <ns3:TrackPointExtension>
            <ns3:hr>129</ns3:hr>
          </ns3:TrackPointExtension>
        </extensions>
      </trkpt>
      <trkpt lat="-2.764827422797679901123046875" lon="-79.23810713924467563629150390625">
        <ele>4139</ele>
        <time>2026-08-27T20:54:06.000Z</time>
        <extensions>
          <ns3:TrackPointExtension>
            <ns3:hr>124</ns3:hr>
          </ns3:TrackPointExtension>
        </extensions>
      </trkpt>
      <trkpt lat="-2.764860279858112335205078125" lon="-79.23808584921061992645263671875">
        <ele>4138.39990234375</ele>
        <time>2026-08-27T20:54:09.000Z</time>
        <extensions>
          <ns3:TrackPointExtension>
            <ns3:hr>123</ns3:hr>
          </ns3:TrackPointExtension>
        </extensions>
      </trkpt>
      <trkpt lat="-2.76499715633690357208251953125" lon="-79.2380116693675518035888671875">
        <ele>4135.60009765625</ele>
        <time>2026-08-27T20:54:19.000Z</time>
        <extensions>
          <ns3:TrackPointExtension>
            <ns3:hr>121</ns3:hr>
          </ns3:TrackPointExtension>
        </extensions>
      </trkpt>
      <trkpt lat="-2.765065133571624755859375" lon="-79.23799348063766956329345703125">
        <ele>4134.2001953125</ele>
        <time>2026-08-27T20:54:25.000Z</time>
        <extensions>
          <ns3:TrackPointExtension>
            <ns3:hr>118</ns3:hr>
          </ns3:TrackPointExtension>
        </extensions>
      </trkpt>
      <trkpt lat="-2.76509187184274196624755859375" lon="-79.237998425960540771484375">
        <ele>4133.7998046875</ele>
        <time>2026-08-27T20:54:27.000Z</time>
        <extensions>
          <ns3:TrackPointExtension>
            <ns3:hr>117</ns3:hr>
          </ns3:TrackPointExtension>
        </extensions>
      </trkpt>
      <trkpt lat="-2.76516781188547611236572265625" lon="-79.23802667297422885894775390625">
        <ele>4133.39990234375</ele>
        <time>2026-08-27T20:54:32.000Z</time>
        <extensions>
          <ns3:TrackPointExtension>
            <ns3:hr>114</ns3:hr>
          </ns3:TrackPointExtension>
        </extensions>
      </trkpt>
      <trkpt lat="-2.76522598229348659515380859375" lon="-79.2380639724433422088623046875">
        <ele>4133</ele>
        <time>2026-08-27T20:54:37.000Z</time>
        <extensions>
          <ns3:TrackPointExtension>
            <ns3:hr>114</ns3:hr>
          </ns3:TrackPointExtension>
        </extensions>
      </trkpt>
      <trkpt lat="-2.76528582908213138580322265625" lon="-79.23810915090143680572509765625">
        <ele>4132.39990234375</ele>
        <time>2026-08-27T20:54:43.000Z</time>
        <extensions>
          <ns3:TrackPointExtension>
            <ns3:hr>111</ns3:hr>
          </ns3:TrackPointExtension>
        </extensions>
      </trkpt>
      <trkpt lat="-2.76535489596426486968994140625" lon="-79.23813597299158573150634765625">
        <ele>4132</ele>
        <time>2026-08-27T20:54:50.000Z</time>
        <extensions>
          <ns3:TrackPointExtension>
            <ns3:hr>111</ns3:hr>
          </ns3:TrackPointExtension>
        </extensions>
      </trkpt>
      <trkpt lat="-2.76549755595624446868896484375" lon="-79.23813379369676113128662109375">
        <ele>4132</ele>
        <time>2026-08-27T20:55:01.000Z</time>
        <extensions>
          <ns3:TrackPointExtension>
            <ns3:hr>110</ns3:hr>
          </ns3:TrackPointExtension>
        </extensions>
      </trkpt>
      <trkpt lat="-2.76551507413387298583984375" lon="-79.23813111148774623870849609375">
        <ele>4132</ele>
        <time>2026-08-27T20:55:03.000Z</time>
        <extensions>
          <ns3:TrackPointExtension>
            <ns3:hr>113</ns3:hr>
          </ns3:TrackPointExtension>
        </extensions>
      </trkpt>
      <trkpt lat="-2.76554784737527370452880859375" lon="-79.23813060857355594635009765625">
        <ele>4131.7998046875</ele>
        <time>2026-08-27T20:55:06.000Z</time>
        <extensions>
          <ns3:TrackPointExtension>
            <ns3:hr>110</ns3:hr>
          </ns3:TrackPointExtension>
        </extensions>
      </trkpt>
      <trkpt lat="-2.76562948711216449737548828125" lon="-79.23812356777489185333251953125">
        <ele>4131.60009765625</ele>
        <time>2026-08-27T20:55:12.000Z</time>
        <extensions>
          <ns3:TrackPointExtension>
            <ns3:hr>109</ns3:hr>
          </ns3:TrackPointExtension>
        </extensions>
      </trkpt>
      <trkpt lat="-2.76574297808110713958740234375" lon="-79.2381189577281475067138671875">
        <ele>4130.2001953125</ele>
        <time>2026-08-27T20:55:20.000Z</time>
        <extensions>
          <ns3:TrackPointExtension>
            <ns3:hr>106</ns3:hr>
          </ns3:TrackPointExtension>
        </extensions>
      </trkpt>
      <trkpt lat="-2.7657660283148288726806640625" lon="-79.238111414015293121337890625">
        <ele>4130</ele>
        <time>2026-08-27T20:55:22.000Z</time>
        <extensions>
          <ns3:TrackPointExtension>
            <ns3:hr>105</ns3:hr>
          </ns3:TrackPointExtension>
        </extensions>
      </trkpt>
      <trkpt lat="-2.7657817862927913665771484375" lon="-79.2381052114069461822509765625">
        <ele>4129.60009765625</ele>
        <time>2026-08-27T20:55:24.000Z</time>
        <extensions>
          <ns3:TrackPointExtension>
            <ns3:hr>108</ns3:hr>
          </ns3:TrackPointExtension>
        </extensions>
      </trkpt>
      <trkpt lat="-2.76579846628010272979736328125" lon="-79.23809775151312351226806640625">
        <ele>4129.39990234375</ele>
        <time>2026-08-27T20:55:26.000Z</time>
        <extensions>
          <ns3:TrackPointExtension>
            <ns3:hr>105</ns3:hr>
          </ns3:TrackPointExtension>
        </extensions>
      </trkpt>
      <trkpt lat="-2.76583182625472545623779296875" lon="-79.2380773834884166717529296875">
        <ele>4128.7998046875</ele>
        <time>2026-08-27T20:55:30.000Z</time>
        <extensions>
          <ns3:TrackPointExtension>
            <ns3:hr>104</ns3:hr>
          </ns3:TrackPointExtension>
        </extensions>
      </trkpt>
      <trkpt lat="-2.76584506966173648834228515625" lon="-79.2380666546523571014404296875">
        <ele>4128.39990234375</ele>
        <time>2026-08-27T20:55:33.000Z</time>
        <extensions>
          <ns3:TrackPointExtension>
            <ns3:hr>107</ns3:hr>
          </ns3:TrackPointExtension>
        </extensions>
      </trkpt>
      <trkpt lat="-2.7658535353839397430419921875" lon="-79.2380641400814056396484375">
        <ele>4128.39990234375</ele>
        <time>2026-08-27T20:55:36.000Z</time>
        <extensions>
          <ns3:TrackPointExtension>
            <ns3:hr>106</ns3:hr>
          </ns3:TrackPointExtension>
        </extensions>
      </trkpt>
      <trkpt lat="-2.76585428975522518157958984375" lon="-79.23806606791913509368896484375">
        <ele>4128.39990234375</ele>
        <time>2026-08-27T20:55:46.000Z</time>
        <extensions>
          <ns3:TrackPointExtension>
            <ns3:hr>109</ns3:hr>
          </ns3:TrackPointExtension>
        </extensions>
      </trkpt>
      <trkpt lat="-2.76585428975522518157958984375" lon="-79.23806606791913509368896484375">
        <ele>4128.39990234375</ele>
        <time>2026-08-27T20:55:47.000Z</time>
        <extensions>
          <ns3:TrackPointExtension>
            <ns3:hr>110</ns3:hr>
          </ns3:TrackPointExtension>
        </extensions>
      </trkpt>
      <trkpt lat="-2.76585428975522518157958984375" lon="-79.23806489445269107818603515625">
        <ele>4128.39990234375</ele>
        <time>2026-08-27T20:55:55.000Z</time>
        <extensions>
          <ns3:TrackPointExtension>
            <ns3:hr>113</ns3:hr>
          </ns3:TrackPointExtension>
        </extensions>
      </trkpt>
      <trkpt lat="-2.76585428975522518157958984375" lon="-79.2380606196820735931396484375">
        <ele>4128.39990234375</ele>
        <time>2026-08-27T20:56:02.000Z</time>
        <extensions>
          <ns3:TrackPointExtension>
            <ns3:hr>116</ns3:hr>
          </ns3:TrackPointExtension>
        </extensions>
      </trkpt>
      <trkpt lat="-2.765844650566577911376953125" lon="-79.23805953003466129302978515625">
        <ele>4128.39990234375</ele>
        <time>2026-08-27T20:56:18.000Z</time>
        <extensions>
          <ns3:TrackPointExtension>
            <ns3:hr>113</ns3:hr>
          </ns3:TrackPointExtension>
        </extensions>
      </trkpt>
      <trkpt lat="-2.765844650566577911376953125" lon="-79.2380636371672153472900390625">
        <ele>4128.39990234375</ele>
        <time>2026-08-27T20:56:26.000Z</time>
        <extensions>
          <ns3:TrackPointExtension>
            <ns3:hr>108</ns3:hr>
          </ns3:TrackPointExtension>
        </extensions>
      </trkpt>
      <trkpt lat="-2.765850014984607696533203125" lon="-79.2380656488239765167236328125">
        <ele>4128.39990234375</ele>
        <time>2026-08-27T20:56:32.000Z</time>
        <extensions>
          <ns3:TrackPointExtension>
            <ns3:hr>105</ns3:hr>
          </ns3:TrackPointExtension>
        </extensions>
      </trkpt>
      <trkpt lat="-2.7658511884510517120361328125" lon="-79.238065816462039947509765625">
        <ele>4128.39990234375</ele>
        <time>2026-08-27T20:56:33.000Z</time>
        <extensions>
          <ns3:TrackPointExtension>
            <ns3:hr>108</ns3:hr>
          </ns3:TrackPointExtension>
        </extensions>
      </trkpt>
      <trkpt lat="-2.76593995280563831329345703125" lon="-79.23809590749442577362060546875">
        <ele>4127.2001953125</ele>
        <time>2026-08-27T20:56:41.000Z</time>
        <extensions>
          <ns3:TrackPointExtension>
            <ns3:hr>108</ns3:hr>
          </ns3:TrackPointExtension>
        </extensions>
      </trkpt>
      <trkpt lat="-2.766016311943531036376953125" lon="-79.2381156049668788909912109375">
        <ele>4125.60009765625</ele>
        <time>2026-08-27T20:56:45.000Z</time>
        <extensions>
          <ns3:TrackPointExtension>
            <ns3:hr>104</ns3:hr>
          </ns3:TrackPointExtension>
        </extensions>
      </trkpt>
      <trkpt lat="-2.76606366969645023345947265625" lon="-79.23814351670444011688232421875">
        <ele>4124.7998046875</ele>
        <time>2026-08-27T20:56:49.000Z</time>
        <extensions>
          <ns3:TrackPointExtension>
            <ns3:hr>104</ns3:hr>
          </ns3:TrackPointExtension>
        </extensions>
      </trkpt>
      <trkpt lat="-2.76614539325237274169921875" lon="-79.238167740404605865478515625">
        <ele>4123.60009765625</ele>
        <time>2026-08-27T20:56:56.000Z</time>
        <extensions>
          <ns3:TrackPointExtension>
            <ns3:hr>101</ns3:hr>
          </ns3:TrackPointExtension>
        </extensions>
      </trkpt>
      <trkpt lat="-2.76616509072482585906982421875" lon="-79.238173775374889373779296875">
        <ele>4123.2001953125</ele>
        <time>2026-08-27T20:56:58.000Z</time>
        <extensions>
          <ns3:TrackPointExtension>
            <ns3:hr>98</ns3:hr>
          </ns3:TrackPointExtension>
        </extensions>
      </trkpt>
      <trkpt lat="-2.76618353091180324554443359375" lon="-79.23818324692547321319580078125">
        <ele>4123</ele>
        <time>2026-08-27T20:57:00.000Z</time>
        <extensions>
          <ns3:TrackPointExtension>
            <ns3:hr>105</ns3:hr>
          </ns3:TrackPointExtension>
        </extensions>
      </trkpt>
      <trkpt lat="-2.76619057171046733856201171875" lon="-79.23818710260093212127685546875">
        <ele>4122.7998046875</ele>
        <time>2026-08-27T20:57:01.000Z</time>
        <extensions>
          <ns3:TrackPointExtension>
            <ns3:hr>104</ns3:hr>
          </ns3:TrackPointExtension>
        </extensions>
      </trkpt>
      <trkpt lat="-2.76622979901731014251708984375" lon="-79.2382047884166240692138671875">
        <ele>4121.7998046875</ele>
        <time>2026-08-27T20:57:07.000Z</time>
        <extensions>
          <ns3:TrackPointExtension>
            <ns3:hr>105</ns3:hr>
          </ns3:TrackPointExtension>
        </extensions>
      </trkpt>
      <trkpt lat="-2.7662340737879276275634765625" lon="-79.2382195405662059783935546875">
        <ele>4121.7998046875</ele>
        <time>2026-08-27T20:57:14.000Z</time>
        <extensions>
          <ns3:TrackPointExtension>
            <ns3:hr>102</ns3:hr>
          </ns3:TrackPointExtension>
        </extensions>
      </trkpt>
      <trkpt lat="-2.766277156770229339599609375" lon="-79.2382356338202953338623046875">
        <ele>4120.60009765625</ele>
        <time>2026-08-27T20:57:23.000Z</time>
        <extensions>
          <ns3:TrackPointExtension>
            <ns3:hr>104</ns3:hr>
          </ns3:TrackPointExtension>
        </extensions>
      </trkpt>
      <trkpt lat="-2.7663598023355007171630859375" lon="-79.23825365491211414337158203125">
        <ele>4118.60009765625</ele>
        <time>2026-08-27T20:57:32.000Z</time>
        <extensions>
          <ns3:TrackPointExtension>
            <ns3:hr>103</ns3:hr>
          </ns3:TrackPointExtension>
        </extensions>
      </trkpt>
      <trkpt lat="-2.7664087526500225067138671875" lon="-79.2382141761481761932373046875">
        <ele>4117.39990234375</ele>
        <time>2026-08-27T20:57:39.000Z</time>
        <extensions>
          <ns3:TrackPointExtension>
            <ns3:hr>102</ns3:hr>
          </ns3:TrackPointExtension>
        </extensions>
      </trkpt>
      <trkpt lat="-2.7664164640009403228759765625" lon="-79.23820772208273410797119140625">
        <ele>4117.2001953125</ele>
        <time>2026-08-27T20:57:40.000Z</time>
        <extensions>
          <ns3:TrackPointExtension>
            <ns3:hr>102</ns3:hr>
          </ns3:TrackPointExtension>
        </extensions>
      </trkpt>
      <trkpt lat="-2.76645678095519542694091796875" lon="-79.2381994239985942840576171875">
        <ele>4116.60009765625</ele>
        <time>2026-08-27T20:57:43.000Z</time>
        <extensions>
          <ns3:TrackPointExtension>
            <ns3:hr>104</ns3:hr>
          </ns3:TrackPointExtension>
        </extensions>
      </trkpt>
      <trkpt lat="-2.76646315120160579681396484375" lon="-79.23819330520927906036376953125">
        <ele>4116.39990234375</ele>
        <time>2026-08-27T20:57:44.000Z</time>
        <extensions>
          <ns3:TrackPointExtension>
            <ns3:hr>103</ns3:hr>
          </ns3:TrackPointExtension>
        </extensions>
      </trkpt>
      <trkpt lat="-2.7664640732109546661376953125" lon="-79.23817788250744342803955078125">
        <ele>4116.60009765625</ele>
        <time>2026-08-27T20:57:46.000Z</time>
        <extensions>
          <ns3:TrackPointExtension>
            <ns3:hr>103</ns3:hr>
          </ns3:TrackPointExtension>
        </extensions>
      </trkpt>
      <trkpt lat="-2.766470946371555328369140625" lon="-79.2381508089601993560791015625">
        <ele>4116.60009765625</ele>
        <time>2026-08-27T20:57:49.000Z</time>
        <extensions>
          <ns3:TrackPointExtension>
            <ns3:hr>103</ns3:hr>
          </ns3:TrackPointExtension>
        </extensions>
      </trkpt>
      <trkpt lat="-2.7664976008236408233642578125" lon="-79.23811300657689571380615234375">
        <ele>4116.2001953125</ele>
        <time>2026-08-27T20:57:56.000Z</time>
        <extensions>
          <ns3:TrackPointExtension>
            <ns3:hr>101</ns3:hr>
          </ns3:TrackPointExtension>
        </extensions>
      </trkpt>
      <trkpt lat="-2.76651687920093536376953125" lon="-79.23811535350978374481201171875">
        <ele>4115.60009765625</ele>
        <time>2026-08-27T20:57:59.000Z</time>
        <extensions>
          <ns3:TrackPointExtension>
            <ns3:hr>102</ns3:hr>
          </ns3:TrackPointExtension>
        </extensions>
      </trkpt>
      <trkpt lat="-2.76654160581529140472412109375" lon="-79.23810093663632869720458984375">
        <ele>4115.2001953125</ele>
        <time>2026-08-27T20:58:03.000Z</time>
        <extensions>
          <ns3:TrackPointExtension>
            <ns3:hr>101</ns3:hr>
          </ns3:TrackPointExtension>
        </extensions>
      </trkpt>
      <trkpt lat="-2.76659508235752582550048828125" lon="-79.23808903433382511138916015625">
        <ele>4114</ele>
        <time>2026-08-27T20:58:11.000Z</time>
        <extensions>
          <ns3:TrackPointExtension>
            <ns3:hr>101</ns3:hr>
          </ns3:TrackPointExtension>
        </extensions>
      </trkpt>
      <trkpt lat="-2.76665995828807353973388671875" lon="-79.23808082006871700286865234375">
        <ele>4112.39990234375</ele>
        <time>2026-08-27T20:58:19.000Z</time>
        <extensions>
          <ns3:TrackPointExtension>
            <ns3:hr>101</ns3:hr>
          </ns3:TrackPointExtension>
        </extensions>
      </trkpt>
      <trkpt lat="-2.7666865289211273193359375" lon="-79.2380505613982677459716796875">
        <ele>4111.7998046875</ele>
        <time>2026-08-27T20:58:24.000Z</time>
        <extensions>
          <ns3:TrackPointExtension>
            <ns3:hr>102</ns3:hr>
          </ns3:TrackPointExtension>
        </extensions>
      </trkpt>
      <trkpt lat="-2.76669885031878948211669921875" lon="-79.23803840763866901397705078125">
        <ele>4111.60009765625</ele>
        <time>2026-08-27T20:58:26.000Z</time>
        <extensions>
          <ns3:TrackPointExtension>
            <ns3:hr>101</ns3:hr>
          </ns3:TrackPointExtension>
        </extensions>
      </trkpt>
      <trkpt lat="-2.766711004078388214111328125" lon="-79.23803103156387805938720703125">
        <ele>4111.39990234375</ele>
        <time>2026-08-27T20:58:28.000Z</time>
        <extensions>
          <ns3:TrackPointExtension>
            <ns3:hr>105</ns3:hr>
          </ns3:TrackPointExtension>
        </extensions>
      </trkpt>
      <trkpt lat="-2.76671779341995716094970703125" lon="-79.2380321212112903594970703125">
        <ele>4111.2001953125</ele>
        <time>2026-08-27T20:58:29.000Z</time>
        <extensions>
          <ns3:TrackPointExtension>
            <ns3:hr>102</ns3:hr>
          </ns3:TrackPointExtension>
        </extensions>
      </trkpt>
      <trkpt lat="-2.76673204265534877777099609375" lon="-79.23805902712047100067138671875">
        <ele>4110.60009765625</ele>
        <time>2026-08-27T20:58:33.000Z</time>
        <extensions>
          <ns3:TrackPointExtension>
            <ns3:hr>102</ns3:hr>
          </ns3:TrackPointExtension>
        </extensions>
      </trkpt>
      <trkpt lat="-2.76676104404032230377197265625" lon="-79.23809054307639598846435546875">
        <ele>4109.7998046875</ele>
        <time>2026-08-27T20:58:38.000Z</time>
        <extensions>
          <ns3:TrackPointExtension>
            <ns3:hr>103</ns3:hr>
          </ns3:TrackPointExtension>
        </extensions>
      </trkpt>
      <trkpt lat="-2.7667723596096038818359375" lon="-79.23810479231178760528564453125">
        <ele>4109.39990234375</ele>
        <time>2026-08-27T20:58:40.000Z</time>
        <extensions>
          <ns3:TrackPointExtension>
            <ns3:hr>104</ns3:hr>
          </ns3:TrackPointExtension>
        </extensions>
      </trkpt>
      <trkpt lat="-2.76677344925701618194580078125" lon="-79.238127507269382476806640625">
        <ele>4109.2001953125</ele>
        <time>2026-08-27T20:58:42.000Z</time>
        <extensions>
          <ns3:TrackPointExtension>
            <ns3:hr>105</ns3:hr>
          </ns3:TrackPointExtension>
        </extensions>
      </trkpt>
      <trkpt lat="-2.766777388751506805419921875" lon="-79.2381365597248077392578125">
        <ele>4109</ele>
        <time>2026-08-27T20:58:43.000Z</time>
        <extensions>
          <ns3:TrackPointExtension>
            <ns3:hr>103</ns3:hr>
          </ns3:TrackPointExtension>
        </extensions>
      </trkpt>
      <trkpt lat="-2.766807563602924346923828125" lon="-79.2381310276687145233154296875">
        <ele>4108.2001953125</ele>
        <time>2026-08-27T20:58:46.000Z</time>
        <extensions>
          <ns3:TrackPointExtension>
            <ns3:hr>104</ns3:hr>
          </ns3:TrackPointExtension>
        </extensions>
      </trkpt>
      <trkpt lat="-2.7668499760329723358154296875" lon="-79.23810797743499279022216796875">
        <ele>4107.39990234375</ele>
        <time>2026-08-27T20:58:50.000Z</time>
        <extensions>
          <ns3:TrackPointExtension>
            <ns3:hr>103</ns3:hr>
          </ns3:TrackPointExtension>
        </extensions>
      </trkpt>
      <trkpt lat="-2.7668581902980804443359375" lon="-79.23807562328875064849853515625">
        <ele>4107.2001953125</ele>
        <time>2026-08-27T20:58:53.000Z</time>
        <extensions>
          <ns3:TrackPointExtension>
            <ns3:hr>105</ns3:hr>
          </ns3:TrackPointExtension>
        </extensions>
      </trkpt>
      <trkpt lat="-2.7668674103915691375732421875" lon="-79.2380576021969318389892578125">
        <ele>4106.7998046875</ele>
        <time>2026-08-27T20:58:55.000Z</time>
        <extensions>
          <ns3:TrackPointExtension>
            <ns3:hr>102</ns3:hr>
          </ns3:TrackPointExtension>
        </extensions>
      </trkpt>
      <trkpt lat="-2.76688434183597564697265625" lon="-79.2380529083311557769775390625">
        <ele>4106</ele>
        <time>2026-08-27T20:58:57.000Z</time>
        <extensions>
          <ns3:TrackPointExtension>
            <ns3:hr>99</ns3:hr>
          </ns3:TrackPointExtension>
        </extensions>
      </trkpt>
      <trkpt lat="-2.76689280755817890167236328125" lon="-79.23805835656821727752685546875">
        <ele>4105.7998046875</ele>
        <time>2026-08-27T20:58:58.000Z</time>
        <extensions>
          <ns3:TrackPointExtension>
            <ns3:hr>104</ns3:hr>
          </ns3:TrackPointExtension>
        </extensions>
      </trkpt>
      <trkpt lat="-2.7669002674520015716552734375" lon="-79.23806623555719852447509765625">
        <ele>4105.60009765625</ele>
        <time>2026-08-27T20:58:59.000Z</time>
        <extensions>
          <ns3:TrackPointExtension>
            <ns3:hr>103</ns3:hr>
          </ns3:TrackPointExtension>
        </extensions>
      </trkpt>
      <trkpt lat="-2.7669203840196132659912109375" lon="-79.23815525136888027191162109375">
        <ele>4105.2001953125</ele>
        <time>2026-08-27T20:59:06.000Z</time>
        <extensions>
          <ns3:TrackPointExtension>
            <ns3:hr>100</ns3:hr>
          </ns3:TrackPointExtension>
        </extensions>
      </trkpt>
      <trkpt lat="-2.76692097075283527374267578125" lon="-79.23816732130944728851318359375">
        <ele>4105.2001953125</ele>
        <time>2026-08-27T20:59:07.000Z</time>
        <extensions>
          <ns3:TrackPointExtension>
            <ns3:hr>101</ns3:hr>
          </ns3:TrackPointExtension>
        </extensions>
      </trkpt>
      <trkpt lat="-2.76693438179790973663330078125" lon="-79.23833227716386318206787109375">
        <ele>4103.39990234375</ele>
        <time>2026-08-27T20:59:19.000Z</time>
        <extensions>
          <ns3:TrackPointExtension>
            <ns3:hr>105</ns3:hr>
          </ns3:TrackPointExtension>
        </extensions>
      </trkpt>
      <trkpt lat="-2.76694829575717449188232421875" lon="-79.23839145340025424957275390625">
        <ele>4102.39990234375</ele>
        <time>2026-08-27T20:59:23.000Z</time>
        <extensions>
          <ns3:TrackPointExtension>
            <ns3:hr>102</ns3:hr>
          </ns3:TrackPointExtension>
        </extensions>
      </trkpt>
      <trkpt lat="-2.76698014698922634124755859375" lon="-79.2384745180606842041015625">
        <ele>4100.60009765625</ele>
        <time>2026-08-27T20:59:31.000Z</time>
        <extensions>
          <ns3:TrackPointExtension>
            <ns3:hr>103</ns3:hr>
          </ns3:TrackPointExtension>
        </extensions>
      </trkpt>
      <trkpt lat="-2.76699791662395000457763671875" lon="-79.23851634375751018524169921875">
        <ele>4099.7998046875</ele>
        <time>2026-08-27T20:59:35.000Z</time>
        <extensions>
          <ns3:TrackPointExtension>
            <ns3:hr>99</ns3:hr>
          </ns3:TrackPointExtension>
        </extensions>
      </trkpt>
      <trkpt lat="-2.76701199822127819061279296875" lon="-79.238547272980213165283203125">
        <ele>4099.2001953125</ele>
        <time>2026-08-27T20:59:38.000Z</time>
        <extensions>
          <ns3:TrackPointExtension>
            <ns3:hr>96</ns3:hr>
          </ns3:TrackPointExtension>
        </extensions>
      </trkpt>
      <trkpt lat="-2.7670206315815448760986328125" lon="-79.2385849915444850921630859375">
        <ele>4099.39990234375</ele>
        <time>2026-08-27T20:59:42.000Z</time>
        <extensions>
          <ns3:TrackPointExtension>
            <ns3:hr>95</ns3:hr>
          </ns3:TrackPointExtension>
        </extensions>
      </trkpt>
      <trkpt lat="-2.76703228242695331573486328125" lon="-79.23861944116652011871337890625">
        <ele>4099.60009765625</ele>
        <time>2026-08-27T20:59:46.000Z</time>
        <extensions>
          <ns3:TrackPointExtension>
            <ns3:hr>92</ns3:hr>
          </ns3:TrackPointExtension>
        </extensions>
      </trkpt>
      <trkpt lat="-2.7670457772910594940185546875" lon="-79.23866705037653446197509765625">
        <ele>4100.2001953125</ele>
        <time>2026-08-27T20:59:51.000Z</time>
        <extensions>
          <ns3:TrackPointExtension>
            <ns3:hr>92</ns3:hr>
          </ns3:TrackPointExtension>
        </extensions>
      </trkpt>
      <trkpt lat="-2.76704535819590091705322265625" lon="-79.238693453371524810791015625">
        <ele>4100.39990234375</ele>
        <time>2026-08-27T20:59:54.000Z</time>
        <extensions>
          <ns3:TrackPointExtension>
            <ns3:hr>95</ns3:hr>
          </ns3:TrackPointExtension>
        </extensions>
      </trkpt>
      <trkpt lat="-2.7670498006045818328857421875" lon="-79.2387147434055805206298828125">
        <ele>4100.39990234375</ele>
        <time>2026-08-27T20:59:56.000Z</time>
        <extensions>
          <ns3:TrackPointExtension>
            <ns3:hr>93</ns3:hr>
          </ns3:TrackPointExtension>
        </extensions>
      </trkpt>
      <trkpt lat="-2.7670682407915592193603515625" lon="-79.238737709820270538330078125">
        <ele>4100.7998046875</ele>
        <time>2026-08-27T20:59:59.000Z</time>
        <extensions>
          <ns3:TrackPointExtension>
            <ns3:hr>94</ns3:hr>
          </ns3:TrackPointExtension>
        </extensions>
      </trkpt>
      <trkpt lat="-2.7670752815902233123779296875" lon="-79.23874164931476116180419921875">
        <ele>4100.7998046875</ele>
        <time>2026-08-27T21:00:00.000Z</time>
        <extensions>
          <ns3:TrackPointExtension>
            <ns3:hr>95</ns3:hr>
          </ns3:TrackPointExtension>
        </extensions>
      </trkpt>
      <trkpt lat="-2.76713118888437747955322265625" lon="-79.23875975422561168670654296875">
        <ele>4101.39990234375</ele>
        <time>2026-08-27T21:00:05.000Z</time>
        <extensions>
          <ns3:TrackPointExtension>
            <ns3:hr>94</ns3:hr>
          </ns3:TrackPointExtension>
        </extensions>
      </trkpt>
      <trkpt lat="-2.76720930822193622589111328125" lon="-79.23873745836317539215087890625">
        <ele>4101.7998046875</ele>
        <time>2026-08-27T21:00:11.000Z</time>
        <extensions>
          <ns3:TrackPointExtension>
            <ns3:hr>97</ns3:hr>
          </ns3:TrackPointExtension>
        </extensions>
      </trkpt>
      <trkpt lat="-2.7672202885150909423828125" lon="-79.23872974701225757598876953125">
        <ele>4101.7998046875</ele>
        <time>2026-08-27T21:00:12.000Z</time>
        <extensions>
          <ns3:TrackPointExtension>
            <ns3:hr>98</ns3:hr>
          </ns3:TrackPointExtension>
        </extensions>
      </trkpt>
      <trkpt lat="-2.7672798000276088714599609375" lon="-79.23869504593312740325927734375">
        <ele>4100.7998046875</ele>
        <time>2026-08-27T21:00:17.000Z</time>
        <extensions>
          <ns3:TrackPointExtension>
            <ns3:hr>101</ns3:hr>
          </ns3:TrackPointExtension>
        </extensions>
      </trkpt>
      <trkpt lat="-2.76731290854513645172119140625" lon="-79.2386783659458160400390625">
        <ele>4100.7998046875</ele>
        <time>2026-08-27T21:00:20.000Z</time>
        <extensions>
          <ns3:TrackPointExtension>
            <ns3:hr>103</ns3:hr>
          </ns3:TrackPointExtension>
        </extensions>
      </trkpt>
      <trkpt lat="-2.76736915111541748046875" lon="-79.23864391632378101348876953125">
        <ele>4101</ele>
        <time>2026-08-27T21:00:25.000Z</time>
        <extensions>
          <ns3:TrackPointExtension>
            <ns3:hr>105</ns3:hr>
          </ns3:TrackPointExtension>
        </extensions>
      </trkpt>
      <trkpt lat="-2.7673827297985553741455078125" lon="-79.238637797534465789794921875">
        <ele>4101</ele>
        <time>2026-08-27T21:00:26.000Z</time>
        <extensions>
          <ns3:TrackPointExtension>
            <ns3:hr>102</ns3:hr>
          </ns3:TrackPointExtension>
        </extensions>
      </trkpt>
      <trkpt lat="-2.76739639230072498321533203125" lon="-79.2386329360306262969970703125">
        <ele>4101</ele>
        <time>2026-08-27T21:00:27.000Z</time>
        <extensions>
          <ns3:TrackPointExtension>
            <ns3:hr>105</ns3:hr>
          </ns3:TrackPointExtension>
        </extensions>
      </trkpt>
      <trkpt lat="-2.76745959185063838958740234375" lon="-79.238622374832630157470703125">
        <ele>4101</ele>
        <time>2026-08-27T21:00:32.000Z</time>
        <extensions>
          <ns3:TrackPointExtension>
            <ns3:hr>103</ns3:hr>
          </ns3:TrackPointExtension>
        </extensions>
      </trkpt>
      <trkpt lat="-2.76749454438686370849609375" lon="-79.2386141605675220489501953125">
        <ele>4100.7998046875</ele>
        <time>2026-08-27T21:00:35.000Z</time>
        <extensions>
          <ns3:TrackPointExtension>
            <ns3:hr>105</ns3:hr>
          </ns3:TrackPointExtension>
        </extensions>
      </trkpt>
      <trkpt lat="-2.76763343252241611480712890625" lon="-79.2385756038129329681396484375">
        <ele>4101</ele>
        <time>2026-08-27T21:00:46.000Z</time>
        <extensions>
          <ns3:TrackPointExtension>
            <ns3:hr>105</ns3:hr>
          </ns3:TrackPointExtension>
        </extensions>
      </trkpt>
      <trkpt lat="-2.76778556406497955322265625" lon="-79.23850066959857940673828125">
        <ele>4100.7998046875</ele>
        <time>2026-08-27T21:00:58.000Z</time>
        <extensions>
          <ns3:TrackPointExtension>
            <ns3:hr>104</ns3:hr>
          </ns3:TrackPointExtension>
        </extensions>
      </trkpt>
      <trkpt lat="-2.76786862872540950775146484375" lon="-79.238480888307094573974609375">
        <ele>4100.60009765625</ele>
        <time>2026-08-27T21:01:04.000Z</time>
        <extensions>
          <ns3:TrackPointExtension>
            <ns3:hr>108</ns3:hr>
          </ns3:TrackPointExtension>
        </extensions>
      </trkpt>
      <trkpt lat="-2.7678889967501163482666015625" lon="-79.238484911620616912841796875">
        <ele>4101</ele>
        <time>2026-08-27T21:01:06.000Z</time>
        <extensions>
          <ns3:TrackPointExtension>
            <ns3:hr>112</ns3:hr>
          </ns3:TrackPointExtension>
        </extensions>
      </trkpt>
      <trkpt lat="-2.76791431009769439697265625" lon="-79.23849287442862987518310546875">
        <ele>4101.39990234375</ele>
        <time>2026-08-27T21:01:08.000Z</time>
        <extensions>
          <ns3:TrackPointExtension>
            <ns3:hr>110</ns3:hr>
          </ns3:TrackPointExtension>
        </extensions>
      </trkpt>
      <trkpt lat="-2.76801397092640399932861328125" lon="-79.238555319607257843017578125">
        <ele>4104.7998046875</ele>
        <time>2026-08-27T21:01:17.000Z</time>
        <extensions>
          <ns3:TrackPointExtension>
            <ns3:hr>110</ns3:hr>
          </ns3:TrackPointExtension>
        </extensions>
      </trkpt>
      <trkpt lat="-2.768093012273311614990234375" lon="-79.23857669346034526824951171875">
        <ele>4106.39990234375</ele>
        <time>2026-08-27T21:01:24.000Z</time>
        <extensions>
          <ns3:TrackPointExtension>
            <ns3:hr>110</ns3:hr>
          </ns3:TrackPointExtension>
        </extensions>
      </trkpt>
      <trkpt lat="-2.7681887336075305938720703125" lon="-79.2385692335665225982666015625">
        <ele>4108.39990234375</ele>
        <time>2026-08-27T21:01:31.000Z</time>
        <extensions>
          <ns3:TrackPointExtension>
            <ns3:hr>110</ns3:hr>
          </ns3:TrackPointExtension>
        </extensions>
      </trkpt>
      <trkpt lat="-2.7681992948055267333984375" lon="-79.23856814391911029815673828125">
        <ele>4108.7998046875</ele>
        <time>2026-08-27T21:01:32.000Z</time>
        <extensions>
          <ns3:TrackPointExtension>
            <ns3:hr>109</ns3:hr>
          </ns3:TrackPointExtension>
        </extensions>
      </trkpt>
      <trkpt lat="-2.7682973630726337432861328125" lon="-79.23850796185433864593505859375">
        <ele>4109.39990234375</ele>
        <time>2026-08-27T21:01:40.000Z</time>
        <extensions>
          <ns3:TrackPointExtension>
            <ns3:hr>108</ns3:hr>
          </ns3:TrackPointExtension>
        </extensions>
      </trkpt>
      <trkpt lat="-2.76832175441086292266845703125" lon="-79.2384907789528369903564453125">
        <ele>4109.39990234375</ele>
        <time>2026-08-27T21:01:42.000Z</time>
        <extensions>
          <ns3:TrackPointExtension>
            <ns3:hr>111</ns3:hr>
          </ns3:TrackPointExtension>
        </extensions>
      </trkpt>
      <trkpt lat="-2.76833541691303253173828125" lon="-79.2384817264974117279052734375">
        <ele>4109.39990234375</ele>
        <time>2026-08-27T21:01:43.000Z</time>
        <extensions>
          <ns3:TrackPointExtension>
            <ns3:hr>108</ns3:hr>
          </ns3:TrackPointExtension>
        </extensions>
      </trkpt>
      <trkpt lat="-2.76837942190468311309814453125" lon="-79.23842615447938442230224609375">
        <ele>4107.60009765625</ele>
        <time>2026-08-27T21:01:48.000Z</time>
        <extensions>
          <ns3:TrackPointExtension>
            <ns3:hr>108</ns3:hr>
          </ns3:TrackPointExtension>
        </extensions>
      </trkpt>
      <trkpt lat="-2.76838503777980804443359375" lon="-79.2384223826229572296142578125">
        <ele>4107.60009765625</ele>
        <time>2026-08-27T21:01:53.000Z</time>
        <extensions>
          <ns3:TrackPointExtension>
            <ns3:hr>106</ns3:hr>
          </ns3:TrackPointExtension>
        </extensions>
      </trkpt>
      <trkpt lat="-2.76839710772037506103515625" lon="-79.23838608898222446441650390625">
        <ele>4105.7998046875</ele>
        <time>2026-08-27T21:02:01.000Z</time>
        <extensions>
          <ns3:TrackPointExtension>
            <ns3:hr>106</ns3:hr>
          </ns3:TrackPointExtension>
        </extensions>
      </trkpt>
      <trkpt lat="-2.7684301324188709259033203125" lon="-79.2383808083832263946533203125">
        <ele>4106.39990234375</ele>
        <time>2026-08-27T21:02:08.000Z</time>
        <extensions>
          <ns3:TrackPointExtension>
            <ns3:hr>107</ns3:hr>
          </ns3:TrackPointExtension>
        </extensions>
      </trkpt>
      <trkpt lat="-2.76850707828998565673828125" lon="-79.23835759051144123077392578125">
        <ele>4106.60009765625</ele>
        <time>2026-08-27T21:02:15.000Z</time>
        <extensions>
          <ns3:TrackPointExtension>
            <ns3:hr>106</ns3:hr>
          </ns3:TrackPointExtension>
        </extensions>
      </trkpt>
      <trkpt lat="-2.768605649471282958984375" lon="-79.23830394633114337921142578125">
        <ele>4103</ele>
        <time>2026-08-27T21:02:23.000Z</time>
        <extensions>
          <ns3:TrackPointExtension>
            <ns3:hr>106</ns3:hr>
          </ns3:TrackPointExtension>
        </extensions>
      </trkpt>
      <trkpt lat="-2.7686430327594280242919921875" lon="-79.23827670514583587646484375">
        <ele>4101</ele>
        <time>2026-08-27T21:02:26.000Z</time>
        <extensions>
          <ns3:TrackPointExtension>
            <ns3:hr>106</ns3:hr>
          </ns3:TrackPointExtension>
        </extensions>
      </trkpt>
      <trkpt lat="-2.76867295615375041961669921875" lon="-79.23824292607605457305908203125">
        <ele>4098.60009765625</ele>
        <time>2026-08-27T21:02:29.000Z</time>
        <extensions>
          <ns3:TrackPointExtension>
            <ns3:hr>106</ns3:hr>
          </ns3:TrackPointExtension>
        </extensions>
      </trkpt>
      <trkpt lat="-2.76871318928897380828857421875" lon="-79.23820956610143184661865234375">
        <ele>4096</ele>
        <time>2026-08-27T21:02:33.000Z</time>
        <extensions>
          <ns3:TrackPointExtension>
            <ns3:hr>103</ns3:hr>
          </ns3:TrackPointExtension>
        </extensions>
      </trkpt>
      <trkpt lat="-2.7687214873731136322021484375" lon="-79.23820034600794315338134765625">
        <ele>4095.199951171875</ele>
        <time>2026-08-27T21:02:34.000Z</time>
        <extensions>
          <ns3:TrackPointExtension>
            <ns3:hr>106</ns3:hr>
          </ns3:TrackPointExtension>
        </extensions>
      </trkpt>
      <trkpt lat="-2.76875945739448070526123046875" lon="-79.2381655611097812652587890625">
        <ele>4092</ele>
        <time>2026-08-27T21:02:38.000Z</time>
        <extensions>
          <ns3:TrackPointExtension>
            <ns3:hr>103</ns3:hr>
          </ns3:TrackPointExtension>
        </extensions>
      </trkpt>
      <trkpt lat="-2.76877538301050662994384765625" lon="-79.23815810121595859527587890625">
        <ele>4091.39990234375</ele>
        <time>2026-08-27T21:02:40.000Z</time>
        <extensions>
          <ns3:TrackPointExtension>
            <ns3:hr>103</ns3:hr>
          </ns3:TrackPointExtension>
        </extensions>
      </trkpt>
      <trkpt lat="-2.7688884548842906951904296875" lon="-79.238130860030651092529296875">
        <ele>4088.39990234375</ele>
        <time>2026-08-27T21:02:49.000Z</time>
        <extensions>
          <ns3:TrackPointExtension>
            <ns3:hr>103</ns3:hr>
          </ns3:TrackPointExtension>
        </extensions>
      </trkpt>
      <trkpt lat="-2.76901711709797382354736328125" lon="-79.2381226457655429840087890625">
        <ele>4088</ele>
        <time>2026-08-27T21:02:58.000Z</time>
        <extensions>
          <ns3:TrackPointExtension>
            <ns3:hr>99</ns3:hr>
          </ns3:TrackPointExtension>
        </extensions>
      </trkpt>
      <trkpt lat="-2.76903455145657062530517578125" lon="-79.23811434768140316009521484375">
        <ele>4087.60009765625</ele>
        <time>2026-08-27T21:02:59.000Z</time>
        <extensions>
          <ns3:TrackPointExtension>
            <ns3:hr>102</ns3:hr>
          </ns3:TrackPointExtension>
        </extensions>
      </trkpt>
      <trkpt lat="-2.7690456993877887725830078125" lon="-79.2381068877875804901123046875">
        <ele>4087.199951171875</ele>
        <time>2026-08-27T21:03:00.000Z</time>
        <extensions>
          <ns3:TrackPointExtension>
            <ns3:hr>103</ns3:hr>
          </ns3:TrackPointExtension>
        </extensions>
      </trkpt>
      <trkpt lat="-2.76907528750598430633544921875" lon="-79.23808182589709758758544921875">
        <ele>4085.800048828125</ele>
        <time>2026-08-27T21:03:03.000Z</time>
        <extensions>
          <ns3:TrackPointExtension>
            <ns3:hr>99</ns3:hr>
          </ns3:TrackPointExtension>
        </extensions>
      </trkpt>
      <trkpt lat="-2.7691124193370342254638671875" lon="-79.2380649782717227935791015625">
        <ele>4085</ele>
        <time>2026-08-27T21:03:07.000Z</time>
        <extensions>
          <ns3:TrackPointExtension>
            <ns3:hr>99</ns3:hr>
          </ns3:TrackPointExtension>
        </extensions>
      </trkpt>
      <trkpt lat="-2.76914007961750030517578125" lon="-79.23803237266838550567626953125">
        <ele>4083.39990234375</ele>
        <time>2026-08-27T21:03:10.000Z</time>
        <extensions>
          <ns3:TrackPointExtension>
            <ns3:hr>102</ns3:hr>
          </ns3:TrackPointExtension>
        </extensions>
      </trkpt>
      <trkpt lat="-2.76915273629128932952880859375" lon="-79.2380371503531932830810546875">
        <ele>4083.60009765625</ele>
        <time>2026-08-27T21:03:11.000Z</time>
        <extensions>
          <ns3:TrackPointExtension>
            <ns3:hr>103</ns3:hr>
          </ns3:TrackPointExtension>
        </extensions>
      </trkpt>
      <trkpt lat="-2.7692026086151599884033203125" lon="-79.238014854490756988525390625">
        <ele>4082.60009765625</ele>
        <time>2026-08-27T21:03:15.000Z</time>
        <extensions>
          <ns3:TrackPointExtension>
            <ns3:hr>106</ns3:hr>
          </ns3:TrackPointExtension>
        </extensions>
      </trkpt>
      <trkpt lat="-2.7692106552422046661376953125" lon="-79.23800588585436344146728515625">
        <ele>4082.199951171875</ele>
        <time>2026-08-27T21:03:16.000Z</time>
        <extensions>
          <ns3:TrackPointExtension>
            <ns3:hr>106</ns3:hr>
          </ns3:TrackPointExtension>
        </extensions>
      </trkpt>
      <trkpt lat="-2.76934526860713958740234375" lon="-79.23797721974551677703857421875">
        <ele>4080.800048828125</ele>
        <time>2026-08-27T21:03:26.000Z</time>
        <extensions>
          <ns3:TrackPointExtension>
            <ns3:hr>107</ns3:hr>
          </ns3:TrackPointExtension>
        </extensions>
      </trkpt>
      <trkpt lat="-2.76943721808493137359619140625" lon="-79.2379367351531982421875">
        <ele>4079.39990234375</ele>
        <time>2026-08-27T21:03:34.000Z</time>
        <extensions>
          <ns3:TrackPointExtension>
            <ns3:hr>108</ns3:hr>
          </ns3:TrackPointExtension>
        </extensions>
      </trkpt>
      <trkpt lat="-2.76946437545120716094970703125" lon="-79.23792307265102863311767578125">
        <ele>4079</ele>
        <time>2026-08-27T21:03:37.000Z</time>
        <extensions>
          <ns3:TrackPointExtension>
            <ns3:hr>105</ns3:hr>
          </ns3:TrackPointExtension>
        </extensions>
      </trkpt>
      <trkpt lat="-2.76951869018375873565673828125" lon="-79.2379234917461872100830078125">
        <ele>4079.800048828125</ele>
        <time>2026-08-27T21:03:42.000Z</time>
        <extensions>
          <ns3:TrackPointExtension>
            <ns3:hr>108</ns3:hr>
          </ns3:TrackPointExtension>
        </extensions>
      </trkpt>
      <trkpt lat="-2.76956529356539249420166015625" lon="-79.2379581928253173828125">
        <ele>4080.39990234375</ele>
        <time>2026-08-27T21:03:48.000Z</time>
        <extensions>
          <ns3:TrackPointExtension>
            <ns3:hr>111</ns3:hr>
          </ns3:TrackPointExtension>
        </extensions>
      </trkpt>
      <trkpt lat="-2.7696076221764087677001953125" lon="-79.238008148968219757080078125">
        <ele>4081.800048828125</ele>
        <time>2026-08-27T21:03:53.000Z</time>
        <extensions>
          <ns3:TrackPointExtension>
            <ns3:hr>113</ns3:hr>
          </ns3:TrackPointExtension>
        </extensions>
      </trkpt>
      <trkpt lat="-2.76961726136505603790283203125" lon="-79.23801979981362819671630859375">
        <ele>4082</ele>
        <time>2026-08-27T21:03:54.000Z</time>
        <extensions>
          <ns3:TrackPointExtension>
            <ns3:hr>107</ns3:hr>
          </ns3:TrackPointExtension>
        </extensions>
      </trkpt>
      <trkpt lat="-2.769627235829830169677734375" lon="-79.23802935518324375152587890625">
        <ele>4082.39990234375</ele>
        <time>2026-08-27T21:03:55.000Z</time>
        <extensions>
          <ns3:TrackPointExtension>
            <ns3:hr>107</ns3:hr>
          </ns3:TrackPointExtension>
        </extensions>
      </trkpt>
      <trkpt lat="-2.76968180201947689056396484375" lon="-79.23805852420628070831298828125">
        <ele>4083.199951171875</ele>
        <time>2026-08-27T21:04:00.000Z</time>
        <extensions>
          <ns3:TrackPointExtension>
            <ns3:hr>104</ns3:hr>
          </ns3:TrackPointExtension>
        </extensions>
      </trkpt>
      <trkpt lat="-2.76972320862114429473876953125" lon="-79.2380602844059467315673828125">
        <ele>4083.199951171875</ele>
        <time>2026-08-27T21:04:03.000Z</time>
        <extensions>
          <ns3:TrackPointExtension>
            <ns3:hr>106</ns3:hr>
          </ns3:TrackPointExtension>
        </extensions>
      </trkpt>
      <trkpt lat="-2.76973661966621875762939453125" lon="-79.2380587756633758544921875">
        <ele>4083.199951171875</ele>
        <time>2026-08-27T21:04:04.000Z</time>
        <extensions>
          <ns3:TrackPointExtension>
            <ns3:hr>103</ns3:hr>
          </ns3:TrackPointExtension>
        </extensions>
      </trkpt>
      <trkpt lat="-2.76980686001479625701904296875" lon="-79.2380695044994354248046875">
        <ele>4083.39990234375</ele>
        <time>2026-08-27T21:04:10.000Z</time>
        <extensions>
          <ns3:TrackPointExtension>
            <ns3:hr>100</ns3:hr>
          </ns3:TrackPointExtension>
        </extensions>
      </trkpt>
      <trkpt lat="-2.769865952432155609130859375" lon="-79.238077886402606964111328125">
        <ele>4083.39990234375</ele>
        <time>2026-08-27T21:04:16.000Z</time>
        <extensions>
          <ns3:TrackPointExtension>
            <ns3:hr>102</ns3:hr>
          </ns3:TrackPointExtension>
        </extensions>
      </trkpt>
      <trkpt lat="-2.76993376202881336212158203125" lon="-79.23814502544701099395751953125">
        <ele>4085.199951171875</ele>
        <time>2026-08-27T21:04:26.000Z</time>
        <extensions>
          <ns3:TrackPointExtension>
            <ns3:hr>101</ns3:hr>
          </ns3:TrackPointExtension>
        </extensions>
      </trkpt>
      <trkpt lat="-2.76998355053365230560302734375" lon="-79.23825851641595363616943359375">
        <ele>4088.199951171875</ele>
        <time>2026-08-27T21:04:38.000Z</time>
        <extensions>
          <ns3:TrackPointExtension>
            <ns3:hr>101</ns3:hr>
          </ns3:TrackPointExtension>
        </extensions>
      </trkpt>
      <trkpt lat="-2.7700768411159515380859375" lon="-79.238310568034648895263671875">
        <ele>4089.39990234375</ele>
        <time>2026-08-27T21:04:48.000Z</time>
        <extensions>
          <ns3:TrackPointExtension>
            <ns3:hr>100</ns3:hr>
          </ns3:TrackPointExtension>
        </extensions>
      </trkpt>
      <trkpt lat="-2.77017080225050449371337890625" lon="-79.238303862512111663818359375">
        <ele>4090</ele>
        <time>2026-08-27T21:04:56.000Z</time>
        <extensions>
          <ns3:TrackPointExtension>
            <ns3:hr>103</ns3:hr>
          </ns3:TrackPointExtension>
        </extensions>
      </trkpt>
      <trkpt lat="-2.770220674574375152587890625" lon="-79.2382845841348171234130859375">
        <ele>4090</ele>
        <time>2026-08-27T21:05:00.000Z</time>
        <extensions>
          <ns3:TrackPointExtension>
            <ns3:hr>109</ns3:hr>
          </ns3:TrackPointExtension>
        </extensions>
      </trkpt>
      <trkpt lat="-2.77023249305784702301025390625" lon="-79.238279052078723907470703125">
        <ele>4090</ele>
        <time>2026-08-27T21:05:01.000Z</time>
        <extensions>
          <ns3:TrackPointExtension>
            <ns3:hr>108</ns3:hr>
          </ns3:TrackPointExtension>
        </extensions>
      </trkpt>
      <trkpt lat="-2.7702446468174457550048828125" lon="-79.23828131519258022308349609375">
        <ele>4090.199951171875</ele>
        <time>2026-08-27T21:05:02.000Z</time>
        <extensions>
          <ns3:TrackPointExtension>
            <ns3:hr>107</ns3:hr>
          </ns3:TrackPointExtension>
        </extensions>
      </trkpt>
      <trkpt lat="-2.77026451192796230316162109375" lon="-79.23827444203197956085205078125">
        <ele>4090.39990234375</ele>
        <time>2026-08-27T21:05:04.000Z</time>
        <extensions>
          <ns3:TrackPointExtension>
            <ns3:hr>108</ns3:hr>
          </ns3:TrackPointExtension>
        </extensions>
      </trkpt>
      <trkpt lat="-2.77028538286685943603515625" lon="-79.23826153390109539031982421875">
        <ele>4090.199951171875</ele>
        <time>2026-08-27T21:05:06.000Z</time>
        <extensions>
          <ns3:TrackPointExtension>
            <ns3:hr>104</ns3:hr>
          </ns3:TrackPointExtension>
        </extensions>
      </trkpt>
      <trkpt lat="-2.7703549526631832122802734375" lon="-79.23819146119058132171630859375">
        <ele>4088.60009765625</ele>
        <time>2026-08-27T21:05:14.000Z</time>
        <extensions>
          <ns3:TrackPointExtension>
            <ns3:hr>102</ns3:hr>
          </ns3:TrackPointExtension>
        </extensions>
      </trkpt>
      <trkpt lat="-2.7703928388655185699462890625" lon="-79.23815240152180194854736328125">
        <ele>4088.39990234375</ele>
        <time>2026-08-27T21:05:18.000Z</time>
        <extensions>
          <ns3:TrackPointExtension>
            <ns3:hr>105</ns3:hr>
          </ns3:TrackPointExtension>
        </extensions>
      </trkpt>
      <trkpt lat="-2.77046299539506435394287109375" lon="-79.23807964660227298736572265625">
        <ele>4088</ele>
        <time>2026-08-27T21:05:26.000Z</time>
        <extensions>
          <ns3:TrackPointExtension>
            <ns3:hr>104</ns3:hr>
          </ns3:TrackPointExtension>
        </extensions>
      </trkpt>
      <trkpt lat="-2.77054782025516033172607421875" lon="-79.23798560164868831634521484375">
        <ele>4086</ele>
        <time>2026-08-27T21:05:36.000Z</time>
        <extensions>
          <ns3:TrackPointExtension>
            <ns3:hr>107</ns3:hr>
          </ns3:TrackPointExtension>
        </extensions>
      </trkpt>
      <trkpt lat="-2.77055720798671245574951171875" lon="-79.23797403462231159210205078125">
        <ele>4085.800048828125</ele>
        <time>2026-08-27T21:05:37.000Z</time>
        <extensions>
          <ns3:TrackPointExtension>
            <ns3:hr>106</ns3:hr>
          </ns3:TrackPointExtension>
        </extensions>
      </trkpt>
      <trkpt lat="-2.77061588130891323089599609375" lon="-79.23791921697556972503662109375">
        <ele>4084.60009765625</ele>
        <time>2026-08-27T21:05:43.000Z</time>
        <extensions>
          <ns3:TrackPointExtension>
            <ns3:hr>103</ns3:hr>
          </ns3:TrackPointExtension>
        </extensions>
      </trkpt>
      <trkpt lat="-2.77064605616033077239990234375" lon="-79.23789759166538715362548828125">
        <ele>4084.199951171875</ele>
        <time>2026-08-27T21:05:46.000Z</time>
        <extensions>
          <ns3:TrackPointExtension>
            <ns3:hr>100</ns3:hr>
          </ns3:TrackPointExtension>
        </extensions>
      </trkpt>
      <trkpt lat="-2.7706825174391269683837890625" lon="-79.2378775589168071746826171875">
        <ele>4084.39990234375</ele>
        <time>2026-08-27T21:05:50.000Z</time>
        <extensions>
          <ns3:TrackPointExtension>
            <ns3:hr>101</ns3:hr>
          </ns3:TrackPointExtension>
        </extensions>
      </trkpt>
      <trkpt lat="-2.77079357765614986419677734375" lon="-79.237853251397609710693359375">
        <ele>4086.60009765625</ele>
        <time>2026-08-27T21:06:01.000Z</time>
        <extensions>
          <ns3:TrackPointExtension>
            <ns3:hr>102</ns3:hr>
          </ns3:TrackPointExtension>
        </extensions>
      </trkpt>
      <trkpt lat="-2.77083146385848522186279296875" lon="-79.2378470487892627716064453125">
        <ele>4087.199951171875</ele>
        <time>2026-08-27T21:06:05.000Z</time>
        <extensions>
          <ns3:TrackPointExtension>
            <ns3:hr>105</ns3:hr>
          </ns3:TrackPointExtension>
        </extensions>
      </trkpt>
      <trkpt lat="-2.770840935409069061279296875" lon="-79.23784595914185047149658203125">
        <ele>4087.39990234375</ele>
        <time>2026-08-27T21:06:06.000Z</time>
        <extensions>
          <ns3:TrackPointExtension>
            <ns3:hr>102</ns3:hr>
          </ns3:TrackPointExtension>
        </extensions>
      </trkpt>
      <trkpt lat="-2.77085090987384319305419921875" lon="-79.23784629441797733306884765625">
        <ele>4087.60009765625</ele>
        <time>2026-08-27T21:06:07.000Z</time>
        <extensions>
          <ns3:TrackPointExtension>
            <ns3:hr>105</ns3:hr>
          </ns3:TrackPointExtension>
        </extensions>
      </trkpt>
      <trkpt lat="-2.77089231647551059722900390625" lon="-79.23785400576889514923095703125">
        <ele>4089.199951171875</ele>
        <time>2026-08-27T21:06:11.000Z</time>
        <extensions>
          <ns3:TrackPointExtension>
            <ns3:hr>105</ns3:hr>
          </ns3:TrackPointExtension>
        </extensions>
      </trkpt>
      <trkpt lat="-2.770969010889530181884765625" lon="-79.23786289058625698089599609375">
        <ele>4091</ele>
        <time>2026-08-27T21:06:19.000Z</time>
        <extensions>
          <ns3:TrackPointExtension>
            <ns3:hr>104</ns3:hr>
          </ns3:TrackPointExtension>
        </extensions>
      </trkpt>
      <trkpt lat="-2.7710134349763393402099609375" lon="-79.23787311650812625885009765625">
        <ele>4092.199951171875</ele>
        <time>2026-08-27T21:06:24.000Z</time>
        <extensions>
          <ns3:TrackPointExtension>
            <ns3:hr>104</ns3:hr>
          </ns3:TrackPointExtension>
        </extensions>
      </trkpt>
      <trkpt lat="-2.7710607089102268218994140625" lon="-79.23787697218358516693115234375">
        <ele>4093</ele>
        <time>2026-08-27T21:06:29.000Z</time>
        <extensions>
          <ns3:TrackPointExtension>
            <ns3:hr>102</ns3:hr>
          </ns3:TrackPointExtension>
        </extensions>
      </trkpt>
      <trkpt lat="-2.77109130285680294036865234375" lon="-79.2378839291632175445556640625">
        <ele>4094</ele>
        <time>2026-08-27T21:06:32.000Z</time>
        <extensions>
          <ns3:TrackPointExtension>
            <ns3:hr>105</ns3:hr>
          </ns3:TrackPointExtension>
        </extensions>
      </trkpt>
      <trkpt lat="-2.771148383617401123046875" lon="-79.237891137599945068359375">
        <ele>4095.800048828125</ele>
        <time>2026-08-27T21:06:37.000Z</time>
        <extensions>
          <ns3:TrackPointExtension>
            <ns3:hr>108</ns3:hr>
          </ns3:TrackPointExtension>
        </extensions>
      </trkpt>
      <trkpt lat="-2.77122574858367443084716796875" lon="-79.23788770101964473724365234375">
        <ele>4097.60009765625</ele>
        <time>2026-08-27T21:06:44.000Z</time>
        <extensions>
          <ns3:TrackPointExtension>
            <ns3:hr>108</ns3:hr>
          </ns3:TrackPointExtension>
        </extensions>
      </trkpt>
      <trkpt lat="-2.7713198773562908172607421875" lon="-79.23781343735754489898681640625">
        <ele>4096.2001953125</ele>
        <time>2026-08-27T21:06:54.000Z</time>
        <extensions>
          <ns3:TrackPointExtension>
            <ns3:hr>109</ns3:hr>
          </ns3:TrackPointExtension>
        </extensions>
      </trkpt>
      <trkpt lat="-2.77134887874126434326171875" lon="-79.237764067947864532470703125">
        <ele>4093.800048828125</ele>
        <time>2026-08-27T21:06:58.000Z</time>
        <extensions>
          <ns3:TrackPointExtension>
            <ns3:hr>106</ns3:hr>
          </ns3:TrackPointExtension>
        </extensions>
      </trkpt>
      <trkpt lat="-2.7713694982230663299560546875" lon="-79.2376886308193206787109375">
        <ele>4090.39990234375</ele>
        <time>2026-08-27T21:07:03.000Z</time>
        <extensions>
          <ns3:TrackPointExtension>
            <ns3:hr>103</ns3:hr>
          </ns3:TrackPointExtension>
        </extensions>
      </trkpt>
      <trkpt lat="-2.7713798917829990386962890625" lon="-79.23765032552182674407958984375">
        <ele>4089.800048828125</ele>
        <time>2026-08-27T21:07:06.000Z</time>
        <extensions>
          <ns3:TrackPointExtension>
            <ns3:hr>104</ns3:hr>
          </ns3:TrackPointExtension>
        </extensions>
      </trkpt>
      <trkpt lat="-2.771421968936920166015625" lon="-79.2375362478196620941162109375">
        <ele>4089.199951171875</ele>
        <time>2026-08-27T21:07:16.000Z</time>
        <extensions>
          <ns3:TrackPointExtension>
            <ns3:hr>103</ns3:hr>
          </ns3:TrackPointExtension>
        </extensions>
      </trkpt>
      <trkpt lat="-2.77150050736963748931884765625" lon="-79.23747614957392215728759765625">
        <ele>4091.60009765625</ele>
        <time>2026-08-27T21:07:25.000Z</time>
        <extensions>
          <ns3:TrackPointExtension>
            <ns3:hr>99</ns3:hr>
          </ns3:TrackPointExtension>
        </extensions>
      </trkpt>
      <trkpt lat="-2.77150981128215789794921875" lon="-79.23746977932751178741455078125">
        <ele>4092</ele>
        <time>2026-08-27T21:07:26.000Z</time>
        <extensions>
          <ns3:TrackPointExtension>
            <ns3:hr>102</ns3:hr>
          </ns3:TrackPointExtension>
        </extensions>
      </trkpt>
      <trkpt lat="-2.77152883820235729217529296875" lon="-79.237455613911151885986328125">
        <ele>4092.39990234375</ele>
        <time>2026-08-27T21:07:28.000Z</time>
        <extensions>
          <ns3:TrackPointExtension>
            <ns3:hr>102</ns3:hr>
          </ns3:TrackPointExtension>
        </extensions>
      </trkpt>
      <trkpt lat="-2.77158851735293865203857421875" lon="-79.23740641213953495025634765625">
        <ele>4094</ele>
        <time>2026-08-27T21:07:35.000Z</time>
        <extensions>
          <ns3:TrackPointExtension>
            <ns3:hr>99</ns3:hr>
          </ns3:TrackPointExtension>
        </extensions>
      </trkpt>
      <trkpt lat="-2.77159631252288818359375" lon="-79.23740322701632976531982421875">
        <ele>4094.39990234375</ele>
        <time>2026-08-27T21:07:36.000Z</time>
        <extensions>
          <ns3:TrackPointExtension>
            <ns3:hr>103</ns3:hr>
          </ns3:TrackPointExtension>
        </extensions>
      </trkpt>
      <trkpt lat="-2.771614752709865570068359375" lon="-79.237395934760570526123046875">
        <ele>4095.199951171875</ele>
        <time>2026-08-27T21:07:38.000Z</time>
        <extensions>
          <ns3:TrackPointExtension>
            <ns3:hr>99</ns3:hr>
          </ns3:TrackPointExtension>
        </extensions>
      </trkpt>
      <trkpt lat="-2.77162321843206882476806640625" lon="-79.237389899790287017822265625">
        <ele>4095.60009765625</ele>
        <time>2026-08-27T21:07:39.000Z</time>
        <extensions>
          <ns3:TrackPointExtension>
            <ns3:hr>102</ns3:hr>
          </ns3:TrackPointExtension>
        </extensions>
      </trkpt>
      <trkpt lat="-2.77168038301169872283935546875" lon="-79.23730172216892242431640625">
        <ele>4094.60009765625</ele>
        <time>2026-08-27T21:07:49.000Z</time>
        <extensions>
          <ns3:TrackPointExtension>
            <ns3:hr>100</ns3:hr>
          </ns3:TrackPointExtension>
        </extensions>
      </trkpt>
      <trkpt lat="-2.771695889532566070556640625" lon="-79.23729845322668552398681640625">
        <ele>4094</ele>
        <time>2026-08-27T21:07:51.000Z</time>
        <extensions>
          <ns3:TrackPointExtension>
            <ns3:hr>97</ns3:hr>
          </ns3:TrackPointExtension>
        </extensions>
      </trkpt>
      <trkpt lat="-2.77173243463039398193359375" lon="-79.23725889064371585845947265625">
        <ele>4091.199951171875</ele>
        <time>2026-08-27T21:07:57.000Z</time>
        <extensions>
          <ns3:TrackPointExtension>
            <ns3:hr>101</ns3:hr>
          </ns3:TrackPointExtension>
        </extensions>
      </trkpt>
      <trkpt lat="-2.7717976458370685577392578125" lon="-79.23719518817961215972900390625">
        <ele>4089.39990234375</ele>
        <time>2026-08-27T21:08:07.000Z</time>
        <extensions>
          <ns3:TrackPointExtension>
            <ns3:hr>102</ns3:hr>
          </ns3:TrackPointExtension>
        </extensions>
      </trkpt>
      <trkpt lat="-2.77183259837329387664794921875" lon="-79.23715612851083278656005859375">
        <ele>4087.199951171875</ele>
        <time>2026-08-27T21:08:12.000Z</time>
        <extensions>
          <ns3:TrackPointExtension>
            <ns3:hr>99</ns3:hr>
          </ns3:TrackPointExtension>
        </extensions>
      </trkpt>
      <trkpt lat="-2.7718834765255451202392578125" lon="-79.23712209798395633697509765625">
        <ele>4087.800048828125</ele>
        <time>2026-08-27T21:08:18.000Z</time>
        <extensions>
          <ns3:TrackPointExtension>
            <ns3:hr>101</ns3:hr>
          </ns3:TrackPointExtension>
        </extensions>
      </trkpt>
      <trkpt lat="-2.77193854562938213348388671875" lon="-79.23709577880799770355224609375">
        <ele>4089</ele>
        <time>2026-08-27T21:08:24.000Z</time>
        <extensions>
          <ns3:TrackPointExtension>
            <ns3:hr>98</ns3:hr>
          </ns3:TrackPointExtension>
        </extensions>
      </trkpt>
      <trkpt lat="-2.771962769329547882080078125" lon="-79.23707230947911739349365234375">
        <ele>4089.39990234375</ele>
        <time>2026-08-27T21:08:28.000Z</time>
        <extensions>
          <ns3:TrackPointExtension>
            <ns3:hr>98</ns3:hr>
          </ns3:TrackPointExtension>
        </extensions>
      </trkpt>
      <trkpt lat="-2.771967463195323944091796875" lon="-79.23706526868045330047607421875">
        <ele>4089.60009765625</ele>
        <time>2026-08-27T21:08:29.000Z</time>
        <extensions>
          <ns3:TrackPointExtension>
            <ns3:hr>95</ns3:hr>
          </ns3:TrackPointExtension>
        </extensions>
      </trkpt>
      <trkpt lat="-2.77202756144106388092041015625" lon="-79.2370021529495716094970703125">
        <ele>4091</ele>
        <time>2026-08-27T21:08:39.000Z</time>
        <extensions>
          <ns3:TrackPointExtension>
            <ns3:hr>95</ns3:hr>
          </ns3:TrackPointExtension>
        </extensions>
      </trkpt>
      <trkpt lat="-2.7720511145889759063720703125" lon="-79.23698195256292819976806640625">
        <ele>4092.199951171875</ele>
        <time>2026-08-27T21:08:43.000Z</time>
        <extensions>
          <ns3:TrackPointExtension>
            <ns3:hr>92</ns3:hr>
          </ns3:TrackPointExtension>
        </extensions>
      </trkpt>
      <trkpt lat="-2.772092521190643310546875" lon="-79.2369397915899753570556640625">
        <ele>4094.39990234375</ele>
        <time>2026-08-27T21:08:51.000Z</time>
        <extensions>
          <ns3:TrackPointExtension>
            <ns3:hr>96</ns3:hr>
          </ns3:TrackPointExtension>
        </extensions>
      </trkpt>
      <trkpt lat="-2.772157900035381317138671875" lon="-79.23690517432987689971923828125">
        <ele>4095.199951171875</ele>
        <time>2026-08-27T21:09:00.000Z</time>
        <extensions>
          <ns3:TrackPointExtension>
            <ns3:hr>92</ns3:hr>
          </ns3:TrackPointExtension>
        </extensions>
      </trkpt>
      <trkpt lat="-2.7721694670617580413818359375" lon="-79.23690349794924259185791015625">
        <ele>4095.39990234375</ele>
        <time>2026-08-27T21:09:01.000Z</time>
        <extensions>
          <ns3:TrackPointExtension>
            <ns3:hr>92</ns3:hr>
          </ns3:TrackPointExtension>
        </extensions>
      </trkpt>
      <trkpt lat="-2.772206179797649383544921875" lon="-79.23689276911318302154541015625">
        <ele>4096.2001953125</ele>
        <time>2026-08-27T21:09:05.000Z</time>
        <extensions>
          <ns3:TrackPointExtension>
            <ns3:hr>90</ns3:hr>
          </ns3:TrackPointExtension>
        </extensions>
      </trkpt>
      <trkpt lat="-2.77227533049881458282470703125" lon="-79.2368697188794612884521484375">
        <ele>4097.39990234375</ele>
        <time>2026-08-27T21:09:12.000Z</time>
        <extensions>
          <ns3:TrackPointExtension>
            <ns3:hr>88</ns3:hr>
          </ns3:TrackPointExtension>
        </extensions>
      </trkpt>
      <trkpt lat="-2.77230265550315380096435546875" lon="-79.23685018904507160186767578125">
        <ele>4097.39990234375</ele>
        <time>2026-08-27T21:09:16.000Z</time>
        <extensions>
          <ns3:TrackPointExtension>
            <ns3:hr>92</ns3:hr>
          </ns3:TrackPointExtension>
        </extensions>
      </trkpt>
      <trkpt lat="-2.77234054170548915863037109375" lon="-79.23683074302971363067626953125">
        <ele>4096.60009765625</ele>
        <time>2026-08-27T21:09:20.000Z</time>
        <extensions>
          <ns3:TrackPointExtension>
            <ns3:hr>88</ns3:hr>
          </ns3:TrackPointExtension>
        </extensions>
      </trkpt>
      <trkpt lat="-2.772396616637706756591796875" lon="-79.2368070222437381744384765625">
        <ele>4095.60009765625</ele>
        <time>2026-08-27T21:09:27.000Z</time>
        <extensions>
          <ns3:TrackPointExtension>
            <ns3:hr>85</ns3:hr>
          </ns3:TrackPointExtension>
        </extensions>
      </trkpt>
      <trkpt lat="-2.772406004369258880615234375" lon="-79.23679738305509090423583984375">
        <ele>4095.199951171875</ele>
        <time>2026-08-27T21:09:29.000Z</time>
        <extensions>
          <ns3:TrackPointExtension>
            <ns3:hr>81</ns3:hr>
          </ns3:TrackPointExtension>
        </extensions>
      </trkpt>
      <trkpt lat="-2.77241229079663753509521484375" lon="-79.2367952875792980194091796875">
        <ele>4095.199951171875</ele>
        <time>2026-08-27T21:09:30.000Z</time>
        <extensions>
          <ns3:TrackPointExtension>
            <ns3:hr>88</ns3:hr>
          </ns3:TrackPointExtension>
        </extensions>
      </trkpt>
      <trkpt lat="-2.77242838405072689056396484375" lon="-79.23679235391318798065185546875">
        <ele>4094.800048828125</ele>
        <time>2026-08-27T21:09:32.000Z</time>
        <extensions>
          <ns3:TrackPointExtension>
            <ns3:hr>91</ns3:hr>
          </ns3:TrackPointExtension>
        </extensions>
      </trkpt>
      <trkpt lat="-2.77245369739830493927001953125" lon="-79.23679017461836338043212890625">
        <ele>4094.60009765625</ele>
        <time>2026-08-27T21:09:36.000Z</time>
        <extensions>
          <ns3:TrackPointExtension>
            <ns3:hr>92</ns3:hr>
          </ns3:TrackPointExtension>
        </extensions>
      </trkpt>
      <trkpt lat="-2.7724705450236797332763671875" lon="-79.23678749240934848785400390625">
        <ele>4094.39990234375</ele>
        <time>2026-08-27T21:09:41.000Z</time>
        <extensions>
          <ns3:TrackPointExtension>
            <ns3:hr>95</ns3:hr>
          </ns3:TrackPointExtension>
        </extensions>
      </trkpt>
      <trkpt lat="-2.77247431688010692596435546875" lon="-79.2367842234671115875244140625">
        <ele>4094.199951171875</ele>
        <time>2026-08-27T21:09:42.000Z</time>
        <extensions>
          <ns3:TrackPointExtension>
            <ns3:hr>93</ns3:hr>
          </ns3:TrackPointExtension>
        </extensions>
      </trkpt>
      <trkpt lat="-2.77248906902968883514404296875" lon="-79.2367755062878131866455078125">
        <ele>4093.800048828125</ele>
        <time>2026-08-27T21:09:48.000Z</time>
        <extensions>
          <ns3:TrackPointExtension>
            <ns3:hr>92</ns3:hr>
          </ns3:TrackPointExtension>
        </extensions>
      </trkpt>
      <trkpt lat="-2.77248923666775226593017578125" lon="-79.23677458427846431732177734375">
        <ele>4093.800048828125</ele>
        <time>2026-08-27T21:09:59.000Z</time>
        <extensions>
          <ns3:TrackPointExtension>
            <ns3:hr>92</ns3:hr>
          </ns3:TrackPointExtension>
        </extensions>
      </trkpt>
      <trkpt lat="-2.77248923666775226593017578125" lon="-79.23677458427846431732177734375">
        <ele>4093.800048828125</ele>
        <time>2026-08-27T21:10:06.000Z</time>
        <extensions>
          <ns3:TrackPointExtension>
            <ns3:hr>95</ns3:hr>
          </ns3:TrackPointExtension>
        </extensions>
      </trkpt>
      <trkpt lat="-2.77248873375356197357177734375" lon="-79.23677424900233745574951171875">
        <ele>4093.800048828125</ele>
        <time>2026-08-27T21:10:10.000Z</time>
        <extensions>
          <ns3:TrackPointExtension>
            <ns3:hr>99</ns3:hr>
          </ns3:TrackPointExtension>
        </extensions>
      </trkpt>
      <trkpt lat="-2.7724869735538959503173828125" lon="-79.2367739975452423095703125">
        <ele>4093.800048828125</ele>
        <time>2026-08-27T21:10:12.000Z</time>
        <extensions>
          <ns3:TrackPointExtension>
            <ns3:hr>103</ns3:hr>
          </ns3:TrackPointExtension>
        </extensions>
      </trkpt>
      <trkpt lat="-2.77248680591583251953125" lon="-79.23677198588848114013671875">
        <ele>4093.800048828125</ele>
        <time>2026-08-27T21:10:17.000Z</time>
        <extensions>
          <ns3:TrackPointExtension>
            <ns3:hr>106</ns3:hr>
          </ns3:TrackPointExtension>
        </extensions>
      </trkpt>
      <trkpt lat="-2.77248672209680080413818359375" lon="-79.236771650612354278564453125">
        <ele>4093.800048828125</ele>
        <time>2026-08-27T21:10:24.000Z</time>
        <extensions>
          <ns3:TrackPointExtension>
            <ns3:hr>109</ns3:hr>
          </ns3:TrackPointExtension>
        </extensions>
      </trkpt>
      <trkpt lat="-2.77249225415289402008056640625" lon="-79.23677123151719570159912109375">
        <ele>4093.800048828125</ele>
        <time>2026-08-27T21:10:32.000Z</time>
        <extensions>
          <ns3:TrackPointExtension>
            <ns3:hr>112</ns3:hr>
          </ns3:TrackPointExtension>
        </extensions>
      </trkpt>
      <trkpt lat="-2.77250566519796848297119140625" lon="-79.23676720820367336273193359375">
        <ele>4093.60009765625</ele>
        <time>2026-08-27T21:11:00.000Z</time>
        <extensions>
          <ns3:TrackPointExtension>
            <ns3:hr>109</ns3:hr>
          </ns3:TrackPointExtension>
        </extensions>
      </trkpt>
      <trkpt lat="-2.77251027524471282958984375" lon="-79.23676737584173679351806640625">
        <ele>4093.60009765625</ele>
        <time>2026-08-27T21:11:12.000Z</time>
        <extensions>
          <ns3:TrackPointExtension>
            <ns3:hr>106</ns3:hr>
          </ns3:TrackPointExtension>
        </extensions>
      </trkpt>
      <trkpt lat="-2.77254321612417697906494140625" lon="-79.23676016740500926971435546875">
        <ele>4093.199951171875</ele>
        <time>2026-08-27T21:11:16.000Z</time>
        <extensions>
          <ns3:TrackPointExtension>
            <ns3:hr>106</ns3:hr>
          </ns3:TrackPointExtension>
        </extensions>
      </trkpt>
      <trkpt lat="-2.77256391942501068115234375" lon="-79.23676352016627788543701171875">
        <ele>4093.199951171875</ele>
        <time>2026-08-27T21:11:21.000Z</time>
        <extensions>
          <ns3:TrackPointExtension>
            <ns3:hr>106</ns3:hr>
          </ns3:TrackPointExtension>
        </extensions>
      </trkpt>
      <trkpt lat="-2.77256391942501068115234375" lon="-79.23676268197596073150634765625">
        <ele>4093.199951171875</ele>
        <time>2026-08-27T21:11:27.000Z</time>
        <extensions>
          <ns3:TrackPointExtension>
            <ns3:hr>103</ns3:hr>
          </ns3:TrackPointExtension>
        </extensions>
      </trkpt>
      <trkpt lat="-2.7725637517869472503662109375" lon="-79.23676352016627788543701171875">
        <ele>4093.199951171875</ele>
        <time>2026-08-27T21:11:43.000Z</time>
        <extensions>
          <ns3:TrackPointExtension>
            <ns3:hr>100</ns3:hr>
          </ns3:TrackPointExtension>
        </extensions>
      </trkpt>
      <trkpt lat="-2.77255997993052005767822265625" lon="-79.2367667891085147857666015625">
        <ele>4093.199951171875</ele>
        <time>2026-08-27T21:11:59.000Z</time>
        <extensions>
          <ns3:TrackPointExtension>
            <ns3:hr>97</ns3:hr>
          </ns3:TrackPointExtension>
        </extensions>
      </trkpt>
      <trkpt lat="-2.7725342474877834320068359375" lon="-79.23675991594791412353515625">
        <ele>4093.199951171875</ele>
        <time>2026-08-27T21:12:37.000Z</time>
        <extensions>
          <ns3:TrackPointExtension>
            <ns3:hr>100</ns3:hr>
          </ns3:TrackPointExtension>
        </extensions>
      </trkpt>
      <trkpt lat="-2.7725332416594028472900390625" lon="-79.23674826510250568389892578125">
        <ele>4093</ele>
        <time>2026-08-27T21:13:12.000Z</time>
        <extensions>
          <ns3:TrackPointExtension>
            <ns3:hr>103</ns3:hr>
          </ns3:TrackPointExtension>
        </extensions>
      </trkpt>
      <trkpt lat="-2.772533409297466278076171875" lon="-79.23674843274056911468505859375">
        <ele>4093</ele>
        <time>2026-08-27T21:13:23.000Z</time>
        <extensions>
          <ns3:TrackPointExtension>
            <ns3:hr>100</ns3:hr>
          </ns3:TrackPointExtension>
        </extensions>
      </trkpt>
      <trkpt lat="-2.77253416366875171661376953125" lon="-79.23674876801669597625732421875">
        <ele>4093</ele>
        <time>2026-08-27T21:13:38.000Z</time>
        <extensions>
          <ns3:TrackPointExtension>
            <ns3:hr>97</ns3:hr>
          </ns3:TrackPointExtension>
        </extensions>
      </trkpt>
      <trkpt lat="-2.7725453115999698638916015625" lon="-79.2367439903318881988525390625">
        <ele>4093</ele>
        <time>2026-08-27T21:13:50.000Z</time>
        <extensions>
          <ns3:TrackPointExtension>
            <ns3:hr>101</ns3:hr>
          </ns3:TrackPointExtension>
        </extensions>
      </trkpt>
      <trkpt lat="-2.77255528606474399566650390625" lon="-79.23673502169549465179443359375">
        <ele>4092.60009765625</ele>
        <time>2026-08-27T21:13:53.000Z</time>
        <extensions>
          <ns3:TrackPointExtension>
            <ns3:hr>98</ns3:hr>
          </ns3:TrackPointExtension>
        </extensions>
      </trkpt>
      <trkpt lat="-2.77257992886006832122802734375" lon="-79.2366973869502544403076171875">
        <ele>4091.800048828125</ele>
        <time>2026-08-27T21:14:02.000Z</time>
        <extensions>
          <ns3:TrackPointExtension>
            <ns3:hr>94</ns3:hr>
          </ns3:TrackPointExtension>
        </extensions>
      </trkpt>
      <trkpt lat="-2.77258261106908321380615234375" lon="-79.236691184341907501220703125">
        <ele>4091.60009765625</ele>
        <time>2026-08-27T21:14:06.000Z</time>
        <extensions>
          <ns3:TrackPointExtension>
            <ns3:hr>91</ns3:hr>
          </ns3:TrackPointExtension>
        </extensions>
      </trkpt>
      <trkpt lat="-2.77260323055088520050048828125" lon="-79.236654303967952728271484375">
        <ele>4090.39990234375</ele>
        <time>2026-08-27T21:14:18.000Z</time>
        <extensions>
          <ns3:TrackPointExtension>
            <ns3:hr>88</ns3:hr>
          </ns3:TrackPointExtension>
        </extensions>
      </trkpt>
      <trkpt lat="-2.7726308070123195648193359375" lon="-79.2366196028888225555419921875">
        <ele>4089.199951171875</ele>
        <time>2026-08-27T21:14:21.000Z</time>
        <extensions>
          <ns3:TrackPointExtension>
            <ns3:hr>88</ns3:hr>
          </ns3:TrackPointExtension>
        </extensions>
      </trkpt>
      <trkpt lat="-2.77268302626907825469970703125" lon="-79.23659353516995906829833984375">
        <ele>4087.60009765625</ele>
        <time>2026-08-27T21:14:28.000Z</time>
        <extensions>
          <ns3:TrackPointExtension>
            <ns3:hr>90</ns3:hr>
          </ns3:TrackPointExtension>
        </extensions>
      </trkpt>
      <trkpt lat="-2.77272091247141361236572265625" lon="-79.2366256378591060638427734375">
        <ele>4087.39990234375</ele>
        <time>2026-08-27T21:14:34.000Z</time>
        <extensions>
          <ns3:TrackPointExtension>
            <ns3:hr>91</ns3:hr>
          </ns3:TrackPointExtension>
        </extensions>
      </trkpt>
      <trkpt lat="-2.772738933563232421875" lon="-79.2366397194564342498779296875">
        <ele>4087.39990234375</ele>
        <time>2026-08-27T21:14:37.000Z</time>
        <extensions>
          <ns3:TrackPointExtension>
            <ns3:hr>91</ns3:hr>
          </ns3:TrackPointExtension>
        </extensions>
      </trkpt>
      <trkpt lat="-2.7727880515158176422119140625" lon="-79.236698560416698455810546875">
        <ele>4087.39990234375</ele>
        <time>2026-08-27T21:14:47.000Z</time>
        <extensions>
          <ns3:TrackPointExtension>
            <ns3:hr>90</ns3:hr>
          </ns3:TrackPointExtension>
        </extensions>
      </trkpt>
      <trkpt lat="-2.77281898073852062225341796875" lon="-79.23673602752387523651123046875">
        <ele>4087.39990234375</ele>
        <time>2026-08-27T21:14:52.000Z</time>
        <extensions>
          <ns3:TrackPointExtension>
            <ns3:hr>93</ns3:hr>
          </ns3:TrackPointExtension>
        </extensions>
      </trkpt>
      <trkpt lat="-2.77283071540296077728271484375" lon="-79.23675832338631153106689453125">
        <ele>4087.39990234375</ele>
        <time>2026-08-27T21:14:55.000Z</time>
        <extensions>
          <ns3:TrackPointExtension>
            <ns3:hr>95</ns3:hr>
          </ns3:TrackPointExtension>
        </extensions>
      </trkpt>
      <trkpt lat="-2.772840522229671478271484375" lon="-79.23678330145776271820068359375">
        <ele>4087.60009765625</ele>
        <time>2026-08-27T21:15:02.000Z</time>
        <extensions>
          <ns3:TrackPointExtension>
            <ns3:hr>97</ns3:hr>
          </ns3:TrackPointExtension>
        </extensions>
      </trkpt>
      <trkpt lat="-2.772843874990940093994140625" lon="-79.23678430728614330291748046875">
        <ele>4087.60009765625</ele>
        <time>2026-08-27T21:15:25.000Z</time>
        <extensions>
          <ns3:TrackPointExtension>
            <ns3:hr>99</ns3:hr>
          </ns3:TrackPointExtension>
        </extensions>
      </trkpt>
      <trkpt lat="-2.7728651650249958038330078125" lon="-79.2368345148861408233642578125">
        <ele>4088.199951171875</ele>
        <time>2026-08-27T21:15:37.000Z</time>
        <extensions>
          <ns3:TrackPointExtension>
            <ns3:hr>95</ns3:hr>
          </ns3:TrackPointExtension>
        </extensions>
      </trkpt>
      <trkpt lat="-2.77286977507174015045166015625" lon="-79.236850105226039886474609375">
        <ele>4088.60009765625</ele>
        <time>2026-08-27T21:15:38.000Z</time>
        <extensions>
          <ns3:TrackPointExtension>
            <ns3:hr>95</ns3:hr>
          </ns3:TrackPointExtension>
        </extensions>
      </trkpt>
      <trkpt lat="-2.77288234792649745941162109375" lon="-79.23690299503505229949951171875">
        <ele>4090</ele>
        <time>2026-08-27T21:15:42.000Z</time>
        <extensions>
          <ns3:TrackPointExtension>
            <ns3:hr>98</ns3:hr>
          </ns3:TrackPointExtension>
        </extensions>
      </trkpt>
      <trkpt lat="-2.7728893049061298370361328125" lon="-79.23692713491618633270263671875">
        <ele>4090.60009765625</ele>
        <time>2026-08-27T21:15:44.000Z</time>
        <extensions>
          <ns3:TrackPointExtension>
            <ns3:hr>95</ns3:hr>
          </ns3:TrackPointExtension>
        </extensions>
      </trkpt>
      <trkpt lat="-2.77293046005070209503173828125" lon="-79.23699301667511463165283203125">
        <ele>4092.60009765625</ele>
        <time>2026-08-27T21:15:50.000Z</time>
        <extensions>
          <ns3:TrackPointExtension>
            <ns3:hr>92</ns3:hr>
          </ns3:TrackPointExtension>
        </extensions>
      </trkpt>
      <trkpt lat="-2.77300908230245113372802734375" lon="-79.23703484237194061279296875">
        <ele>4093.800048828125</ele>
        <time>2026-08-27T21:16:00.000Z</time>
        <extensions>
          <ns3:TrackPointExtension>
            <ns3:hr>92</ns3:hr>
          </ns3:TrackPointExtension>
        </extensions>
      </trkpt>
      <trkpt lat="-2.77305283583700656890869140625" lon="-79.2370454035699367523193359375">
        <ele>4093.800048828125</ele>
        <time>2026-08-27T21:16:04.000Z</time>
        <extensions>
          <ns3:TrackPointExtension>
            <ns3:hr>93</ns3:hr>
          </ns3:TrackPointExtension>
        </extensions>
      </trkpt>
      <trkpt lat="-2.7730978466570377349853515625" lon="-79.23705152235925197601318359375">
        <ele>4093.800048828125</ele>
        <time>2026-08-27T21:16:08.000Z</time>
        <extensions>
          <ns3:TrackPointExtension>
            <ns3:hr>94</ns3:hr>
          </ns3:TrackPointExtension>
        </extensions>
      </trkpt>
      <trkpt lat="-2.7732217311859130859375" lon="-79.23708722926676273345947265625">
        <ele>4092.800048828125</ele>
        <time>2026-08-27T21:16:19.000Z</time>
        <extensions>
          <ns3:TrackPointExtension>
            <ns3:hr>94</ns3:hr>
          </ns3:TrackPointExtension>
        </extensions>
      </trkpt>
      <trkpt lat="-2.77335642836987972259521484375" lon="-79.23711338080465793609619140625">
        <ele>4090.800048828125</ele>
        <time>2026-08-27T21:16:30.000Z</time>
        <extensions>
          <ns3:TrackPointExtension>
            <ns3:hr>95</ns3:hr>
          </ns3:TrackPointExtension>
        </extensions>
      </trkpt>
      <trkpt lat="-2.77342616580426692962646484375" lon="-79.23714187927544116973876953125">
        <ele>4090</ele>
        <time>2026-08-27T21:16:37.000Z</time>
        <extensions>
          <ns3:TrackPointExtension>
            <ns3:hr>95</ns3:hr>
          </ns3:TrackPointExtension>
        </extensions>
      </trkpt>
      <trkpt lat="-2.77352993376553058624267578125" lon="-79.23718211241066455841064453125">
        <ele>4086.800048828125</ele>
        <time>2026-08-27T21:16:48.000Z</time>
        <extensions>
          <ns3:TrackPointExtension>
            <ns3:hr>95</ns3:hr>
          </ns3:TrackPointExtension>
        </extensions>
      </trkpt>
      <trkpt lat="-2.77363185770809650421142578125" lon="-79.23721195198595523834228515625">
        <ele>4083.199951171875</ele>
        <time>2026-08-27T21:16:59.000Z</time>
        <extensions>
          <ns3:TrackPointExtension>
            <ns3:hr>92</ns3:hr>
          </ns3:TrackPointExtension>
        </extensions>
      </trkpt>
      <trkpt lat="-2.7736602723598480224609375" lon="-79.23722586594521999359130859375">
        <ele>4082.39990234375</ele>
        <time>2026-08-27T21:17:03.000Z</time>
        <extensions>
          <ns3:TrackPointExtension>
            <ns3:hr>91</ns3:hr>
          </ns3:TrackPointExtension>
        </extensions>
      </trkpt>
      <trkpt lat="-2.773677371442317962646484375" lon="-79.23723332583904266357421875">
        <ele>4081.800048828125</ele>
        <time>2026-08-27T21:17:05.000Z</time>
        <extensions>
          <ns3:TrackPointExtension>
            <ns3:hr>96</ns3:hr>
          </ns3:TrackPointExtension>
        </extensions>
      </trkpt>
      <trkpt lat="-2.773700840771198272705078125" lon="-79.2372412048280239105224609375">
        <ele>4081.39990234375</ele>
        <time>2026-08-27T21:17:07.000Z</time>
        <extensions>
          <ns3:TrackPointExtension>
            <ns3:hr>96</ns3:hr>
          </ns3:TrackPointExtension>
        </extensions>
      </trkpt>
      <trkpt lat="-2.773750126361846923828125" lon="-79.2372562922537326812744140625">
        <ele>4080.39990234375</ele>
        <time>2026-08-27T21:17:14.000Z</time>
        <extensions>
          <ns3:TrackPointExtension>
            <ns3:hr>96</ns3:hr>
          </ns3:TrackPointExtension>
        </extensions>
      </trkpt>
      <trkpt lat="-2.77378088794648647308349609375" lon="-79.23727221786975860595703125">
        <ele>4080.199951171875</ele>
        <time>2026-08-27T21:17:20.000Z</time>
        <extensions>
          <ns3:TrackPointExtension>
            <ns3:hr>98</ns3:hr>
          </ns3:TrackPointExtension>
        </extensions>
      </trkpt>
      <trkpt lat="-2.77384760789573192596435546875" lon="-79.2373052425682544708251953125">
        <ele>4079.39990234375</ele>
        <time>2026-08-27T21:17:28.000Z</time>
        <extensions>
          <ns3:TrackPointExtension>
            <ns3:hr>100</ns3:hr>
          </ns3:TrackPointExtension>
        </extensions>
      </trkpt>
      <trkpt lat="-2.773867808282375335693359375" lon="-79.23733751289546489715576171875">
        <ele>4079.800048828125</ele>
        <time>2026-08-27T21:17:34.000Z</time>
        <extensions>
          <ns3:TrackPointExtension>
            <ns3:hr>100</ns3:hr>
          </ns3:TrackPointExtension>
        </extensions>
      </trkpt>
      <trkpt lat="-2.773914746940135955810546875" lon="-79.23738881014287471771240234375">
        <ele>4080.199951171875</ele>
        <time>2026-08-27T21:17:39.000Z</time>
        <extensions>
          <ns3:TrackPointExtension>
            <ns3:hr>103</ns3:hr>
          </ns3:TrackPointExtension>
        </extensions>
      </trkpt>
      <trkpt lat="-2.7739333547651767730712890625" lon="-79.23741077072918415069580078125">
        <ele>4080.39990234375</ele>
        <time>2026-08-27T21:17:41.000Z</time>
        <extensions>
          <ns3:TrackPointExtension>
            <ns3:hr>104</ns3:hr>
          </ns3:TrackPointExtension>
        </extensions>
      </trkpt>
      <trkpt lat="-2.77400485239923000335693359375" lon="-79.23745586536824703216552734375">
        <ele>4080.39990234375</ele>
        <time>2026-08-27T21:17:47.000Z</time>
        <extensions>
          <ns3:TrackPointExtension>
            <ns3:hr>107</ns3:hr>
          </ns3:TrackPointExtension>
        </extensions>
      </trkpt>
      <trkpt lat="-2.77402530424296855926513671875" lon="-79.23746391199529170989990234375">
        <ele>4080.39990234375</ele>
        <time>2026-08-27T21:17:49.000Z</time>
        <extensions>
          <ns3:TrackPointExtension>
            <ns3:hr>106</ns3:hr>
          </ns3:TrackPointExtension>
        </extensions>
      </trkpt>
      <trkpt lat="-2.77408096008002758026123046875" lon="-79.2374821007251739501953125">
        <ele>4080.39990234375</ele>
        <time>2026-08-27T21:17:56.000Z</time>
        <extensions>
          <ns3:TrackPointExtension>
            <ns3:hr>107</ns3:hr>
          </ns3:TrackPointExtension>
        </extensions>
      </trkpt>
      <trkpt lat="-2.77419260703027248382568359375" lon="-79.23745418898761272430419921875">
        <ele>4078.39990234375</ele>
        <time>2026-08-27T21:18:05.000Z</time>
        <extensions>
          <ns3:TrackPointExtension>
            <ns3:hr>106</ns3:hr>
          </ns3:TrackPointExtension>
        </extensions>
      </trkpt>
      <trkpt lat="-2.7742951177060604095458984375" lon="-79.23744563944637775421142578125">
        <ele>4076.199951171875</ele>
        <time>2026-08-27T21:18:13.000Z</time>
        <extensions>
          <ns3:TrackPointExtension>
            <ns3:hr>105</ns3:hr>
          </ns3:TrackPointExtension>
        </extensions>
      </trkpt>
      <trkpt lat="-2.77433794923126697540283203125" lon="-79.23746156506240367889404296875">
        <ele>4075.800048828125</ele>
        <time>2026-08-27T21:18:17.000Z</time>
        <extensions>
          <ns3:TrackPointExtension>
            <ns3:hr>109</ns3:hr>
          </ns3:TrackPointExtension>
        </extensions>
      </trkpt>
      <trkpt lat="-2.774353288114070892333984375" lon="-79.237474389374256134033203125">
        <ele>4075.800048828125</ele>
        <time>2026-08-27T21:18:19.000Z</time>
        <extensions>
          <ns3:TrackPointExtension>
            <ns3:hr>105</ns3:hr>
          </ns3:TrackPointExtension>
        </extensions>
      </trkpt>
      <trkpt lat="-2.77438404969871044158935546875" lon="-79.23748251982033252716064453125">
        <ele>4075.199951171875</ele>
        <time>2026-08-27T21:18:22.000Z</time>
        <extensions>
          <ns3:TrackPointExtension>
            <ns3:hr>103</ns3:hr>
          </ns3:TrackPointExtension>
        </extensions>
      </trkpt>
      <trkpt lat="-2.77440936304628849029541015625" lon="-79.23748570494353771209716796875">
        <ele>4074.800048828125</ele>
        <time>2026-08-27T21:18:24.000Z</time>
        <extensions>
          <ns3:TrackPointExtension>
            <ns3:hr>99</ns3:hr>
          </ns3:TrackPointExtension>
        </extensions>
      </trkpt>
      <trkpt lat="-2.77442361228168010711669921875" lon="-79.23748570494353771209716796875">
        <ele>4074.39990234375</ele>
        <time>2026-08-27T21:18:25.000Z</time>
        <extensions>
          <ns3:TrackPointExtension>
            <ns3:hr>103</ns3:hr>
          </ns3:TrackPointExtension>
        </extensions>
      </trkpt>
      <trkpt lat="-2.77450458146631717681884765625" lon="-79.23748335801064968109130859375">
        <ele>4072.199951171875</ele>
        <time>2026-08-27T21:18:31.000Z</time>
        <extensions>
          <ns3:TrackPointExtension>
            <ns3:hr>103</ns3:hr>
          </ns3:TrackPointExtension>
        </extensions>
      </trkpt>
      <trkpt lat="-2.7746340818703174591064453125" lon="-79.237475730478763580322265625">
        <ele>4068.39990234375</ele>
        <time>2026-08-27T21:18:41.000Z</time>
        <extensions>
          <ns3:TrackPointExtension>
            <ns3:hr>104</ns3:hr>
          </ns3:TrackPointExtension>
        </extensions>
      </trkpt>
      <trkpt lat="-2.77470926754176616668701171875" lon="-79.237499199807643890380859375">
        <ele>4067</ele>
        <time>2026-08-27T21:18:49.000Z</time>
        <extensions>
          <ns3:TrackPointExtension>
            <ns3:hr>103</ns3:hr>
          </ns3:TrackPointExtension>
        </extensions>
      </trkpt>
      <trkpt lat="-2.774790488183498382568359375" lon="-79.2375238426029682159423828125">
        <ele>4065.39990234375</ele>
        <time>2026-08-27T21:18:55.000Z</time>
        <extensions>
          <ns3:TrackPointExtension>
            <ns3:hr>102</ns3:hr>
          </ns3:TrackPointExtension>
        </extensions>
      </trkpt>
      <trkpt lat="-2.77484706602990627288818359375" lon="-79.23754806630313396453857421875">
        <ele>4064.800048828125</ele>
        <time>2026-08-27T21:19:00.000Z</time>
        <extensions>
          <ns3:TrackPointExtension>
            <ns3:hr>103</ns3:hr>
          </ns3:TrackPointExtension>
        </extensions>
      </trkpt>
      <trkpt lat="-2.77488159947097301483154296875" lon="-79.23756055533885955810546875">
        <ele>4064.60009765625</ele>
        <time>2026-08-27T21:19:03.000Z</time>
        <extensions>
          <ns3:TrackPointExtension>
            <ns3:hr>100</ns3:hr>
          </ns3:TrackPointExtension>
        </extensions>
      </trkpt>
      <trkpt lat="-2.77490322478115558624267578125" lon="-79.23756751231849193572998046875">
        <ele>4064.199951171875</ele>
        <time>2026-08-27T21:19:05.000Z</time>
        <extensions>
          <ns3:TrackPointExtension>
            <ns3:hr>97</ns3:hr>
          </ns3:TrackPointExtension>
        </extensions>
      </trkpt>
      <trkpt lat="-2.7749126963317394256591796875" lon="-79.23756860196590423583984375">
        <ele>4064.199951171875</ele>
        <time>2026-08-27T21:19:06.000Z</time>
        <extensions>
          <ns3:TrackPointExtension>
            <ns3:hr>100</ns3:hr>
          </ns3:TrackPointExtension>
        </extensions>
      </trkpt>
      <trkpt lat="-2.7749569527804851531982421875" lon="-79.2375691048800945281982421875">
        <ele>4063.199951171875</ele>
        <time>2026-08-27T21:19:10.000Z</time>
        <extensions>
          <ns3:TrackPointExtension>
            <ns3:hr>97</ns3:hr>
          </ns3:TrackPointExtension>
        </extensions>
      </trkpt>
      <trkpt lat="-2.77504119090735912322998046875" lon="-79.23757891170680522918701171875">
        <ele>4061.60009765625</ele>
        <time>2026-08-27T21:19:18.000Z</time>
        <extensions>
          <ns3:TrackPointExtension>
            <ns3:hr>100</ns3:hr>
          </ns3:TrackPointExtension>
        </extensions>
      </trkpt>
      <trkpt lat="-2.7750622294843196868896484375" lon="-79.2375821806490421295166015625">
        <ele>4061.39990234375</ele>
        <time>2026-08-27T21:19:20.000Z</time>
        <extensions>
          <ns3:TrackPointExtension>
            <ns3:hr>98</ns3:hr>
          </ns3:TrackPointExtension>
        </extensions>
      </trkpt>
      <trkpt lat="-2.77513909153640270233154296875" lon="-79.23759031109511852264404296875">
        <ele>4061.199951171875</ele>
        <time>2026-08-27T21:19:26.000Z</time>
        <extensions>
          <ns3:TrackPointExtension>
            <ns3:hr>102</ns3:hr>
          </ns3:TrackPointExtension>
        </extensions>
      </trkpt>
      <trkpt lat="-2.77517865411937236785888671875" lon="-79.23758871853351593017578125">
        <ele>4061.199951171875</ele>
        <time>2026-08-27T21:19:29.000Z</time>
        <extensions>
          <ns3:TrackPointExtension>
            <ns3:hr>99</ns3:hr>
          </ns3:TrackPointExtension>
        </extensions>
      </trkpt>
      <trkpt lat="-2.77522073127329349517822265625" lon="-79.2375835217535495758056640625">
        <ele>4061</ele>
        <time>2026-08-27T21:19:33.000Z</time>
        <extensions>
          <ns3:TrackPointExtension>
            <ns3:hr>98</ns3:hr>
          </ns3:TrackPointExtension>
        </extensions>
      </trkpt>
      <trkpt lat="-2.77528460137546062469482421875" lon="-79.23757840879261493682861328125">
        <ele>4061.199951171875</ele>
        <time>2026-08-27T21:19:38.000Z</time>
        <extensions>
          <ns3:TrackPointExtension>
            <ns3:hr>102</ns3:hr>
          </ns3:TrackPointExtension>
        </extensions>
      </trkpt>
      <trkpt lat="-2.77535769157111644744873046875" lon="-79.2375691048800945281982421875">
        <ele>4061.199951171875</ele>
        <time>2026-08-27T21:19:44.000Z</time>
        <extensions>
          <ns3:TrackPointExtension>
            <ns3:hr>102</ns3:hr>
          </ns3:TrackPointExtension>
        </extensions>
      </trkpt>
      <trkpt lat="-2.7754665724933147430419921875" lon="-79.23751302994787693023681640625">
        <ele>4060.199951171875</ele>
        <time>2026-08-27T21:19:54.000Z</time>
        <extensions>
          <ns3:TrackPointExtension>
            <ns3:hr>102</ns3:hr>
          </ns3:TrackPointExtension>
        </extensions>
      </trkpt>
      <trkpt lat="-2.775556929409503936767578125" lon="-79.23747413791716098785400390625">
        <ele>4059.800048828125</ele>
        <time>2026-08-27T21:20:02.000Z</time>
        <extensions>
          <ns3:TrackPointExtension>
            <ns3:hr>101</ns3:hr>
          </ns3:TrackPointExtension>
        </extensions>
      </trkpt>
      <trkpt lat="-2.7756459452211856842041015625" lon="-79.2374494113028049468994140625">
        <ele>4059.60009765625</ele>
        <time>2026-08-27T21:20:09.000Z</time>
        <extensions>
          <ns3:TrackPointExtension>
            <ns3:hr>104</ns3:hr>
          </ns3:TrackPointExtension>
        </extensions>
      </trkpt>
      <trkpt lat="-2.7756583504378795623779296875" lon="-79.237444214522838592529296875">
        <ele>4059.39990234375</ele>
        <time>2026-08-27T21:20:10.000Z</time>
        <extensions>
          <ns3:TrackPointExtension>
            <ns3:hr>101</ns3:hr>
          </ns3:TrackPointExtension>
        </extensions>
      </trkpt>
      <trkpt lat="-2.77571425773203372955322265625" lon="-79.2374212481081485748291015625">
        <ele>4058.199951171875</ele>
        <time>2026-08-27T21:20:15.000Z</time>
        <extensions>
          <ns3:TrackPointExtension>
            <ns3:hr>101</ns3:hr>
          </ns3:TrackPointExtension>
        </extensions>
      </trkpt>
      <trkpt lat="-2.7757515572011470794677734375" lon="-79.23739962279796600341796875">
        <ele>4057.39990234375</ele>
        <time>2026-08-27T21:20:19.000Z</time>
        <extensions>
          <ns3:TrackPointExtension>
            <ns3:hr>104</ns3:hr>
          </ns3:TrackPointExtension>
        </extensions>
      </trkpt>
      <trkpt lat="-2.77575968764722347259521484375" lon="-79.2373927496373653411865234375">
        <ele>4057</ele>
        <time>2026-08-27T21:20:20.000Z</time>
        <extensions>
          <ns3:TrackPointExtension>
            <ns3:hr>101</ns3:hr>
          </ns3:TrackPointExtension>
        </extensions>
      </trkpt>
      <trkpt lat="-2.77583898045122623443603515625" lon="-79.237362407147884368896484375">
        <ele>4055.60009765625</ele>
        <time>2026-08-27T21:20:27.000Z</time>
        <extensions>
          <ns3:TrackPointExtension>
            <ns3:hr>102</ns3:hr>
          </ns3:TrackPointExtension>
        </extensions>
      </trkpt>
      <trkpt lat="-2.77588038705289363861083984375" lon="-79.2373488284647464752197265625">
        <ele>4055.39990234375</ele>
        <time>2026-08-27T21:20:31.000Z</time>
        <extensions>
          <ns3:TrackPointExtension>
            <ns3:hr>99</ns3:hr>
          </ns3:TrackPointExtension>
        </extensions>
      </trkpt>
      <trkpt lat="-2.775949202477931976318359375" lon="-79.237332232296466827392578125">
        <ele>4054.800048828125</ele>
        <time>2026-08-27T21:20:37.000Z</time>
        <extensions>
          <ns3:TrackPointExtension>
            <ns3:hr>100</ns3:hr>
          </ns3:TrackPointExtension>
        </extensions>
      </trkpt>
      <trkpt lat="-2.77596286498010158538818359375" lon="-79.23733122646808624267578125">
        <ele>4054.800048828125</ele>
        <time>2026-08-27T21:20:38.000Z</time>
        <extensions>
          <ns3:TrackPointExtension>
            <ns3:hr>97</ns3:hr>
          </ns3:TrackPointExtension>
        </extensions>
      </trkpt>
      <trkpt lat="-2.7759884297847747802734375" lon="-79.23733390867710113525390625">
        <ele>4054.800048828125</ele>
        <time>2026-08-27T21:20:40.000Z</time>
        <extensions>
          <ns3:TrackPointExtension>
            <ns3:hr>100</ns3:hr>
          </ns3:TrackPointExtension>
        </extensions>
      </trkpt>
      <trkpt lat="-2.77602572925388813018798828125" lon="-79.2373471520841121673583984375">
        <ele>4054.800048828125</ele>
        <time>2026-08-27T21:20:44.000Z</time>
        <extensions>
          <ns3:TrackPointExtension>
            <ns3:hr>96</ns3:hr>
          </ns3:TrackPointExtension>
        </extensions>
      </trkpt>
      <trkpt lat="-2.77603863738477230072021484375" lon="-79.23735545016825199127197265625">
        <ele>4055</ele>
        <time>2026-08-27T21:20:45.000Z</time>
        <extensions>
          <ns3:TrackPointExtension>
            <ns3:hr>93</ns3:hr>
          </ns3:TrackPointExtension>
        </extensions>
      </trkpt>
      <trkpt lat="-2.776046097278594970703125" lon="-79.2373614013195037841796875">
        <ele>4055</ele>
        <time>2026-08-27T21:20:46.000Z</time>
        <extensions>
          <ns3:TrackPointExtension>
            <ns3:hr>97</ns3:hr>
          </ns3:TrackPointExtension>
        </extensions>
      </trkpt>
      <trkpt lat="-2.7760549820959568023681640625" lon="-79.237365759909152984619140625">
        <ele>4055.199951171875</ele>
        <time>2026-08-27T21:20:47.000Z</time>
        <extensions>
          <ns3:TrackPointExtension>
            <ns3:hr>94</ns3:hr>
          </ns3:TrackPointExtension>
        </extensions>
      </trkpt>
      <trkpt lat="-2.7760660462081432342529296875" lon="-79.2373694479465484619140625">
        <ele>4055.199951171875</ele>
        <time>2026-08-27T21:20:48.000Z</time>
        <extensions>
          <ns3:TrackPointExtension>
            <ns3:hr>97</ns3:hr>
          </ns3:TrackPointExtension>
        </extensions>
      </trkpt>
      <trkpt lat="-2.77609982527792453765869140625" lon="-79.237384535372257232666015625">
        <ele>4055.39990234375</ele>
        <time>2026-08-27T21:20:51.000Z</time>
        <extensions>
          <ns3:TrackPointExtension>
            <ns3:hr>100</ns3:hr>
          </ns3:TrackPointExtension>
        </extensions>
      </trkpt>
      <trkpt lat="-2.7762030065059661865234375" lon="-79.2374132014811038970947265625">
        <ele>4055.39990234375</ele>
        <time>2026-08-27T21:20:59.000Z</time>
        <extensions>
          <ns3:TrackPointExtension>
            <ns3:hr>98</ns3:hr>
          </ns3:TrackPointExtension>
        </extensions>
      </trkpt>
      <trkpt lat="-2.77629545889794826507568359375" lon="-79.23741395585238933563232421875">
        <ele>4054.39990234375</ele>
        <time>2026-08-27T21:21:08.000Z</time>
        <extensions>
          <ns3:TrackPointExtension>
            <ns3:hr>98</ns3:hr>
          </ns3:TrackPointExtension>
        </extensions>
      </trkpt>
      <trkpt lat="-2.7764283120632171630859375" lon="-79.23740272410213947296142578125">
        <ele>4052.800048828125</ele>
        <time>2026-08-27T21:21:16.000Z</time>
        <extensions>
          <ns3:TrackPointExtension>
            <ns3:hr>98</ns3:hr>
          </ns3:TrackPointExtension>
        </extensions>
      </trkpt>
      <trkpt lat="-2.7765012346208095550537109375" lon="-79.23738193698227405548095703125">
        <ele>4052</ele>
        <time>2026-08-27T21:21:20.000Z</time>
        <extensions>
          <ns3:TrackPointExtension>
            <ns3:hr>102</ns3:hr>
          </ns3:TrackPointExtension>
        </extensions>
      </trkpt>
      <trkpt lat="-2.77651347219944000244140625" lon="-79.2373748123645782470703125">
        <ele>4051.800048828125</ele>
        <time>2026-08-27T21:21:21.000Z</time>
        <extensions>
          <ns3:TrackPointExtension>
            <ns3:hr>105</ns3:hr>
          </ns3:TrackPointExtension>
        </extensions>
      </trkpt>
      <trkpt lat="-2.77652445249259471893310546875" lon="-79.23736743628978729248046875">
        <ele>4051.800048828125</ele>
        <time>2026-08-27T21:21:22.000Z</time>
        <extensions>
          <ns3:TrackPointExtension>
            <ns3:hr>109</ns3:hr>
          </ns3:TrackPointExtension>
        </extensions>
      </trkpt>
      <trkpt lat="-2.77653417550027370452880859375" lon="-79.23736073076725006103515625">
        <ele>4051.60009765625</ele>
        <time>2026-08-27T21:21:23.000Z</time>
        <extensions>
          <ns3:TrackPointExtension>
            <ns3:hr>109</ns3:hr>
          </ns3:TrackPointExtension>
        </extensions>
      </trkpt>
      <trkpt lat="-2.7765441499650478363037109375" lon="-79.2373551987111568450927734375">
        <ele>4051.39990234375</ele>
        <time>2026-08-27T21:21:24.000Z</time>
        <extensions>
          <ns3:TrackPointExtension>
            <ns3:hr>112</ns3:hr>
          </ns3:TrackPointExtension>
        </extensions>
      </trkpt>
      <trkpt lat="-2.77656443417072296142578125" lon="-79.2373401112854480743408203125">
        <ele>4051.199951171875</ele>
        <time>2026-08-27T21:21:26.000Z</time>
        <extensions>
          <ns3:TrackPointExtension>
            <ns3:hr>118</ns3:hr>
          </ns3:TrackPointExtension>
        </extensions>
      </trkpt>
      <trkpt lat="-2.77657189406454563140869140625" lon="-79.2373344115912914276123046875">
        <ele>4051</ele>
        <time>2026-08-27T21:21:27.000Z</time>
        <extensions>
          <ns3:TrackPointExtension>
            <ns3:hr>117</ns3:hr>
          </ns3:TrackPointExtension>
        </extensions>
      </trkpt>
      <trkpt lat="-2.77658245526254177093505859375" lon="-79.23732762224972248077392578125">
        <ele>4050.800048828125</ele>
        <time>2026-08-27T21:21:30.000Z</time>
        <extensions>
          <ns3:TrackPointExtension>
            <ns3:hr>114</ns3:hr>
          </ns3:TrackPointExtension>
        </extensions>
      </trkpt>
      <trkpt lat="-2.77658664621412754058837890625" lon="-79.23733315430581569671630859375">
        <ele>4051</ele>
        <time>2026-08-27T21:21:35.000Z</time>
        <extensions>
          <ns3:TrackPointExtension>
            <ns3:hr>113</ns3:hr>
          </ns3:TrackPointExtension>
        </extensions>
      </trkpt>
      <trkpt lat="-2.77659033425152301788330078125" lon="-79.2373354174196720123291015625">
        <ele>4051</ele>
        <time>2026-08-27T21:21:47.000Z</time>
        <extensions>
          <ns3:TrackPointExtension>
            <ns3:hr>111</ns3:hr>
          </ns3:TrackPointExtension>
        </extensions>
      </trkpt>
      <trkpt lat="-2.77659033425152301788330078125" lon="-79.2373354174196720123291015625">
        <ele>4051</ele>
        <time>2026-08-27T21:21:54.000Z</time>
        <extensions>
          <ns3:TrackPointExtension>
            <ns3:hr>108</ns3:hr>
          </ns3:TrackPointExtension>
        </extensions>
      </trkpt>
      <trkpt lat="-2.776592262089252471923828125" lon="-79.237336926162242889404296875">
        <ele>4051</ele>
        <time>2026-08-27T21:22:16.000Z</time>
        <extensions>
          <ns3:TrackPointExtension>
            <ns3:hr>111</ns3:hr>
          </ns3:TrackPointExtension>
        </extensions>
      </trkpt>
      <trkpt lat="-2.77659351937472820281982421875" lon="-79.23733667470514774322509765625">
        <ele>4051</ele>
        <time>2026-08-27T21:22:21.000Z</time>
        <extensions>
          <ns3:TrackPointExtension>
            <ns3:hr>108</ns3:hr>
          </ns3:TrackPointExtension>
        </extensions>
      </trkpt>
      <trkpt lat="-2.77659351937472820281982421875" lon="-79.23733667470514774322509765625">
        <ele>4051</ele>
        <time>2026-08-27T21:22:23.000Z</time>
        <extensions>
          <ns3:TrackPointExtension>
            <ns3:hr>111</ns3:hr>
          </ns3:TrackPointExtension>
        </extensions>
      </trkpt>
      <trkpt lat="-2.77659402228891849517822265625" lon="-79.23733667470514774322509765625">
        <ele>4051</ele>
        <time>2026-08-27T21:22:26.000Z</time>
        <extensions>
          <ns3:TrackPointExtension>
            <ns3:hr>108</ns3:hr>
          </ns3:TrackPointExtension>
        </extensions>
      </trkpt>
      <trkpt lat="-2.77659284882247447967529296875" lon="-79.237336926162242889404296875">
        <ele>4051</ele>
        <time>2026-08-27T21:22:35.000Z</time>
        <extensions>
          <ns3:TrackPointExtension>
            <ns3:hr>111</ns3:hr>
          </ns3:TrackPointExtension>
        </extensions>
      </trkpt>
      <trkpt lat="-2.776592932641506195068359375" lon="-79.23733700998127460479736328125">
        <ele>4051</ele>
        <time>2026-08-27T21:22:37.000Z</time>
        <extensions>
          <ns3:TrackPointExtension>
            <ns3:hr>108</ns3:hr>
          </ns3:TrackPointExtension>
        </extensions>
      </trkpt>
      <trkpt lat="-2.776593603193759918212890625" lon="-79.23733700998127460479736328125">
        <ele>4051</ele>
        <time>2026-08-27T21:22:43.000Z</time>
        <extensions>
          <ns3:TrackPointExtension>
            <ns3:hr>105</ns3:hr>
          </ns3:TrackPointExtension>
        </extensions>
      </trkpt>
      <trkpt lat="-2.77659385465085506439208984375" lon="-79.23733700998127460479736328125">
        <ele>4051</ele>
        <time>2026-08-27T21:22:47.000Z</time>
        <extensions>
          <ns3:TrackPointExtension>
            <ns3:hr>101</ns3:hr>
          </ns3:TrackPointExtension>
        </extensions>
      </trkpt>
      <trkpt lat="-2.7765974588692188262939453125" lon="-79.2373280413448810577392578125">
        <ele>4050.800048828125</ele>
        <time>2026-08-27T21:23:19.000Z</time>
        <extensions>
          <ns3:TrackPointExtension>
            <ns3:hr>104</ns3:hr>
          </ns3:TrackPointExtension>
        </extensions>
      </trkpt>
      <trkpt lat="-2.77659905143082141876220703125" lon="-79.23732846044003963470458984375">
        <ele>4050.800048828125</ele>
        <time>2026-08-27T21:23:33.000Z</time>
        <extensions>
          <ns3:TrackPointExtension>
            <ns3:hr>107</ns3:hr>
          </ns3:TrackPointExtension>
        </extensions>
      </trkpt>
      <trkpt lat="-2.7765998058021068572998046875" lon="-79.2373287118971347808837890625">
        <ele>4050.800048828125</ele>
        <time>2026-08-27T21:23:45.000Z</time>
        <extensions>
          <ns3:TrackPointExtension>
            <ns3:hr>104</ns3:hr>
          </ns3:TrackPointExtension>
        </extensions>
      </trkpt>
      <trkpt lat="-2.776600979268550872802734375" lon="-79.23732359893620014190673828125">
        <ele>4050.800048828125</ele>
        <time>2026-08-27T21:25:00.000Z</time>
        <extensions>
          <ns3:TrackPointExtension>
            <ns3:hr>101</ns3:hr>
          </ns3:TrackPointExtension>
        </extensions>
      </trkpt>
      <trkpt lat="-2.7766004763543605804443359375" lon="-79.2373220063745975494384765625">
        <ele>4050.800048828125</ele>
        <time>2026-08-27T21:25:21.000Z</time>
        <extensions>
          <ns3:TrackPointExtension>
            <ns3:hr>97</ns3:hr>
          </ns3:TrackPointExtension>
        </extensions>
      </trkpt>
      <trkpt lat="-2.77660022489726543426513671875" lon="-79.23732175491750240325927734375">
        <ele>4050.800048828125</ele>
        <time>2026-08-27T21:25:29.000Z</time>
        <extensions>
          <ns3:TrackPointExtension>
            <ns3:hr>100</ns3:hr>
          </ns3:TrackPointExtension>
        </extensions>
      </trkpt>
      <trkpt lat="-2.77660005725920200347900390625" lon="-79.237321503460407257080078125">
        <ele>4050.800048828125</ele>
        <time>2026-08-27T21:25:35.000Z</time>
        <extensions>
          <ns3:TrackPointExtension>
            <ns3:hr>101</ns3:hr>
          </ns3:TrackPointExtension>
        </extensions>
      </trkpt>
    </trkseg>
  </trk>
</gpx>
